Text,Categories,Action Needed
???? ?????? ?????? ???? ??? ???? ???? ???? ??? ????? ???? ??????? ???? ??????,Emergency,Immediately go to emergency department or call ambulance
?????? ????? ?????????? ????????? ???? ????? ??? ?????? (SPF) ?? ??????? ???????? ????? ????,General Query,"No immediate action required, informational response sufficient"
???? ???? ??? ??? ???????? ?????? ?? ??? ??????? ??? ????? ??????????? ????,Routine,Schedule a regular medical consultation
??????? ????? ????????? ?????? ??? ???? ???? ?? ??????? ?? ?? ?? ??? ????,Routine,Schedule a regular medical consultation
?????? ???????? ?????? ??????? ?? ????????? ????????? ???? ???? ???? ???? ???????,Emergency,Immediately go to emergency department or call ambulance
???? ?? ???? ?????????? ?????? ????? ??? ?????? ???????? ???????? ???? ?????????,General Query,"No immediate action required, informational response sufficient"
??????? ???? ???? ???? ???? ?? ??? ??? ??? ????? ??? ????? ?????? ?????? ????? ???? ???????,Urgent,Seek medical care within 24–48 hours
?????? ????? ???? ??? ???? (Acanthosis Nigricans) ?? ???????????? ?????? ???? ????,General Query,"No immediate action required, informational response sufficient"
???? ??? ???? ???? ????? ???? ???? ???? ???? ???? ?? ???? ? ??? ???? ???????,Emergency,Immediately go to emergency department or call ambulance
"???? ???? ?????? ??? ???? ???? ??? ?????? ????, ?? ????????? ?????? ??????? ???",General Query,"No immediate action required, informational response sufficient"
????? ???? ???? ??? ?????? ?????? ?? ??? ???? ???? ??? ?? ??? ??????? ??? ????? ?????,Urgent,Seek medical care within 24–48 hours
???????? ??? ?? ??????? ??????? ??????? ?????? ????? ? ????????????? ???????? ????? ????,General Query,"No immediate action required, informational response sufficient"
?????? ??????????? ???????? ????? ??? ????? ????? ???????? ????? ????? ??????? ?????????,General Query,"No immediate action required, informational response sufficient"
?????? ?????? ???????? ??? ???? ????????? ????? ??? ?????? ??? ???????,Urgent,Seek medical care within 24–48 hours
?????? ?? ????? ?????? ???? ??? ???? ??? ???? ???? ???? ?? ??? ???? ?????,Urgent,Seek medical care within 24–48 hours
????? ?????? ??? ????? ???? ???? ???? ???? ?? ????? ???? ???????? ??? ????,Routine,Schedule a regular medical consultation
?????? ????????? ???????? ???? ????????? ????? ????????? ????? ???????? ???? ????? ????,General Query,"No immediate action required, informational response sufficient"
???? ?????? ?????? ????? ????? ??? ??? ?????? ?? ??????? ??????????? ?????,Urgent,Seek medical care within 24–48 hours
???????? ?????? ???? ?????? ??? ?????? ?? ??????? ?????? ?????? ???,Emergency,Immediately go to emergency department or call ambulance
?????? ???? ??? ???? ???? ???? ????? ??? ????? ???????? ????????? ???? ??? ??????,Urgent,Seek medical care within 24–48 hours
??????? ???? ???????? ???? ?????? ???? ????????????? ????????? ?????? ????????? ???,General Query,"No immediate action required, informational response sufficient"
???? ??? ??? ????? ?? ?????? ????? (Skin Tag) ????? ?? ???? ????? ?????,General Query,"No immediate action required, informational response sufficient"
??????? ???? ???? ?????? ??? ????????? ??????? ??? ??? ???? ??????? ??????,Routine,Schedule a regular medical consultation
???? ??? ???? ????? ??? ??? ????? ????? ??? ??? ? ????? ?????? ??? ???????,Emergency,Immediately go to emergency department or call ambulance
?????? ?? ???????????? ??????? ??????????? ????? ?????? ????? ? ?????? ???????? ???? ????,General Query,"No immediate action required, informational response sufficient"
?????? ?????? ????? ??? ????? ??? ?????? ???? ???? ???? ??? ???? ?????,Emergency,Immediately go to emergency department or call ambulance
?????? ??????? ????? ?? ???? ??? ?????? ?? ???? ???????? ?????? ????? ????,General Query,"No immediate action required, informational response sufficient"
?????? ???????? ?????? ??? ??? ?? ???? ???? ????? ??? ????? ?? ???? ?????,Urgent,Seek medical care within 24–48 hours
???? ??????? ??? ??? ??? ??? ???? ?? ???? ???? ????? ?? ?????? ????,Routine,Schedule a regular medical consultation
?????? ???????? ??????? ??? ??? ??? ??? ?? ?????? ?????????? ???????? ????? ????,General Query,"No immediate action required, informational response sufficient"
???? ??? ???? ???????? ?????? ???? ??? ???? ???? ?? ????? ???? ??? ??????,Urgent,Seek medical care within 24–48 hours
?????? ?????? ???? ???? ??? ?? ???????? ?????? ???? ? ???????? ???????? ???? ????,General Query,"No immediate action required, informational response sufficient"
??????? ????? ??? ??? ???? ?????? ?? ????? ???? ???? ?????? ????? ????,Routine,Schedule a regular medical consultation
???????? ????????? ????????? ?? ??? ???????? ????? ??? ???? ???? ??? ?????? ???,Emergency,Immediately go to emergency department or call ambulance
?????????????? ????? ?? ???????? ????? ??????? ??? ??????? ?????? ???? ????,General Query,"No immediate action required, informational response sufficient"
????? ???? ????? ??????? ?? ????????? ???? ???????? ??? ??? ???? ????,Urgent,Seek medical care within 24–48 hours
?????? ?????? ?????? ?? ??????? ?????? ???? ?? ????????-???? ????? ??? ????,General Query,"No immediate action required, informational response sufficient"
"???? ???? ???? ???? ???? ????, ????? ????? ???? ? ????? ????????",Urgent,Seek medical care within 24–48 hours
???????? ??????? ?? ?? ?????? ????????? ?????? ?????? ? ??????? ????? ???????,General Query,"No immediate action required, informational response sufficient"
???? ????? ?? ???????? ??? ???????? ?????? ???????? ?????? ????????? ?? ???,General Query,"No immediate action required, informational response sufficient"
???? ???????? ??? ????? ?????? ???? ?? ????? ???? ?????? ?? ???? ????,General Query,"No immediate action required, informational response sufficient"
?????? ?????? ???? ???? ?????? ?? ?????? ??? ????? ??? ????? ?? ?????? ?????,Urgent,Seek medical care within 24–48 hours
?????? ?????? ???? ???? ?????? ???? ???? ???? ???? ??? ??? ????????,Routine,Schedule a regular medical consultation
?????? ?????????? ????? ???? ????? ??? ??? ??? ??? ????? ?? ?????? ???? ????,General Query,"No immediate action required, informational response sufficient"
???? ??? ?????? ?????? ????? ???? ???? ?? ???? ????? ???? ????? ???,Emergency,Immediately go to emergency department or call ambulance
??????? ??? ???? ?? ???? ??? ?????? ???? ? ?????? ??? ???????? ????? ????,General Query,"No immediate action required, informational response sufficient"
???? ???? ?????? ????? ?? ????? ???? ???? ???? ???? ?????? ??????? ??????,Emergency,Immediately go to emergency department or call ambulance
?????? ????? ????? ??????? ??????? ??? ??? ??? ?? ?????????? ????? ???,General Query,"No immediate action required, informational response sufficient"
???????? ???? ??? ????? ?? ?????? ???? ??? ???? ??????? ???? ???? ?? ???????,Urgent,Seek medical care within 24–48 hours
?????? ????????? ???????-? ???????? ?? ?????? ???? ???? ??????? ???? ????,General Query,"No immediate action required, informational response sufficient"
???? ?????? ?????? ???? ????? ??????? ??? ??? ???? ???? ???? ???? ??????? ???,Emergency,Immediately go to emergency department or call ambulance
?????? ??? ??? ???? ?????? ????? ??????? ???????? ?????? ???? ?????????,General Query,"No immediate action required, informational response sufficient"
????? ????? ???? ??????? ??? ????? ?? ??? ??????? ????? ???? ??????? ?????,Routine,Schedule a regular medical consultation
"??????? ??? ????? ?????? ??? ?? ????? ???????? ??? ??, ??? ????? ??????",Urgent,Seek medical care within 24–48 hours
???? ???? ????????? ?????? ???? ? ????? ???????? ???? ????? ???????,Emergency,Immediately go to emergency department or call ambulance
?????? ??????? ??? ???? ????????? ????? ??????? ???????? ?????? ???? ????? ????,General Query,"No immediate action required, informational response sufficient"
???????? ??? ??? ???????? ?? ???? ???? ?? ??? ??? ??? ??? ???????? ???????,Urgent,Seek medical care within 24–48 hours
???? ??? ???????? ???? ?? ???????? ??? ???? ???? ??? ?? ??????? ???????,Routine,Schedule a regular medical consultation
?????? ????????? ???????? ?? ????? ???? ??? ??? ?????? ??????? ????,General Query,"No immediate action required, informational response sufficient"
??????? ??? ???? ?? ?? ??????? ??? ???? ??????? ????? ?? ??? ???? ??? ????,Urgent,Seek medical care within 24–48 hours
???? ?????? ?????? ??? ???? ???? ??? ??? ???? ???? ??????? ?????? ???,Emergency,Immediately go to emergency department or call ambulance
???????? ?????? ???? ???? ???? ???? ??? ???? ???? ?????? ???? ???? ?????,Urgent,Seek medical care within 24–48 hours
?????? ??? ?????? ??? ???? ?? ??????????????? ???? ????? ???????? ???? ????,General Query,"No immediate action required, informational response sufficient"
???? ???? ???? ????????? ?? ???? ???? ????? ???? ????? ???? ??? ???? ???????,Emergency,Immediately go to emergency department or call ambulance
?????? ?????? ??? ????? ???? ???? ??? ??????? ?????? ?????? ???? ??? ????,Routine,Schedule a regular medical consultation
??????? ????? ???? ??? ???? ?????? ?? ???? ?????? ?????? ????? ????,General Query,"No immediate action required, informational response sufficient"
??????? ??? ????????? ??????? ??? ???? ??? ??? ???? ?????? ???? ???????,Routine,Schedule a regular medical consultation
?????? ????? (pH) ????????? ??? ????? ???? ????? ???? ??? ????? ?????,General Query,"No immediate action required, informational response sufficient"
????? ???? ???? ???? ???? ??? ???? ??? ?? ????? ??? ????? ?????,Urgent,Seek medical care within 24–48 hours
???? ???? ??????? ??????? ?? ??? ??????? ?????? ??? ????? ???? ?????,Emergency,Immediately go to emergency department or call ambulance
???????? ???? ???? ????????? ?? ???????? ?????? ??? ??? ???? ????,Urgent,Seek medical care within 24–48 hours
?????? ?????????? ??? ?? ???? ????? ????? ?????? ??? ?????? ???? ????,General Query,"No immediate action required, informational response sufficient"
???? ????? ?????? ??? ?????? ???? ?? ???? ??? ???????? ???? ?????? ???? ???,Routine,Schedule a regular medical consultation
???? ??????? ??? ???? ????? ?? ???????? ?????? ?????? ???? ??? ???????,Urgent,Seek medical care within 24–48 hours
?????? ?????? ?? ????-? ????? ??? ???? ????? ?????????? ????? ???????? ????? ????,General Query,"No immediate action required, informational response sufficient"
?????? ???? ???? ?????? ?????? ?? ???? ???? ?????? ??? ??????? ?????????,Emergency,Immediately go to emergency department or call ambulance
??????? ?????? ??? ??? ???? ???? ??? ?? ???????? ???? ???? ??????????? ????,Urgent,Seek medical care within 24–48 hours
?????? ???? ??????? ??????????? ?????? ?? ?????? ? ????????? ???? ????,General Query,"No immediate action required, informational response sufficient"
???? ???????? ?? ??? ???????? ???? ???? ???? ???? ???? (Leather-like skin)?,Routine,Schedule a regular medical consultation
??????? ???? ??????? ???????? ??? ??????? ?? ????? ?????? ???? ????,Emergency,Immediately go to emergency department or call ambulance
???????? ????? ?? ????????? ????? ?????? ???? ??????? ?????? ???????? ???,General Query,"No immediate action required, informational response sufficient"
?????? ??? ??? ??? ??? ?????? (Petechiae) ?? ????? ???? ??? ???,Urgent,Seek medical care within 24–48 hours
???? ?????? ?????? ???? ???????? ???? ???? ???? ?? ???? ??????? ???? ??????,Emergency,Immediately go to emergency department or call ambulance
????? ???? ???? ?????? ??????? ???? ?? ????? ???? ???? ???? ??? ??????,Emergency,Immediately go to emergency department or call ambulance
?????? ????????? ????? ?????? ??? ??? ????? ??????? ?? ?? ????? ????,General Query,"No immediate action required, informational response sufficient"
???????? ???? ????? ?? ???? ???? ??? ??? ?????? ????? ????? ????? ???? ?????,Urgent,Seek medical care within 24–48 hours
??????? ??? ??? ????? ??? ?? ??? ????? ??????? ??? ????? ???? ???? ???????,Urgent,Seek medical care within 24–48 hours
?????? ???? ??? ???? ?? ????????? ???????? ??????? ???????? ?????? ???? ????,General Query,"No immediate action required, informational response sufficient"
????? ???????? ???? ???? ??? ??? ?? ???? ??? ??????? ?? ??????,Routine,Schedule a regular medical consultation
???? ???? ?????? ?????????????? ???? ???? ??? ???? ?????? ???? ??? ?????,Emergency,Immediately go to emergency department or call ambulance
??????? ????? ???? ?????? ??? ?????? ??? ??? ?? ??????? ?????????,Routine,Schedule a regular medical consultation
?????? ?????????? ????? ?????? ??????? ? ??????? ???????? ???? ?????????,General Query,"No immediate action required, informational response sufficient"
?????? ???? ???? ??? ???? ???? ?? ???? ?? ????????? ???? ???? ????,Urgent,Seek medical care within 24–48 hours
????? ??? ?????????? ???? ?? ?????? ??????? ????? ??????? ??????? ????,General Query,"No immediate action required, informational response sufficient"
???????? ?????? ???? ???? ??????? ?? ??? ???????? ???? ??? ???? ?????,Urgent,Seek medical care within 24–48 hours
?????? ???????????? ?? ?????? ?????? ?????? ?????? ???? ???????? ????? ????,General Query,"No immediate action required, informational response sufficient"
???? ???? ?????? ??? ???? ??? ??? ???? ?? ?????????? ????? ?????? ???,Emergency,Immediately go to emergency department or call ambulance
???? ??????? ?????? ???? ???? ???? ???? ?????? ??? ??? ??? ??? ??? ?????,Emergency,Immediately go to emergency department or call ambulance
??????? ??????? ???? ????? ??? ?? ??? ????? ??????? ??? ???? ?????,Emergency,Immediately go to emergency department or call ambulance
????????? ????? ?? ???? ????? ???? ???? ??? ????? ?? ????????? ?????? ?????? ???,Emergency,Immediately go to emergency department or call ambulance
???? ??? ????? ??? ????? ?????? ??? ?????? ??? ??? ???? ???? ??? ?????,Emergency,Immediately go to emergency department or call ambulance
"???? ?????? ????? ??? ??? ??? ???? ???? ??? ?????, ??? ?? ??????",Emergency,Immediately go to emergency department or call ambulance
???? ???? ???? ???? ????? ???? ??? ???? ??? ????? ???? ??? ??? ???????,Emergency,Immediately go to emergency department or call ambulance
??????????? ???? ???????? ????????? ??? ???? ??????? ??????? ????? ???? ??????,Emergency,Immediately go to emergency department or call ambulance
???? ????? ???? ??? ???? ????? ???? ???? ??? ???? ?????? ??? ?? ???????,Emergency,Immediately go to emergency department or call ambulance
????? ???? ???? ?????? ????? ???? ??? ???? ????? ??? ???? ????????? ?????? ?????,Emergency,Immediately go to emergency department or call ambulance
???? ???? ???? ????? ??? ?????? ??? ???? ??? ???? ???? ???? ?????? ???,Emergency,Immediately go to emergency department or call ambulance
????? ??????? ???? ?????? ?? ???? ???? ?????? ??? ???? ??? ?????? ?????,Emergency,Immediately go to emergency department or call ambulance
"????? ???? ???? ????? ???? ????? ?? ?????? ???? ?????, ?? ????? ?????? ???",Emergency,Immediately go to emergency department or call ambulance
"???? ??? ????? ??????? ??? ????? ??? ???? ???? ???? ??????, ?? ???? ??????",Emergency,Immediately go to emergency department or call ambulance
??????? ??????????? ???????? ????? ??? ? ??? ???? ????? ???? ??? ???? ??????,Emergency,Immediately go to emergency department or call ambulance
????? ???? ?????? ????? ???? ???? ???? ??? ??? ??????,Emergency,Immediately go to emergency department or call ambulance
????????? ?? ?????? ?? ???? ????? ??? ????? ??? ????,Emergency,Immediately go to emergency department or call ambulance
???? ??? ??????? ?????????? ???? ????? ??? ???? ??? ???? ??? ?? ??? ?????,Emergency,Immediately go to emergency department or call ambulance
??? ???????? ?? ????? ????? ???? ???? ???? ??? ????? ???? ???? ??????,Emergency,Immediately go to emergency department or call ambulance
??????? ??? ??????????? ???? (??? ??????) ??? ?? ?????? ?????,Emergency,Immediately go to emergency department or call ambulance
????? ????? ??? ?? ?????????? ???? ???? ??? ???? ??? ??? ??????,Emergency,Immediately go to emergency department or call ambulance
?????? ????? ?? ????? ?????? ???? ???? ?????? ??????? ??????,Emergency,Immediately go to emergency department or call ambulance
???? ??? ???? ??????? ??? ???? ??? ????? ????? ????? ???,Emergency,Immediately go to emergency department or call ambulance
????? ???????? ???? ??????? ??? ???? ?? ??? ???? ??? ??? ???????,Emergency,Immediately go to emergency department or call ambulance
???? ??????????? ?? ???? ?????? ???? ?????? ???????? ??? ?????,Emergency,Immediately go to emergency department or call ambulance
???? ??? ????? ??????????? ??? ???? ??? ?? ??????? ??????????? ??? ?????,Emergency,Immediately go to emergency department or call ambulance
???? ????? ????? ?? ???? ???? ???? ??????? ???? ???? ??? ?????,Emergency,Immediately go to emergency department or call ambulance
??????? ?????? ???? ????? ???????? ???? ???? ??? ???? ?? ?? ????? ????,Emergency,Immediately go to emergency department or call ambulance
??????? ?????? ???? ???? ???? ??? ??????? ???? ?????? ???? ?????? ???,Emergency,Immediately go to emergency department or call ambulance
???? ???? ????????? ????? ???? ??? ???? ?????? ??????? ???? ??? ???????,Emergency,Immediately go to emergency department or call ambulance
???? ????? ?????? ??????? ???? ??? ????? ???? ????? ??? ?? ???? ????? ???,Emergency,Immediately go to emergency department or call ambulance
?????? ???? ???? ?????? ?? ???? ???? ?????? ?? ??? ???????,Emergency,Immediately go to emergency department or call ambulance
??????? ????? ????? ????? ??? ???? ???? ???? ????? ??? ?? ????????,Emergency,Immediately go to emergency department or call ambulance
????? ??? ???? ???? ????? ???? ???? ??? ????? ??? ?? ??????,Emergency,Immediately go to emergency department or call ambulance
???? ???? ???? ??? ??? ???? ???? ????? ?????? ?????? ??? ????,Emergency,Immediately go to emergency department or call ambulance
??????? ??????? ?????? ????????? ??? ???? ???? ?????? ?????? ???? ??? ?????,Emergency,Immediately go to emergency department or call ambulance
????? ???? ???? ????? ????? ??? ????? ??????? ??? ???? ??? ???? ????,Emergency,Immediately go to emergency department or call ambulance
??????? ?????? ?? ????? ???? ????? ???? ??? ????? ???? ????? ???,Emergency,Immediately go to emergency department or call ambulance
???? ????? ????? ????????? ???? ????? ?? ??? ???? ??? ???? ??? ?? ??? ???? ????? ???,Emergency,Immediately go to emergency department or call ambulance
??? ???? ??????? ??? ? ??? ???? ???? ????? ??? ?????,Emergency,Immediately go to emergency department or call ambulance
????????? ????? ???? ???? ????? ???? ???? ??? ??????,Emergency,Immediately go to emergency department or call ambulance
???? ????? ???? ???? ?????? ?????? ???? ?? ??? ????? ??? ????,Emergency,Immediately go to emergency department or call ambulance
???? ??? ??????? ???? ???? ???? ????? ???? ?? ???? ?????? ??????,Emergency,Immediately go to emergency department or call ambulance
?????? ?????? ??? ???? ???? ?????? ?????? ??? ??? ?? ???? ??? ?????,Emergency,Immediately go to emergency department or call ambulance
????? ??????? ????? ?? ???? ??? ??? ??? ??? ??? ??????? ??????? ??????,Emergency,Immediately go to emergency department or call ambulance
???? ???? ???? ??????? ???? ???? ???? ???? ??? ??? ???? ???? ??? ??????,Emergency,Immediately go to emergency department or call ambulance
????? ?????????? ???? ?? ?? ?????? ???? ?????? ??? ?? ??????? ???????,Emergency,Immediately go to emergency department or call ambulance
??????? ????? ????? ???? ???? ???? ???? ????? ???? ???? ??????,Emergency,Immediately go to emergency department or call ambulance
???? ??? ????? ???????? ???? ????? ?????? ??? ?? ??????? ??????,Emergency,Immediately go to emergency department or call ambulance
????? ????? ???? ??? ??? ??? ???? ??? ??????? ???????? ??? ??????,Emergency,Immediately go to emergency department or call ambulance
?? ?????? ??? ???? ??????? ??????? ????? ??? ?????? ????? ??????? ??????,Urgent,Seek medical care within 24–48 hours
????? ???? ????? ????? ??? ??? ???? ???? ? ???? ??? ??????,Urgent,Seek medical care within 24–48 hours
????? ????? ?? ???? ??? ??? ???? ??? ????? ???? ??????? ???????? ??? ??????,Urgent,Seek medical care within 24–48 hours
??????? ?????? ???? ????????? ??? ?????????? ??? ?????? ??????? ??????,Urgent,Seek medical care within 24–48 hours
?? ??? ???? ?????? ???? ??? ????? ???? ?????? ?? ?? ??? ??????,Urgent,Seek medical care within 24–48 hours
???? ???? ????? ??? ???? ???? ??? ???? ???? ??? ????? ??????? ??????,Urgent,Seek medical care within 24–48 hours
?????? ??????? ?????? ??? ???? ???? ??? ???? ???? ?????? ?????? ???,Urgent,Seek medical care within 24–48 hours
??????? ?? ? ??? ??? ???? ???? ?? ??? ?? ??? ?????????? ?????,Urgent,Seek medical care within 24–48 hours
??? ??? ??? ???? ???? ??? ??? ???? ?? ???? ??????? ??? ??????,Urgent,Seek medical care within 24–48 hours
????? ????? ?????? ???? ???? ???? ???? ????? ??? ???? ????? ???? ?????,Urgent,Seek medical care within 24–48 hours
???? ???? ?? ??????? ?????? ?????? ???? ???? ??? ??????? ????? ???,Urgent,Seek medical care within 24–48 hours
???? ??? ??? ???? ?????? ????? ??? ??????? ????? ???? ??????,Urgent,Seek medical care within 24–48 hours
??????? ???????? ???? ?? ?? ??????? ???? ?????? ??? ??? ??? ???? ????,Urgent,Seek medical care within 24–48 hours
????? ???? ???? ???? ??? ???? ??? ????? ??? ???? ???? ???? ?????? ???,Urgent,Seek medical care within 24–48 hours
????? ?????? ???? ???? ??????? ???? ???? ??? ?? ?????? ???? ?????? ???,Urgent,Seek medical care within 24–48 hours
???? ?????? ??????? ??????? ?????? ???? ????? ???? ? ??????? ????,Urgent,Seek medical care within 24–48 hours
?? ?? ????? ??? ?????? ??? ????? ??? ???? ???? ??????? ???? ????? ????? ???,Urgent,Seek medical care within 24–48 hours
????? ?? ???? ??????? ????? ?? ??????? ???? ????? ?????? (????? ???? ??????)?,Urgent,Seek medical care within 24–48 hours
???? ???? ?????????? ???? ??? ??? ?????? ???? ???? ????? ??????????,Urgent,Seek medical care within 24–48 hours
????? ???? ???? ?????? ??? ????? ??? ??? ??? ?????????? ?????,Urgent,Seek medical care within 24–48 hours
?????? ?? ???? ???? ???? ????? ???? ?? ??? ???? ??? ????? ?????,Urgent,Seek medical care within 24–48 hours
??????? ???? ????? ????????? ??? ??? ????? ???? ?????? (????? ????)?,Urgent,Seek medical care within 24–48 hours
???? ??? ???? ??????? ???/??? ??? ???? ??? ???? ??? ?????? ?????,Urgent,Seek medical care within 24–48 hours
?????? ???????? ?? ?????? ??????? ?????????? ??? ??? ??? ????,Urgent,Seek medical care within 24–48 hours
??? ?? ????? ???? ???? ??? ??? ??? ??? ?????? ???? ??? ???? ??????,Urgent,Seek medical care within 24–48 hours
???????? ??? ????? ???? ????????? ?????? ????????? ???? ???????,Urgent,Seek medical care within 24–48 hours
??????? ???? ???? ???? ?????? ??? ?? ????????? ???? ?????,Urgent,Seek medical care within 24–48 hours
?????? ??? ??? ???? ??? ?????? ??????? ???? ????? ?????,Urgent,Seek medical care within 24–48 hours
????? ???? ??? ???? ???? ??? ????? ??? ????? ???? ???? ??? ??????,Urgent,Seek medical care within 24–48 hours
????? ?????? ???? ???? ??? ?????? ?????? ????? ??? ??????,Urgent,Seek medical care within 24–48 hours
??????? ???? ??? ???? ?? ???? ????? ??? ???? ????? ??????? ??????,Urgent,Seek medical care within 24–48 hours
??????? ?????? ????? ??????? ??? ?? ?????? ???? ???? ???????,Urgent,Seek medical care within 24–48 hours
????? ?????? ???? ??? ??? ??? ???? ??? ?????? ??? ?????? ???,Urgent,Seek medical care within 24–48 hours
???? ????? ??????? ?????? ???? ??? ?????? ??? ????? ???? ???????? ??????,Urgent,Seek medical care within 24–48 hours
???? ???? ???? ?????? ??? ???? ???-?? ?????? (Low Sugar ??????)?,Urgent,Seek medical care within 24–48 hours
??????? ?????????? ?? ??? ??? ?? ?????? ??? ?????,Urgent,Seek medical care within 24–48 hours
??????? ?? ?? ????? ??? ????? ??????? ??? ???? ???? ????? ???,Urgent,Seek medical care within 24–48 hours
????? ??? ???? ???? ????? ???? ??? ??? ??? ?????,Urgent,Seek medical care within 24–48 hours
??????? ?????? ?? ???? ??? ???? ???? ???? ??? ???? ?????????,Urgent,Seek medical care within 24–48 hours
?? ?? ?????? ??? ???????? ???? ??????? ??? ???? ???????,Urgent,Seek medical care within 24–48 hours
????? ?? ???? ??????? ?????? ???? ??? ??? ??? ??? ??? ???? ????? ???,Urgent,Seek medical care within 24–48 hours
????? ???? ???? ???????? ?? ??????? ???? ??? ???? ??? ?????,Urgent,Seek medical care within 24–48 hours
??????? ???? ??? ?????? ??? ???? ??? ?? ????? ?????? ???,Urgent,Seek medical care within 24–48 hours
???? ????? ? ????? ???? ??????? ??? ????? ???? ??? ??? ?????,Urgent,Seek medical care within 24–48 hours
????? ????? ?????? ??????? ?????? ???? ?? ???? ??? ??? ????,Urgent,Seek medical care within 24–48 hours
??? ???????? ??? ???????? ??? ???? ???? ???? ????? ???? ?????,Urgent,Seek medical care within 24–48 hours
????? ??????? ??????? ?? ????? ???? ???? ???? ???? ????,Urgent,Seek medical care within 24–48 hours
??????? ??? ??????? ?????? ???? ?????????? ??? ??? ??? ?????,Urgent,Seek medical care within 24–48 hours
???? ??? ???? ???? ??? ???? ??? ??? ???? ??? ???? ??????,Urgent,Seek medical care within 24–48 hours
????? ????? ???? ?? ????? ???? ?? ??????? ??? ????????,Urgent,Seek medical care within 24–48 hours
???? ??? ??????? ????????? ?? ??? ????? ?? ???? ????? ??? ???????,Emergency,Immediately go to emergency department or call ambulance
????????? ????? ??? ???? ???? ??? ??? ????? ??? ?? ????????? ???? ?????,Emergency,Immediately go to emergency department or call ambulance
??????? ???? ??? ????? ???? ???? ?? ???? ??? ???? ??? ??? ??? ??? ?????,Emergency,Immediately go to emergency department or call ambulance
???? ??????? ?????? ???? ?????? ??? ????? ?? ???? ??????? ??? ?????,Emergency,Immediately go to emergency department or call ambulance
?????? ????? ?? ????? ???? ??? ??? ??? ???? ??? ?? ??????? ?????? ???,Emergency,Immediately go to emergency department or call ambulance
??????? ?????? ???? ???????? ????????? ??? ???? ??????? ??????? ????? ???? ??????,Emergency,Immediately go to emergency department or call ambulance
????? ?????? ?????? ?? ???? ???? ??????? ???? ?????? ??? ????????,Emergency,Immediately go to emergency department or call ambulance
???? ??????????? ???? ???? ???? ????? ???? ??? ???? ???????,Emergency,Immediately go to emergency department or call ambulance
"????? ??????? ??????? ??? ?? ??? ?????, ??? ??? ??? ??? ?????",Emergency,Immediately go to emergency department or call ambulance
"???? ??? ?????? ??? ??? ???? ???? ??? ?????, ??? ?? ??????",Emergency,Immediately go to emergency department or call ambulance
???? ?????? ????????? ???? ??? ?????? ??? ???? ?? ???? ?????? ??????,Emergency,Immediately go to emergency department or call ambulance
??????? ?????? ???? ???????? ???? ???? ??? ???? ?? ?? ????? ????,Emergency,Immediately go to emergency department or call ambulance
?????? ????????? ?? ??????? ???? ???? ???? ?? ???-?? ????? ??? ???????,Emergency,Immediately go to emergency department or call ambulance
???? ??? ??? ????? ?????? ?? ????? ????? ????? ????? ???????,Emergency,Immediately go to emergency department or call ambulance
??????? ?????? ???? ??? ???? ??? ???? ?? ??? ???? ???? ????? ???,Emergency,Immediately go to emergency department or call ambulance
???? ??????? ?????? ???? ????????? ????? ?? ???? ?????? ??? ??? ???????,Emergency,Immediately go to emergency department or call ambulance
?????? ????? ?? ???-?? ???? ??? ?????? ?? ??? ???? ???? ??? ??????,Emergency,Immediately go to emergency department or call ambulance
?????? ???? ?????? ?? ???? ????? ?? ?? ????? ???? ?? ???? ???? ?????,Emergency,Immediately go to emergency department or call ambulance
????? ????? ?????? ?????? ???? ????????? ????? ??? ???? ?? ???? ?????,Emergency,Immediately go to emergency department or call ambulance
??? ?????? ?? ???? ????? ???? ????? ?? ??? ????? ??? ??? ????,Emergency,Immediately go to emergency department or call ambulance
???? ??? ????? ???? ??? ???? ??? ??? ???? ??? ???? ????? ?????? ???,Emergency,Immediately go to emergency department or call ambulance
?????? ????? ?? ????? ??? ???? ???? ?? ???? ??? ????? ??? ???-?? ?????,Emergency,Immediately go to emergency department or call ambulance
????? ?? ???? ??????? ????? ?? ??????? ???? ????? ?????? (????? ????)?,Urgent,Seek medical care within 24–48 hours
????? ?????? ?????? ???? ?????? ???????? ?????? ??? ????????,Urgent,Seek medical care within 24–48 hours
?????????? ???? ???? ???? ?????? ?? ?????? ????? ??????? ??????,Urgent,Seek medical care within 24–48 hours
?? ???? ??? ???? ??? ???? ?? ?????????? ???? ??? ??? ???? ??????,Urgent,Seek medical care within 24–48 hours
????? ????? ??? ???? ???? ???? ??? ????? ?? ?????? ????? ??? ?????,Urgent,Seek medical care within 24–48 hours
???? ???? ???? ?????? ?? ???? ??????????? ??? ??????,Urgent,Seek medical care within 24–48 hours
??? ?????? ???? ??????? ??? ???? ???? ?? ?? ???? ?????? ???? ???,Urgent,Seek medical care within 24–48 hours
????? ??? ???? ??? ???? ?? ???? ??? ??????????,Urgent,Seek medical care within 24–48 hours
???? ???? ???? ???? ???? ?? ???? ???? ??? ??????? ????? ???,Urgent,Seek medical care within 24–48 hours
??????? ?????? ???? ???? ????? ????? ??? ????? ???? ??????? ??????,Urgent,Seek medical care within 24–48 hours
??????? ????? ???? ????? ????? ????? ???? ???? ?????? ?? ???????? ??? ??????,Urgent,Seek medical care within 24–48 hours
???????? ??? ???? ???? ???? ??? ???? ???? ?? ???????? ?????????,Urgent,Seek medical care within 24–48 hours
?????? ???? ??????? ??? ? ????? ?????? ??? ??? ??? ???? ???? ???????,Urgent,Seek medical care within 24–48 hours
??????? ????? ??? ???? ???? ?? (Wheezing) ?? ?? ??? ?????? ??? ?????,Urgent,Seek medical care within 24–48 hours
???? ????? ???? ???? ???? ??? ??? ???????? ???????? ???,Urgent,Seek medical care within 24–48 hours
?????? ??? ?????? ??? ??? ?? ????? ?? ???? ??????? ????? ?????? ???,Urgent,Seek medical care within 24–48 hours
"??????? ???? ??? ???? ??? ?? ??? ?? ????, ??? ?? ??? ??? ????",Urgent,Seek medical care within 24–48 hours
???? ??? ?? ???? ??????? ??? ????? ?? ??? ?????? ????? ?????,Urgent,Seek medical care within 24–48 hours
??????? ??? ???? ????? ?? ???? ?? ?????? ?? ????? ?????,Urgent,Seek medical care within 24–48 hours
??????? ???? ????????? ?????? ??? ???? ???? ???? ?????? ??? ???,Urgent,Seek medical care within 24–48 hours
????? ?????? ?????? ????? ??? ?? ??? ?? ??? ???? ??? ????,Urgent,Seek medical care within 24–48 hours
??? ????? ???? ??????? ??? ????? ????? ?????? ?????? ?? ???? ??????,Urgent,Seek medical care within 24–48 hours
????? ??? ???? ????? ???? ???? ??? ????? ??? ?? ????? ????????? ?????? ??? ?????? ??? ????,Emergency,Immediately go to emergency department or call ambulance
?????? ???????????? ?????? ?????????? ?? ??????? ???? ???? ?????? ??? ??? ????? ???? ?????,Emergency,Immediately go to emergency department or call ambulance
????? ?????? ???? ???? ??? ???? ??? ? ????? ??????? ????? ????? ????? ?????? ??? ???? ??????? ??????,Emergency,Immediately go to emergency department or call ambulance
??????? ????? ???? ??????? ???? ????? ??? ??? ???? ???? ??? ??? ????? ?????? (Eclampsia)?,Emergency,Immediately go to emergency department or call ambulance
"???? ???? ??? ???? ??? ??????? ????? ??, ??????? ?? ? ??? ???????? ??? ?? ????????????",Emergency,Immediately go to emergency department or call ambulance
???????? ????? ????????? ?????? ???? ????? ????? ???? ???? ??? ???? ??? ?? ??????,Emergency,Immediately go to emergency department or call ambulance
???? ??? ????? ???????? ??? ???? ???? ?? ?? ???? ??? ???? ?????? ?????? ??????,Emergency,Immediately go to emergency department or call ambulance
??????? ????? ???? ???? ????? ???? ?? ??? ? ??? ???? ????? ????? ??? ???? ?????,Emergency,Immediately go to emergency department or call ambulance
???? ?????? ?????? ????? ???? ????????? ???? ???? ??? ????? ???? ???? ??? ??????,Emergency,Immediately go to emergency department or call ambulance
??????? ?????? ???? ?? ???? ???? ??? ???? ??? ?????? ??? ????? ??? ??? ?? ???? ?????,Emergency,Immediately go to emergency department or call ambulance
????? ?????? ????????? ???? ??? ?????? ??? ???? ??? ?? ????????????? ???-?? ??????,Emergency,Immediately go to emergency department or call ambulance
"???? ?????? ???? ?????? ?? ?????? ???? ?????, ??? ??? ???? ??? ??? ???? ????? ?????? ???",Emergency,Immediately go to emergency department or call ambulance
???? ????? ???? ???? ???? ?????? ???? ?????? ??? ??? ???? ????? ???? ???? ?????? ???,Emergency,Immediately go to emergency department or call ambulance
???? ??? ????? ????? ?? ??????? ??? ???? ??? ???? ????? ????? ????????? ???? ?????,Emergency,Immediately go to emergency department or call ambulance
??????? ?????? ?? ????? ???? ???????? ? ??? ???? ???? ????? ??????? ?? ???? ??? ?????,Emergency,Immediately go to emergency department or call ambulance
??????????? ??? ???? ??? ???? ?? ????? ???? ???? ???? ??? ???? ?????? ???? ?????????,Emergency,Immediately go to emergency department or call ambulance
????? ??????? ?????? ??? ???? ???? ???? ???? ??? ????? ?????? ??? ?????? ??? ????,Emergency,Immediately go to emergency department or call ambulance
????????? ???? ????? ?????? ?? ????? ???????? ???? ???? ??? ???? ??? ???????? ????? ?????? ???,Emergency,Immediately go to emergency department or call ambulance
??????? ????????? ?? ???? ???? ??? ???????? ?? ????? ???? ??? ??? ???? ??? ??? ????? ???????,Emergency,Immediately go to emergency department or call ambulance
?????? ????? ???????? (Button Battery) ???? ?????? ??? ??? ??? ? ??? ???? ????? ?? ???? ??? ??????,Emergency,Immediately go to emergency department or call ambulance
????????? ?????? ?? ???? ????? ????? ?????? ???? ??? ??? ????? ??? ??????? ??????,Emergency,Immediately go to emergency department or call ambulance
???? ????? ??? ????? ?? ????? ???? ????? ???? ??? ????? ??? ?? ????? ???? ?????,Emergency,Immediately go to emergency department or call ambulance
"???? ??? ????????? ??? ?????? ?? ???? ??????? ?????? ?????? ?????? ??, ?? ??? ??? ?????",Emergency,Immediately go to emergency department or call ambulance
??????? ?????? ???? ????? ???????? ?? ?? ???? ??? ???? ?????? ??? ?? ????????,Emergency,Immediately go to emergency department or call ambulance
??????? ?????? ??? ???? ???? ????? ???? ????? ??? ???? ?????? ????? ????????? ???? ??????,Emergency,Immediately go to emergency department or call ambulance
???? ????????? ???? ???? ??? ??? ??? ???? ??? ??????? ??? ???? ???????? ?????? ?????,Emergency,Immediately go to emergency department or call ambulance
??????? ???? ?????? ?? ???? ???? ?? ???? ???? ??? ???? ??? ?????? ??? ?? ???????,Emergency,Immediately go to emergency department or call ambulance
?????????? ????????? ?? ????? ?? ???? ?????? ???? ??? ????? ????? ??? ??? ??????,Emergency,Immediately go to emergency department or call ambulance
???? ???? ???? ?????? ?????? ???? ???? ???? ??? ??? ???? ?????? ???? ? ???? ??? ??????,Emergency,Immediately go to emergency department or call ambulance
????? ???????? ???????? ???? ??? ???? ?? ?? ????? ??? ??? ???? ???? ???? ????? ??? ?????,Emergency,Immediately go to emergency department or call ambulance
??????? ????????? ?? ???? ???? ????? ???? ?? ??? ??? ?????? ??? ?????? ??? ????? ???????,Emergency,Immediately go to emergency department or call ambulance
???? ????? ??? ???? ????? ??????????? ??? ????? ??? ??????? ?????? ??? ???????,Emergency,Immediately go to emergency department or call ambulance
?????? ?????? ?????? ????????? ???? ?????? ???????? ??????? ???? ??? ???????,Emergency,Immediately go to emergency department or call ambulance
???? ??????? ???? ????? ?? ?????? ?? ?????? ??????? ???? ??? ???????? ??? ?????,Emergency,Immediately go to emergency department or call ambulance
???? ??? ????? ??????????? ???????? ??? ???? ?????? ???? ???? ?????? ???? ???????,Emergency,Immediately go to emergency department or call ambulance
??????? ????? ????? ??????? ???? ???? ????? ???? ???? ??? ??? ???? ????? ??? ????,Emergency,Immediately go to emergency department or call ambulance
"??????? ????? ??????? ??? ??? ???? ??????? ??? ????, ??? ????? ??? ????? ???? ???? ?????",Emergency,Immediately go to emergency department or call ambulance
???? ??? ???? ???? ????? ???? ??? ???????? ?????? ??? ?????? ??? ??????? ???? ??????,Emergency,Immediately go to emergency department or call ambulance
??? ?????? ?? ?????? ???? ??????? ????? ??? ???? ?? ????? ??? ???? ???? ???????,Emergency,Immediately go to emergency department or call ambulance
????????? ?? ????? ??????? ???? ?? ???? ???? ??? ??? (?? ?? ????) ??? ?????,Emergency,Immediately go to emergency department or call ambulance
????? ????????? ???? ??? ???? (Hypoglycemia) ?? ???????? ????? ? ?????? ??? ?????,Emergency,Immediately go to emergency department or call ambulance
"????? ???? ????? ?????? ?? ???? ???????? ???? ???, ?????? ??? ?????? ??? ??? ???????",Emergency,Immediately go to emergency department or call ambulance
???? ???? ??????? ??????? ???? ???? ????? ???????? ????? ??? ???? ???? ???? ?????,Emergency,Immediately go to emergency department or call ambulance
???? ??? ???????? ???? ????? ???-?? ????? ??? ?????? ??? ???? ????? ?????? ???,Emergency,Immediately go to emergency department or call ambulance
???? ???? ??????? ????????? ??? ???? ???? ????? ?? ?? ???? ??? ????? ??? ??????,Emergency,Immediately go to emergency department or call ambulance
?????? ???? ???? ?????? ????? ?? ???? ???? ?????? ??? ??? ???? ???? ?????,Emergency,Immediately go to emergency department or call ambulance
????? ????? ???? ??? ????? ??? ???????? ????? ??? ???? ??? ??????? ????????? ??????,Emergency,Immediately go to emergency department or call ambulance
????? ??????? ?????? ???? ???? ??? ??????? ???? ????? ???? ???? ???? ??? ???? ??????,Emergency,Immediately go to emergency department or call ambulance
???? ??? ????? ???? ???? ??? ?? ????? ??? ???? ??? ?? ???? ???????? ?????? ???,Emergency,Immediately go to emergency department or call ambulance
???? ??????? ???? ?????? ?????? ?? ??? ???? ???? ??? ???? ??? ????? ?????????,Emergency,Immediately go to emergency department or call ambulance
?? ?????? ??? ??? ????? ?????? ????? ??????? ????? ??? ?? ???? ????? ??? ?????,Urgent,Seek medical care within 24–48 hours
????? ???? ???? ???? ???? ??? ????? ??? ??? ????? ???? ????? ???? ??????? ??????,Urgent,Seek medical care within 24–48 hours
????? ????? ????????? ???? ?? ????? ???? ??? ??? ???? ??? ????? ???? ?? ?????,Urgent,Seek medical care within 24–48 hours
??????? ?????? ???? ???????? ???? ??? ????? ?????? ????? ??? ??????? ??? ????????,Urgent,Seek medical care within 24–48 hours
?? ?????? ??? ?????? ??????? ???? ??? ????? ???? ???? ???? ?? ??? ??????,Urgent,Seek medical care within 24–48 hours
???? ???? ???? ??? ???? ??? ??? ??? ??? ????? ??? ??? ????? ?????????? ???? (Shingles)?,Urgent,Seek medical care within 24–48 hours
"?????? ?????? ?????? ??? ? ??? ???? ???? ??? ????, ??? ??? ??? ?????? ???",Urgent,Seek medical care within 24–48 hours
??????? ?? ? ??? ??? ?????? ???? ????????? ??? ???? ???? ?????????? ?????,Urgent,Seek medical care within 24–48 hours
????? ???? ??? ???????? ??? ??? ???? ??? ????? ??? ???? ?? ???? ??? ??????,Urgent,Seek medical care within 24–48 hours
?? ?? ??? ???? ??? ????? ?? ???? ???? ????? ?????? ??????? ??? ??? ???? ?????,Urgent,Seek medical care within 24–48 hours
???? ???? ???? ??? ??? ?? ??????? ??? ????? ??? ????? ?? ?? ???? ????? ?????? ???,Urgent,Seek medical care within 24–48 hours
"???? ??? ???? ????? ????? ??? ?????? ?????, ???? ??? ???? ????? ???",Urgent,Seek medical care within 24–48 hours
??????? ???? ???? ???? ??? ????? ??????? ??? ??? ?????? ????? ?? ???? ?????,Urgent,Seek medical care within 24–48 hours
???? ????? ???? ???? ???? ???? ?????? ??? ???? ????? ????? ????? ???? ??????,Urgent,Seek medical care within 24–48 hours
?????? ??? ?? ???? ???? ?????? ???? ??? ???? ??? ?????? ??? ????? ?????? ???,Urgent,Seek medical care within 24–48 hours
????? ?????? ????? ??? ? ????? ?? ???? ???? ??? ? ??? ??? ????,Urgent,Seek medical care within 24–48 hours
?? ?? ????? ??? ????? ??? ?????? ???? ?????? ????? ?? ???? ??? ??????,Urgent,Seek medical care within 24–48 hours
?????? ??? ????? ??? ???? ????? ????? ?? ?????????? ?????? ???? ???? ?????,Urgent,Seek medical care within 24–48 hours
??? ?????? ?????? ???? ???? ????? ????? ??????? ????? ??? ??? ?????? ?????,Urgent,Seek medical care within 24–48 hours
????? ???? ??????????? ??? ?? ???? ???????? ???? ??? ???? ???? ??? ????,Urgent,Seek medical care within 24–48 hours
?????? ????? ???? ?????????? ???? ?? ?????? ??? ??? ??? ????? ?? ??? ????????,Urgent,Seek medical care within 24–48 hours
??????? ??? ? ???? ??????? ??? ??? ???? ???? ?????? ??? ?? ??? ??????????,Urgent,Seek medical care within 24–48 hours
???? ??????? ??? ??? ???/?? ??? ???? ??? ????? ?? ???? ??? ??? ??????,Urgent,Seek medical care within 24–48 hours
??????? ????? ?? ????? ???????? ?? ??????? ??? ??? ???? ???? ??? ???????,Urgent,Seek medical care within 24–48 hours
????? ?????? ?????? ???? ?? ??? ???? ??? ??? ???? ???? ????? ????? ??????,Urgent,Seek medical care within 24–48 hours
???? ?? ???? ????? ????? ???? ?????????? ????? ??? ???? ???? ???? ???????,Urgent,Seek medical care within 24–48 hours
??????? ???? ???? ??? ???? ?? ??? ?????? ??? ?? ??? ???? ??? ???????,Urgent,Seek medical care within 24–48 hours
??????? ????? ????? ????? ????? ??? ??? ????? ??? ????? ?????? ??????,Urgent,Seek medical care within 24–48 hours
????? ???? ?????? ?? ?????? ???? ???? ???? ???? ? ???? ??? ??????,Urgent,Seek medical care within 24–48 hours
????? ???? ???? ???? ????????? ??? ??? ???? ??? ??? ???? ?????? ???,Urgent,Seek medical care within 24–48 hours
??? ???? ????? ?? ???? ???? ???? ??? ???? ??? ????? ???? ?????? ??? ???????,Urgent,Seek medical care within 24–48 hours
??????? ??????? ???? ???? ??? ????? ??? ?? ??????? ? ?????? ?????? ????? ???,Urgent,Seek medical care within 24–48 hours
?????????? ????? ???? ????? ?????? ????? ???? ??? ??? ?? ???? ?????? ???,Urgent,Seek medical care within 24–48 hours
???? ????? ??????? ?????? ???? ??? ? ??? ?? ?????? ????? ???????,Urgent,Seek medical care within 24–48 hours
???? ???? ??? ???? ??? ???-?? ?????? ??? ???? ???????? ???? ??????? ??????,Urgent,Seek medical care within 24–48 hours
??????? ?????????? ?? ???? ??? ??????? ?? ????? ??????? ??? ????? ??? ?????,Urgent,Seek medical care within 24–48 hours
?????? ???? ?? ????? ??????? ?? ???????? ????? ??? ????? ???????? ?????,Urgent,Seek medical care within 24–48 hours
????? ??????? ????????? ????? ?????? ??? ?????? ?? ???? ?????? ??????...,Urgent,Seek medical care within 24–48 hours
??????? ????? ??? ? ??? ???? ?????????? ???? ???? ??? ?????? ????? ??????,Urgent,Seek medical care within 24–48 hours
???????? ???? ?? ??????? ??? ???? ???????? ??? ?? ????? ??????,Urgent,Seek medical care within 24–48 hours
?????????? ?????? ????? ?? ??? ????? ?????? ??? ???? ?? ??? ???? ????? ???,Urgent,Seek medical care within 24–48 hours
???? ?? ???? ??????? ???? ???????? ?? ??????? ???? ???? ??? ?????,Urgent,Seek medical care within 24–48 hours
??????? ???? ??? ?????? ??? ??? ???? ??? ?? ??? ???? ??? ?????????,Urgent,Seek medical care within 24–48 hours
????? ??? ???? ??? ????? ????? ???????? ?????? ???? ???? ????? ?????,Urgent,Seek medical care within 24–48 hours
???????? ???????? ??? ??? ???????? ???? ??????? ?? ?????? ?????,Urgent,Seek medical care within 24–48 hours
???????? ????? ????????? ?? ????????? ????? ?? ????? ???? ????? ???????,Urgent,Seek medical care within 24–48 hours
??????? ??? ???????? ????? ?? ?? ???? ????? ???? ?????? ?????? ???????,Urgent,Seek medical care within 24–48 hours
???? ??? ??????? ??????? ?? ??? ???? ???? ??? ????? ???? ???????? ??????,Urgent,Seek medical care within 24–48 hours
????? ???? ??? ????? ???? ???? ???? ??? ??????? ??? ??? ???? ??? ????,Urgent,Seek medical care within 24–48 hours
???? ???? ??? ????? ?????? ???????? ????? ????? ?? ??? ??? ??????????? ???? ?????,Emergency,Immediately go to emergency department or call ambulance
?????? ??? ??? ?????? ???? ?? ???? ???? ???? ?????? ??? ??? ???? ??? ??? ???????,Emergency,Immediately go to emergency department or call ambulance
???? ??? ???? ???? ??? ??? ???? ??? ???? ????????-???????? ????????? ?????? ???????,Emergency,Immediately go to emergency department or call ambulance
??? ????? ??? ?? ??????? ???? ???? ?? ?? ?? ????? ??? ???? ???? ???????,Emergency,Immediately go to emergency department or call ambulance
????? ???????? ???? ???? ??? ???? ????? ?? ??? ??? ??? ???? ???????,Emergency,Immediately go to emergency department or call ambulance
???? ???? ??? ??? ???? ????????? ????? ??? ? ??? ???? ???? ??? ?????,Emergency,Immediately go to emergency department or call ambulance
??????? ????? ?? ????? ?????? ?? ??? ??? ???? ????? ?????? ??? ??? ??????,Emergency,Immediately go to emergency department or call ambulance
???? ????????? ???? ????????? ?????? ???????? ????? ???? ???? ????? ??? ????,Emergency,Immediately go to emergency department or call ambulance
???? ??? ????? ??????? ????? ??????????? ??? ????? ??? ???? ????? ??? ???????,Emergency,Immediately go to emergency department or call ambulance
??????? ?????? ??? ???? ??? ???? ??? ????? ??? ???? ???? ??? ?? ?????? ???? ????? ???,Emergency,Immediately go to emergency department or call ambulance
???? ??????? ???? ????????? ????? ????? ?? ???? ??? ????? ???? ????? ???? ??????,Emergency,Immediately go to emergency department or call ambulance
?????? ??? ???? ??????? ???? ???? ?? ?????? ??? ???? ??? ??? ???-?? ?????,Emergency,Immediately go to emergency department or call ambulance
???? ??? ????? ??????????? ????? ??? ???? ??? ?? ????? ????? ????????? ???? ?????,Emergency,Immediately go to emergency department or call ambulance
??????? ?????? ?????? ?? ????? ???? ???? ???? ???? ??????? ???? ??? ?????,Emergency,Immediately go to emergency department or call ambulance
???? ???? ??? ????? ??????? ??? ?????? ?????? ????? ??? ???? ???? ?????? ???,Emergency,Immediately go to emergency department or call ambulance
????? ?????? ???? ??????? ??? ???? ??? ???? ??? ?? ???? ?????? ?????,Emergency,Immediately go to emergency department or call ambulance
????????? ???? ?????? ???? ?? ????? ???? ???? ???? ??? ???? ??? ???? ??? ????,Emergency,Immediately go to emergency department or call ambulance
???? ????? ???? ???? ???? ??????? ???????? ???? ?????? ???? ?? ??? ??????,Emergency,Immediately go to emergency department or call ambulance
??????? ?????? ???? ????? ??????? ???? ????? ??? ??? ??? ???? ???? ???? ?????,Emergency,Immediately go to emergency department or call ambulance
?????? ?????? ??? ????? ???? ???? ?????? ???????? ??????? ???? ??? ???????,Emergency,Immediately go to emergency department or call ambulance
????? ???????? ???? ?????? ??????? ???? ???? ??? ???? ???? ???? ???????,Emergency,Immediately go to emergency department or call ambulance
???? ??? ????? ???? ???????? ????? ???? ??? ?? ??????? ??? ?????,Emergency,Immediately go to emergency department or call ambulance
??????? ????? ??????? ??? ??? ??? ????? ???? ???? ???? ??? ?? ????????,Emergency,Immediately go to emergency department or call ambulance
???? ???? ??????? ????????? ??? ???? ??? ????? ?? ????? ??? ??????,Emergency,Immediately go to emergency department or call ambulance
???? ????? ??? ???? ????? ????? ???? ??? ????? ??? ????? ??? ???? ????? ???????,Emergency,Immediately go to emergency department or call ambulance
?????? ???? ???? ?????? ???? ?? ???? ????? ???? ?????? ??? ??????? ?????,Emergency,Immediately go to emergency department or call ambulance
????????? ????? ???? ???? ????? ???? ???? ??? ????? ??? ???? ???????? ??? ?????,Emergency,Immediately go to emergency department or call ambulance
????? ????????? ???? ?-?? ???? ???? ???? ??? ?? ???????? ????? ? ???????,Emergency,Immediately go to emergency department or call ambulance
???? ??? ????? ??????? ????? ?????? ???????? ??? ???? ??? ?? ????????????,Emergency,Immediately go to emergency department or call ambulance
??????? ????? ???????? ???? ??????? ??? ???? ?? ??? ??? ??? ???? ?????,Emergency,Immediately go to emergency department or call ambulance
???? ??????? ???? ?????? ?????? ?? ?????? ??????? ???? ??? ????? ?????????,Emergency,Immediately go to emergency department or call ambulance
???? ???? ???? ??????? ???? ???? ???? ???? ??? ??? ???? ?????? ???? ??? ??????,Emergency,Immediately go to emergency department or call ambulance
????? ???????? ???????? ???? ??? ???? ??? ??? ????? ??????? ??? ?????,Emergency,Immediately go to emergency department or call ambulance
????? ???? ??? ???? ?? ?????? ???? ????? ???????? ??? ??? ?????? ????????? ??? ???????,Emergency,Immediately go to emergency department or call ambulance
??????? ???? ??? ?????? ?? ?????? ???? ???? ??? ?? ???? ??? ?????,Emergency,Immediately go to emergency department or call ambulance
????? ????? ?? ?? ???? ??? ???? ??? ???? ??? ????? ?????? ???????? ?????,Emergency,Immediately go to emergency department or call ambulance
???? ??? ????? ???????? ??? ???? ???? ?? ?? ???? ??? ???? ????? ?????? ??????,Emergency,Immediately go to emergency department or call ambulance
?????? ??? ??? ??????? ??? ???? ?????? ??? ??? ??????? ???? ? ????????? ??????,Emergency,Immediately go to emergency department or call ambulance
???? ????????? ????? ??? ????????? ????? ???? ?????? ?? ??? ?? ???? ???? ??????,Emergency,Immediately go to emergency department or call ambulance
???? ???? ??? ??? ??????? ???? ???? ??? ?????? ???? ???? ?????? ?????,Emergency,Immediately go to emergency department or call ambulance
????? ??????????? ???????? ????? ??? ???? ???? ????? ??????? ?? ?????,Emergency,Immediately go to emergency department or call ambulance
??????? ?????? ???? ???? ????? ????? ??? ???? ???? ?????? ??? ?? ?????,Emergency,Immediately go to emergency department or call ambulance
????? ????? ?? ?????????? ???? ??? ??? ??? ???? ??? ?? ???? ??????? ??????,Emergency,Immediately go to emergency department or call ambulance
??????? ????????? ??? ???????? ?? ????? ??? ????? ?????? ??? ??? ???? ?????,Emergency,Immediately go to emergency department or call ambulance
???? ??? ????? ???? ??? ???? ??? ???? ???? ??? ?? ?????? ??????? ???? ????? ???,Emergency,Immediately go to emergency department or call ambulance
??????? ???? ???? ??????? ???? ???? ????? ???????? ????? ???? ???? ?????,Emergency,Immediately go to emergency department or call ambulance
???? ???? ????????? ???????????? ??? ???? ??? ????? ?????????? ??????,Emergency,Immediately go to emergency department or call ambulance
???? ??? ????? ??????????? ????? ????? ???? ???? ?????? ????? ??? ??? ????,Emergency,Immediately go to emergency department or call ambulance
?????? ????? ???????? ???? ????? ?? ???? ??? ??? ? ??? ???? ???? ?????,Emergency,Immediately go to emergency department or call ambulance
?????? ???? ??????? ?????? ?? ????? ???? ?????? ?????? ???? ??? ?????,Emergency,Immediately go to emergency department or call ambulance
?? ?????? ??? ??? ????? ?????? ????? ????? ??? ?? ???? ????? ??? ??????,Urgent,Seek medical care within 24–48 hours
????? ???? ???? ????? ????????? ???? ???? ? ????? ??? ?????? ??????,Urgent,Seek medical care within 24–48 hours
????? ????? ????????? ?? ???? ??? ??? ???? ??? ????? ???? ????????????? ?? ?????,Urgent,Seek medical care within 24–48 hours
??????? ?????? ???? ???????? ???? ??? ????? ?????? ??? ?????? ??????? ??????,Urgent,Seek medical care within 24–48 hours
?? ?????? ??? ?????? ???? ??? ????? ???? ?????? ?? ?? ??? ??????,Urgent,Seek medical care within 24–48 hours
???? ???? ??? ??? ????? ??? ??? ????? ?????????? ???? (??????? ??????)?,Urgent,Seek medical care within 24–48 hours
??????? ?? ? ??? ??? ?????? ???? ??? ?? ???? ??????? ??? ?????????,Urgent,Seek medical care within 24–48 hours
????? ???? ??? ??? ??? ???? ??? ??? ???? ?? ???? ??????? ??? ??????,Urgent,Seek medical care within 24–48 hours
??? ???? ??? ????? ?? ???? ???? ????? ?????? ??????? ??? ??? ???? ?????,Urgent,Seek medical care within 24–48 hours
???? ???? ???? ??? ?? ??????? ??? ??? ????? ?? ???? ??? ??? ?????? ???,Urgent,Seek medical care within 24–48 hours
"???? ??? ?????? ????? ??? ???? ??? ????? ?????, ??? ??????? ????? ???",Urgent,Seek medical care within 24–48 hours
??????? ???? ???? ????? ??????? ??? ??? ?????? ????? ?? ??? ???????,Urgent,Seek medical care within 24–48 hours
???? ????? ???? ???? ???? ???? ?????? ??? ???? ?????? ????? ???? ??????,Urgent,Seek medical care within 24–48 hours
?????? ??? ?? ???? ???? ?????? ???? ??? ???? ??? ??? ????? ?????? ???,Urgent,Seek medical care within 24–48 hours
???? ???? ??? ? ??? ??? ??? ??? ?????? ???? ????? ???????? ??????,Urgent,Seek medical care within 24–48 hours
????? ?? ???? ????? ????? ?? ?????????? ?????? ???? ???? ???? (????? ????)?,Urgent,Seek medical care within 24–48 hours
??? ?????? ?????? ???? ???? ????? ????? ??????? ????? ??? ???? ???? ????? ???,Urgent,Seek medical care within 24–48 hours
????? ???? ???????? ?? ??? ???? ??? ???? ??? ???? ???? ??? ????,Urgent,Seek medical care within 24–48 hours
??????? ???? ????? ????????? ??? ??? ????? ???? ?????? ??? ?? ??? ??????????,Urgent,Seek medical care within 24–48 hours
???? ??????? ??? ??? ???/?? ??? ???? ??? ????? ?? ???? ??? ????,Urgent,Seek medical care within 24–48 hours
????? ?? ???? ???? ?????? ???????? ?? ??????? ??? ??? ???? ???????,Urgent,Seek medical care within 24–48 hours
????? ?????? ?????? ???? ?? ??? ???? ??? ??? ???? ???? ????? ???? ??????,Urgent,Seek medical care within 24–48 hours
???? ?? ???? ????? ????? ???? ?????????? ????? ??? ???? ???? ???????,Urgent,Seek medical care within 24–48 hours
??????? ???? ???? ??? ???? ?????? ??? ?? ??? ???? ??? ?????? ???????,Urgent,Seek medical care within 24–48 hours
??????? ????? ????? ????? ????? ??? ???? ??? ????? ?????? ??????,Urgent,Seek medical care within 24–48 hours
????? ???? ???? ???? ????????? ??? ??? ???? ??? ??????? ??????????,Urgent,Seek medical care within 24–48 hours
??? ???? ????? ?? ???? ???? ???? ??? ???? ???? ??? ????? ?????? ?????,Urgent,Seek medical care within 24–48 hours
?????????? ????? ???? ?????? ????? ???? ??? ??? ?? ????? ?????? ???,Urgent,Seek medical care within 24–48 hours
???? ???? ??? ???? ??? ???-?? ?????? ??? ???? ???????? ??????,Urgent,Seek medical care within 24–48 hours
??????? ?????????? ?? ???? ??? ??????? ?? ????? ??? ?????,Urgent,Seek medical care within 24–48 hours
?????? ???? ?? ????? ????? ??? ?? ??????? ??? ????? ?????,Urgent,Seek medical care within 24–48 hours
????? ??????? ????????? ????? ?????? ??? ?????? ?? ???? ?????? ?????? ???,Urgent,Seek medical care within 24–48 hours
??????? ?????? ?? ???? ??? ???? ???? ???? ??? ???? ?????? ?????,Urgent,Seek medical care within 24–48 hours
?????????? ?????? ????? ?? ??? ????? ?????? ??? ??? ???? ????? ???,Urgent,Seek medical care within 24–48 hours
???? ?? ???? ??????? ???? ???????? ?? ??????? ???? ???? ??? ????,Urgent,Seek medical care within 24–48 hours
??????? ???? ??? ?????? ??? ??? ???? ??? ?? ???? ?????? ?????? ???,Urgent,Seek medical care within 24–48 hours
????? ??? ???? ??? ????? ????? ????? ???? ???? ????? ?????,Urgent,Seek medical care within 24–48 hours
???????? ???????? ??? ??? ???????? ???? ??????? ??????? ???????,Urgent,Seek medical care within 24–48 hours
???????? ????? ????????? ????? ?? ????? ???? ????? ???????,Urgent,Seek medical care within 24–48 hours
??????? ??? ???????? ????? ?? ?? ???? ????? ???? ?????? ???????,Urgent,Seek medical care within 24–48 hours
???? ??? ??????? ??????? ?? ??? ???? ???? ??? ??? ???? ???????? ??????,Urgent,Seek medical care within 24–48 hours
???? ??? ????? ???? ???? ???? ??? ??????? ??? ??? ???? ??? ????,Urgent,Seek medical care within 24–48 hours
???? ???? ?? ???? ????????? ????? ???? ?? ???? ??? ??? ?????? ??? ?????? ?????,Emergency,Immediately go to emergency department or call ambulance
?????? ???? ??????? ???? ???? ???? ?????? ??? ??? ?? ???? ??? ?????,Emergency,Immediately go to emergency department or call ambulance
"???? ???? ??? ???? ??? ??????? ????? ??, ??? ?????? ?? ??? ???????? ?????",Emergency,Immediately go to emergency department or call ambulance
????? ?????? ???? ?????? ?? ????? ??? ? ??? ???? ?????? ??? ??? ??????,Emergency,Immediately go to emergency department or call ambulance
???? ??????? ???? ??????? ???? ???? ???? ?? ??? ??? ??????? ???? ????? ???? ??????,Emergency,Immediately go to emergency department or call ambulance
??????? ????? ???? ?????????? ???? ?????? ???? ???? ?????? ??? ?? ??????? ???????,Emergency,Immediately go to emergency department or call ambulance
?????? ???????????? ????????? ?? ???? ??????? ???? ?????? ??? ??? ???? ???????,Emergency,Immediately go to emergency department or call ambulance
???? ????? ??? ???? ????? ??????????? ??? ????? ??? ??????? ?????? ????? ???????,Emergency,Immediately go to emergency department or call ambulance
????? ???? ?????? ????? ???? ???? ?????? ??????? ????? ??? ???? ?????? ?????? ???,Emergency,Immediately go to emergency department or call ambulance
???? ???? ???? ??? ??? ???? ???? ????? ?????? ?????? ?????? ????,Emergency,Immediately go to emergency department or call ambulance
??????? ???? ?????? ?? ???? ???? ?? ???? ???? ??????? ???????? ???? ??? ?????,Emergency,Immediately go to emergency department or call ambulance
??????? ?????? ?? ????? ???? ????? ???? ??? ?? ??????? ???? ?????,Emergency,Immediately go to emergency department or call ambulance
???? ??? ????? ??????????? ???????? ??? ???? ?????? ???? ?????? ???? ???? ???????,Emergency,Immediately go to emergency department or call ambulance
???? ???? ???? ?????? ??? ???? ???-?? ?????? ??? ???? ????? ????? ?????? ???,Emergency,Immediately go to emergency department or call ambulance
????? ??????? ?????? ???? ??? ??? ??????? ???? ????? ???? ???? ???? ?????,Emergency,Immediately go to emergency department or call ambulance
???? ????? ????? ????????? ???? ????? ?? ??? ???? ??? ???? ??? ??? ?????,Emergency,Immediately go to emergency department or call ambulance
??????? ????? ???? ???? ???? ??? ?? ?? ? ????? ??? ???? ???????? ??????,Emergency,Immediately go to emergency department or call ambulance
???? ????? ???? ???? ???? ?????? ???? ????? ?? ??? ???? ????? ???? ?????? ???,Emergency,Immediately go to emergency department or call ambulance
??????? ??????????? ???????? ????? ??? ???? ???? ????? ??????? ?? ?????,Emergency,Immediately go to emergency department or call ambulance
??? ???? ??????? ??? ? ??? ???? ???? ????? ??? ???? ???? ???????,Emergency,Immediately go to emergency department or call ambulance
???? ??? ???? ??????? ???? ???? ??? ????? ????? ????? ???,Emergency,Immediately go to emergency department or call ambulance
????? ???? ??? ???????? ??? ??? ???? ??? ??? ???? ???????? ???? ??? ??????,Urgent,Seek medical care within 24–48 hours
?? ?????? ??? ?????? ???? ??? ????? ???? ?????? ?? ?? ?????,Urgent,Seek medical care within 24–48 hours
???? ???? ???? ??? ??? ??? ????? ??? ??? ????? ?????????? ?????,Urgent,Seek medical care within 24–48 hours
"?????? ?????? ?????? ??? ? ??? ???? ???? ??? ????, ??? ???? ?????? ???",Urgent,Seek medical care within 24–48 hours
??????? ?? ? ??? ??? ?????? ???? ????????? ??? ?? ??? ?????????? ?????,Urgent,Seek medical care within 24–48 hours
???? ???? ???? ??? ?? ??????? ?????? ?????? ???? ???? ??? ??????? ????? ???,Urgent,Seek medical care within 24–48 hours
???? ??? ?? ???? ???? ?????? ?? ????? ???? ????? ????? ??? ???? ????? ???,Urgent,Seek medical care within 24–48 hours
???? ????? ???? ???? ???? ???? ?????? ??? ???? ?????? ????? ?????,Urgent,Seek medical care within 24–48 hours
????? ?? ???? ????? ????? ?? ?????????? ?????? ???? ???? ?????,Urgent,Seek medical care within 24–48 hours
?????? ????? ???? ?????????? ?? ?? ????? ??? ??? ????? ?? ??? ????????,Urgent,Seek medical care within 24–48 hours
??????? ?????????? ?? ???? ??? ??????? ?? ??? ????? ??? ?????,Urgent,Seek medical care within 24–48 hours
?????? ???? ?? ????? ????? ??? ?? ??????? ??? ????? ????? ?????,Urgent,Seek medical care within 24–48 hours
???? ??????? ???-?? ???????? ????? ?????? ?????? ??? ??? ???? ???? ???? ???? ???????,Emergency,Immediately go to emergency department or call ambulance
??????? ?????? ?????????? ???? ?????? ??? ???? ??? ?? ???? ???????,Emergency,Immediately go to emergency department or call ambulance
?????? ???????????? ????? ??????? ?? ???? ???? ?????? ??? ??? ???? ?????,Emergency,Immediately go to emergency department or call ambulance
???? ??? ?????????? ?? ????? ????? ?? ???? ??????? ???? ?? ???? ??? ??? ???????,Emergency,Immediately go to emergency department or call ambulance
??????? ?? ????????? ?????? ??? ?????? ???? ??? ?? ?????? ???????,Emergency,Immediately go to emergency department or call ambulance
???? ???? ??? ??? ??????????? ??? ????? ??? ????? ??? ????? ?????? ?????,Emergency,Immediately go to emergency department or call ambulance
??????? ????? ???? ???? ????? ?? ????? ???? ???? ??? ??? ??????,Emergency,Immediately go to emergency department or call ambulance
???? ??????? ?????????? ???? ????? ???? ????? ??? ?? ??? ?????,Emergency,Immediately go to emergency department or call ambulance
??????? ?????? ?????? ?? ????? ??? ???? ????? ??? ???? ??? ?? ????????,Emergency,Immediately go to emergency department or call ambulance
??? ??? ??????? ???? ???? ?? ??? ??? ?????? ??? ???? ??? ?????,Emergency,Immediately go to emergency department or call ambulance
????????? ????????? ???? ???? ????? ???? ???? ??? ???? ???? ??????,Emergency,Immediately go to emergency department or call ambulance
???? ????? ???? ???? ???? ???? ??? ???? ???? ?????? ???,Emergency,Immediately go to emergency department or call ambulance
???? ??? ???????? ???? ???? ???? ??????? ????? ??? ??? ?????,Emergency,Immediately go to emergency department or call ambulance
?????? ????? ???????? ???? ????? ?? ??? ??? ???? ??????? ??????,Emergency,Immediately go to emergency department or call ambulance
??????? ?????? ???? ???? ??? ??? ???????? ???? ??? ?????? ?????,Emergency,Immediately go to emergency department or call ambulance
????? ????????? ???? ?.? ? ???? ???? ??? ?? ????? ??? ???????,Emergency,Immediately go to emergency department or call ambulance
???? ???? ???? ???? ???? ????? ??????? ???? ???? ??? ?????,Emergency,Immediately go to emergency department or call ambulance
????????? ??? ???????? ?? ????? ??? ????? ?????? ???? ??? ?? ???? ??????,Emergency,Immediately go to emergency department or call ambulance
??????? ????? ??? ????? ??????? ??? ???? ?????? ??? ?? ??? ??? ???????,Emergency,Immediately go to emergency department or call ambulance
????? ??????? ?????? ???? ??? ??? ??????? ???? ?????? ????????? ??????,Emergency,Immediately go to emergency department or call ambulance
???? ????? ????? ????????? ???? ????? ??? ???? ???? ??? ??? ?????,Emergency,Immediately go to emergency department or call ambulance
??????? ?????? ????????? ???? ??? ?????? ??? ??????? ???? ??????,Emergency,Immediately go to emergency department or call ambulance
????????? ???? ?????? ???? ?? ????? ???? ???? ???? ??? ?????,Emergency,Immediately go to emergency department or call ambulance
"???? ???? ??? ???? ??? ??????? ????? ??, ?????? ?? ??? ?????",Emergency,Immediately go to emergency department or call ambulance
??????? ?????? ???? ??????? ???? ????? ?????? ??? ???? ???????,Emergency,Immediately go to emergency department or call ambulance
?????? ?????? ??? ????? ?? ???? ?????? ???????? ??????? ???? ??? ???????,Emergency,Immediately go to emergency department or call ambulance
???? ???? ??? ??????? ??? ???? ??? ????? ????? ????? ???,Emergency,Immediately go to emergency department or call ambulance
???? ??? ????? ??????? ??? ????? ??? ??? ?? ?????? ???????,Emergency,Immediately go to emergency department or call ambulance
?????? ???? ????????? ???? ????? ?? ????? ??? ??? ???? ???? ?????,Emergency,Immediately go to emergency department or call ambulance
???? ????? ???? ?????? ?? ???? ????? ??????? ??? ???? ???? ?????,Emergency,Immediately go to emergency department or call ambulance
?????? ????? ?? ????? ?????????? ?? ???? ????? ?????? ???,Emergency,Immediately go to emergency department or call ambulance
????? ???????? ?? ????? ??? ???????? ???? ??? ??? ??????? ??? ?????,Emergency,Immediately go to emergency department or call ambulance
????? ???? ??????? ???? ???? ????? ???? ????? ???????? ??? ????????? ????,Emergency,Immediately go to emergency department or call ambulance
??????? ???? ?????? ???? ??? ???? ??? ???? ??? ?? ???????,Emergency,Immediately go to emergency department or call ambulance
????? ???????? ???? ???? ????? ?????? ??? ?? ??????? ??????,Emergency,Immediately go to emergency department or call ambulance
??????? ????? ??????? ??? ??? ????? ???? ???? ???? ??? ?? ????????,Emergency,Immediately go to emergency department or call ambulance
????? ??? ???? ????? ???? ???? ??? ????? ??? ?? ??????,Emergency,Immediately go to emergency department or call ambulance
???? ???? ???? ???? ????? ???? ??? ???? ??? ???? ????,Emergency,Immediately go to emergency department or call ambulance
??????? ?????? ??? ???? ???? ????? ???? ????? ??? ?????? ??????????,Emergency,Immediately go to emergency department or call ambulance
???? ??? ????? ??????????? ???????? ??? ???? ?????? ???? ???? ???????,Emergency,Immediately go to emergency department or call ambulance
?????? ??????? ???? ???? ???? ?????? ??? ??? ?? ???? ??? ?????,Emergency,Immediately go to emergency department or call ambulance
????? ????? ???? ??? ??? ??? ???? ??? ??????? ?????????,Emergency,Immediately go to emergency department or call ambulance
???? ??? ????? ???? ??? ???? ??? ??? ???? ????? ?????? ???,Emergency,Immediately go to emergency department or call ambulance
?????? ????? ?? ???-?? ???? ??? ?????? ?? ??? ???? ?????,Emergency,Immediately go to emergency department or call ambulance
????? ????? ???? ??? ????? ??? ???????? ????? ??? ????????,Emergency,Immediately go to emergency department or call ambulance
????? ?????????? ???? ?? ?????? ???? ?????? ??? ?? ??????? ???????,Emergency,Immediately go to emergency department or call ambulance
???? ????? ????? ????????? ???? ????? ??? ???? ?????,Emergency,Immediately go to emergency department or call ambulance
??????? ??????? ???? ????? ??? ?? ??? ????? ?????? ???????,Emergency,Immediately go to emergency department or call ambulance
?????? ????? ?? ????? ???? ??? ??? ?? ??????? ?????? ???,Emergency,Immediately go to emergency department or call ambulance
????? ???? ???? ???? ???? ??? ????? ??? ??? ????? ???? ????? ??????,Urgent,Seek medical care within 24–48 hours
????? ????? ????????? ???? ???? ??? ??? ???? ??? ?? ?????,Urgent,Seek medical care within 24–48 hours
??????? ?????? ???? ???????? ???? ??? ????? ?????? ????? ??? ????????,Urgent,Seek medical care within 24–48 hours
?? ?????? ??? ?????? ???? ??? ????? ???? ???? ???? ?? ??? ??????,Urgent,Seek medical care within 24–48 hours
???? ???? ???? ??? ???? ??? ??? ????? ??? ??? ????? ?????????? ?????,Urgent,Seek medical care within 24–48 hours
??????? ?? ? ??? ??? ?????? ???? ????????? ??? ???? ?????????? ?????,Urgent,Seek medical care within 24–48 hours
????? ???? ??? ???????? ??? ??? ???? ??? ??? ???? ?? ???? ??? ??????,Urgent,Seek medical care within 24–48 hours
?? ???? ??? ????? ?? ???? ???? ????? ?????? ??????? ??? ??? ???? ?????,Urgent,Seek medical care within 24–48 hours
???? ???? ???? ??? ??? ?? ??????? ????? ??? ????? ?? ???? ??? ?????? ???,Urgent,Seek medical care within 24–48 hours
??????? ???? ???? ???? ??? ????? ??????? ??? ??? ?????? ????? ?? ???????,Urgent,Seek medical care within 24–48 hours
?????? ????? ???? ?????????? ???? ?? ?????? ??? ??? ??? ??????,Urgent,Seek medical care within 24–48 hours
????? ?? ???? ???? ?????? ???????? ?? ??????? ??? ??? ???? ?????,Urgent,Seek medical care within 24–48 hours
????? ?????? ?????? ???? ?? ??? ???? ??? ??? ???? ???? ????? ??????,Urgent,Seek medical care within 24–48 hours
??????? ???? ???? ??? ???? ?????? ??? ?? ??? ???? ??? ???????,Urgent,Seek medical care within 24–48 hours
??? ???? ????? ?? ???? ???? ???? ??? ???? ??? ????? ????? ???????,Urgent,Seek medical care within 24–48 hours
??????? ??????? ???? ???? ??? ????? ??? ?? ??????? ? ?????? ???? ?????,Urgent,Seek medical care within 24–48 hours
???? ???? ??? ???? ??? ???-?? ?????? ??? ???? ???????? ???? ????????,Urgent,Seek medical care within 24–48 hours
??????? ?????????? ?? ???? ??? ??????? ?? ????? ??????? ??? ??????,Urgent,Seek medical care within 24–48 hours
?????? ???? ?? ????? ??????? ??? ????? ???????? ?????,Urgent,Seek medical care within 24–48 hours
?????????? ?????? ????? ?? ??? ????? ?????? ??? ???? ???? ????? ???,Urgent,Seek medical care within 24–48 hours
??????? ????? ??? ???? ???? ?? (Wheezing) ?? ?? ??? ???????,Urgent,Seek medical care within 24–48 hours
?????? ??? ?????? ??? ??? ?? ????? ?? ???? ??????? ????? ????,Urgent,Seek medical care within 24–48 hours
??????? ???? ????????? ?????? ??? ???? ???? ???? ???? ??? ???,Urgent,Seek medical care within 24–48 hours
??? ????? ???? ??????? ??? ????? ????? ?????? ???????,Urgent,Seek medical care within 24–48 hours
???? ?????? ?????? ??? ???? ??? ???? ??? ???????,Urgent,Seek medical care within 24–48 hours
????? ?????? ???? ???? ????????? ??? ??? ?????,Urgent,Seek medical care within 24–48 hours
??????? ????????? ??? ???????? ?? ?? ???? ??? ???? ?????????? ????,Urgent,Seek medical care within 24–48 hours
?? ??? ??? ??? ??? ???????????? ?? ??? ??? ???? ????,Urgent,Seek medical care within 24–48 hours
????? ????? ?????????? ???? ??? ??? ???????? ??? ??????,Urgent,Seek medical care within 24–48 hours
???? ??????? ???/??? ??? ???? ?? ???? ??? ?????? ?????,Urgent,Seek medical care within 24–48 hours
??????? ???? ???? ????? ????? ?? ??? ??? ?????? ?????,Urgent,Seek medical care within 24–48 hours
????? ???? ??? ??? ???? ????? ?? ????? ?????? ??????,Urgent,Seek medical care within 24–48 hours
?????????? ???? ???? ???? ???? ???? ?? ??? ?????????? ????,Urgent,Seek medical care within 24–48 hours
???? ??? ????? ???? ? ?????? ???? ?? ??? ?????,Urgent,Seek medical care within 24–48 hours
?????? ???? ?? ???? ???? ???? ???? ????? ???? ?? ?????? ????,Urgent,Seek medical care within 24–48 hours
??????? ????? ????? ?? ??? ?????? ?? ??? ??? ???????? ??????,Urgent,Seek medical care within 24–48 hours
"???? ???? ??? ?? ??? ???? ????, ???? ???? ????? ????? ???",Urgent,Seek medical care within 24–48 hours
?????? ???? ???? ???? ???? ?? ???? ??? ???????? ??? ????,Urgent,Seek medical care within 24–48 hours
??? ??????? ?? ???? ?????? ????? ????? ??? ??? ??? ?????,Urgent,Seek medical care within 24–48 hours
??????? ????? ???? ??? ??? ????? ?? ?? ?? ???? ?????? ???,Urgent,Seek medical care within 24–48 hours
???? ??? ???? ????? ????? ?? ???? ??? ???? ????? ?????? ???,Urgent,Seek medical care within 24–48 hours
??? ???? ???? ???? ?? ??? ???? ???? ????? ???,Urgent,Seek medical care within 24–48 hours
?????? ??????? ?????? ????? ???? ???? ??? ??????? ????? ???,Urgent,Seek medical care within 24–48 hours
???? ???? ?? ???? ?? ????? ????? ???? ??? ?????? ??? ?????,Urgent,Seek medical care within 24–48 hours
??????? ?????? ?? ???? ??? ???? ???? ???? ??? ???? ???????,Urgent,Seek medical care within 24–48 hours
???????? ???? ?? ??????? ??? ???? ???????? ??? ???,Urgent,Seek medical care within 24–48 hours
????? ?? ???? ??????? ?????? ???? ??? ??? ????,Urgent,Seek medical care within 24–48 hours
???? ?? ???? ??????? ???? ???????? ?? ??????? ???? ?????,Urgent,Seek medical care within 24–48 hours
????? ??? ???? ??? ????? ????? ???????? ?????? ???? ??????,Urgent,Seek medical care within 24–48 hours
?????? ??? ????? ??????? ??? ????? ??? ???? ?? ????,Urgent,Seek medical care within 24–48 hours
???????? ???????? ??? ??? ???????? ???? ??????? ?? ???????,Urgent,Seek medical care within 24–48 hours
???????? ????? ????????? ????? ?? ????? ???? ??????,Urgent,Seek medical care within 24–48 hours
??????? ??? ??????? ?????? ???? ?????????? ??? ??? ?????,Urgent,Seek medical care within 24–48 hours
???? ??? ???? ???? ??? ???? ??? ??? ???? ?????,Urgent,Seek medical care within 24–48 hours
???????? ??? ???? ???? ???? ??? ???? ???? ?? ?????????,Urgent,Seek medical care within 24–48 hours
?????? ???? ??????? ??? ? ????? ?????? ??? ?????,Urgent,Seek medical care within 24–48 hours
??????? ????? ??? ???? ???? ?? ?? ?? ??? ???????,Urgent,Seek medical care within 24–48 hours
???? ????? ???? ???? ???? ??? ??? ???????? ?????????,Urgent,Seek medical care within 24–48 hours
???? ???? ??? ??? ??? ???? ??? ??????? ??? ??? ?????? ??? ??? ???? ???? ?????,Emergency,Immediately go to emergency department
?????? ?????? ??? ???????? ???? ?????? ??? ??? ??? ???? ???? ? ???? ??? ??????,Emergency,Immediately go to emergency department
"????? ??????? ????? ??? ????? ????, ??? ????? ??? ???? ???? ???? ??????",Emergency,Immediately go to emergency department
????? ???????? ???? ??????? ??? ???? ?? ??? ????? ?? ? ???? ??? ??? ???????,Emergency,Immediately go to emergency department
??????? ?? ????????? ?????? ???? ???? ??? ???? ?????? ??? ?? ???? ??? ????,Emergency,Immediately go to emergency department
???? ??? ??? ????? ?????? ??????? ???? ?????? ??? ???? ??? ????? ??? ??????,Emergency,Immediately go to emergency department
??????? ????? ???? ??????? ??????? ???? ????? ??? ???? ????? ????? ?????? ???,Emergency,Immediately go to emergency department
????? ???? ???? ????? ?????? ?????? ????? ????? ??? ???? ???? ???? ???????,Emergency,Immediately go to emergency department
??????? ??????????? ???? (??? ??????) ??? ?? ??? ????? ??????? ???? ?????,Emergency,Immediately go to emergency department
???? ?????? ????? ??? ??? ?????????? ?? ???? ????? ?????? ???,Emergency,Immediately go to emergency department
???? ??? ????? ??????????? ??? ???? ??? ?? ??????????? ??? ?????? ??? ?????,Emergency,Immediately go to emergency department
????????? ?? ?????? ?? ???? ????? ??? ???? ??? ?? ??????? ?????? ???,Emergency,Immediately go to emergency department
??? ???????? ?? ????? ????? ???? ???? ???? ??? ??? ????? ???????,Emergency,Immediately go to emergency department
???? ?????? ???? ???? ???? ????? ???? ???? ??? ????? ?? ?????? ?????? ???,Emergency,Immediately go to emergency department
??????? ????? ????? ????? ??? ???? ???? ????? ??? ?? ??????? ??? ????,Emergency,Immediately go to emergency department
????????? ????? ???? ???? ???? ?????? ???? ??? ??? ????? ??? ??????? ??????,Emergency,Immediately go to emergency department
????? ???????? ?? ?? ????? ??? ???????? ???? ??? ??? ??????? ??? ???? ????,Emergency,Immediately go to emergency department
????? ??????????? ???????? ????? ??? ? ??? ???? ????? ??????? ?? ?????,Emergency,Immediately go to emergency department
??????? ????? ?? ??????? ???? ????? ?? ???? ????? ?????? ???? ??? ????,Emergency,Immediately go to emergency department
?????? ???? ???? ?????? ???? ???? ?????? ??? ?????? ??????? ?????,Emergency,Immediately go to emergency department
????? ????????? ???? ?-?? ???? ???? ???? ??? ?? ????? ??? ?????? ? ??????,Emergency,Immediately go to emergency department
????? ????? ???? ??? ????? ??? ???????? ????? ??? ???? ??? ??????? ??????????,Emergency,Immediately go to emergency department
????? ???? ????? ????? ??? ??? ???? ???? ???? ? ???? ??? ??????,Urgent,Seek medical care within 24 hours
????? ????? ????????? ???? ???? ??? ??? ???? ??? ????? ???? ???????? ??? ??????,Urgent,Seek medical care within 24 hours
"?????? ??????? ?????? ??? ? ???? ???? ???? ??? ????, ???? ???? ?????? ???",Urgent,Seek medical care within 24 hours
??????? ?? ? ??? ??? ???? ???? ?? ??? ?? ???? ???? ?????? ???,Urgent,Seek medical care within 24 hours
??? ??? ??? ???? ???? ??? ??? ???? ?? ???? ???? ?? ??????? ??? ??????,Urgent,Seek medical care within 24 hours
????? ?? ???? ?????? ???????? ?? ??????? ??? ??? ???? ???? ??? ??? ???????,Urgent,Seek medical care within 24 hours
???? ??????? ??? ??? ???/??? ??? ???? ??? ????? ?? ???? ??? ??? ??????,Urgent,Seek medical care within 24 hours
?????????? ????? ???? ????? ?????? ????? ???? ??? ??? ?? ????? ?????? ???,Urgent,Seek medical care within 24 hours
????? ?? ?????? ???? ???? ???? ???? ??? ????? ??? ????? ?????????,Urgent,Seek medical care within 24 hours
???? ?????? ??????? ??????? ?????? ???? ??? ?????? ???? ? ??????? ????,Urgent,Seek medical care within 24 hours
????? ????? ?????? ????? ????? ???? ?? ???? ??? ??? ??? ??? ????,Urgent,Seek medical care within 24 hours
??????? ????? ??? ???? ??? ??? ???? ?? ??? ?? ??? ?????? ??? ????,Urgent,Seek medical care within 24 hours
??????????? ???? ??? ???? ?? ???? ???? ??? ?????? ????? ??? ??????,Urgent,Seek medical care within 24 hours
??? ???????? ??? ???????? ??? ???? ???? ???? ????? ???? ???????? ??????,Urgent,Seek medical care within 24 hours
?? ?????? ??? ???????? ???? ??????? ??? ???? ?????? ??? ??? ?????? ??????,Urgent,Seek medical care within 24 hours
??????? ???? ????? ?????? ????? ?? ?? ???? ????? ???? ?????? ?????? ???????,Urgent,Seek medical care within 24 hours
???? ???? ????? ??? ???? ???? ???? ???? ???? ???? ?? ?? ???? ??????? ?? ???? ?????????,Emergency,Immediately go to emergency department or call ambulance
???????? ??? ??? ???? ?????? ???? ???? ???? ???? ??? ??? ???? ???? ???? ?????? ?? ??? ??????? ?????,Emergency,Immediately go to emergency department or call ambulance
?? ?????? ???? ???? ?????? ???? ?????? ??? ???? ????? ???? ???? ???? ??? ??? ?? ???? ???????,Emergency,Immediately go to emergency department or call ambulance
????????????? ??? ????? ????? ???????? ???? ?? ????? ???? ???? ???? ?????? ????????? ???? ?????? ??????? ???,Emergency,Immediately go to emergency department or call ambulance
???? ???? ??? ????? ???? ?? ????? ????? ???? ???? ????? ??? ???? ??? ????? ??????? ???,Emergency,Immediately go to emergency department or call ambulance
?????? ??? ???? ??????? ????? ??? ???? ??? ???? ???? ?? ???????? ?????? ???? ???? ??????? ??? ?????,Emergency,Immediately go to emergency department or call ambulance
??? ???????? ?? ????? ????? ????? ???? ???? ?????? ?? ??? ???? ???? ?????? ??? ???? ??????? ???,Emergency,Immediately go to emergency department or call ambulance
????? ???????? ???? ???? ???? ??? ??? ???? ??????? ??? ?????? ?? ??? ???? ?????? ????????,Emergency,Immediately go to emergency department or call ambulance
???? ?? ???? ??? ???? ???? ???? ???? ??????? ???? ??? ?????? ???? ???? ???????,Emergency,Immediately go to emergency department or call ambulance
????????? ???? ??? ????? ????? ???? ???? ??? ???? ????? ??????? ?? ?? ???? ??? ??? ?????,Emergency,Immediately go to emergency department or call ambulance
??? ?????? ?? ????? ??? ???? ???? ?? ???? ???? ?????? ???? ??? ???????? ??????,Emergency,Immediately go to emergency department or call ambulance
??????? ???? ???? ???? ???? ???? ??? ??? ??????? ??????? ???? ???? ???? ????? ??????? ???,Emergency,Immediately go to emergency department or call ambulance
???????? ????? ????? ????? ????? ????? ???? ??? ???? ???? ?????? ?????? ???? ???? ????? ????????,Emergency,Immediately go to emergency department or call ambulance
??????? ????? ???? ????? ???? ????? ?? ??? ?? ??? ???? ????? ???? ???? ???? ???????,Emergency,Immediately go to emergency department or call ambulance
???? ????????? ???? ?????? ????????? ?????? ?? ????? ???? ???? ???? ??????? ??? ???? ????,Emergency,Immediately go to emergency department or call ambulance
??????? ?????? ???? ??? ???? ??? ???? ??? ?????? ???? ???? ?? ???? ???? ??? ???????,Emergency,Immediately go to emergency department or call ambulance
???? ???? ??? ?????? ??? ???? ?? ???? ??????? ???? ??????????? ?????? ?????? ??? ?? ?????????,Emergency,Immediately go to emergency department or call ambulance
??????? ?????? ???? ?????? ?? ????? ?? ???? ???? ??? ????? ???? ??????? ?????? ?? ?????,Emergency,Immediately go to emergency department or call ambulance
????? ???? ???? ?? ???? ?????? ????? ??????? ??? ????? ??? ??????? ?? ???? ?????,Emergency,Immediately go to emergency department or call ambulance
????? ????? ???? ?? ??????? ??? ??? ?? ????? ??? ???????? ?????? ?? ???? ?????? ?????? ?????,Emergency,Immediately go to emergency department or call ambulance
??????? ?????? ?? ???? ??? ?? ??? ????? ????? ?????? ?????? ???? ??? ?????? ?? ???? ??????? ???,Emergency,Immediately go to emergency department or call ambulance
?????????? ??? ????? ???? ?? ????? ???? ???? ???? ?????? ???? ???? ?????? ???? ?????? ???????,Emergency,Immediately go to emergency department or call ambulance
??????? ?????? ??? ???? ???? ???? ??? ??????? ?????? ??? ?????? ???? ??? ??? ?? ?????,Emergency,Immediately go to emergency department or call ambulance
????? ???????? ???? ????? ???????? ??? ??? ???? ????? ?? ???? ???? ?????? ???? ?????? ????,Emergency,Immediately go to emergency department or call ambulance
????????? ?????? ?? ???? ????? ????? ????? ?????? ????????? ???? ??? ?????? ???? ???? ?????? ???,Emergency,Immediately go to emergency department or call ambulance
????? ??? ????? ?? ???? ????? ????? ???? ???? ???? ?????? ???????? ??? ???? ?????,Emergency,Immediately go to emergency department or call ambulance
??????? ???? ??????? ?? ?? ?? ???? ?? ??? ??? ???? ???? ??????? ?????? ?????? ??????? ???,Emergency,Immediately go to emergency department or call ambulance
??????? ?????? ???? ???? ?????? ????? ????????? ???? ???? ?? ???? ??????? ??????? ??????,Emergency,Immediately go to emergency department or call ambulance
???? ????????? ???? ???? ??? ??? ???? ???? ???? ?? ?????????? ?????? ??? ???? ????,Emergency,Immediately go to emergency department or call ambulance
???? ?????? ???? ??? ???? ??? ???? ??????? ???? ???????? ????? ???? ??????? ???,Emergency,Immediately go to emergency department or call ambulance
?????????? ??????????? ?? ????? ?????? ???? ??? ????? ????? ????? ???? ??? ???? ??????? ????????,Emergency,Immediately go to emergency department or call ambulance
???? ???? ??????? ???? ???? ???? ???? ??? ???? ?????? ???? ?? ???? ???? ?????? ????,Emergency,Immediately go to emergency department or call ambulance
?? ?????? ??? ???????? ?? ?????? ?? ??? ???? ????? ????? ??? ???? ??? ???? ??????? ????,Emergency,Immediately go to emergency department or call ambulance
???? ???? ????? ???? ?? ??? ??? ?????? ??? ?????? ????? ??????? ???? ?????? ???????,Emergency,Immediately go to emergency department or call ambulance
???????? ???? ??????????? ????? ?????? ???????? ??????? ???? ???? ????? ?? ???? ??????? ???,Emergency,Immediately go to emergency department or call ambulance
??????? ?? ?????? ?? ????? ?????? ??????? ?????? ???? ???????? ??? ?????? ??? ?????,Emergency,Immediately go to emergency department or call ambulance
???? ???? ????? ?????? ???????? ??? ???? ???? ???? ????? ????? ????? ????????? ???? ???????,Emergency,Immediately go to emergency department or call ambulance
??????? ????? ????? ??? ???? ???? ???? ???? ??? ???? ????? ??? ???? ???? ??? ?????? ?????,Emergency,Immediately go to emergency department or call ambulance
????? ??????? ???? ???? ??????? ??? ????? ???? ???? ????? ???? ???? ???? ???? ????????,Emergency,Immediately go to emergency department or call ambulance
???? ???? ???? ????? ???? ?? ??????? ?????? ??? ?????? ??? ??????? ???? ?????? ?? ???? ???????,Emergency,Immediately go to emergency department or call ambulance
??????? ???? ???? ???? ?? ?? ???? ????? ???? ???? ???? ??????? ????? ???? ???????,Emergency,Immediately go to emergency department or call ambulance
????????? ???? ???? ???? ??? ???? ???? ???????? ????? ?? ???? ????? ??? ???????,Emergency,Immediately go to emergency department or call ambulance
????? ???? ????? ?? ???????? ???? ??? ?????? ??? ?????? ??? ???? ?????? ??? ?????,Emergency,Immediately go to emergency department or call ambulance
???? ??????? ??????? ???? ????? ?? ????? ??? ??????? ???? ???? ???? ?????? ?????? ?????? ???????,Emergency,Immediately go to emergency department or call ambulance
????? ????????? ??? ???? ???? ??? ????? ????? ?? ?? ???? ??? ???? ????? ??? ???? ????,Emergency,Immediately go to emergency department or call ambulance
???????? ?????? ????? ???? ????? ??? ??? ?? ??? ???? ???? ???? ???? ???????,Emergency,Immediately go to emergency department or call ambulance
????? ????? ???? ??? ????? ??? ???????? ????? ??? ???? ?????? ?????????? ???? ???? ?????,Emergency,Immediately go to emergency department or call ambulance
??????? ???? ???? ???? ????? ???? ???? ???? ??? ???? ???? ???? ???????? ?? ?????? ??? ?????,Emergency,Immediately go to emergency department or call ambulance
???? ???? ???? ??? ??? ???? ???? ???????? ??????? ?? ???? ????? ??????? ?? ?????,Emergency,Immediately go to emergency department or call ambulance
??????? ?????? ?????? ?? ??? ????? ???? ??? ???? ?? ???? ????? ?????? ???? ????,Emergency,Immediately go to emergency department or call ambulance
???? ???? ????? ???? ???????? ????? ??????? ?? ?? ?????? ??? ???? ?????? ????? ???????,Emergency,Immediately go to emergency department or call ambulance
????? ??????? ??? ??? ??????? ??? ????? ??? ??? ?? ?????? ???? ??? ??? ??? ??? ?????,Emergency,Immediately go to emergency department or call ambulance
???????? ??????? ??? ????? ????? ??? ??????? ????? ???? ?? ???? ??? ??? ????????,Emergency,Immediately go to emergency department or call ambulance
?????? ???? ??????? ?????? ???? ???? ???? ?????? ?????? ???? ??? ???? ???? ????,Emergency,Immediately go to emergency department or call ambulance
???? ??????????? ??? ?????? ???? ????? ??? ?????? ?????? ??????? ????? ??????? ???,Emergency,Immediately go to emergency department or call ambulance
???? ???? ???? ???? ??? ??? ?????? ?? ???????? ???????? ????????? ???????? ?????? ??????,Emergency,Immediately go to emergency department or call ambulance
?????? ???? ?????? ?? ???? ????? ?? ?? ????? ???? ????? ??? ??? ???? ???? ??? ?????,Emergency,Immediately go to emergency department or call ambulance
??????? ??? ???? ????? ??????? ??? ???? ???? ??? ???? ?????? ?????? ?? ??? ?????,Emergency,Immediately go to emergency department or call ambulance
????? ?????? ????? ???? ???? ???? ??? ?? ????? ??????? ????? ????? ????? ???? ??????? ??? ???????,Emergency,Immediately go to emergency department or call ambulance
???? ??? ????? ???? ???????? ????? ???? ?? ??????? ??????? ?? ???? ?????? ??? ????,Emergency,Immediately go to emergency department or call ambulance
???? ???? ???????? ?? ???? ???? ?? ???? ???? ??? ???? ????? ?????? ???? ??????? ????,Emergency,Immediately go to emergency department or call ambulance
????????? ?????? ??? ???? ??? ??????? ????? ????? ????? ?? ????? ????? ??? ???? ????,Emergency,Immediately go to emergency department or call ambulance
??????? ????? ????? ?????? ??? ??? ??? ???? ???? ??? ?????? ??? ???? ???? ???? ?????,Emergency,Immediately go to emergency department or call ambulance
???? ???? ??? ??? ???? ??? ???? ??? ?? ???????? ??? ???? ???? ?????? ????? ????? ???,Emergency,Immediately go to emergency department or call ambulance
???????? ????? ??? ?? ???? ?????? ???????? ??????? ???? ???? ????? ??? ??? ???????,Emergency,Immediately go to emergency department or call ambulance
???? ??? ????? ???? ????? ??? ???? ?? ??? ???? ?? ?? ????? ??? ?????,Emergency,Immediately go to emergency department or call ambulance
???? ????? ???? ????? ?? ?????? ???? ???? ??? ???? ?????? ?????????? ??????? ?????,Emergency,Immediately go to emergency department or call ambulance
????????? ????? ????? ???? ????? ???? ???? ???? ???? ???? ???? ????????? ??????? ???,Emergency,Immediately go to emergency department or call ambulance
??????? ???? ?????? ???? ??? ???? ??? ???? ??? ?? ??????? ?? ???? ??????? ???,Emergency,Immediately go to emergency department or call ambulance
????? ???? ??? ???? ??????? ??? ???? ?? ?????? ????? ???????? ???????? ????????,Emergency,Immediately go to emergency department or call ambulance
???? ????? ???? ??? ???? ??? ??? ???? ??????? ???? ??? ???? ??? ???? ????? ?????? ???,Emergency,Immediately go to emergency department or call ambulance
?????? ????? ?? ???-?? ???? ??? ???????? ?? ??? ???? ???? ???? ???? ???? ???????,Emergency,Immediately go to emergency department or call ambulance
???????? ??? ??? ????? ??????? ????? ????? ??? ????? ???? ?? ?? ???? ???????,Emergency,Immediately go to emergency department or call ambulance
???? ???? ?????? ????? ???????? ????? ?????? ????? ?? ??? ???? ???? ???? ???? ????????,Emergency,Immediately go to emergency department or call ambulance
??????? ????? ?????????? ?????? ???? ?????? ???? ???? ?? ?? ?? ???? ??????? ?????? ????,Emergency,Immediately go to emergency department or call ambulance
??????? ?? ????????? ?????? ??? ????????? ????? ???? ?????? ?? ??????? ???? ??? ?????,Emergency,Immediately go to emergency department or call ambulance
???? ???? ??? ??????????? ??? ????? ??? ????? ???? ????? ?????? ?????? ???? ???? ???????,Emergency,Immediately go to emergency department or call ambulance
??????? ????? ???? ???? ????? ?? ????? ????? ???? ??? ?? ????? ??? ???? ???????,Emergency,Immediately go to emergency department or call ambulance
??? ??? ??????? ????? ???? ???? ??? ??? ?????? ??? ???? ??? ???? ????? ?????????,Emergency,Immediately go to emergency department or call ambulance
??????? ???? ??? ???????? ?? ????? ??? ????? ???? ??? ???? ?? ??? ???? ???????,Emergency,Immediately go to emergency department or call ambulance
???? ???? ???? ??? ???? ??? ????? ???? ?????? ???? ???? ??????? ???? ??????? ???,Emergency,Immediately go to emergency department or call ambulance
??????? ???? ???? ??????? ???? ???? ????? ???????? ????? ???? ???? ???? ???????,Emergency,Immediately go to emergency department or call ambulance
????? ??????????? ????? ????? ??? ????? ??? ???? ??? ???? ????? ???? ??????? ?? ?????,Emergency,Immediately go to emergency department or call ambulance
???? ??? ????? ??????????? ????? ????? ???? ???? ?????? ????? ??? ??? ??? ???????,Emergency,Immediately go to emergency department or call ambulance
??????? ??? ??????????? ???? ?? ?? ??? ????? ??????? ??? ???? ???? ???? ???????,Emergency,Immediately go to emergency department or call ambulance
???? ???? ????? ??????? ??? ????? ??? ???? ???? ???? ????? ?? ???? ?????,Emergency,Immediately go to emergency department or call ambulance
????????? ?? ?????? ?? ???? ????? ???? ????? ??? ??? ??????? ?????? ???,Emergency,Immediately go to emergency department or call ambulance
?????? ????? ?? ????? ?????? ???? ???? ?????? ??????? ?????? ???? ??? ????,Emergency,Immediately go to emergency department or call ambulance
??????? ???? ??? ????? ???? ???? ?? ???? ??? ???? ?? ??? ??? ??? ?????,Emergency,Immediately go to emergency department or call ambulance
???? ???? ???? ??? ??? ???? ???? ????? ?????? ?????? ???? ??? ???? ?????,Emergency,Immediately go to emergency department or call ambulance
??????? ??????? ?????? ????????? ??? ???? ???? ?????? ?????? ??????? ??? ?????,Emergency,Immediately go to emergency department or call ambulance
??????? ????? ????? ???? ???? ????? ???? ??????? ???? ??? ???? ?????? ??????,Emergency,Immediately go to emergency department or call ambulance
???? ??? ????? ???????? ???? ????? ?????? ?? ?? ??????? ??????? ????? ???????,Emergency,Immediately go to emergency department or call ambulance
???? ??????? ?????? ???? ?????? ??? ?????? ?? ???? ??????? ??? ???? ????,Emergency,Immediately go to emergency department or call ambulance
????? ?????? ?????? ?? ???? ???? ??????? ???? ?????? ??? ??????? ??? ??? ???????,Emergency,Immediately go to emergency department or call ambulance
????????? ????? ???? ???? ????? ???? ???? ??? ?????? ???? ???????? ?????,Emergency,Immediately go to emergency department or call ambulance
???? ??? ??????? ???? ???? ???? ????? ???? ?? ???? ?????? ?????? ?????,Emergency,Immediately go to emergency department or call ambulance
????? ?????????? ???? ?? ?? ?????? ???? ??????? ?? ?? ??????? ?????? ??? ???????,Emergency,Immediately go to emergency department or call ambulance
??????? ??????? ???? ???? ?? ?? ??? ????? ??????? ??? ???? ?????? ??????,Emergency,Immediately go to emergency department or call ambulance
?? ?????? ???? ??? ????? ?????? ????? ??????? ????? ?? ?? ???? ????? ??? ???????,Urgent,Seek medical care within 24–48 hours
????? ???? ????? ???? ???? ?? ????? ??? ???? ?????? ???? ????? ???? ??????? ??????,Urgent,Seek medical care within 24–48 hours
????? ????? ???? ????? ??? ??? ???? ?? ????? ????? ????????????? ?? ?????? ?????? ???? ???,Urgent,Seek medical care within 24–48 hours
??????? ?????? ???? ???????? ???? ??? ????? ?????? ????? ??? ??????? ?? ?????? ??????? ??????,Urgent,Seek medical care within 24–48 hours
?? ?????? ??? ?????? ??????? ???? ?? ????? ???? ???? ???? ?? ?? ???? ???????,Urgent,Seek medical care within 24–48 hours
??? ??? ???? ???? ?? ???? ??? ??? ??? ????? ???? ??? ????? ?????????? ?????? ???? ???? ???? ???,Urgent,Seek medical care within 24–48 hours
?????? ?????? ?????? ??? ?? ??? ????? ???? ??? ???? ??? ??? ???? ??????? ?? ????? ???? ???,Urgent,Seek medical care within 24–48 hours
??????? ?? ? ??? ??? ?????? ???? ????????? ???? ?????????? ?????? ?????????? ???????? ???,Urgent,Seek medical care within 24–48 hours
????? ???? ??? ???????? ??? ??? ???? ?? ????? ??? ????? ?? ???? ???? ?????? ?????? ???? ???,Urgent,Seek medical care within 24–48 hours
?? ???? ??? ????? ?? ???? ???? ???? ?????? ??????? ??? ??? ????? ???? ???? ?????? ??? ???,Urgent,Seek medical care within 24–48 hours
???? ????? ???? ???? ??? ?? ??????? ??? ????? ??? ??????? ?? ?? ???? ????? ??????? ???,Urgent,Seek medical care within 24–48 hours
???? ???? ???? ????? ??????? ?? ?????? ??????? ?????? ????? ???? ??? ???? ??????? ???,Urgent,Seek medical care within 24–48 hours
??????? ???? ???? ???? ??? ????? ??????? ?? ??? ?????? ????? ?? ?????? ???? ???????,Urgent,Seek medical care within 24–48 hours
???? ????? ???? ???? ???? ???? ??????? ?? ???? ????? ????? ????? ???? ???? ???????,Urgent,Seek medical care within 24–48 hours
?????? ??? ?? ???? ???? ?????? ???? ??? ???? ?? ?????? ??? ?????? ??????? ?? ???????,Urgent,Seek medical care within 24–48 hours
????? ?????? ????? ??? ?? ????? ?? ???? ????? ??? ??? ??? ??? ??? ?????? ??? ?????,Urgent,Seek medical care within 24–48 hours
?? ?? ????? ??? ????? ??? ?????? ???? ?????? ????? ?? ???? ???? ??? ?????? ???? ???? ???? ???,Urgent,Seek medical care within 24–48 hours
?????? ??? ????? ??? ???? ????? ????? ?? ?????????? ?????? ???? ????? ?????? ???? ??????? ???,Urgent,Seek medical care within 24–48 hours
??? ?????? ?????? ???? ???? ????? ????? ??????? ????? ?? ????? ??? ??????? ???? ???????,Urgent,Seek medical care within 24–48 hours
????? ???? ???????? ?? ????? ??? ???? ??? ???? ???? ??? ??? ????? ????????? ???? ???????,Urgent,Seek medical care within 24–48 hours
?????? ????? ????? ?????????? ???? ?? ?????? ??? ??? ???? ?????? ??????? ???? ??? ?????,Urgent,Seek medical care within 24–48 hours
??????? ??? ?? ???? ??????? ??? ??? ???? ???? ??????? ?? ?? ??????? ?? ?????? ???????,Urgent,Seek medical care within 24–48 hours
???? ??????? ??? ???? ???/?? ??? ???? ?? ????? ?? ???? ??? ??? ??????? ???? ????????,Urgent,Seek medical care within 24–48 hours
??????? ????? ?? ????? ???????? ?? ??????? ??? ??? ????? ???? ?? ????? ?????????? ???????,Urgent,Seek medical care within 24–48 hours
????? ?????? ?????? ???? ?? ??? ???? ?? ??? ???? ???? ???? ????? ??? ??? ????????,Urgent,Seek medical care within 24–48 hours
???? ?? ???? ????? ????? ???? ?????????? ????? ??? ???? ???? ???? ??????? ?? ??????? ????,Urgent,Seek medical care within 24–48 hours
??????? ???? ???? ??? ???? ?? ??? ????? ?? ?? ??? ???? ??? ?????? ?????? ????????,Urgent,Seek medical care within 24–48 hours
??????? ????? ????? ????? ????? ?? ??? ????? ??? ????? ????? ?????? ?????? ????????,Urgent,Seek medical care within 24–48 hours
????? ???? ?????? ?? ?????? ???? ???? ???? ???? ?? ???? ???? ?????? ???? ??? ??? ???,Urgent,Seek medical care within 24–48 hours
????? ???? ???? ????? ????????? ??? ??? ???? ?? ??? ????? ??????? ?? ??????? ? ???????,Urgent,Seek medical care within 24–48 hours
??? ????? ????? ?? ???? ???? ???? ???? ??? ???? ?? ????? ????? ?????? ??? ?????????,Urgent,Seek medical care within 24–48 hours
??????? ??????? ???? ????? ???? ???? ?????? ?? ?? ??????? ?? ?????? ???? ??????? ??????? ???,Urgent,Seek medical care within 24–48 hours
?????????? ????? ???? ????? ?????? ????? ???? ??? ??? ?? ??????? ???? ?????? ???? ??? ?????,Urgent,Seek medical care within 24–48 hours
???? ????? ??????? ?????? ???? ??? ?? ??? ?? ?????? ?????? ??????? ??? ??? ??? ????,Urgent,Seek medical care within 24–48 hours
???? ???? ??? ????? ???? ???-?? ???????? ?? ???? ???????? ???? ??????? ??????? ???? ???? ???? ???,Urgent,Seek medical care within 24–48 hours
??????? ?????????? ?? ???? ???? ??????? ?? ????? ??????? ??? ????? ??? ??? ???? ????????? ??????,Urgent,Seek medical care within 24–48 hours
?????? ???? ?? ????? ???? ?? ????? ??????? ??? ?? ??? ???? ??? ???? ?????? ??????? ???,Urgent,Seek medical care within 24–48 hours
????? ?????? ???? ?? ????? ?????? ??? ?????? ?? ???? ?????? ??????? ?? ????? ??? ??? ????,Urgent,Seek medical care within 24–48 hours
??????? ????? ??? ?? ??? ???? ?????????? ????? ???? ?? ????? ?????? ???? ???? ????? ????????,Urgent,Seek medical care within 24–48 hours
???????? ???? ?? ??????? ??? ???????? ??? ??????? ???? ?? ????? ?????? ??? ?????? ????,Urgent,Seek medical care within 24–48 hours
?????????? ????? ?????? ????? ????? ????? ??????? ?? ???? ??? ?? ???? ???? ???? ?????? ???,Urgent,Seek medical care within 24–48 hours
???? ?? ???? ??????? ???? ???? ???????? ?? ??????? ????? ???? ??? ???? ???? ?????? ??????,Urgent,Seek medical care within 24–48 hours
??????? ???? ??? ?????? ??? ??? ???? ?? ?? ??? ???? ???? ????????? ???? ?????? ???? ?????? ???,Urgent,Seek medical care within 24–48 hours
????? ??? ???? ?? ????? ????? ???????? ?????? ???? ??????? ???? ?? ????? ?????? ?????????,Urgent,Seek medical care within 24–48 hours
?????? ??? ????? ??????? ??? ????? ??? ???? ?? ??? ??? ?????? ???? ??? ??????? ???? ????,Urgent,Seek medical care within 24–48 hours
???????? ??????? ???????? ?? ??? ???????? ???? ???? ???? ??????? ?? ?????? ?????? ???????,Urgent,Seek medical care within 24–48 hours
???????? ????? ????????? ???? ?? ??? ???? ?? ????? ???? ??????? ???? ????? ?????? ? ??????,Urgent,Seek medical care within 24–48 hours
??????? ??? ??????? ?????? ????? ?? ?? ???? ????? ???? ?????? ?????? ?????? ???? ????????,Urgent,Seek medical care within 24–48 hours
???? ??? ???? ????????? ??????? ?? ??? ????? ??? ??? ???? ?? ??? ???? ????? ???? ???????,Urgent,Seek medical care within 24–48 hours
????? ???? ??? ????? ???? ??? ???? ???? ???? ?? ??????? ??? ??? ???? ??? ??? ???? ????,Urgent,Seek medical care within 24–48 hours
???? ?????? ?????? ??? ???? ???? ???? ??? ???????? ???? ???? ????? ?????? ?????? ???????,Urgent,Seek medical care within 24–48 hours
??????? ????????? ??? ???????? ?? ?? ???? ??? ???? ???? ?? ???? ?????????? ??? ????? ?????,Urgent,Seek medical care within 24–48 hours
?? ??? ??? ??? ??????? ?????? ???? ?? ??? ????? ???? ????? ??? ??? ?????? ???? ???? ??? ???,Urgent,Seek medical care within 24–48 hours
????? ????? ????????? ?? ???? ???? ??? ??? ???? ?? ????? ????? ??? ????????????? ???? ???? ???????,Urgent,Seek medical care within 24–48 hours
???? ???? ??????? ???/??? ??? ???? ?? ???? ??? ?????? ?????? ??? ??? ??? ?????? ??????,Urgent,Seek medical care within 24–48 hours
????? ???? ???????? ??? ??? ???? ?????? ?? ??????? ??? ???? ????? ??? ?????? ?????? ???????,Urgent,Seek medical care within 24–48 hours
?????????? ???? ???? ???? ???? ???? ?????? ?? ???? ??? ????? ??????????? ?????? ???? ????,Urgent,Seek medical care within 24–48 hours
???? ???? ??? ????? ???? ?? ?????? ????? ?????????? ??? ???? ??? ???? ???? ??? ???? ??????,Urgent,Seek medical care within 24–48 hours
???? ???? ???? ???? ?? ???????? ??? ????? ?????? ?? ??? ???? ????? ??????? ????? ???????,Urgent,Seek medical care within 24–48 hours
??????? ?????? ???? ????? ?? ??? ?????? ????? ??? ??? ???????? ??? ???? ??? ??????? ????????,Urgent,Seek medical care within 24–48 hours
??? ???? ???? ??? ?? ??? ????? ???? ??? ???? ??????? ?? ???? ???? ????? ??????? ???,Urgent,Seek medical care within 24–48 hours
?????? ???? ????? ???? ???? ?? ???? ?????? ?? ???? ??? ???????? ??? ??? ???? ?????? ??? ???,Urgent,Seek medical care within 24–48 hours
??????? ????? ???? ????? ???? ??? ??? ????? ?????? ?? ?? ????? ??? ????? ??????? ?? ???????,Urgent,Seek medical care within 24–48 hours
???? ???? ??? ???? ????? ??????? ?? ??? ?? ????? ??? ???? ????? ????? ??????? ?? ????????,Urgent,Seek medical care within 24–48 hours
??? ???? ???????? ???? ?????? ?? ???? ???? ??? ?? ???????? ????????? ???? ?????? ??????? ???,Urgent,Seek medical care within 24–48 hours
?????? ??????? ??????? ?????? ????? ???? ???? ??? ???????? ??????? ?? ????? ??? ??? ????????,Urgent,Seek medical care within 24–48 hours
???? ???? ?? ???? ?? ????? ????? ???? ??? ?????? ??? ?????? ??? ???????? ???? ????????,Urgent,Seek medical care within 24–48 hours
????? ???? ?????? ?????? ???? ????? ??? ??? ???? ????? ?????? ?????? ?? ??????? ??????? ???,Urgent,Seek medical care within 24–48 hours
?? ?????? ??? ?????? ????? ???????? ???? ?????? ?? ?? ??????? ??? ???????? ??????? ????,Urgent,Seek medical care within 24–48 hours
????? ????? ????? ???? ??? ???? ???? ?????? ???? ?????? ????? ??????? ??? ??? ???? ??? ?????,Urgent,Seek medical care within 24–48 hours
??????? ????? ??? ??? ???? ?? ??? ??????? ??????? ?? ?????? ???? ??? ??? ??????? ????,Urgent,Seek medical care within 24–48 hours
???????? ???? ???? ?????? ?????? ??????? ?? ????? ????? ??? ??? ??? ????? ???????? ????????,Urgent,Seek medical care within 24–48 hours
??????? ?? ????? ???? ?? ??? ???? ???? ?????? ?? ??? ?? ??? ???? ?????? ???? ????? ??? ???,Urgent,Seek medical care within 24–48 hours
????? ??? ????? ???? ????????? ??? ???? ??? ???? ??? ???? ????? ????????? ??? ???? ??? ????,Urgent,Seek medical care within 24–48 hours
???? ???? ???? ????? ?? ?? ???? ???? ??????? ??? ??? ???? ???????? ????? ???? ???? ????,Urgent,Seek medical care within 24–48 hours
????? ??? ????? ???? ???? ???? ????? ????? ?????? ???? ?????? ??????? ???? ??? ?? ????,Urgent,Seek medical care within 24–48 hours
??????? ????? ????? ???????? ????? ??? ??? ??? ??? ??? ???? ???? ???????? ?????? ?? ???????,Urgent,Seek medical care within 24–48 hours
??? ????? ??????? ???? ????? ??????? ????? ?? ????? ???? ????? ??????? ???? ???? ??? ???,Urgent,Seek medical care within 24–48 hours
???? ???? ??? ????? ???????? ??? ??? ?????? ??? ???? ???? ????? ??? ???? ??? ??????? ???,Urgent,Seek medical care within 24–48 hours
?? ??? ??? ??? ????? ???? ?? ?????? ?? ?? ???? ??? ??? ????? ????? ?????? ???? ???? ???,Urgent,Seek medical care within 24–48 hours
??????? ???????? ????? ??????? ?? ?????? ????? ?? ???? ???? ??????? ??????? ?? ???? ????,Urgent,Seek medical care within 24–48 hours
?????? ???? ???? ???? ??? ?? ???? ????? ?????? ?? ??? ???? ??? ??? ????? ??? ????? ????,Urgent,Seek medical care within 24–48 hours
???? ???? ???? ???? ???? ???? ??????? ?? ???? ?? ????? ????? ???? ?????? ??? ???????,Urgent,Seek medical care within 24–48 hours
????? ??????? ???? ???? ???? ??? ???? ?? ?? ???? ???? ???? ????? ????????? ?????? ????,Urgent,Seek medical care within 24–48 hours
??????? ???? ????? ????????? ??? ??? ???? ???? ???? ???????? ???? ?? ?????? ??? ????,Urgent,Seek medical care within 24–48 hours
????? ??? ????? ????? ????? ??????? ??? ???? ??? ????? ????? ????????? ???? ?????? ??? ???,Urgent,Seek medical care within 24–48 hours
??? ????? ?? ???? ???? ????? ?????? ???? ??????? ????? ???? ???? ????? ??? ??? ????,Urgent,Seek medical care within 24–48 hours
???? ????? ???? ???? ??? ?? ??????? ??? ??? ??? ?????? ???? ?? ????? ???? ???? ??? ???,Urgent,Seek medical care within 24–48 hours
??????? ??? ?????? ?????? ???? ????? ??????? ??? ????? ???? ??? ???? ?? ??? ???? ?????? ???,Urgent,Seek medical care within 24–48 hours
?????? ???? ???? ??? ???? ?? ???? ???? ?????? ???? ???? ????? ????? ????? ??? ????? ????,Urgent,Seek medical care within 24–48 hours
???????? ???? ???? ???? ????? ???? ???? ?????? ?? ?????? ????? ??????? ??????? ??????,Urgent,Seek medical care within 24–48 hours
???? ???? ???? ???? ???????? ???? ???? ?????? ???? ??? ????? ???? ????? ??? ???? ????? ????,Urgent,Seek medical care within 24–48 hours
????? ????? ???? ?? ???? ???? ???? ???? ??????? ??? ????? ?? ?????? ???? ??????? ?? ???????,Urgent,Seek medical care within 24–48 hours
???????? ??? ????? ???? ??? ????? ?? ?????? ???? ??? ???? ?????? ???? ? ????? ??? ?????,Urgent,Seek medical care within 24–48 hours
??????? ??? ?? ????? ?????? ??? ??? ??? ???? ???? ????? ??? ?????? ???? ???? ?????????? ????,Urgent,Seek medical care within 24–48 hours
???? ???? ????? ???? ???? ????? ?????? ?? ?? ?????? ?????? ?????? ???? ??? ???? ???????,Urgent,Seek medical care within 24–48 hours
???? ???? ????? ???? ???? ???? ????? ?? ???? ????? ??????? ?? ???? ???????? ?????? ????,Urgent,Seek medical care within 24–48 hours
????? ???? ??? ???? ??? ???? ?? ???? ??????? ????? ??????? ? ??? ??? ??? ????? ???? ???,Urgent,Seek medical care within 24–48 hours
??????? ?????? ????? ??? ????? ??????? ????? ???? ?? ???? ??? ???? ?????? ???? ?? ???????,Urgent,Seek medical care within 24–48 hours
????? ????? ???? ???? ???????????? ??????? ???? ?? ????? ???? ????? ?????,General Query,"No immediate action required, informational response sufficient"
????????? ????? ???? ?? ??? ?? ?? ??????? ???? ?? ???? ???? ????? ???? ?? ??? ?????,General Query,"No immediate action required, informational response sufficient"
???? ???? ?????????? ???? ?? ??? ????? ???? ???? ??????? ????? ???,General Query,"No immediate action required, informational response sufficient"
??? ????? ???? ??? ??? ?????? ?????????? ???? ????? ??? ???? ????????,General Query,"No immediate action required, informational response sufficient"
?????? ?? ?????? ??????? ????? ????? ???? ???? ???? ???? ????? ?????????? ?????? ???,General Query,"No immediate action required, informational response sufficient"
???? ???? ???? ???? ????? ???? ???? ??? ?? ?? ???? ?????? ?????? ???? ??? ???,General Query,"No immediate action required, informational response sufficient"
??????? ??????? ??? ??? ?? ????? ????? ?? ??????? ???? ????? ???,General Query,"No immediate action required, informational response sufficient"
??????? ???? ???? ??? ??? ????? ?? ?????? ???? ????? ????? ????,General Query,"No immediate action required, informational response sufficient"
??? ??? ?????? ???? ??? ??????? ?????? ???? ????? ??????? ???,General Query,"No immediate action required, informational response sufficient"
??? ?????? ???? ?? ?????????????? ???? ???? ??? ????? ???? ???? ?????? ??????? ????,General Query,"No immediate action required, informational response sufficient"
????? ??? ??????? ??????? ?? ????? ???? ??????? ??????????? ????? ???,General Query,"No immediate action required, informational response sufficient"
????????? ????? ???? ???? ??? ?? ???? ????? ?????? ??????? ????,General Query,"No immediate action required, informational response sufficient"
??????? ???? ???? ??? ???? ???????? ???? ?? ?? ?? ??????? ??? ????,General Query,"No immediate action required, informational response sufficient"
???? ?? ????? ?????? ???? ????? ???? ?? ?????? ???? ??? ????,General Query,"No immediate action required, informational response sufficient"
??????????? ??? ?????? ???????? ?? ?? ??? ?? ?????? ???? ????? ?????,General Query,"No immediate action required, informational response sufficient"
????? ?????? ??? ??? ???? ???? ?????? ????? ?????? ???? ???? ?? ???,General Query,"No immediate action required, informational response sufficient"
????????? ?? ?????? ?? ???? ????? ???? ????? ????? ???? ???? ???? ??????,General Query,"No immediate action required, informational response sufficient"
????????? ?????? ????????????? ???? ??? ????? ????? ?? ????? ???? ??????,General Query,"No immediate action required, informational response sufficient"
??? ?????? ???? ??? ????? ???? ???? ?? ??? ????? ?? ????? ??? ????,General Query,"No immediate action required, informational response sufficient"
?????? ??? ?? ????? ?????? ???? ????? ???? ?????? ??? ???,General Query,"No immediate action required, informational response sufficient"
????? ?????? ???? ????? ???????? ??? ???? ?? ??? ????? ?????,General Query,"No immediate action required, informational response sufficient"
????? ??????????? ??????? ???? ?????? ???????? ????? ????????,General Query,"No immediate action required, informational response sufficient"
?????? ?????? ?? ?????? ???? ???? ???? ???? ?????? ?? ???,General Query,"No immediate action required, informational response sufficient"
???? ?????? ???? ??? ??? ???? ????????? ???? ????? ??? ???,General Query,"No immediate action required, informational response sufficient"
????????? ?? ??? ??? ???? ????? ???? ?????? ????? ?????,General Query,"No immediate action required, informational response sufficient"
??????? ??? ??? ??????? ??? ??????? ???? ?????? ???? ???????,General Query,"No immediate action required, informational response sufficient"
??????? ???? ?? ?????? ???? ????? ?? ???? ???? ???? ???? ???,General Query,"No immediate action required, informational response sufficient"
?? ?? ??? ???????? ???? ?? ????? ???? ?????? ???? ?????,General Query,"No immediate action required, informational response sufficient"
???????? ???? ?????? ???????? ??? ??? ????? ?? ???? ?????? ????? ?????,General Query,"No immediate action required, informational response sufficient"
?? ????? ???? ???? ?? ???? ?????? ????? ?? ?? ?????,General Query,"No immediate action required, informational response sufficient"
????????? ????? ???? ??????????? ????????? ???? ???? ???? ?????? ??????,General Query,"No immediate action required, informational response sufficient"
????????? ????? ?????? ?????? ????? ?? ???? ???? ???? ???? ????? ????,General Query,"No immediate action required, informational response sufficient"
???? ?????? ????? ???? ?? ??? ????? ???????? ???? ?????,General Query,"No immediate action required, informational response sufficient"
?????? ???????? ??? ????? ??? ????? ???? ?? ????? ???? ??? ????,General Query,"No immediate action required, informational response sufficient"
??? ??????? ???? ????? ????? ????? ???? ???? ?????,General Query,"No immediate action required, informational response sufficient"
???? ?????? ????? ?? ?????? ??????? ???????? ?? ??? ???????,General Query,"No immediate action required, informational response sufficient"
????????? ?????????? ????????? ??? ????? ?? ?? ????? ???? ?????,General Query,"No immediate action required, informational response sufficient"
??????? ???????? ??? ?? ???? ???? ?? ??????? ???? ?????? ???,General Query,"No immediate action required, informational response sufficient"
????? ?????????? ?????? ???? ??? ??? ????? ?????? ???? ??????,General Query,"No immediate action required, informational response sufficient"
??????? ??????? ?? ???? ???? ?????? ???? ??? ??????? ????? ???? ?????,General Query,"No immediate action required, informational response sufficient"
????? ??? ???????? ???? ???? ?? ??????? ??????? ??? ????? ????????,General Query,"No immediate action required, informational response sufficient"
????? ??? ???????? ?????? ??????? ???? ??? ??? ????????? ??????? ????? ????,General Query,"No immediate action required, informational response sufficient"
????????? ????? ???? ?????? ???? ?? ????????? ???? ???????? ???,General Query,"No immediate action required, informational response sufficient"
??? ???????? ????? ???? ???????? ???? ?????? ???? ???? ???,General Query,"No immediate action required, informational response sufficient"
??????? ?????????? ????? ????? ?????? ?????? ???? ???? ?????????? ???????,General Query,"No immediate action required, informational response sufficient"
??? ?? ???? ???? ????? ??? ??????? ??? ?? ?????? ??????,General Query,"No immediate action required, informational response sufficient"
????? ?????? ???? ??? ???? ?????? ??? ????? ???? ????? ????,General Query,"No immediate action required, informational response sufficient"
?????? ?????? ??? ???? ???? ?????? ?????? ?? ????? ????????,General Query,"No immediate action required, informational response sufficient"
????????? ??????? ? ???????? ?? ??? ????? ????? ??????? ?????,General Query,"No immediate action required, informational response sufficient"
??????? ?????????? ????? ?????? ?????? ???? ?????? ??? ?? ?? ??????? ??????,General Query,"No immediate action required, informational response sufficient"
???? ???? ??? ?? ????? ?? ??????? ???? ?????? ???? ??? ???,General Query,"No immediate action required, informational response sufficient"
???????? ??? ????? ???? ?? ?? ??? ?? ???? ????? ????? ???? ?????,General Query,"No immediate action required, informational response sufficient"
?????? ???? ????? ???? ??? ???? ???? ???? ??? ?? ???????? ?????,General Query,"No immediate action required, informational response sufficient"
????????? ????? ?????? ????? ??????? ?? ????? ??????? ???????,General Query,"No immediate action required, informational response sufficient"
????? ???????????? ????? ??? ?? ?? ?? ??? ??????? ??????? ???? ????,General Query,"No immediate action required, informational response sufficient"
?????? ?????-? ?????? ?????? ??? ?? ?? ?? ??? ???????? ???? ??? ??????,General Query,"No immediate action required, informational response sufficient"
???? ???? ??? ??? ???? ?????????? ??? ?? ?????? ???? ?????? ????,General Query,"No immediate action required, informational response sufficient"
????????? ??????? ?????? ??????? ?? ?????? ???? ????????? ?????? ?????,General Query,"No immediate action required, informational response sufficient"
?????? ??????? ???????? ??? ?? ?????? ?????????? ???? ?????? ???,General Query,"No immediate action required, informational response sufficient"
???? ????? ??? ??? ????? ?? ??????????? ???? ???? ???? ??????,General Query,"No immediate action required, informational response sufficient"
????? ????? ?????? ???? ????? ?? ??????? ??? ?? ?????? ???? ???????,General Query,"No immediate action required, informational response sufficient"
????? ?????? ???? ???? ???? ????? ?? ???? ??????? ?????,General Query,"No immediate action required, informational response sufficient"
????????? ???? ??? ?? ??? ??? ????? ????? ???? ??? ???????,General Query,"No immediate action required, informational response sufficient"
?????????? ?? ???? ???? ?? ?? ??? ????????????? ????? ???? ???? ?????,General Query,"No immediate action required, informational response sufficient"
???????? ?????? ?? ???? ??? ??? ??? ?? ????? ??????? ???,General Query,"No immediate action required, informational response sufficient"
?????? ????????? ??????? ???? ???????? ?????? ???? ????? ??????,General Query,"No immediate action required, informational response sufficient"
????????? ??? ???????? ???? ???? ???? ??????? ??? ?? ??? ????,General Query,"No immediate action required, informational response sufficient"
?????? ????? ????? ????? ?????? ???? ??? ???? ???? ?? ?????? ?????,General Query,"No immediate action required, informational response sufficient"
????? ???????? ????? ??? ??? ????? ????? ????? ??? ????? ?????,General Query,"No immediate action required, informational response sufficient"
????????? ?????? ??????? ???? ??? ????? ??????? ???? ?????????,General Query,"No immediate action required, informational response sufficient"
?????????? ?? ??????????? ??? ???? ??? ??? ????? ?? ?????? ??? ????,General Query,"No immediate action required, informational response sufficient"
?????? ????? ??? ?????? ?????? ?? ??????? ?????? ??? ??????,General Query,"No immediate action required, informational response sufficient"
??????? ??????? ???? ???????? ??? ?? ?????? ???? ???????? ???? ???? ?????,General Query,"No immediate action required, informational response sufficient"
????? ????? ???? ??? ?? ????? ??????? ??? ???? ????? ?????? ???,General Query,"No immediate action required, informational response sufficient"
????????? ????? ??? ???????? ??? ????? ?????? ???? ???? ?????,General Query,"No immediate action required, informational response sufficient"
????? ?????? ?????? ???? ???? ?? ?? ????? ????? ?? ??????,General Query,"No immediate action required, informational response sufficient"
??? ???? ??? ???? ????????? ???? ??? ?? ???? ?? ??????? ??? ????,General Query,"No immediate action required, informational response sufficient"
????? ????? ?????? ???? ?????-? ?????? ????? ?? ?????? ???? ????,General Query,"No immediate action required, informational response sufficient"
????????? ????? ????? ??? ??? ?? ????? ???? ??????? ?? ???????,General Query,"No immediate action required, informational response sufficient"
????? ??????? ????????? ??? ????? ????? ??????? ?????? ????????,General Query,"No immediate action required, informational response sufficient"
?????? ??????????? ?? ????????? ?????? ????? ???????? ?? ???,General Query,"No immediate action required, informational response sufficient"
?????? ?????? ?? ???????? ??????? ??????? ?? ?? ??? ?? ??? ???????? ?????,General Query,"No immediate action required, informational response sufficient"
????????? ??????????? ??????? ???? ????? ?? ????? ??????? ?? ?????,General Query,"No immediate action required, informational response sufficient"
???????? ??????? ?? ????? ??????? ???? ?? ????? ???? ??? ????,General Query,"No immediate action required, informational response sufficient"
?????? ??? ???????? ?????? ?????? ????? ?? ?????? ??????? ????????,General Query,"No immediate action required, informational response sufficient"
????????? ?????? ?????? ????? ????? ?????? ?? ?? ????? ???? ?????,General Query,"No immediate action required, informational response sufficient"
???? ???? ?? ??? ???? ?? ???????? ?????? ???? ?????? ???????? ?????,General Query,"No immediate action required, informational response sufficient"
??????? ??????? ?? ??? ??????? ????? ????? ??? ?????? ??????? ???,General Query,"No immediate action required, informational response sufficient"
?????? ???????? ????????? ??? ????? ??? ????? ????? ???? ??????,General Query,"No immediate action required, informational response sufficient"
????????? ?????? ???? ????? ?? ??????? ??? ?????? ???? ?????? ??? ?????,General Query,"No immediate action required, informational response sufficient"
??? ?????? ???? ???? ????????? ????????? ?????? ?? ??????? ??? ????,General Query,"No immediate action required, informational response sufficient"
???? ?????? ??? ?? ?? ??? ????? ?? ?????? ???? ???? ?????,General Query,"No immediate action required, informational response sufficient"
??????? ??????? ???? ?? ??????????? ?????? ????? ??? ??? ????????,General Query,"No immediate action required, informational response sufficient"
????????? ??????????? ??????? ???? ?????????? ?? ??? ???? ???? ????,General Query,"No immediate action required, informational response sufficient"
????? ????? ???? ?????? ???? ??? ??? ???? ????? ??? ?????,General Query,"No immediate action required, informational response sufficient"
?????? ?? ???? ????? ??? ??? ????? ?? ???? ????? ??? ?????,General Query,"No immediate action required, informational response sufficient"
????????? ????? ????? ???? ???? ?????? ??? ???? ?? ???? ?????,General Query,"No immediate action required, informational response sufficient"
??????? ??????? ?? ???????? ??????? ????? ?? ???? ????????? ?????? ????,General Query,"No immediate action required, informational response sufficient"
????? ?????? ??????? ????? ??? ????? ???? ??????? ??? ?? ???????,General Query,"No immediate action required, informational response sufficient"
????????? ???? ?? ?????? ????? ??? ?????? ???? ???? ????? ?????,General Query,"No immediate action required, informational response sufficient"
????? ?????? ???? ????? ??? ????? ??? ???? ?????? ???? ????? ?? ??????? ????,Routine,Schedule a regular medical consultation
????? ?????? ???? ??? ??? ????? ???? ??? ???????? ????? ???????? ???? ??? ???,Routine,Schedule a regular medical consultation
????? ????? ???? ??? ???? ???? ???? ??? ???? ?????? ???? ???? ???? ???????? ?????,Routine,Schedule a regular medical consultation
???? ???? ???? ???? ??? ???? ??????? ???? ??? ???? ?????? ???? ???? ?? ????? ????,Routine,Schedule a regular medical consultation
?????? ??? ???? ???? ?????? ???? ??? ????? ???? ??? ???? ?????? ???? ???? ?? ???,Routine,Schedule a regular medical consultation
?????? ????? ?????? ???? ???? ???? ???? ????? ??? ??????? ???? ????? ??? ????? ???,Routine,Schedule a regular medical consultation
????? ???? ????? ???? ??? ?? ????? ??? ???? ??????? ???????? ???? ?????? ??? ???,Routine,Schedule a regular medical consultation
????? ???? ???? ???? ??? ?????? ?? ????? ??? ???? ?????? ???? ???? ?? ????? ????,Routine,Schedule a regular medical consultation
?????? ???? ????? ????? ???? ??? ???? ???? ????? ???? ????? ???? ??? ?? ????? ????,Routine,Schedule a regular medical consultation
???? ???? ???? ????? ???? ????? ????? ???? ?????? ????? ????? ???? ?????? ?? ???,Routine,Schedule a regular medical consultation
????? ??????? ????? ???? ???? ??? ???? ??? ???? ???? ??? ?????? ????? ????? ?????,Routine,Schedule a regular medical consultation
?????? ??????? ?????? ??? ??? ???? ??? ?? ??? ???? ??????? ?? ???? ???? ????????,Routine,Schedule a regular medical consultation
???? ?????? ?? ???? ??? ?? ????? ??? ????? ????? ??? ??????? ???? ??? ?????,Routine,Schedule a regular medical consultation
???? ???? ??? ????? ???? ????? ???? ???? ???? ?????? ???????? ?? ?? ??? ??? ????,Routine,Schedule a regular medical consultation
??????? ????? ???? ???? ?? ????? ??? ???? ???? ??????? ??? ????? ?????? ???,Routine,Schedule a regular medical consultation
???? ??? ???? ???? ??? ???? ??????? ?? ???? ??? ???? ??? ?????? ???? ????? ????,Routine,Schedule a regular medical consultation
??????? ??? ???? ???? ?????? ???? ??? ?? ????? ????? ???????? ???????? ?? ???,Routine,Schedule a regular medical consultation
?????? ?????? ???? ???? ??? ??? ???? ?? ?? ??????? ???? ??? ?? ?????? ???? ?????,Routine,Schedule a regular medical consultation
????? ?????? ????? ???? ???? ???? ???? ???? ??? ????? ??? ???????? ?????,Routine,Schedule a regular medical consultation
????? ???? ????? ??? ?????? ?? ??????? ??? ????? ??? ??????? ???? ??? ?????,Routine,Schedule a regular medical consultation
????? ???? ???????? ??? ??? ??? ?? ????? ???? ??????? ?? ????? ??? ?? ?????? ??????,Routine,Schedule a regular medical consultation
????? ?????? ???? ???? ???? ??? ??? ???? ?????? ???????? ???? ?????? ??? ?????,Routine,Schedule a regular medical consultation
????? ???? ???? ???? ??? ?????? ??? ?? ?? ??? ??? ????? ????? ???? ????? ???? ????,Routine,Schedule a regular medical consultation
????? ???? ???? ???? ?????? ??? ????? ???? ?? ?????? ???????? ???? ??????,Routine,Schedule a regular medical consultation
?????? ????? ???? ???? ???? ???? ????? ???? ???????? ??? ??? ?????? ???? ?????? ???? ???,Routine,Schedule a regular medical consultation
????? ???? ????? ??? ???? ???? ????? ??? ???? ?? ????? ????? ??? ?? ???? ??????,Routine,Schedule a regular medical consultation
????? ?????? ???? ???? ????? ??? ??????? ?? ??????? ?????? ??? ???? ????????,Routine,Schedule a regular medical consultation
?????? ????? ???? ???? ?????? ????? ???? ?????? ??? ?????? ??? ?? ??????? ???? ???,Routine,Schedule a regular medical consultation
????? ????? ???? ??? ???? ???? ??? ??? ??? ???????? ?? ?? ????? ???? ?????,Routine,Schedule a regular medical consultation
??????? ????? ???? ???? ??????? ??? ??? ???? ??? ?? ?????? ????? ???? ???? ????,Routine,Schedule a regular medical consultation
????? ?? ???? ???? ???? ??? ???? ????? ??? ??? ???? ?? ?? ???? ???? ????,Routine,Schedule a regular medical consultation
???? ???? ??? ???? ??? ???? ????? ???? ????? ???? ?????? ??????? ?? ??? ?????,Routine,Schedule a regular medical consultation
?????? ?????? ???? ???? ???? ???? ???? ????? ??? ?? ?????? ???????? ?? ??? ??? ????,Routine,Schedule a regular medical consultation
????? ?????? ??????? ???? ???? ???? ???? ???? ?? ?????? ???? ????? ?? ???? ????,Routine,Schedule a regular medical consultation
?????? ????? ????? ???? ???? ?? ?????? ????? ????? ???????? ???????? ???? ??? ???,Routine,Schedule a regular medical consultation
?????? ????? ???? ???? ???? ????? ??????? ??? ??? ????? ???? ????? ?????????,Routine,Schedule a regular medical consultation
????? ????? ???? ???? ??? ??? ???? ??? ?? ??? ????? ??? ?????? ??? ????? ????,Routine,Schedule a regular medical consultation
????? ????? ???? ???? ???? ???????? ??? ?? ?? ??????? ??? ????? ???? ????,Routine,Schedule a regular medical consultation
???? ???????? ????? ???? ???? ??? ??? ?????? ???? ???? ??? ???? ?????? ???? ??? ???,Routine,Schedule a regular medical consultation
?????? ??? ?? ???? ??? ??? ???? ???? ???? ??????? ???? ????? ???? ??????,Routine,Schedule a regular medical consultation
????? ??? ???? ???? ???? ????? ??? ???? ??? ????? ???? ??? ????? ?? ??? ?????,Routine,Schedule a regular medical consultation
????? ???? ???? ???? ??? ???? ???? ????? ???? ????? ???? ?? ???? ?????,Routine,Schedule a regular medical consultation
????? ?????? ???? ???? ???? ??? ??? ???? ?????? ?????????? ???? ???? ??? ??? ????,Routine,Schedule a regular medical consultation
?????? ?????? ???? ???? ?????? ??? ???? ??? ???? ??? ?? ??? ???? ???? ????,Routine,Schedule a regular medical consultation
???? ???? ????? ?????? ?? ????? ???? ???? ???? ???? ?????? ???? ?????????? ????,Routine,Schedule a regular medical consultation
????? ?????? ?????? ???? ???? ??? ?????? ???? ???? ???? ????? ??? ????? ????,Routine,Schedule a regular medical consultation
????? ???? ???? ???? ???? ????? ????? ?? ???????? ???? ??? ?????? ?????? ??? ????,Routine,Schedule a regular medical consultation
?????? ?????? ???? ???? ??? ??? ??? ??????? ??? ???? ??? ?? ??? ?????? ????,Routine,Schedule a regular medical consultation
????? ????? ???? ???? ???? ????? ??????? ???? ??? ????? ???? ????? ??????? ?????,Routine,Schedule a regular medical consultation
????? ????? ???? ???? ???? ???? ??????? ?????? ?? ????? ???? ???? ????? ???,Routine,Schedule a regular medical consultation
????? ???? ???? ???? ???? ????? ??? ???? ????? ?????? ?????? ???? ??? ??? ????,Routine,Schedule a regular medical consultation
?????? ??????? ?????? ???? ???? ???? ??? ???????? ??? ????? ??? ?????? ?????? ???,Routine,Schedule a regular medical consultation
???? ??? ???? ???? ???? ???? ??? ??? ?? ????? ??? ????? ???? ???? ????? ????,Routine,Schedule a regular medical consultation
????? ????? ???? ???? ???? ????? ??????? ?? ???????? ???? ????? ???? ???? ???? ???,Routine,Schedule a regular medical consultation
????? ???? ???? ???? ????? ???? ??? ???? ???? ??? ??? ?????? ?????? ????? ???? ???,Routine,Schedule a regular medical consultation
?????? ?????? ???? ???? ????? ???? ??? ??? ?????? ?? ????? ???? ????????,Routine,Schedule a regular medical consultation
????? ???? ???? ???? ???? ????? ?? ???? ??? ?? ??? ??? ?? ???? ?????? ????,Routine,Schedule a regular medical consultation
???? ??????? ????? ????? ??? ???? ??????? ?? ???? ??? ???? ??? ????? ??? ???,Routine,Schedule a regular medical consultation
?????? ??????? ?????? ???? ???? ????? ???? ??????? ?? ???? ???? ??????? ??????,Routine,Schedule a regular medical consultation
????? ??????? ???? ???? ???? ????? ??? ???? ??? ?? ???? ??? ???? ??? ????,Routine,Schedule a regular medical consultation
????? ????? ???? ???? ???? ????????? ?? ?? ?? ??? ????? ?? ???? ??? ??? ????,Routine,Schedule a regular medical consultation
?????? ????? ???? ???? ???? ????? ????????? ?????? ???????? ???? ??? ???? ??? ?????,Routine,Schedule a regular medical consultation
????? ?????? ?????? ???? ??? ???? ???? ????? ??? ??? ???? ???? ????? ????,Routine,Schedule a regular medical consultation
????? ???? ???? ???? ?????? ????? ??? ??? ??????? ?? ?? ????? ???? ??? ???,Routine,Schedule a regular medical consultation
?????? ??????? ?????? ???? ???? ??? ??? ??? ???? ??????? ?? ?????? ???,Routine,Schedule a regular medical consultation
????? ??????? ???? ????? ???? ???? ???? ???? ?????? ???? ???? ?? ????? ????,Routine,Schedule a regular medical consultation
????? ?? ???? ???? ??? ?????? ???? ???? ??? ?? ???? ??? ???? ??? ??????,Routine,Schedule a regular medical consultation
?????? ????? ???? ???? ????? ???? ????? ?????? ?????? ???????? ?? ???? ??? ??? ????,Routine,Schedule a regular medical consultation
???? ?????? ???? ???? ???? ????? ??? ???? ???? ???? ????? ???? ????? ????,Routine,Schedule a regular medical consultation
????? ????? ???? ???? ??? ????? ???? ????? ????? ??? ???? ??? ?????????,Routine,Schedule a regular medical consultation
????? ????? ???? ???? ???? ????? ??? ?? ??? ????? ???? ???? ???? ???? ???,Routine,Schedule a regular medical consultation
?????? ?????? ???? ???? ???? ????? ??? ???? ??? ?? ??? ?????? ??? ??? ????,Routine,Schedule a regular medical consultation
????? ?????? ?????? ???? ???? ???? ???? ??? ??? ????? ???????? ???? ????? ????,Routine,Schedule a regular medical consultation
????? ?????? ???? ???? ???? ????? ???? ????? ???? ??? ??? ?????? ??? ????,Routine,Schedule a regular medical consultation
?????? ??????? ?????? ???? ???? ??? ??? ???? ?? ?? ??????? ???? ???? ????? ????,Routine,Schedule a regular medical consultation
???? ???? ???? ????? ??? ???? ??????? ?? ???? ???? ?? ?????? ???? ????? ????,Routine,Schedule a regular medical consultation
????? ????? ???? ???? ???? ??????? ??? ???? ?? ???????? ????? ???????? ???? ??? ???,Routine,Schedule a regular medical consultation
????? ?????? ????? ???? ???? ???? ?????? ????? ???? ???? ???? ???????? ?????,Routine,Schedule a regular medical consultation
?????? ????? ???? ???? ??? ????? ????? ???? ????? ???? ??? ?????? ??? ??? ???,Routine,Schedule a regular medical consultation
????? ???? ???? ???? ??? ?????? ???? ????? ??? ??? ???????? ?? ???? ??? ??? ????,Routine,Schedule a regular medical consultation
???? ???????? ????? ???? ???? ??? ?????? ???? ???? ???? ???? ????? ???? ?????,Routine,Schedule a regular medical consultation
?????? ??????? ?????? ???? ???? ??? ???? ??????? ?? ??? ??? ?? ???? ????? ????,Routine,Schedule a regular medical consultation
????? ????? ???? ???? ???? ????? ??? ????? ??? ?? ??????? ???? ???????? ???? ??? ???,Routine,Schedule a regular medical consultation
????? ?????? ???? ???? ???? ???? ??? ???? ????? ?????? ?????? ???? ???? ??? ????,Routine,Schedule a regular medical consultation
?????? ????? ???? ???? ??????? ???? ???? ????? ??? ??? ???? ????? ??? ?? ???,Routine,Schedule a regular medical consultation
????? ?????? ??????? ???? ???? ???? ???? ???? ????? ?????? ??? ????? ??? ???,Routine,Schedule a regular medical consultation
???? ???? ???? ???? ???? ????? ??? ???? ??? ?? ???? ??? ???? ??? ??? ????,Routine,Schedule a regular medical consultation
????? ???? ???? ???? ?????? ?? ??? ?? ??????? ??? ????? ??? ??????? ???? ??? ?????,Routine,Schedule a regular medical consultation
?????? ??????? ?????? ???? ???? ????? ???? ??????? ?? ???? ????? ??? ?? ?????,Routine,Schedule a regular medical consultation
????? ????? ???? ???? ???? ????? ??? ?? ???? ???? ???? ?? ???? ???? ???? ????,Routine,Schedule a regular medical consultation
????? ?? ???? ???? ??? ?????? ???? ????? ??? ???? ????? ???? ????? ????? ????,Routine,Schedule a regular medical consultation
?????? ?????? ???? ???? ???? ???? ???? ?????????? ??? ??? ??? ?????? ??? ???,Routine,Schedule a regular medical consultation
???? ?????? ???? ???? ???? ????? ???? ?????? ???? ???? ?? ???? ???? ??? ???,Routine,Schedule a regular medical consultation
????? ????? ???? ???? ?????? ??? ??????? ?? ?? ?? ???? ?????? ??? ??? ????? ????,Routine,Schedule a regular medical consultation
????? ?????? ?? ???? ???? ??? ?????? ???? ??? ??? ????? ???? ???? ??? ?????,Routine,Schedule a regular medical consultation
?????? ??????? ?????? ???? ???? ??? ??? ???? ??? ???? ??? ?? ???? ??? ???? ????,Routine,Schedule a regular medical consultation
????? ??????? ???? ???? ???? ??????? ???? ??? ????? ????? ?????? ???? ?????,Routine,Schedule a regular medical consultation
????? ???? ???? ???? ???? ????? ???? ??? ????? ??? ???? ????? ??? ???? ?????,Routine,Schedule a regular medical consultation
???? ???? ??? ??? ???? ???? ??????? ?? ???? ??? ???? ??????? ??? ???? ????? ????,Routine,Schedule a regular medical consultation
????? ????? ???? ???? ??????? ????? ??? ?? ?????? ???? ??????? ???? ??? ????? ????,Routine,Schedule a regular medical consultation
???? ???? ???? ???? ?????? ??? ????? ??? ??????? ???? ???? ?? ???? ???? ??? ???? ???? ???????,Emergency,Immediately go to emergency department or call ambulance
???????? ????????? ???? ???? ????? ??? ??? ??? ?? ??? ?????? ???? ?????? ??????? ???? ????? ???,Emergency,Immediately go to emergency department or call ambulance
????? ????????? ??? ???? ??? ???? ?????? ???? ???? ???? ????? ??? ?????? ?? ???????? ??? ?????,Emergency,Immediately go to emergency department or call ambulance
?????? ????? ???? ???????? ?? ????? ???? ??? ??? ???? ?? ?? ???? ???? ???? ?????? ???,Emergency,Immediately go to emergency department or call ambulance
????? ?????? ??? ????? ??? ???? ??????? ?????? ?????????? ???? ???? ??????? ??? ???? ????,Emergency,Immediately go to emergency department or call ambulance
???? ???? ??????? ??? ?? ?????? ??? ??? ???? ???? ?? ??? ???? ???? ???? ?????? ???????,Emergency,Immediately go to emergency department or call ambulance
????? ???? ????? ????? ??????? ?? ???? ?????? ?????? ???? ???? ??? ???? ??? ?????,Emergency,Immediately go to emergency department or call ambulance
???? ?????? ???? ???? ????????? ???? ??? ???? ???? ???????? ?? ???? ???? ???? ???? ????,Emergency,Immediately go to emergency department or call ambulance
??????? ???? ??? ???? ??? ???? ???? ???? ???? ???? ??? ?????? ????????? ??? ?????? ?? ?? ??????,Emergency,Immediately go to emergency department or call ambulance
???????? ???? ???? ????? ??? ??? ?? ???? ??? ??? ???? ??? ???? ???? ???? ?????,Emergency,Immediately go to emergency department or call ambulance
????????? ????? ???? ???? ????? ????????? ??? ??? ???? ??? ?????? ?????? ????????? ??????,Emergency,Immediately go to emergency department or call ambulance
??????? ?????? ???? ??? ????? ???? ???? ???? ?????? ???? ???? ??? ???? ???? ??? ??????,Emergency,Immediately go to emergency department or call ambulance
????? ??????????? ????? ???? ???? ????? ????? ????? ???? ??? ???? ???? ??????? ???? ????? ???,Emergency,Immediately go to emergency department or call ambulance
???? ??? ???? ??? ????? ??????? ??? ??????? ???? ???? ???? ???????? ?? ??? ???? ???? ?????,Emergency,Immediately go to emergency department or call ambulance
????????? ?? ???? ??? ???? ???? ??? ???? ?? ?????????? ??????? ????? ?????? ?? ?????,Emergency,Immediately go to emergency department or call ambulance
???????? ??? ??? ????? ??? ???? ?????? ??? ???? ????????? ?????? ?????? ?? ???? ?????,Emergency,Immediately go to emergency department or call ambulance
???? ??? ????? ??????????? ??? ???? ?? ????? ??? ???????? ????? ?? ?? ??????? ???? ???? ??????,Emergency,Immediately go to emergency department or call ambulance
??? ???????? ??? ????? ?? ????? ???? ???? ??? ??? ??? ???? ???? ?? ?? ??????? ??? ?????,Emergency,Immediately go to emergency department or call ambulance
????? ??????? ??? ????? ??? ??? ????? ?? ?????? ?????? ????? ????? ?? ??? ???? ????? ?????,Emergency,Immediately go to emergency department or call ambulance
???? ????? ???? ????? ?? ?????? ????????? ??? ???? ???? ???? ???? ????? ??????? ???? ????,Emergency,Immediately go to emergency department or call ambulance
???????? ???? ????? ?????? ??????? ??????? ???????? ???? ??? ?????? ??? ?? ???? ???? ????,Emergency,Immediately go to emergency department or call ambulance
??????? ?????? ??? ???? ????? ??? ????? ?????? ?? ?? ???? ?????? ??? ?????? ?????? ?????,Emergency,Immediately go to emergency department or call ambulance
???? ????? ?? ????? ????? ????????? ????? ???? ?????? ???? ?? ???? ?? ???? ??? ??? ?????,Emergency,Immediately go to emergency department or call ambulance
????? ???? ???? ???? ????? ?? ??? ?? ??? ???? ?????? ??? ?? ???? ??? ?????? ???? ??????,Emergency,Immediately go to emergency department or call ambulance
???? ????? ?????? ?? ???? ???? ??? ??? ????? ?????? ?????? ??? ?????? ??? ???? ??? ????,Emergency,Immediately go to emergency department or call ambulance
???????? ?????? ???? ?????? ??? ??? ??? ?? ??? ???? ???? ??? ???? ?? ??????? ???? ????? ???,Emergency,Immediately go to emergency department or call ambulance
????????????? ?????? ???? ????? ???? ???? ????? ???? ??????????? ???? ?????? ?????? ???,Emergency,Immediately go to emergency department or call ambulance
???? ??? ??? ???? ???? ????? ??? ?????? ????? ???? ?? ?? ?????? ??? ????? ???? ????,Emergency,Immediately go to emergency department or call ambulance
???? ????????? ?? ?????? ???? ????? ??? ???? ?????? ?????????? ????? ???? ????? ?????? ???,Emergency,Immediately go to emergency department or call ambulance
??????? ?????? ?????????? ?????? ???? ?????? ???? ?? ????? ???? ???? ?????? ?? ??????? ???????,Emergency,Immediately go to emergency department or call ambulance
??????? ??????? ???? ??? ??? ????? ???? ?? ??? ?? ??? ??? ???? ??? ???? ????? ???? ?????? ???,Emergency,Immediately go to emergency department or call ambulance
????? ???? ??? ??????? ???? ???? ?? ???? ??????? ?? ???? ?????? ???? ?????? ???? ???? ?????,Emergency,Immediately go to emergency department or call ambulance
???? ????? ???? ???? ???? ??? ???? ???? ??? ???????? ????? ?? ???? ??? ??? ?????,Emergency,Immediately go to emergency department or call ambulance
??? ??? ??????? ????? ??? ??? ????? ???? ??? ???? ?????? ???????? ?????? ???? ???? ????????,Emergency,Immediately go to emergency department or call ambulance
???? ??? ????? ?????????? ???? ?????? ??? ?????? ?? ?? ?????? ????? ???? ???????? ????,Emergency,Immediately go to emergency department or call ambulance
?????? ???? ?????? ?? ??? ???? ?????? ???? ????? ??? ?????? ?? ???? ??? ?????,Emergency,Immediately go to emergency department or call ambulance
????? ???????? ???? ???? ????? ????? ????? ?????? ?????? ??????? ???? ???? ???? ???,Emergency,Immediately go to emergency department or call ambulance
????? ??? ????? ?? ?????? ????????? ??? ???? ?????? ???? ???????? ??????? ???? ???? ??????,Emergency,Immediately go to emergency department or call ambulance
???????? ????? ??? ??????? ???? ?????? ??????? ???? ??? ?????? ??? ?? ?????? ?????,Emergency,Immediately go to emergency department or call ambulance
???? ??? ????? ?????? ????? ??? ?? ?????? ??? ???? ?? ??? ???? ??? ?? ?????? ????,Emergency,Immediately go to emergency department or call ambulance
??? ???????? ?????? ??? ??? ???? ??? ???? ?? ????? ????? ???? ????? ???? ????? ????,Emergency,Immediately go to emergency department or call ambulance
????????? ????? ????? ???? ???? ??? ???? ??? ????? ???? ??????? ?????? ?????? ??? ?????,Emergency,Immediately go to emergency department or call ambulance
??????? ??? ?????? ?????? ???? ???? ???? ??? ??? ????? ??? ???? ?? ??????? ?????? ???,Emergency,Immediately go to emergency department or call ambulance
??????? ???? ???? ?? ????? ??? ??? ?????? ??? ???? ??? ???? ????? ????????? ???? ???????,Emergency,Immediately go to emergency department or call ambulance
???? ????? ??????? ???? ???? ?????? ??? ???? ????? ?? ??? ???? ???? ????? ??? ?????,Emergency,Immediately go to emergency department or call ambulance
????????? ???? ????? ??? ???? ???? ??? ???? ?? ????? ??? ???? ??? ??????? ??? ?????,Emergency,Immediately go to emergency department or call ambulance
??????? ???? ??????? ???? ????????? ???? ??? ???? ?? ??? ??? ??? ???? ???? ????????,Emergency,Immediately go to emergency department or call ambulance
???? ??? ????? ?????? ????? ???????????????? ??? ???? ???? ?? ?? ??? ???? ????? ???,Emergency,Immediately go to emergency department or call ambulance
????? ??????? ??? ?? ????? ???? ???? ???? ??? ???? ???????? ?? ?????? ??? ???? ????,Emergency,Immediately go to emergency department or call ambulance
??????? ?????? ???? ???? ????? ?? ?????? ????????? ???? ???? ?? ?? ????????? ??????,Emergency,Immediately go to emergency department or call ambulance
??? ????? ?????? ?? ??? ???? ????? ??????? ????? ?? ?? ???? ????? ??? ???? ????,Urgent,Seek medical care within 24–48 hours
????? ???? ???? ????? ???? ?? ???? ??? ????? ???? ????? ??????? ????? ???????? ??????,Urgent,Seek medical care within 24–48 hours
?? ???? ???? ?????? ??? ???? ????? ???? ?? ?????? ?? ???????? ?????? ?? ???????,Urgent,Seek medical care within 24–48 hours
?? ??? ??? ??? ?????? ????????? ?????????? ?? ?????????? ???? ????? ???? ???? ???????,Urgent,Seek medical care within 24–48 hours
??????? ??? ?????? ?????? ???? ???? ???? ??? ??? ?? ???? ???? ???? ?? ?????? ??? ????,Urgent,Seek medical care within 24–48 hours
???? ????? ???? ???? ???? ???? ?????? ?? ???? ???? ????? ????? ????? ???????? ??????,Urgent,Seek medical care within 24–48 hours
????? ????? ????????? ?? ???? ??? ???? ??? ???????? ????? ???? ???? ??? ?? ??????,Urgent,Seek medical care within 24–48 hours
????? ???? ??? ????? ??? ??? ???? ?? ????? ???? ???? ???? ??? ??? ??? ???? ???????,Urgent,Seek medical care within 24–48 hours
????? ????? ???? ????? ????? ?? ?????????? ?????? ???? ???? ???? ???? ???? ???? ????? ???,Urgent,Seek medical care within 24–48 hours
??????? ? ??? ??? ???? ??? ????? ??????? ?? ??? ?????? ????? ?? ?????? ?????? ??? ???????,Urgent,Seek medical care within 24–48 hours
?????? ????? ???? ?????????? ???? ??? ????? ?? ??????? ???? ????? ??? ??? ????? ?????,Urgent,Seek medical care within 24–48 hours
??????? ???? ???/??? ??? ???? ?? ????? ?? ???? ??? ????? ???? ???? ???? ???? ??????,Urgent,Seek medical care within 24–48 hours
????? ???? ???? ??? ????? ?????? ??? ??????? ????? ??? ??? ???? ??? ????? ?????? ????,Urgent,Seek medical care within 24–48 hours
???? ??? ????? ?????? ??? ??? ????? ???? ????? ?????????? ?? ???? ??????? ??? ????? ??????,Urgent,Seek medical care within 24–48 hours
??????? ????? ????? ???? ??????? ???? ???? ???? ????????? ?? ?? ?????? ?????? ?????? ???????,Urgent,Seek medical care within 24–48 hours
?????? ???? ????? ??? ??? ??? ?????? ?? ?? ????? ???? ????? ???? ?? ???? ??? ??????,Urgent,Seek medical care within 24–48 hours
???????? ?? ?? ????? ??? ?? ?????? ????? ?? ?? ????? ????? ???? ??? ????? ???????? ??????,Urgent,Seek medical care within 24–48 hours
????? ???? ?????? ?? ?????? ???? ???? ???? ???? ??? ????? ???? ??? ?????? ?????,Urgent,Seek medical care within 24–48 hours
?? ????? ???? ????? ??? ???? ???? ??? ????? ?? ???? ????? ?????? ??? ????? ????? ????,Urgent,Seek medical care within 24–48 hours
??????? ???? ????? ??????? ?????? ????? ?? ?? ???? ?????? ???? ???????? ?? ??? ?????,Urgent,Seek medical care within 24–48 hours
????? ???? ???????? ??? ???? ??? ??? ??? ???? ?? ????? ???? ???? ?????? ????? ???,Urgent,Seek medical care within 24–48 hours
???? ????? ?????? ???? ?????? ?????? ???? ??????? ???? ???? ?????? ???? ????? ???????,Urgent,Seek medical care within 24–48 hours
???? ??? ???? ????? ???? ???? ???? ??????? ??? ??? ???? ?? ?? ???? ???? ???? ??????,Urgent,Seek medical care within 24–48 hours
??????? ???? ?? ???? ?? ?? ???? ?? ??? ???? ?? ???? ????? ???? ???? ????? ?? ???????,Urgent,Seek medical care within 24–48 hours
???????? ???? ?? ??? ??? ??? ???????? ??? ??????? ???? ?? ??? ????? ??? ????????? ????,Urgent,Seek medical care within 24–48 hours
?????? ?????? ?????? ??? ????? ??? ??? ???? ?? ??? ??????? ???? ??? ????? ???????,Urgent,Seek medical care within 24–48 hours
?? ?? ?????? ??? ?????? ???? ?????? ???? ????? ??? ????? ?? ???? ?? ????? ??????,Urgent,Seek medical care within 24–48 hours
????? ??????? ??? ????? ??? ???? ?? ??? ??? ???? ?? ?????? ???? ?? ????? ?????? ??????,Urgent,Seek medical care within 24–48 hours
??????? ?????? ???????? ???? ???? ????????? ??? ?????? ?? ??? ?? ?????????? ????? ?????,Urgent,Seek medical care within 24–48 hours
??????? ????????? ??? ??? ???? ?? ?? ???????? ???? ??? ??? ?????????? ??? ????? ???? ????,Urgent,Seek medical care within 24–48 hours
???? ??? ????? ????? ??????? ??? ????? ???? ???? ?? ?????? ??? ?????? ???? ??? ?????,Urgent,Seek medical care within 24–48 hours
????? ???? ???? ??????? ??? ????? ??? ????? ???? ???? ????????? ?????? ?????? ???,Urgent,Seek medical care within 24–48 hours
????? ????? ?? ???? ??? ?????? ???? ??? ????? ?? ??????? ??? ??? ????? ???? ????????,Urgent,Seek medical care within 24–48 hours
????? ???????? ????? ??? ?? ??? ?? ?????? ?????? ?????? ?? ????? ??? ??? ??? ??????,Urgent,Seek medical care within 24–48 hours
??????? ????? ??? ????? ????? ??? ?? ?????? ???? ?? ??? ????? ?????? ??? ??? ??? ???? ??????,Urgent,Seek medical care within 24–48 hours
???? ????? ????? ????????? ???? ?? ??? ???? ????? ???? ???????? ???? ??????? ???? ??? ???,Urgent,Seek medical care within 24–48 hours
???? ??? ??????? ????? ?? ??? ???? ?? ?????? ??? ????? ????? ?????? ???? ?????? ???????,Urgent,Seek medical care within 24–48 hours
??????? ??? ???? ????? ??????? ??? ??? ????? ???? ???? ?? ?? ???? ?????? ???? ???,Urgent,Seek medical care within 24–48 hours
????? ?????? ???? ?? ??? ???? ?? ???? ???? ????? ????? ??? ???? ????? ???? ????? ?????,Urgent,Seek medical care within 24–48 hours
?? ?? ????? ??? ??????? ?????? ???? ?? ??? ??????? ??? ????? ?????? ??????? ???? ???? ??????,Urgent,Seek medical care within 24–48 hours
???? ????? ?? ????? ????? ??? ??????? ???? ?????? ????? ?? ??? ?????? ????? ?????,Urgent,Seek medical care within 24–48 hours
??????? ????? ?? ???? ??? ??? ????????? ???? ???? ??? ?????? ???? ??? ???? ?????????? ?????,Urgent,Seek medical care within 24–48 hours
????? ?????? ???? ??? ???? ?????? ?????? ??????? ????? ?? ?????? ??? ??? ??? ????,Urgent,Seek medical care within 24–48 hours
????? ?? ???? ?????? ???? ???? ???? ?? ????? ???? ????????????? ?? ??? ??? ????? ??????,Urgent,Seek medical care within 24–48 hours
????? ??????????? ????? ???? ?? ??? ????? ??? ???? ??? ???? ??????? ?? ??????? ???????,Urgent,Seek medical care within 24–48 hours
??????? ?????? ??? ???? ?? ?????? ?????? ?????? ?? ?? ??? ??? ??? ??? ???????? ??? ???,Urgent,Seek medical care within 24–48 hours
???? ??? ??? ????? ???????? ??? ??? ???? ?? ?????? ???? ??????? ??? ????? ????? ??????,Urgent,Seek medical care within 24–48 hours
?????? ???? ????? ???? ???? ???? ???? ????????? ??? ???? ??????? ?????? ??? ?????,Urgent,Seek medical care within 24–48 hours
??????? ????? ?? ???? ??? ???? ?? ???? ?????? ????? ?? ?? ??? ??? ??????????? ?????,Urgent,Seek medical care within 24–48 hours
???? ???? ?? ??????? ??? ???? ?????? ??? ??? ??? ???? ?? ???? ??????? ????? ???,Urgent,Seek medical care within 24–48 hours
????? ?????? ???? ????? ???? ????? ??? ??? ???? ????? ??? ???? ????? ????? ?????,Routine,Schedule a regular medical consultation
????? ?????? ???? ??? ???? ????? ???? ??? ???????? ????? ???????? ???????? ???? ??? ???,Routine,Schedule a regular medical consultation
????? ????? ???? ??? ???? ???? ????? ??? ???? ?????? ???? ???? ???? ???????? ?????,Routine,Schedule a regular medical consultation
???? ???? ???? ????? ??? ???? ??????? ???????? ???? ?????? ???? ???? ?? ????? ????,Routine,Schedule a regular medical consultation
?????? ??? ???? ???? ?????? ???? ??? ????? ???? ??? ???? ?????? ???? ??? ?? ?? ?????,Routine,Schedule a regular medical consultation
?????? ????? ???? ???? ????? ??? ??????? ???? ??? ?? ????? ????? ??? ????? ???,Routine,Schedule a regular medical consultation
????? ???? ????? ???? ??? ?? ????? ??? ???? ??????? ???? ??? ???? ?????? ??? ???,Routine,Schedule a regular medical consultation
????? ??????? ????? ???? ???? ??? ???? ??? ???? ???? ??? ?????? ???? ???? ????,Routine,Schedule a regular medical consultation
??????? ??? ???? ???? ?????? ???? ??? ?? ????? ????? ???????? ???????? ?? ?? ?????,Routine,Schedule a regular medical consultation
????? ?????? ????? ???? ???? ???? ???? ???? ??? ????? ??? ??????? ??? ???????? ?????,Routine,Schedule a regular medical consultation
????? ?????? ???? ???? ???? ??? ??? ???? ?????? ???????? ???? ?????? ??? ???? ????,Routine,Schedule a regular medical consultation
????? ?? ???? ???? ???? ??? ???? ????? ??? ??? ???? ?? ?? ???? ???? ??? ?????,Routine,Schedule a regular medical consultation
????? ????? ???? ???? ???? ???????? ??? ?? ?? ??????? ??? ????? ???? ??? ????? ????,Routine,Schedule a regular medical consultation
?????? ??? ?? ???? ??? ??? ???? ???? ???? ??????? ???? ????? ???? ????? ?????,Routine,Schedule a regular medical consultation
????? ???? ???? ???? ??? ???? ???? ????? ???? ????? ???? ?? ???? ???? ??? ???,Routine,Schedule a regular medical consultation
?????? ?????? ???? ???? ?????? ??? ???? ??? ???? ??? ?? ??? ???? ???? ??? ??????,Routine,Schedule a regular medical consultation
?????? ?????? ???? ???? ??? ??? ??? ??????? ??? ???? ??? ?? ??? ???? ?????? ????,Routine,Schedule a regular medical consultation
????? ????? ???? ???? ???????????? ??????? ???? ?? ????? ???? ????? ???? ????????,General Query,"No immediate action required, informational response sufficient"
????????? ????? ???? ?? ??? ?? ?? ??????? ???? ?? ??? ???? ???? ????? ?????,General Query,"No immediate action required, informational response sufficient"
???? ???? ?????????? ???? ?? ??? ????? ???? ???? ??????? ????? ???? ???? ?????,General Query,"No immediate action required, informational response sufficient"
??? ????? ???? ??? ??? ?????? ?????????? ???? ????? ??? ???? ????? ??????,General Query,"No immediate action required, informational response sufficient"
?????? ?? ?????? ??????? ????? ????? ???? ???? ???? ???? ????? ?????? ???,General Query,"No immediate action required, informational response sufficient"
???? ???? ???? ???? ????? ???? ???? ??? ?? ?? ???? ?????? ???? ??? ?? ?????,General Query,"No immediate action required, informational response sufficient"
??????? ??????? ??? ??? ?? ????? ????? ?? ??????? ???? ????? ??????? ?????,General Query,"No immediate action required, informational response sufficient"
??????? ???? ???? ??? ??? ????? ?? ?????? ???? ????? ????? ??? ?????? ?????,General Query,"No immediate action required, informational response sufficient"
??? ??? ?????? ???? ??? ??????? ?????? ???? ????? ??????? ?? ??? ????,General Query,"No immediate action required, informational response sufficient"
??? ?????? ???? ?? ?????????????? ?????? ???? ??? ???? ???? ?????? ??????? ???,General Query,"No immediate action required, informational response sufficient"
????????? ????? ???? ???? ??? ?? ?????? ????? ???? ?????? ??????? ??? ?? ???,General Query,"No immediate action required, informational response sufficient"
??????? ???? ???? ??? ???? ???????? ???? ?? ?? ?? ????? ?????? ??????? ??? ????,General Query,"No immediate action required, informational response sufficient"
???? ?? ????? ?????? ???? ????? ???? ?? ??? ???? ??? ??? ??????? ????????,General Query,"No immediate action required, informational response sufficient"
??????????? ??? ?????? ???????? ?? ?? ??? ?? ??????? ??? ????? ???? ????????,General Query,"No immediate action required, informational response sufficient"
????? ?????? ??? ??? ???? ???? ?????? ????? ?????? ???? ???? ?? ?? ????????,General Query,"No immediate action required, informational response sufficient"
????????? ?????? ????????????? ???? ??? ????? ????? ?? ????? ???? ???????,General Query,"No immediate action required, informational response sufficient"
??? ?????? ???? ??? ????? ???? ???? ?? ??? ????? ?? ????? ??? ??? ?? ???,General Query,"No immediate action required, informational response sufficient"
????? ?????? ???? ????? ???????? ??? ???? ?? ??? ????? ?????? ???? ?????,General Query,"No immediate action required, informational response sufficient"
????? ??????????? ??????? ???? ?????? ???????? ????? ????? ??????? ????????,General Query,"No immediate action required, informational response sufficient"
????? ?????? ???? ??? ??? ???? ????????? ???? ????? ?? ???? ??? ?? ???,General Query,"No immediate action required, informational response sufficient"
????????? ?? ??? ??? ???? ????? ???? ?????? ????? ???? ??????? ?? ??? ????,General Query,"No immediate action required, informational response sufficient"
??????? ??? ??? ??????? ??? ??????? ???? ?????? ???? ?????? ?? ????????????,General Query,"No immediate action required, informational response sufficient"
??????? ???? ?? ?????? ???? ????? ?? ???? ???? ???? ???? ??? ???? ???,General Query,"No immediate action required, informational response sufficient"
??? ?? ???? ???? ????? ??? ??????? ??? ?? ?????? ????? ???? ????? ????,General Query,"No immediate action required, informational response sufficient"
????? ?????? ???? ??? ???? ?????? ??? ????? ????? ?? ???? ????? ????,General Query,"No immediate action required, informational response sufficient"
????????? ??????? ? ???????? ?? ??? ????? ????? ??????? ???? ???? ????????,General Query,"No immediate action required, informational response sufficient"
??????? ?????????? ????? ?????? ?????? ???? ?????? ??? ?? ??????? ??????,General Query,"No immediate action required, informational response sufficient"
?????? ???? ????? ???? ??? ???? ???? ???? ??? ?? ???????? ??? ???? ?? ???,General Query,"No immediate action required, informational response sufficient"
????? ???????????? ????? ??? ?? ?? ?? ??? ??????? ??????? ???? ??? ????????,General Query,"No immediate action required, informational response sufficient"
?????? ?????-? ?????? ?????? ??? ?? ?? ?? ??? ???????? ???? ??? ???????,General Query,"No immediate action required, informational response sufficient"
???? ???? ??? ??? ???? ?????????? ??? ?? ?????? ???? ?????? ?????? ????,General Query,"No immediate action required, informational response sufficient"
?????? ??????? ???????? ??? ?? ?????? ?????????? ???? ?????? ???? ??????,General Query,"No immediate action required, informational response sufficient"
???? ????? ??? ??? ????? ?? ??????????? ???? ???? ???? ????? ????? ?????,General Query,"No immediate action required, informational response sufficient"
????? ?????? ??????? ????? ??? ????? ???? ??????? ??? ?? ?????? ??? ?? ???,General Query,"No immediate action required, informational response sufficient"
????? ?????? ???? ???? ???? ????? ?? ???? ???? ??????? ???? ??????? ???,General Query,"No immediate action required, informational response sufficient"
????????? ???? ??? ?? ??? ??? ????? ????? ???? ??? ?????? ?????? ????????,General Query,"No immediate action required, informational response sufficient"
?????????? ?? ???? ???? ?? ?? ??? ????????????? ????? ???? ???? ???? ????????,General Query,"No immediate action required, informational response sufficient"
?????? ????????? ??????? ???? ???????? ?????? ?????? ???? ????? ????? ????????,General Query,"No immediate action required, informational response sufficient"
?????? ????? ????? ????? ?????? ???? ??? ???? ???? ?? ?????? ???? ????? ?????,General Query,"No immediate action required, informational response sufficient"
????? ???????? ????? ??? ??? ????? ????? ????? ?????? ??? ????? ???? ????????,General Query,"No immediate action required, informational response sufficient"
?????????? ?? ??????????? ??? ???? ??? ??? ????? ?? ?????? ??? ??? ?? ???,General Query,"No immediate action required, informational response sufficient"
?????? ????? ??? ?????? ?????? ?? ??????? ?????? ??? ??? ????? ????????,General Query,"No immediate action required, informational response sufficient"
????? ????? ???? ??? ?? ????? ??????? ??? ???? ????? ?????? ?? ??? ????????,General Query,"No immediate action required, informational response sufficient"
????????? ????? ??? ???????? ??? ????? ?????? ??? ???? ???? ???? ????????,General Query,"No immediate action required, informational response sufficient"
????? ?????? ?????? ???? ???? ?? ?? ????? ????? ?? ????? ???? ??????,General Query,"No immediate action required, informational response sufficient"
??? ???? ??? ???? ????????? ???? ??? ?? ???? ?????? ?? ??????? ??? ????,General Query,"No immediate action required, informational response sufficient"
????????? ????? ????? ??? ??? ?? ????? ???? ??????? ?? ?????? ??? ?? ???,General Query,"No immediate action required, informational response sufficient"
?????? ??????????? ?? ????????? ?????? ????? ??? ???????? ?? ?? ????????,General Query,"No immediate action required, informational response sufficient"
????????? ??????????? ??????? ???? ?????????? ?? ???? ???? ??? ??????? ???,General Query,"No immediate action required, informational response sufficient"
?????? ?? ???? ????? ??? ??? ????? ?? ???? ??? ????? ??? ???? ????????,General Query,"No immediate action required, informational response sufficient"
????? ????? ?????? ??? ????? ??? ???? ?? ???? ????? ??? ????? ??? ??? ?????,Routine,Schedule a regular medical consultation
????? ???? ??????? ??????? ???? ????? ??? ???? ??????? ???????? ???? ????? ????,Routine,Schedule a regular medical consultation
????? ?????? ?????? ???? ??? ??? ???? ?? ????? ??? ??????? ????? ??? ??????? ???,Routine,Schedule a regular medical consultation
????? ?????? ????? ??? ??? ???? ????? ??? ????????? ???? ??????? ???? ??? ?????,Routine,Schedule a regular medical consultation
????? ?????? ??? ???? ????? ??? ???? ???? ???? ?? ??????? ???? ???? ???? ??? ????? ????,Routine,Schedule a regular medical consultation
??????? ???? ??? ???? ????????? ???? ??????? ?? ???? ????? ??? ?? ?????? ???? ??? ???,Routine,Schedule a regular medical consultation
????? ?????? ????????? ???? ??? ??? ??? ???? ??? ?? ?????? ?? ???? ?????? ???,Routine,Schedule a regular medical consultation
????? ????? ????? ???? ???? ??? ??? ??? ?????? ???? ??????? ?? ?????????? ????,Routine,Schedule a regular medical consultation
???? ???????? ????? ???????? ????? ??? ???? ???? ??? ???? ???? ??????? ??? ?? ???,Routine,Schedule a regular medical consultation
???? ???? ????????? ???? ???? ????? ?????? ??? ??? ???? ?????? ???? ???? ??? ???,Routine,Schedule a regular medical consultation
????? ??? ????????? ???? ?????? ???? ?????? ???? ?? ????? ????? ????? ???? ?????? ?? ???,Routine,Schedule a regular medical consultation
?????? ???? ???? ????? ???? ????? ???? ??? ????? ???? ????? ???? ??? ?????? ??? ???,Routine,Schedule a regular medical consultation
????? ?????? ???????? ??????? ????? ?? ???? ??? ???? ??????? ?? ??? ??? ???,Routine,Schedule a regular medical consultation
????? ???? ?? ????? ???? ???? ???? ??? ???? ????? ???? ??? ????? ??? ???????,Routine,Schedule a regular medical consultation
????? ????? ???? ???? ??? ????? ??? ?? ?? ?????? ???? ??????? ???? ??? ????,Routine,Schedule a regular medical consultation
????? ?????? ????? ???? ???? ????? ???? ?????? ??? ??? ?????? ???? ??????? ????,Routine,Schedule a regular medical consultation
?????? ??????? ?????? ??? ??? ??? ??? ???? ??????? ?? ????? ???? ????? ???? ???,Routine,Schedule a regular medical consultation
???? ????? ??? ???? ???? ????? ?? ????? ??? ??? ??? ???? ?????,Routine,Schedule a regular medical consultation
???? ???? ?????????? ???? ??? ????? ???? ???? ??? ?????? ???? ?????????? ?? ????? ????,Routine,Schedule a regular medical consultation
????? ???? ?????? ?????? ???? ???? ?????? ??? ???? ?????? ?? ??? ???? ??? ???,Routine,Schedule a regular medical consultation
????? ???? ?????? ??? ?? ?? ???????? ?? ??? ???? ??? ???? ??????? ???? ????,Routine,Schedule a regular medical consultation
????? ???? ??? ???? ???? ??? ????? ???? ???? ?? ???? ???????? ??? ??? ?????????,Routine,Schedule a regular medical consultation
????? ???? ????? ???? ???? ???? ??? ??? ?? ??? ???? ??????? ?? ???? ??? ???? ????,Routine,Schedule a regular medical consultation
?????? ??? ????? ???? ???? ???? ???????? ??? ??? ????? ?? ????? ???? ???? ?????,Routine,Schedule a regular medical consultation
????? ?????? ????? ????????? ??? ????? ??? ??? ??? ????? ??? ???? ??????? ???,Routine,Schedule a regular medical consultation
????? ??????? ???? ??? ???? ?????? ??? ???? ??????? ?? ???? ??? ???? ??? ????,Routine,Schedule a regular medical consultation
????? ??? ??? ??? ??? ??????? ?? ????? ?????? ?????? ?????? ???? ???????? ?????,Routine,Schedule a regular medical consultation
?? ????? ??? ?????? ?????? ????? ???? ??????? ?? ????? ???? ?????????? ?????,Routine,Schedule a regular medical consultation
?????? ????? ????????? ??? ?????? ???? ????? ???? ?????? ???? ???? ?????,Routine,Schedule a regular medical consultation
?????? ???? ???? ???? ???? ???? ???? ????? ???? ????????? ???????? ???? ??? ???,Routine,Schedule a regular medical consultation
????? ?? ???? ???? ?????? ??? ???? ?? ????? ?????? ????? ?????? ?? ???? ????,Routine,Schedule a regular medical consultation
???? ???? ??? ???? ???? ????? ???????? ???? ???? ???? ?????? ???????? ?? ?????? ???? ????,Routine,Schedule a regular medical consultation
????? ???? ??? ???? ????? ??? ???? ?? ????? ???? ???? ?????? ???? ???? ??? ?? ???,Routine,Schedule a regular medical consultation
????? ???? ??? ???? ????? ?????? ???? ??? ??? ????? ???? ???? ???? ??? ?????,Routine,Schedule a regular medical consultation
?????? ??????? ????? ????? ???? ????? ???? ?? ????? ????? ????? ???????? ?????,Routine,Schedule a regular medical consultation
????? ?????? ???? ??? ???? ???? ??? ??? ?? ????? ????? ??? ?? ???? ??? ?????,Routine,Schedule a regular medical consultation
????? ???? ????????? ???? ????? ?????? ???? ??? ?????? ???????? ?? ????? ?? ??? ????,Routine,Schedule a regular medical consultation
???? ??? ??? ??? ??? ???? ???? ??????? ?? ??? ????? ???? ??? ?? ???? ???? ???? ????,Routine,Schedule a regular medical consultation
?????? ?????? ???? ???? ???? ???? ????? ????? ??? ??? ?? ???? ???? ????? ???? ????,Routine,Schedule a regular medical consultation
?????? ????? ?? ????????? ???? ???? ????? ???? ??? ????? ???? ????? ??? ????? ?????,Routine,Schedule a regular medical consultation
????? ????? ???? ????? ???? ??? ???? ???? ??? ???? ??? ??? ?????? ???? ????? ????,Routine,Schedule a regular medical consultation
????? ?????? ????? ??? ??? ???? ??????? ??? ???? ???????? ???? ????? ???? ?? ???? ????,Routine,Schedule a regular medical consultation
????? ?????? ???????? ?????? ???? ???? ???? ??????? ?????? ???? ????? ????? ????,Routine,Schedule a regular medical consultation
???? ???????? ?????? ???? ???? ??? ??? ???? ?????? ???? ???? ?? ???? ??? ?? ???,Routine,Schedule a regular medical consultation
?????? ?????? ????????? ???? ??????? ?? ????? ???? ????????? ???? ???? ???? ???,Routine,Schedule a regular medical consultation
????? ????? ????? ??? ???? ????? ??? ???? ?? ????? ?????? ??? ???? ?????? ??????,Routine,Schedule a regular medical consultation
????? ?? ????? ??? ??? ???? ????? ???? ??? ??? ?? ??? ???? ???? ???? ????,Routine,Schedule a regular medical consultation
???? ???? ????? ?????? ?? ???? ???? ?????? ???? ?? ?????? ???? ????? ?? ???????? ????,Routine,Schedule a regular medical consultation
????? ????? ????? ????? ??? ?????? ???? ??????? ?? ????? ???? ?????????? ?????,Routine,Schedule a regular medical consultation
?????? ??????? ?????? ????????? ???? ????? ????? ???? ??????? ?? ???? ???? ????????,Routine,Schedule a regular medical consultation
"?? ????? ??? ???? ????? ????? ??? ????, ?????? ??? ???? ?????",Routine,Schedule a regular medical consultation
"??????? ??? ???? ?? ????? ???? ???? ????? ?????, ???????? ??????? ?? ???? ???? ?????",Routine,Schedule a regular medical consultation
"?????????? ??????? ?? ???? ????, ???? ???? ???? ?????? ???? ?? ????",Routine,Schedule a regular medical consultation
"??? ????? ?? ???? ??? ??? ????, ????? ??? ??????? ?????? ????",Routine,Schedule a regular medical consultation
"???? ??? ???? ??? ??? ???????, ??? ?????? ??? ??? ???? ??? ??? ???",Routine,Schedule a regular medical consultation
"????? ????? ???? ???? ???? ???? ??, ?????? ????? ???",Routine,Schedule a regular medical consultation
"?????? ???? ??? ???? ???, ??????? ??? ??? ???, ????? ??? ??",Routine,Schedule a regular medical consultation
"???? ??? ??? ???? ?? ??? ?????? ???, ???? ????? ??? ???? ??? ??",Routine,Schedule a regular medical consultation
"????? ????? ???? ???? ??? ??? ????, ????? ??? ????? ??? ?????",Routine,Schedule a regular medical consultation
"???? ??? ??? ???? ???, ??????? ????? ???? ??",Routine,Schedule a regular medical consultation
"?? ??? ??? ??? ????? ?????? ????? ?????, ??? ???? ??? ????, ????? ??? ????",Urgent,Seek medical care within 24–48 hours
"????? ???? ?? ???? ?????, ?????? ????? ???? ?? ??? ??? ???",Urgent,Seek medical care within 24–48 hours
"?????????? ??????? ??????? ??? ?? ??? ????, ???? ????? ???? ???? ??? ?????",Urgent,Seek medical care within 24–48 hours
"????? ?????? ????? ?? ???? ????, ???? ???? ??? ???? ??",Urgent,Seek medical care within 24–48 hours
"????? ????? ?? ??? ????, ??? ??? ??? ???? ???? ????? ?? ??????",Urgent,Seek medical care within 24–48 hours
????? ????? ???? ????? ???? ?? ???? ???? ???? ???,Urgent,Seek medical care within 24–48 hours
"?????? ???? ?????????? ???? ?????, ???? ??????? ??? ????",Urgent,Seek medical care within 24–48 hours
????? ???? ????? ?????? ?? ???? ????? ?? ??? ??? ?????,Urgent,Seek medical care within 24–48 hours
"???? ????????? ??? ???? ??? ?????, ??????? ??? ?? ???? ???",Urgent,Seek medical care within 24–48 hours
"????? ???? ??? ????, ?????? ???? ?????? ???? ???",Urgent,Seek medical care within 24–48 hours
"?? ????? ???? ??? ?????? ????? ????? ???? ????? ????, ??? ????? ???? ?????",Emergency,Immediately go to emergency department or call ambulance
????? ???? ???? ???? ???? ????? ?? ????? ????? ??? ???? ?? ???? ??? ?????,Emergency,Immediately go to emergency department or call ambulance
"????? ????? ???? ??? ??? ????, ????? ????? ????? ???? ??",Emergency,Immediately go to emergency department or call ambulance
????? ???? ???? ????? ?? ??? ?? ???? ???? ?????? ?????,Emergency,Immediately go to emergency department or call ambulance
"????????? ???? ??? ????? ???? ????, ????? ?????? ???? ?? ???? ????? ??",Emergency,Immediately go to emergency department or call ambulance
???? ?? ?????? ?????? ???? ???? ?????? ???? ????,Emergency,Immediately go to emergency department or call ambulance
????? ?????? ?? ?????? ??? ???? ?? ??? ????? ????? ??,Emergency,Immediately go to emergency department or call ambulance
"???? ????? ???? ????, ????? ??? ?????? ?? ??????? ?? ??????? ???",Emergency,Immediately go to emergency department or call ambulance
"????? ???? ???? ??? ?????, ??? ???? ??? ?????? ?? ?? ???? ????",Emergency,Immediately go to emergency department or call ambulance
???? ??? ??? ????? ?????? ?? ????? ????? ???? ????,Emergency,Immediately go to emergency department or call ambulance
???? ????? ??? ?? ???? ???? ????? ???? ???? ??????? ??????,General Query,"No immediate action required, informational response sufficient"
??? ??????? ????? ???? ???? ??? ?? ????? ??????? ??? ?????,General Query,"No immediate action required, informational response sufficient"
??? ??? ?????? ???? ?? ????? ????? ????? ?????,General Query,"No immediate action required, informational response sufficient"
"???? ???? ??? ?? ??????, ??? ?????? ???? ???",General Query,"No immediate action required, informational response sufficient"
???? ???? ??? ???? ??? ??? ??? ??? ?????? ?????? ????,General Query,"No immediate action required, informational response sufficient"
?????????? ?? SPF ??? ???? ?? ???????? ????????? ?????,General Query,"No immediate action required, informational response sufficient"
??? ????? ???? ???? ?????? ???? ??? ???,General Query,"No immediate action required, informational response sufficient"
"?????? ???? ???? ??? ??, ??? ?? ??????????",General Query,"No immediate action required, informational response sufficient"
??????? ???? ???? ?? ????,General Query,"No immediate action required, informational response sufficient"
?????????? ????? ?????? ?????? ???? ?????? ???,General Query,"No immediate action required, informational response sufficient"
"?? ??????? ????? ????? ??? ???, ?????? ??? ?????? ????",Routine,Schedule a regular medical consultation
"????? ??? ???? ??? ???, ??? ???? ???????",Routine,Schedule a regular medical consultation
"?????????? ??????? ???, ???? ???? ?????? ?????? ??? ???? ??",Routine,Schedule a regular medical consultation
"???? ????? ?????????? ?????, ???? ????? ??????? ???? ?? ????",Routine,Schedule a regular medical consultation
"???? ??? ?????? ??? ???, ???? ???? ????? ??",Routine,Schedule a regular medical consultation
?????? ???? ???? ????? ????? ???? ?????? ????? ???? ????,Routine,Schedule a regular medical consultation
?????? ???? ???? ???? ????? ??? ????,Routine,Schedule a regular medical consultation
????? ???? ??? ????? ?? ????? ??? ????,Routine,Schedule a regular medical consultation
??? ????? ?? ??? ??? ???? ????,Routine,Schedule a regular medical consultation
????? ???? ???? ????? ??? ???,Routine,Schedule a regular medical consultation
???? ???? ???????? ???? ?????? ?????? ??? ??? ??? ????????? ????? ???????? ????? ????,General Query,"No immediate action required, informational response sufficient"
"??????? ???? ??? ???? ????? ???? ????, ??? ??? ???? ???? ??? ????? ?? ? ??? ????????????",Emergency,Immediately go to emergency department or call ambulance
"?????? ???? ???? ???? ?????? ??? ?? ????? ???? ??, ?????? ???? ????",Routine,Schedule a regular medical consultation
"??? ???? ???? ???? ????? ???? ???? ?????, ????????? ???? ??? ?????? ??????? ???",Emergency,Immediately go to emergency department or call ambulance
??? ????? ????? ??? ?? ????? ???????? ????????? ?????? ????????? ???? ????????,General Query,"No immediate action required, informational response sufficient"
"???? ?????? ???? ???? ????? ??? ????, ??? ???? ??? ?????? ????? ???? ???",Routine,Schedule a regular medical consultation
"????? ????? ???? ????? ????? ???, ??? ????? ??????? ?? ?? ?? ???? ??? ???????",Emergency,Immediately go to emergency department or call ambulance
"????? ???? ??? ?????? ?? ????????? ????? ??, ????? ??? ????? ??? ????? ?????",Routine,Schedule a regular medical consultation
"???? ???? ??? ???? ???? ????? ??????? ??, ???? ????? ??? ?????? ???? ???????? ??? ?????",Emergency,Immediately go to emergency department or call ambulance
???? ???? ????????? ????? ??? ?????? ???? ????? ?? ???? ??? ??? ????,Routine,Schedule a regular medical consultation
????? ??? ????? ????? ???? ??? ?? ??????? ?????? ???? ????????? ???? ?????? ??????,General Query,"No immediate action required, informational response sufficient"
?????? ????? ?? ????? ????? ???? ??? ??? ???? ??? ?? ??? ?? ???? ???? ????,Urgent,Seek medical care within 24–48 hours
"???? ???? ??????? ????? ?? ???? ????, ???? ??????? ????? ??????? ?? ?? ???? ?????",Urgent,Seek medical care within 24–48 hours
"????? ???? ???? ????????? ????? ??? ??, ??? ????? ?? ??? ???? ????? ???? ???? ???",Routine,Schedule a regular medical consultation
???????? ?????? ?????? ??? ?? ???? ?????? ?????? ???????? ???????? ???? ??????,General Query,"No immediate action required, informational response sufficient"
???? ???? ??? ?? ??? ???? ?????? ???? ??? ?????? ?? ????? ??????? ???? ?????? ??? ?????,Emergency,Immediately go to emergency department or call ambulance
????? ??? ???????? ?? ??????? ??? ??? ????? ???? ?? ???? ????? ???? ??? ???????,Urgent,Seek medical care within 24–48 hours
"??? ???? ????? ???? ??? ?? ??? ????? ??, ??????? ?????? ?????? ??????? ????",General Query,"No immediate action required, informational response sufficient"
"???? ??? ?? ???? ??????? ?????, ??? ????? ???? ??? ?????????? ??? ?? ????? ???? ?????",Urgent,Seek medical care within 24–48 hours
????? ????? ???? ?????? ????? ??? ?????????? ???? ???????? ??????????? ???? ??????,General Query,"No immediate action required, informational response sufficient"
???? ???? ???? ????? ???? ???? ?? ??? ??? ???? ?????? ????? ??? ?? ???? ??? ???????,Emergency,Immediately go to emergency department or call ambulance
"????? ???? ??? ??????? ????, ??? ????? ??? ???? ??? ?? ????? ??? ??? ????",Urgent,Seek medical care within 24–48 hours
???? ????? ???? ???? ??? ???? ??????? ?? ??? ???? ??? ???????? ??? ???,Routine,Schedule a regular medical consultation
????? ????????? ??????-??????? ??? ??????? ??????? ????????? ???????? ????????,General Query,"No immediate action required, informational response sufficient"
"????? ???? ???? ????? ??? ??, ??? ???? ?????? ?? ??????? ???? ??? ?? ?? ???????",Urgent,Seek medical care within 24–48 hours
???? ???? ???? ???? ???? ?? ??? ???? ???? ???? ????? ??? ?????? ???,Urgent,Seek medical care within 24–48 hours
??? ????? ?????? ??? ?? ??? ??? ?????? ???????? ???????? ?????? ???? ????? ???? search,General Query,"No immediate action required, informational response sufficient"
"????? ????? ??? ??? ???? ?? ??? ???? ??? ??? ???? ??????, ??? ????? ??? ????????",Emergency,Immediately go to emergency department or call ambulance
"????? ????? ???? ??? ???? ????, ??? ???? ????? ???? ?????? ???? ??? ?? ????",Routine,Schedule a regular medical consultation
"???? ???? ??????? ????????? ????? ?? ??? ???? ??? ??, ????? ???? ????? ???????? ?????",Routine,Schedule a regular medical consultation
????? ??? ???????? ???? ???? ???? ????????? ?????? ???????? ???? ??????,General Query,"No immediate action required, informational response sufficient"
"??? ???? ??? ???? ???? ??? ?? ????? ????? ????? ????, ????? ???? ??? ?????",Urgent,Seek medical care within 24–48 hours
"???? ?? ???? ???? ???? ??? ??? ?? ?????, ?????? ????? ?? ????? ???? ?????? ?? ???",Routine,Schedule a regular medical consultation
"???? ???? ?????? ?? ??? ????? ??? ??? ????, ????? ????? ???? ??????? ???",Emergency,Immediately go to emergency department or call ambulance
??? ???????? ?? ????? ????? ???? ??? ??? ?? ????? ????? ???????,Routine,Schedule a regular medical consultation
??????? ????? ??????? ????? ???? ??? ???????? ???? ???????? ???? ????????,General Query,"No immediate action required, informational response sufficient"
????? ????? ????? ????? ??? ???? ??????? ?? ???? ???? ??? ??? ??? ????,Routine,Schedule a regular medical consultation
??? ????? ?????? ???? ????? ??? ???? ?? ????? ?????? ???? ???? ???,General Query,"No immediate action required, informational response sufficient"
"???? ??????? ????????? ????? ?? ??? ??? ???? ??????? ???? ???, ??? ?? ?????? ????? ????????",Urgent,Seek medical care within 24–48 hours
???? ????? ???? ???? ?????? ???? ??? ?? ??????????? ?????? ???????? ????? ???????,General Query,"No immediate action required, informational response sufficient"
????? ???? ?????? ?? ????? ??? ???? ???? ?? ???? ?????? ?? ???? ??? ???????,Emergency,Immediately go to emergency department or call ambulance
??? ???? ????????? ????? ???? ??? ?? ?????? ???? ????? ?? ??????? ????,Routine,Schedule a regular medical consultation
"??? ???? ????? ????? ???? ??????? ??? ??? ???? ????? ???? ??, ??? ???? ???",Urgent,Seek medical care within 24–48 hours
???? ???? ????? ??? ?? ???? ???? ???? ??? ???? ??? ??? ?? ?????? ????? ??? ????,Routine,Schedule a regular medical consultation
????? ????? ?????? ??????? ???? ?? ???? ????? ??????? ?? ??????????? ????,General Query,"No immediate action required, informational response sufficient"
???? ???? ??? ?? ??? ???? ???? ?????? ?? ??????? ???? ?????? ??????? ?????? ???????,Emergency,Immediately go to emergency department or call ambulance
"???? ???? ???? ??? ???? ??????, ???? ???? ????? ?????? ???????? ??? ?????? ???",Urgent,Seek medical care within 24–48 hours
????? ??????? ?????????? ???? ????? ????????? ??????? ??? ???? ???? ????? ????,General Query,"No immediate action required, informational response sufficient"
????? ???? ??? ???? ??? ?? ??? ?? ???? ???? ?????? ?????? ?????????,Urgent,Seek medical care within 24–48 hours
???? ????? ???? ???? ???? ????????? ???? ??? ???? ????? ???? ???? ??????,Routine,Schedule a regular medical consultation
"????? ???? ??? ???? ??? ????, ??????? ???? ??? ??? ???",Routine,Schedule a regular medical consultation
"???? ????? ?????????? ????, ????? ??? ?????? ??",Routine,Schedule a regular medical consultation
??????? ??? ??? ??? ??? ???? ?????? ??? ?????? ?????,Routine,Schedule a regular medical consultation
????? ??? ????? ???? ?? ?? ??? ???? ?????? ???,Routine,Schedule a regular medical consultation
?????? ??? ???? ????? ???? ??? ?????? ???? ???? ??? ??,Routine,Schedule a regular medical consultation
???? ???? ???? ??? ???? ?????? ???? ????? ?? ??? ???,Routine,Schedule a regular medical consultation
????? ??? ????? ????? ???????? ???? ?? ?????? ???,Routine,Schedule a regular medical consultation
??????? ????? ????? ???? ???? ????,Routine,Schedule a regular medical consultation
????? ?????? ???? ??? ???? ?????? ????,Routine,Schedule a regular medical consultation
??? ?? ??? ??? ???? ???? ?????,Routine,Schedule a regular medical consultation
"?? ??? ??? ??? ????? ??????? ????? ?????, ??? ???? ??? ????",Urgent,Seek medical care within 24–48 hours
????? ???? ???? ????? ?? ??? ???? ??? ????,Urgent,Seek medical care within 24–48 hours
????? ???? ??? ????? ????? ?? ???? ?????? ????? ??,Urgent,Seek medical care within 24–48 hours
???? ???? ?????????? ???? ????? ?? ??? ?????,Urgent,Seek medical care within 24–48 hours
????? ?? ???? ????? ????? ?? ???? ????? ???? ???? ?????,Urgent,Seek medical care within 24–48 hours
?????? ??? ??? ???? ??? ?? ???????? ????,Urgent,Seek medical care within 24–48 hours
???? ??? ???? ?? ???? ???? ?????,Urgent,Seek medical care within 24–48 hours
?????? ?? ??? ??? ??? ???? ?? ????? ???? ???? ?????,Urgent,Seek medical care within 24–48 hours
???? ????? ??? ?? ????? ?????? ???? ??????,Urgent,Seek medical care within 24–48 hours
????? ???? ????? ???? ???? ?? ??? ????? ????,Urgent,Seek medical care within 24–48 hours
???? ??? ????? ??????? ????? ????? ???? ????? ?? ??? ????,Emergency,Immediately go to emergency department or call ambulance
"????? ???? ???? ????? ??, ??? ???? ??? ????",Emergency,Immediately go to emergency department or call ambulance
???? ??????? ??? ????? ?? ????? ??? ???? ????? ??????,Emergency,Immediately go to emergency department or call ambulance
?????? ??? ?????? ??? ????? ?? ??? ???? ???? ??? ?????,Emergency,Immediately go to emergency department or call ambulance
???? ???? ???? ????? ???? ????? ??? ??????,Emergency,Immediately go to emergency department or call ambulance
???? ??? ????? ???? ????? ?? ?? ???? ??? ??? ??????,Emergency,Immediately go to emergency department or call ambulance
???? ????? ?????? ???? ??? ????? ?? ???? ?????? ??? ??????,Emergency,Immediately go to emergency department or call ambulance
??? ??????? ??? ???? ?? ??? ??? ??? ??????,Emergency,Immediately go to emergency department or call ambulance
???? ???? ???? ???? ??? ????? ?? ????? ???? ????? ??,Emergency,Immediately go to emergency department or call ambulance
?? ???? ??? ???? ?? ??? ???? ????? ??,Emergency,Immediately go to emergency department or call ambulance
??? ????? ??? ?? ????? ??????? ?????? ???,General Query,"No immediate action required, informational response sufficient"
??????? ????? ??? ????? ?? ???,General Query,"No immediate action required, informational response sufficient"
????????? ?????? ???? ???,General Query,"No immediate action required, informational response sufficient"
??? ??????? ???? ??? ???? ?????,General Query,"No immediate action required, informational response sufficient"
??? ???? ???? ??? ?????? ??? ?????,General Query,"No immediate action required, informational response sufficient"
???? ????? ????? ??????? ?????? ?????,General Query,"No immediate action required, informational response sufficient"
????? ?????????? ??? ???,General Query,"No immediate action required, informational response sufficient"
??????????? ????? ??? ???? ???? ????,General Query,"No immediate action required, informational response sufficient"
????????? ?? ?????? ??? ????? ??? ?????,General Query,"No immediate action required, informational response sufficient"
????? ????? ??? ???????? ???,General Query,"No immediate action required, informational response sufficient"
?? ??????? ??? ???? ???? ????? ?????? ??? ????,Routine,Schedule a regular medical consultation
????? ???? ??? ???? ??????? ???,Routine,Schedule a regular medical consultation
????? ???? ??? ?????? ???? ???,Routine,Schedule a regular medical consultation
????? ???? ???? ??? ???? ?????? ???? ??????? ????,Routine,Schedule a regular medical consultation
????? ??? ??? ???? ????,Routine,Schedule a regular medical consultation
??? ?? ??? ??? ???? ???,Routine,Schedule a regular medical consultation
??????? ????? ??? ???????? ????,Routine,Schedule a regular medical consultation
?????? ????? ??? ?????? ???,Routine,Schedule a regular medical consultation
????? ????????? ?? ??????,Routine,Schedule a regular medical consultation
???? ????? ??? ????? ??? ???? ????,Routine,Schedule a regular medical consultation
????? ????? ??????? ? ?????? ????? ??? ?????? ???????? ????????? ?????? ??????????? ???? ????????,General Query,"No immediate action required, informational response sufficient"
????? ??? ????? ???? ???? ????? ???? ??? ?? ??????? ???-?? ???? ???? ?????????,Emergency,Immediately go to emergency department or call ambulance
"??????? ???? ????? ?????? ????? ??? ???? ???, ???? ???? ???? ?????? ?? ???? ????",Routine,Schedule a regular medical consultation
???? ????????? ???? ??? ????? ???????? ????? ?????? ???????? ???????? ??????,General Query,"No immediate action required, informational response sufficient"
???? ???? ???? ??? ?????? ???? ???? ??? ????? ????? ?????? ??? ??????? ????????,Emergency,Immediately go to emergency department or call ambulance
????? ?????? ???? ????? ???? ???? ??? ?????? ???? ???? ?? ????? ????? ????,Routine,Schedule a regular medical consultation
????????? ???? ???? ????? ????? ?????? ????????? ????? ????? ?? ????? ?????,Emergency,Immediately go to emergency department or call ambulance
????? ?????? ??????? ??? ???? ????????? ???????? ??????????? ???? ????????? ?????,General Query,"No immediate action required, informational response sufficient"
"????? ????? ???? ??? ???? ???? ????, ???? ??? ????? ??????? ???? ??? ?????? ???? ????",Routine,Schedule a regular medical consultation
???? ???? ?????? ?? ????? ????? ???? ???? ???? ?????? ??? ?? ???? ?????,Routine,Schedule a regular medical consultation
"??? ??? ????? ????? ???? ??????? ????? ?? ??? ???? ?? ??? ??????, ??????? ??????? ???",Urgent,Seek medical care within 24–48 hours
??? ??? ????? ????? ??? ????????? ???????? ????? ???????? ????? ???????,General Query,"No immediate action required, informational response sufficient"
"???? ???? ????? ????? ?? ????? ????? ???????, ???? ???? ???????? ?????? ????? ??????? ???",Emergency,Immediately go to emergency department or call ambulance
????? ????? ???? ????? ???? ?????? ??? ???? ?? ???? ???? ????? ???????,Routine,Schedule a regular medical consultation
???? ???? ?????? ?? ??? ???? ??? ???? ?????? ???? ????? ?? ???? ??????? ????,Routine,Schedule a regular medical consultation
??? ????? ???? ???? ????? ?? ?????? ???? ??? ?????? ?? ????? ?????? ???? ????? ??????? ???,Urgent,Seek medical care within 24–48 hours
????? ???? ????????? ??????? ???? ??? ??????? ????????? ????????? ???? ?????? ????????,General Query,"No immediate action required, informational response sufficient"
"????? ????? ????? ??? ????? ??? ??????? ?? ????? ????, ???? ???? ???? ???? ????",Routine,Schedule a regular medical consultation
????? ??? ????? ??? ???? ???? ???? ???? ?? ??? ???? ???? ???????? ??????? ???,Emergency,Immediately go to emergency department or call ambulance
????? ???? ??????? ???? ??? ?????? ?? ????? ????? ????? ??? ????? ???? ???????,Urgent,Seek medical care within 24–48 hours
????????? ????????? ??????? ??? ????? ??? ???????? ???? ??? ???? ??? ??????? ???? ???? ??????,General Query,"No immediate action required, informational response sufficient"
"????? ??? ???? ??? ???? ???? ??? ???? ???, ??? ???? ??????? ???? ??? ?? ???? ???????",Urgent,Seek medical care within 24–48 hours
"????? ???? ????? ???? ?????? ???? ??????, ???? ???? ?????? ?? ???????? ??? ??????",Routine,Schedule a regular medical consultation
"??? ????? ????? ???? ?? ????? ???? ???? ????? ????, ???? ?????? ???? ??? ????? ??????? ???",Emergency,Immediately go to emergency department or call ambulance
????? ???? ???????? ???????? ????? ??? ???? ???? ?? ?? ????? ????? ????? ???? ?? ???????,Urgent,Seek medical care within 24–48 hours
"?????? ?????? ??? ??????? ????? ??? ????, ?? ????? ?????? ??????? ??????",General Query,"No immediate action required, informational response sufficient"
"????? ???? ??? ???? ????? ?? ??? ???? ??? ????? ?????, ??? ??? ????? ???? ???? ????",Urgent,Seek medical care within 24–48 hours
"????? ???? ???? ????? ???? ????? ??? ??? ??????? ??????, ????? ?? ??????? ????",Routine,Schedule a regular medical consultation
????? ????? ???? ???? ????? ?????? ????? ?? ????? ?????? ???? ???? ???? ????? ???? ?????,Emergency,Immediately go to emergency department or call ambulance
??????? ??????? ????????? ????? ????? ???????? ??? ???? ?????? ????????? ???? ???? ??????,General Query,"No immediate action required, informational response sufficient"
????? ????? ????? ????????? ???? ??? ?????????? ?????????? ???? ???????? ????????? ???? ????,General Query,"No immediate action required, informational response sufficient"
???? ???? ????? ????? ???????? ??? ?? ????? ??? ???? ?????? ??????? ?????,Urgent,Seek medical care within 24–48 hours
"????? ????? ????? ?????? ??? ??? ??? ???? ???? ???? ???????, ????? ????",Routine,Schedule a regular medical consultation
"???? ???? ????? ????, ???? ??? ?????? ???? ??? ???????, ??????? ????????? ????? ????????",Emergency,Immediately go to emergency department or call ambulance
"????? ????? ???? ????? ??? ??, ???? ???? ???? ???? ???? ???? ???????",Urgent,Seek medical care within 24–48 hours
????? ???? ?? ???? ????? ??? ??? ??? ??? ?????? ???? ????? ????,Routine,Schedule a regular medical consultation
????? ??????? ???????? ???? ??????? ??? ?? ????? ???????? ?????? ??????? ???? ????????,General Query,"No immediate action required, informational response sufficient"
????? ???? ?????? ?? ????? ?? ????? ??? ???? ?? ???? ??? ?? ????? ??????? ?????? ???,Emergency,Immediately go to emergency department or call ambulance
????? ???? ?????? ??? ????? ???? ??????? ?? ??????? ????? ???? ?????,Routine,Schedule a regular medical consultation
"????? ???? ???? ?? ?????? ????? ????? ??? ??, ??? ???? ?????? ?? ??? ????? ?????? ???",Emergency,Immediately go to emergency department or call ambulance
?????? ????? ??? ????? ?? ????? ???? ????? ????? ??? ???? ?????,Urgent,Seek medical care within 24–48 hours
????? ???? ?????? ?? ???? ?? ?????? ?????? ?? ????? ???? ????????? ???????? ???? ??????,General Query,"No immediate action required, informational response sufficient"
????? ???? ?????? ?? ???? ???? ???? ??????? ???? ???? ?? ??? ????? ????????,Emergency,Immediately go to emergency department or call ambulance
???? ???? ??? ???? ????? ???? ??? ?? ?????? ??? ???? ???,Urgent,Seek medical care within 24–48 hours
"????? ????? ????? ????? ??? ???? ??? ??????? ????, ????? ???? ???? ????? ??? ?????",Routine,Schedule a regular medical consultation
???????????? ????? ?????? ???? ???? ??? ?? ???????? ???? ?????? ????????? ?????? ??????,General Query,"No immediate action required, informational response sufficient"
"???? ???? ??? ??? ???? ?? ???? ???????, ?????? ??? ??????? ?? ??? ??? ????????",Emergency,Immediately go to emergency department or call ambulance
????? ???? ???? ?? ???? ???? ????? ???? ??? ?? ???????? ??????,Routine,Schedule a regular medical consultation
????? ??? ???? ???????? ???? ??? ?? ??? ?????? ????? ???? ???? ???????,Urgent,Seek medical care within 24–48 hours
??????? ????? ???????? ????? ??? ???? ????? ???? ??? ?????,Routine,Schedule a regular medical consultation
???? ???? ???? ????? ???? ?? ?????? ????? ???,Routine,Schedule a regular medical consultation
????? ???? ??????? ??????? ???? ????? ??? ????,Routine,Schedule a regular medical consultation
????? ????? ??? ???? ???? ??? ??????? ???,Routine,Schedule a regular medical consultation
?????? ????? ???? ??? ????? ??,Routine,Schedule a regular medical consultation
???? ?????? ???? ??????? ???? ???????? ????,Routine,Schedule a regular medical consultation
????? ???? ???? ???? ???? ????? ??? ??????? ??,Routine,Schedule a regular medical consultation
????? ??? ????? ??? ??? ???? ?????? ????? ???,Routine,Schedule a regular medical consultation
???? ??????? ???? ??? ???? ???? ????,Routine,Schedule a regular medical consultation
??? ????? ??? ???? ???? ???? ?? ???? ???,Routine,Schedule a regular medical consultation
???? ????? ????? ????? ???????? ????,Routine,Schedule a regular medical consultation
?? ??? ??? ??? ???? ????? ????? ?? ??? ?????,Urgent,Seek medical care within 24–48 hours
????? ???? ???? ????????????? ???? ??? ?????,Urgent,Seek medical care within 24–48 hours
???? ???? ???? ???? ??? ????? ?? ????? ????,Urgent,Seek medical care within 24–48 hours
????? ??? ???? ???? ?? ?????? ????? ????,Urgent,Seek medical care within 24–48 hours
???? ????? ??????? ?? ???? ????? ???? ????,Urgent,Seek medical care within 24–48 hours
???? ???? ?? ????? ?????? ?? ?????? ???? ??? ?????,Urgent,Seek medical care within 24–48 hours
???? ??? ???? ????? ????? ????,Urgent,Seek medical care within 24–48 hours
????? ???? ???? ??? ??? ?? ???? ?????,Urgent,Seek medical care within 24–48 hours
???? ???? ?????? ?? ???? ????? ???? ??,Urgent,Seek medical care within 24–48 hours
????? ??? ???? ???? ?? ???? ??????,Urgent,Seek medical care within 24–48 hours
???? ???? ????? ????? ????? ?? ?? ??? ????,Emergency,Immediately go to emergency department or call ambulance
???? ???????? ???? ???? ???? ??? ?????,Emergency,Immediately go to emergency department or call ambulance
???? ????????? ???? ????? ?????? ???? ?????,Emergency,Immediately go to emergency department or call ambulance
???? ??????? ?????? ???? ???? ???? ?????? ??? ??????,Emergency,Immediately go to emergency department or call ambulance
???? ???? ???? ???? ??? ????? ?? ?????? ???? ????,Emergency,Immediately go to emergency department or call ambulance
???? ???? ???? ???? ??? ???? ?? ???????? ????????,Emergency,Immediately go to emergency department or call ambulance
???? ????? ???? ???? ?? ????? ??? ??????,Emergency,Immediately go to emergency department or call ambulance
???? ????? ????????? ???? ???? ??? ????,Emergency,Immediately go to emergency department or call ambulance
????? ???? ???? ???? ???? ??? ????,Emergency,Immediately go to emergency department or call ambulance
???? ?????? ?? ???? ????? ?? ???? ????,Emergency,Immediately go to emergency department or call ambulance
???? ????? ??? ?? ????? ??????? ???,General Query,"No immediate action required, informational response sufficient"
????? ???? ???????? ???? ???? ???? ???,General Query,"No immediate action required, informational response sufficient"
???? ?????? ??????? ?????? ??? ?????,General Query,"No immediate action required, informational response sufficient"
???? ???? ????? ?? ??? ?????,General Query,"No immediate action required, informational response sufficient"
???? ???? ???? ?? ?????????,General Query,"No immediate action required, informational response sufficient"
????? ?????? ??? ???? ?? ?????? ??? ?????,General Query,"No immediate action required, informational response sufficient"
????? ????? ???? ??? ???,General Query,"No immediate action required, informational response sufficient"
???? ??????? ??? ?? ???????,General Query,"No immediate action required, informational response sufficient"
???? ????? ?????? ????? ???? ???,General Query,"No immediate action required, informational response sufficient"
???? ??? ????? ???? ?? ??? ?????,General Query,"No immediate action required, informational response sufficient"
???? ????? ??? ???? ?????? ??? ???? ?????,Routine,Schedule a regular medical consultation
???? ???? ???? ???? ?? ?????? ?????? ??,Routine,Schedule a regular medical consultation
????? ????? ????? ??? ???,Routine,Schedule a regular medical consultation
???? ????? ??????? ???,Routine,Schedule a regular medical consultation
???? ???? ???? ???????? ????,Routine,Schedule a regular medical consultation
???? ????? ???? ??? ????? ??,Routine,Schedule a regular medical consultation
???? ??? ???? ???? ??? ??,Routine,Schedule a regular medical consultation
???? ????? ??????? ???? ???? ??,Routine,Schedule a regular medical consultation
???? ???? ?? ???? ??? ???? ????,Routine,Schedule a regular medical consultation
????? ??? ???? ???? ??? ???,Routine,Schedule a regular medical consultation
??? ???? ???? ????? ???? ???? ????? ??? ?? ????? ??? ???? ???? ??? ???? ??? ????? ???,Emergency,Immediately go to emergency department or call ambulance
"????? ???? ??? ?????? ?? ????????? ????? ??, ????? ??? ????? ??? ???? ?????",Routine,Schedule a regular medical consultation
????? ??? ????? ????? ????? ??? ?? ??????????? ?????? ???????? ????????? ??????? ???? ????????,General Query,"No immediate action required, informational response sufficient"
"????? ???? ???? ???? ????????? ???? ??????, ??? ????? ??? ??? ???? ????? ?? ???? ????? ???",Urgent,Seek medical care within 24–48 hours
????? ???? ?????? ?? ??? ???? ?????? ????? ??? ??? ??? ????? ?? ??? ???? ??????,Emergency,Immediately go to emergency department or call ambulance
????? ???? ??? ??? ???? ??? ?? ??????????? ??? ???? ?????? ???????? ????? ???????,General Query,"No immediate action required, informational response sufficient"
"????? ????? ??????? ????? ?? ???? ??? ??? ???, ??? ????? ??? ?? ???? ?????",Urgent,Seek medical care within 24–48 hours
"?? ???? ??? ??? ????? ?????????? ??? ????, ???? ??????? ????? ?????? ??? ???",Routine,Schedule a regular medical consultation
??? ????? ???? ??? ??? ?????????? ?????? ????????? ?????????? ????????? ?????,General Query,"No immediate action required, informational response sufficient"
???? ??? ??? ? ??? ???? ???? ? ???? ??? ????? ??? ??????? ??????? ???? ?????? ??? ?????,Emergency,Immediately go to emergency department or call ambulance
"????? ????? ????? ????? ??? ???? ??? ??? ??????, ???? ???????? ?? ????? ????",Routine,Schedule a regular medical consultation
"????? ???? ??? ???? ???? ????? ??? ??? ????? ????? ???? ????, ????? ???? ?????",Urgent,Seek medical care within 24–48 hours
?????? ??????? ???????? ????? ???????? ??? ????? ?????? ?????? ?????????? ???? ??????,General Query,"No immediate action required, informational response sufficient"
????? ???? ?????? ???? ???? ?????? ????????? ????? ??? ????? ???? ??? ??? ?????,Emergency,Immediately go to emergency department or call ambulance
"??? ???? ????? ????? ???? ??? ???? ????? ???? ??, ??? ??? ???????? ??? ?????? ?????",Urgent,Seek medical care within 24–48 hours
???? ???? ????? ?????? ??? ??? ??? ?????? ???????? ?? ????? ???? ??? ??? ????,Routine,Schedule a regular medical consultation
"??? ???? ????? ???? ??? ??? ????? ??, ??????? ?????????? ?????? ???????? ????????",General Query,"No immediate action required, informational response sufficient"
"????? ???? ???? ??? ????? ????? ?? ???? ???? ??? ???, ??? ???? ??????? ????? ?????",Urgent,Seek medical care within 24–48 hours
????? ??????? ??????? ????? ???? ???? ???? ?? ?????????? ?????,Routine,Schedule a regular medical consultation
????? ?????? ????????? ??????-??????? ??? ??? ????????? ?????? ???? ?????? ????,General Query,"No immediate action required, informational response sufficient"
"???? ??? ??? ??? ???? ??? ??? ???? ?? ?? ???? ????? ??, ??? ???? ???????",Emergency,Immediately go to emergency department or call ambulance
??? ???? ????? ??? ????? ??? ????????? ?????? ???? ???? ??? ?????? ????? ????,Routine,Schedule a regular medical consultation
????? ???? ?????? ????? ??????? ??? ??? ??? ?? ?????????????????? ???????? ????? ????,General Query,"No immediate action required, informational response sufficient"
"????? ???? ??? ???? ?? ???? ??? ?????? ??? ??, ??? ???????? ?? ????? ??????",Urgent,Seek medical care within 24–48 hours
??????? ??? ???? ??? ????????? ???? ??? ????? ?? ?? ??? ????? ???? ?????,Urgent,Seek medical care within 24–48 hours
????? ????????? ???????? ?? ????????????? ???????? ???????? ????? ??? ??????? ???? ????????,General Query,"No immediate action required, informational response sufficient"
??? ???? ????? ???? ?? ??? ???? ???? ??? ????? ?? ???? ???????? ??? ???????,Emergency,Immediately go to emergency department or call ambulance
"????? ?????? ??? ????? ????, ????????? ??? ???? ???? ??? ?? ????????",Routine,Schedule a regular medical consultation
??????? ??? ???? ???? ?????? ???? ?????? ?? ??????? ?????? ???? ???? ???? ??????,General Query,"No immediate action required, informational response sufficient"
"????? ??? ???? ???? ??? ????? ???????????? ??, ???? ??? ????? ??? ???? ????",Emergency,Immediately go to emergency department or call ambulance
"????? ??????? ???? ???? ????? ??? ?????, ???? ????? ??? ?????? ??? ?? ??????",Routine,Schedule a regular medical consultation
????? ?????????? ???? ??? ???? ??? ????? ??? ??? ????? ???? ?? ?????? ????,Urgent,Seek medical care within 24–48 hours
????? ?????? ??????????? ??? ??????? ????? ????? ???????? ???????? ??????? ????????,General Query,"No immediate action required, informational response sufficient"
??? ???? ????????????? ?????? ????? ??? ????? ?? ????? ??? ???? ??????? ????? ??????,Urgent,Seek medical care within 24–48 hours
"????? ??????? ?? ??? ????????? ??? ??? ????, ???? ???? ?????? ????",Routine,Schedule a regular medical consultation
????? ?????? ????????? ???? ?????? ??? ??? ????????? ??? ???????? ????????? ???? ????,General Query,"No immediate action required, informational response sufficient"
???? ??? ??? ???? ??????? ???? ??? ????? ??? ??????? ??????? ??? ?????,Emergency,Immediately go to emergency department or call ambulance
????? ???? ??????? ??????? ?? ??? ???? ?? ??? ????? ???? ?? ??? ??????,Urgent,Seek medical care within 24–48 hours
????????? ??? ???????? ???? ???? ?????? ???? ??? ????? ?????? ???????? ???? ??????,General Query,"No immediate action required, informational response sufficient"
"????? ??? ??????? ??? ???? ???? ????? ???, ???? ???????? ?? ????? ????",Routine,Schedule a regular medical consultation
"??? ???? ????? ????? ?? ????? ??? ????? ????, ????? ????? ??? ??? ????",Urgent,Seek medical care within 24–48 hours
????? ????? ?? ??? ?????? ???? ??? ?? ?? ???? ?????? ?????? ????,General Query,"No immediate action required, informational response sufficient"
????? ????? ??????? ?????? ?? ?????? ????? ??? ???? ?? ??? ???? ??? ??? ???? ??????,Emergency,Immediately go to emergency department or call ambulance
"????? ???? ?????? ??? ??? ??? ???? ??????, ????????? ???????",Routine,Schedule a regular medical consultation
????????????? ?? ?????? ?????-???? ?????????? ???? ? ????? ???? ???????? ????? ???????,General Query,"No immediate action required, informational response sufficient"
????? ????? ???? ???? ???? ???? ????????? ????? ?? ??? ??? ???? ??? ???????,Urgent,Seek medical care within 24–48 hours
??? ???? ???????? ?????? ??? ?????? ??? ???? ?? ?????? ???? ???? ??????? ????,Routine,Schedule a regular medical consultation
????? ???? ?? ??????? ????????? ?????? ? ??????????? ???????? ?????? ????? ????,General Query,"No immediate action required, informational response sufficient"
????? ???? ???? ???? ???? ??? ????? ?? ????? ???? ??????? ??? ??? ????,Emergency,Immediately go to emergency department or call ambulance
????? ???? ??? ?? ??????? ??? ???? ?????? ??????? ???????? ???????? ???? ????????,General Query,"No immediate action required, informational response sufficient"
??? ???? ????? ???? ???? ????? ???? ???? ?????? ??? ?????? ??,Routine,Schedule a regular medical consultation
????? ???? ????? ????? ????? ??? ???? ???????? ?????,Routine,Schedule a regular medical consultation
????? ???? ??? ???? ???? ????? ???? ?????? ???? ???? ??,Routine,Schedule a regular medical consultation
????? ??? ???? ??? ??? ???? ???? ????????,Routine,Schedule a regular medical consultation
??? ???? ???? ???? ????? ??? ???? ?????,Routine,Schedule a regular medical consultation
????? ???? ??? ????? ??? ??? ???? ???????,Routine,Schedule a regular medical consultation
????? ??? ???? ???? ??? ??? ??? ?????? ?????,Routine,Schedule a regular medical consultation
??? ???? ????? ???? ???? ???? ?? ???? ?????,Routine,Schedule a regular medical consultation
????? ???? ??????? ?? ?????? ???? ?? ????? ???,Routine,Schedule a regular medical consultation
????? ???? ???? ???? ????? ??? ????,Routine,Schedule a regular medical consultation
??? ???? ???? ?? ????? ??? ????? ?? ????? ????? ?????,Urgent,Seek medical care within 24–48 hours
????? ???? ??? ? ????? ????? ??? ??? ???,Urgent,Seek medical care within 24–48 hours
??? ???? ?? ????? ??? ????? ?????,Urgent,Seek medical care within 24–48 hours
????? ??? ???? ???? ?? ?????? ???? ????? ????,Urgent,Seek medical care within 24–48 hours
??? ???? ????? ???? ???? ????? ?? ??? ???? ?????? ?????,Urgent,Seek medical care within 24–48 hours
????? ???? ???? ????? ???? ??????? ????? ??? ?????,Urgent,Seek medical care within 24–48 hours
????? ?? ??? ???????? ???? ??? ????,Urgent,Seek medical care within 24–48 hours
????? ???? ?????? ?? ????? ?????? ????? ?????,Urgent,Seek medical care within 24–48 hours
????? ???? ??? ????? ?? ??? ??????,Urgent,Seek medical care within 24–48 hours
??? ???? ?? ???? ???? ?? ????,Urgent,Seek medical care within 24–48 hours
???? ??? ???? ?? ??? ???? ?????? ???? ????,Emergency,Immediately go to emergency department or call ambulance
???? ???? ???? ?????? ??? ???? ?? ????? ???? ????? ??,Emergency,Immediately go to emergency department or call ambulance
??? ???? ????? ???? ??? ???? ???? ???,Emergency,Immediately go to emergency department or call ambulance
???? ????????? ????? ?? ????? ?????? ???? ?????,Emergency,Immediately go to emergency department or call ambulance
????? ???? ???? ???? ???? ????? ??? ?????,Emergency,Immediately go to emergency department or call ambulance
??? ???? ???? ????? ??? ??????? ????? ????,Emergency,Immediately go to emergency department or call ambulance
???? ?????? ?? ???? ????? ?? ?????? ?????,Emergency,Immediately go to emergency department or call ambulance
????? ???? ???? ???? ???? ??? ????? ?? ????? ?????,Emergency,Immediately go to emergency department or call ambulance
??? ???? ???? ???? ???? ????????? ?????,Emergency,Immediately go to emergency department or call ambulance
??? ???? ??? ??? ???? ????? ???? ????? ??,Emergency,Immediately go to emergency department or call ambulance
??? ???? ???? ??? ?? ?????? ?? ??????? ????? ???? ???,General Query,"No immediate action required, informational response sufficient"
??? ???? ??? ??? ????? ???? ??? ????,General Query,"No immediate action required, informational response sufficient"
????? ??????? ????? ?? ??? ?????,General Query,"No immediate action required, informational response sufficient"
??? ???? ???? ???? ??? ???? ???,General Query,"No immediate action required, informational response sufficient"
??? ???????? ???? ?????? ?????? ?????? ???,General Query,"No immediate action required, informational response sufficient"
??? ???? ???? ???? ??? ?????? ??? ?????,General Query,"No immediate action required, informational response sufficient"
????? ?????? ??? ???,General Query,"No immediate action required, informational response sufficient"
??? ???? ??? ??????? ?? ??????? ????,General Query,"No immediate action required, informational response sufficient"
????? ?????????? ??? ???? ?? ?????? ?????? ???,General Query,"No immediate action required, informational response sufficient"
????? ??????? ?????????? ???? ???,General Query,"No immediate action required, informational response sufficient"
??? ???? ???? ???? ?????? ????????????? ??? ????,Routine,Schedule a regular medical consultation
????? ???? ???? ???? ????? ?????? ??,Routine,Schedule a regular medical consultation
????? ???? ??? ??? ??? ??????? ???,Routine,Schedule a regular medical consultation
??? ???? ????? ???? ???? ???? ?????? ??,Routine,Schedule a regular medical consultation
????? ???? ???????? ???? ???????,Routine,Schedule a regular medical consultation
??? ???? ?? ???? ????,Routine,Schedule a regular medical consultation
????? ??? ???? ???? ???????? ????,Routine,Schedule a regular medical consultation
????? ???? ????? ??? ???? ?????? ????? ??,Routine,Schedule a regular medical consultation
??? ???? ????? ????? ???? ???? ???,Routine,Schedule a regular medical consultation
????? ???? ???? ???? ????? ?????,Routine,Schedule a regular medical consultation
???? ????? ???? ???? ???? ??? ???? ????? ????? ?????? ???????? ???????? ????? ????,General Query,"No immediate action required, informational response sufficient"
"????? ?????? ??? ???? ???? ???? ???? ?? ??????? ???? ????, ????????? ?????? ??????",Emergency,Immediately go to emergency department or call ambulance
??????? ??? ???? ?????? ???? ?? ????? ???? ???? ???? ??? ???? ??????,Routine,Schedule a regular medical consultation
"???? ???? ??? ??? ??? ?? ????? ???? ??? ???? ??? ??, ?????? ????? ????",Routine,Schedule a regular medical consultation
????? ??????????? ???????? ????? ??? ???????? ?????? ??????? ?????? ????????? ???? ?????? ????????,General Query,"No immediate action required, informational response sufficient"
"???? ??? ??? ?? ?????? ???? ??? ??? ????, ????? ????? ???? ????? ???",Emergency,Immediately go to emergency department or call ambulance
"??????? ???? ???? ??? ?? ????? ??????? ???, ???? ????? ??? ?????????? ????",Urgent,Seek medical care within 24–48 hours
?????? ???? ???? ???? ?? ????? ?? ??? ?? ???? ????? ????? ???? ??? ???,Routine,Schedule a regular medical consultation
?????? ??????? ???? ???????? ??? ?? ???? ?????????????????? ??? ?? ?? ????? ????,General Query,"No immediate action required, informational response sufficient"
????? ???? ???? ????? ???? ????? ???? ?? ???? ?????? ???? ???? ??? ?????,Emergency,Immediately go to emergency department or call ambulance
"?????? ????? ??????? ????? ?? ????? ?????? ???? ????, ?????? ???? ?????? ????? ???",Urgent,Seek medical care within 24–48 hours
"?????? ??? ?? ???? ??????? ??????, ??? ????? ??? ???? ??? ???????",Urgent,Seek medical care within 24–48 hours
?????? ???????? ?? ??????? ?????????? ?????? ????????? ???? ??? ??????? ??????,General Query,"No immediate action required, informational response sufficient"
"???????????? ?? ????? ????? ?? ???? ??? ???? ?? ??????? ???? ???, ????? ????? ???",Emergency,Immediately go to emergency department or call ambulance
?????? ??? ??? ??? ????? ??? ??????? ????? ?? ??? ?????? ?? ????????? ??????,Routine,Schedule a regular medical consultation
??????? ????? ???? ???? ???? ???? ????? ?? ???? ??? ????????? ????? ???,Emergency,Immediately go to emergency department or call ambulance
???? ???? ???? ??? ????? ?? ??? ???? ??? ???? ???????? ??? ??????,Urgent,Seek medical care within 24–48 hours
???? ???? ???? ?????? ?????? ?? ??? ?????????? ???????? ?????? ????? ??? ???? ????,General Query,"No immediate action required, informational response sufficient"
????? ?????? ???? ???? ????? ??? ???? ????? ????? ?? ??? ??? ?? ??????,Routine,Schedule a regular medical consultation
"???? ??? ???? ?????? ??? ???? ?????, ?????? ?? ??? ???? ???? ????? ?????? ??? ????",Routine,Schedule a regular medical consultation
????????? ???? ???? ??? ?????? ?????? ??? ????? ???? ?????? ?????????? ???? ??????,General Query,"No immediate action required, informational response sufficient"
"?????? ?? ???? ???? ??? ??? ????, ???? ????? ?????? ?? ?? ??? ????? ???? ??????",Emergency,Immediately go to emergency department or call ambulance
?????? ?????? ???? ????? ??? ????? ?? ???? ????????? ???? ?? ???? ??? ???,Urgent,Seek medical care within 24–48 hours
???? ???? ??? ?????? ???? ??? ??? ?????????? ?????? ????????? ???????? ????? ???????,General Query,"No immediate action required, informational response sufficient"
??????? ???? ????? ??? ???? ??? ?? ??????? ??????? ???? ?????,Urgent,Seek medical care within 24–48 hours
???? ????? ?? ???? ??? ???? ????? ?? ?? ??????? ???? ????? ?????,Urgent,Seek medical care within 24–48 hours
????? ????? ?? ?? ??? ?? ??? ?? ?????????? ?????? ???????? ???? ????????,General Query,"No immediate action required, informational response sufficient"
???? ??? ???? ????? ?? ??????? ??????? ?????????? ???? ????? ?? ??? ??? ??? ???????,Emergency,Immediately go to emergency department or call ambulance
?????? ???? ???? ??? ??? ???? ???? ??? ?? ????? ?? ?????? ??? ??? ????,Routine,Schedule a regular medical consultation
"?????? ???? ???? ???? ????? ??? ?????? ??? ??, ???????? ?? ????? ??? ?????",Urgent,Seek medical care within 24–48 hours
???????? ????????? ???? ???? ??? ??? ???????? ??????? ??? ??? ?? ?? ????? ????,General Query,"No immediate action required, informational response sufficient"
????? ???? ????? ????? ???? ??? ?? ??????? ??? ??? ?????? ???? ?????,Urgent,Seek medical care within 24–48 hours
"?????? ????? ??????? ???? ??? ????, ????? ????? ??? ????? ??? ?? ???? ???????",Urgent,Seek medical care within 24–48 hours
?????? ???? ???? ????? ??? ?? ??? ???? ????? ?????? ?????? ???????? ???? ??????,General Query,"No immediate action required, informational response sufficient"
???? ??? ????? ????? ????? ???? ?? ??? ???? ??? ??? ???? ???? ????? ?????,Emergency,Immediately go to emergency department or call ambulance
??????? ??? ??? ??? ??? ???? ???? ?????? ?????? ???? ????? ?? ???????? ????,Routine,Schedule a regular medical consultation
?????? ??????? ????? ?? ?????? ??????? ?????? ??? ????????? ???????? ?????? ???? ????,General Query,"No immediate action required, informational response sufficient"
"?????? ???? ???? ???????? ???? ???? ?? ?????? ???? ??? ?????, ??? ?? ???? ????? ???",Emergency,Immediately go to emergency department or call ambulance
????? ????? ?? ??? ???? ??? ????? ??? ?? ??????? ???? ????? ????? ???,Urgent,Seek medical care within 24–48 hours
???? ???? ???? ???? ???? ????? ?? ????? ???? ????? ?? ?????,Urgent,Seek medical care within 24–48 hours
?????? ???? ???? ????? ???? ??? ??? ??? ???? ?????? ??????? ???????? ???????? ???? ????????,General Query,"No immediate action required, informational response sufficient"
????? ???? ??????? ???? ????? ????? ?? ???? ??? ????? ???? ??? ???????,Emergency,Immediately go to emergency department or call ambulance
"?????? ????????? ?????? ?? ?????????? ???, ????? ??? ???? ??????? ????",Routine,Schedule a regular medical consultation
????? ??? ???? ???????? ???? ????? ?? ????? ??? ?????? ???? ?????? ????? ????,Routine,Schedule a regular medical consultation
?????? ????? ???? ?? ????? ???? ????????? ?? ?? ??? ????? ?????? ??????? ????,General Query,"No immediate action required, informational response sufficient"
????? ???? ???? ?? ??? ?????? ???? ??? ??? ??? ???? ?????? ???? ????,Urgent,Seek medical care within 24–48 hours
?????? ?????? ???? ??? ?? ??? ???? ???? ?? ????? ???? ??? ???? ??????,Emergency,Immediately go to emergency department or call ambulance
?????? ???? ???? ???? ???? ????? ?? ??????? ??? ??? ??? ????,Routine,Schedule a regular medical consultation
????? ????? ???? ???????? ????? ?????? ?????? ??? ?????? ?? ??????? ????? ????,General Query,"No immediate action required, informational response sufficient"
???? ????? ???? ????? ???? ??????? ????? ???? ?? ??? ?? ???? ???? ???,Urgent,Seek medical care within 24–48 hours
???? ???? ?????? ???? ?????? ???????,Routine,Schedule a regular medical consultation
?????? ???? ??? ???? ??? ?????? ????? ??,Routine,Schedule a regular medical consultation
??????? ????? ???? ?????? ????? ????? ??? ???? ???,Routine,Schedule a regular medical consultation
????? ????? ???? ??????? ???? ??? ?????? ????? ???,Routine,Schedule a regular medical consultation
????? ????? ???? ??? ????? ??????? ???,Routine,Schedule a regular medical consultation
????? ???? ???? ???? ????? ???? ?????? ?????? ??,Routine,Schedule a regular medical consultation
?????? ????? ??? ????? ????? ???? ?????? ????,Routine,Schedule a regular medical consultation
??????? ???? ???? ???? ??????? ??,Routine,Schedule a regular medical consultation
????? ???? ???? ???? ?????? ????? ???,Routine,Schedule a regular medical consultation
???? ???? ????? ??? ???? ?????? ???? ????? ???,Routine,Schedule a regular medical consultation
????? ????? ????? ????? ?? ???? ?????? ????? ??,Urgent,Seek medical care within 24–48 hours
????? ???? ???? ?? ??? ???? ????? ????,Urgent,Seek medical care within 24–48 hours
??????? ?? ????? ?? ???? ???? ?????,Urgent,Seek medical care within 24–48 hours
???? ???? ???? ?? ???? ?????,Urgent,Seek medical care within 24–48 hours
????? ???? ???? ??? ????? ?? ???????? ?????,Urgent,Seek medical care within 24–48 hours
????? ?????? ????? ????? ?????? ????? ??,Urgent,Seek medical care within 24–48 hours
?????? ?? ????? ?? ????? ???? ????? ??,Urgent,Seek medical care within 24–48 hours
????? ???? ?????? ???? ????,Urgent,Seek medical care within 24–48 hours
?????? ???? ???? ?? ??? ???? ?????? ?????,Urgent,Seek medical care within 24–48 hours
???? ???? ?? ????? ?????,Urgent,Seek medical care within 24–48 hours
???? ??? ????? ???? ?????? ???? ???? ?? ????? ???? ???? ?????,Emergency,Immediately go to emergency department or call ambulance
???? ? ??? ??? ??? ???? ???? ?? ?? ???? ?????,Emergency,Immediately go to emergency department or call ambulance
?????? ?? ???? ???? ?? ??? ???? ????? ??,Emergency,Immediately go to emergency department or call ambulance
???? ???? ???? ?? ?????? ???? ????,Emergency,Immediately go to emergency department or call ambulance
????? ???? ????????? ???? ????? ?????? ????,Emergency,Immediately go to emergency department or call ambulance
???? ???? ???? ?? ????? ??? ??????,Emergency,Immediately go to emergency department or call ambulance
???? ???? ???? ???? ???? ????? ??,Emergency,Immediately go to emergency department or call ambulance
????? ???? ?????? ???? ?? ???? ?????,Emergency,Immediately go to emergency department or call ambulance
????? ???? ???? ???? ????? ???? ???? ?????,Emergency,Immediately go to emergency department or call ambulance
?????? ??? ??? ?????? ?? ????? ???? ?????,Emergency,Immediately go to emergency department or call ambulance
????? ????? ??? ?? ????? ???? ????? ???,General Query,"No immediate action required, informational response sufficient"
????? ???? ?????? ????? ???? ???,General Query,"No immediate action required, informational response sufficient"
??????? ?? ??? ?? ???????,General Query,"No immediate action required, informational response sufficient"
???? ???? ??? ???? ???? ???,General Query,"No immediate action required, informational response sufficient"
???? ???????? ????? ???? ???? ???,General Query,"No immediate action required, informational response sufficient"
????? ???????? ??? ???,General Query,"No immediate action required, informational response sufficient"
????? ?? ?? ?????????,General Query,"No immediate action required, informational response sufficient"
???? ???????? ??? ?? ??? ?????,General Query,"No immediate action required, informational response sufficient"
????? ???? ???? ??? ??? ???,General Query,"No immediate action required, informational response sufficient"
????? ???? ??????? ?????????? ???? ???,General Query,"No immediate action required, informational response sufficient"
???? ???? ????? ?????? ?????? ??,Routine,Schedule a regular medical consultation
??????? ????? ??? ??? ?????? ????? ???,Routine,Schedule a regular medical consultation
????? ???? ???? ??????,Routine,Schedule a regular medical consultation
????? ????? ??????????? ???,Routine,Schedule a regular medical consultation
????? ???? ???? ???? ???????? ????,Routine,Schedule a regular medical consultation
?????? ????? ??? ????,Routine,Schedule a regular medical consultation
?????? ????? ??? ??? ???,Routine,Schedule a regular medical consultation
?????? ???? ???? ????? ????,Routine,Schedule a regular medical consultation
????? ???? ??? ?????,Routine,Schedule a regular medical consultation
????? ????? ??? ??? ???????,Routine,Schedule a regular medical consultation
????? ?????? ???? ?? ????? ???? ????? ?? ??????? ????? ???? ?????? ???? ??????,General Query,"No immediate action required, informational response sufficient"
"???? ???? ?? ???? ???? ???? ??? ?? ????? ??? ??? ??????, ?? ???? ????? ???",Emergency,Immediately go to emergency department or call ambulance
"??????? ?????? ?????? ??? ????? ???? ????, ????? ??? ???? ???? ???? ?????",Routine,Schedule a regular medical consultation
"????? ????? ???? ???? ????? ??? ???? ??? ??? ??????? ???, ??? ???? ????? ????",Routine,Schedule a regular medical consultation
???? ???? ???????? ????? ?????? ???? ??? ??? ?????????? ?????? ???????? ????? ????,General Query,"No immediate action required, informational response sufficient"
???? ???? ???? ?? ??? ???? ?????? ????? ?? ?? ???-?? ?? ??? ??? ?????,Emergency,Immediately go to emergency department or call ambulance
"????? ???? ???? ??? ??? ??? ?? ???? ???? ?????? ??? ???? ??????, ??????? ?????",Urgent,Seek medical care within 24–48 hours
????? ?????? ???? ??? ???? ????? ?? ??? ???? ??? ?????? ????? ???? ???,Routine,Schedule a regular medical consultation
??????? ??????? ?????? ????? ??? ???? ???????? ???????? ???????? ????????? ???? ????????,General Query,"No immediate action required, informational response sufficient"
???? ?????? ???? ???? ???? ???? ????? ???? ???? ??? ????? ?? ????? ??????? ??? ?????,Emergency,Immediately go to emergency department or call ambulance
"????? ?????? ???????? ???? ??? ??? ???? ???, ???? ?????? ???? ??? ???? ???",Urgent,Seek medical care within 24–48 hours
"???? ????? ????? ????? ????? ???, ???? ?????? ???? ?????? ?????? ?? ?? ??? ??????",Urgent,Seek medical care within 24–48 hours
????? ????????? ?????? ?????? ??? ?? ??????? ??????? ????????? ?????? ????? ????,General Query,"No immediate action required, informational response sufficient"
???? ??? ??? ?? ???????? ?????????? ???? ???? ?? ????? ???? ??? ???? ??????,Emergency,Immediately go to emergency department or call ambulance
????? ?????? ??? ??? ??? ???? ????? ?? ??? ?????? ?????? ???? ???? ?????? ????,Routine,Schedule a regular medical consultation
"???? ??? ???? ???? ????? ??????? ??????, ??? ??? ????? ???? ??????? ?????????? ????",Urgent,Seek medical care within 24–48 hours
????? ?????? ???? ????????? ??????????? ?? ??????? ???? ???? ???? ????? ???????,General Query,"No immediate action required, informational response sufficient"
???? ????? ??????? ????????? ???? ???? ?? ??? ???? ?? ??? ???? ???? ???? ?????,Urgent,Seek medical care within 24–48 hours
????? ????? ??????? ??? ???? ???? ??? ??? ?? ?????? ???? ?? ????? ??? ???,Routine,Schedule a regular medical consultation
???? ???? ???? ???? ??? ????? ?? ??????? ????? ??? ??? ???????? ??? ???????,Emergency,Immediately go to emergency department or call ambulance
????? ?????? ?? ???? ?? ??????? ????? ???? ? ???????? ???????? ??????? ????????,General Query,"No immediate action required, informational response sufficient"
"????? ??????? ???? ???? ?? ??????, ????????? ??? ??????? ?????? ??? ????",Urgent,Seek medical care within 24–48 hours
???? ???? ???? ????? ???? ???? ??? ????????? ????? ?? ??? ??? ????? ??????,Routine,Schedule a regular medical consultation
???? ??? ???? ???? ???? ???? ??? ???? ?? ?? ???? ???? ?????? ??? ???? ??????,Emergency,Immediately go to emergency department or call ambulance
????? ????? ???? ???? ??? ??? ???? ?????? ???? ???? ?? ????? ??? ???,General Query,"No immediate action required, informational response sufficient"
??????? ?????? ??? ??????? ???? ???? ?? ??? ???? ???? ???? ???? ??? ?????,Urgent,Seek medical care within 24–48 hours
????? ???? ?? ???? ?????? ???? ????????? ??????? ??? ???? ?? ??? ????? ????,Routine,Schedule a regular medical consultation
??????? ???? ??? ???? ?? ??? ???? ???? ??? ?????? ?? ??????? ????? ?????????,Emergency,Immediately go to emergency department or call ambulance
???? ????? ??????? ?? ??ymph node ???? ?????? ???????? ??? ??????? ?????? ????? ????,General Query,"No immediate action required, informational response sufficient"
"????? ????? ???? ?? ????? ????? ?? ???? ??? ??? ???, ??????? ???? ?????",Urgent,Seek medical care within 24–48 hours
???? ???? ????? ???? ???? ???? ??? ??? ?? ?????? ??????? ???? ???? ????? ??? ???,Routine,Schedule a regular medical consultation
????? ???? ?????? ?? ??? ???? ??? ???? ?? ????? ??? ???? ???? ????? ???,Emergency,Immediately go to emergency department or call ambulance
?????????? ???????????? ?? ????? ??? ?????? ?????? ????? ? ???????? ???????? ???? ????,General Query,"No immediate action required, informational response sufficient"
??????? ?????? ????? ???? ???? ??? ???????? ??? ????? ?? ??????? ??? ??? ????,Urgent,Seek medical care within 24–48 hours
"????? ????? ???? ??? ???? ??? ???? ???? ????? ???, ??? ?? ???????? ????? ??????",General Query,"No immediate action required, informational response sufficient"
???? ????? ??????? ?????????? ?? ??? ?????????? ?????? ????? ?? ??????? ????,Routine,Schedule a regular medical consultation
???? ??? ???? ????? ???? ???? ??? ???? ?? ?????? ??? ???? ???? ?????,Emergency,Immediately go to emergency department or call ambulance
????? ?????? ???? ?? ???? ????? ??????? ?? ?????? ???? ??? ???? ?????? ???? ????,General Query,"No immediate action required, informational response sufficient"
??????? ???? ??? ?????? ?? ????? ????? ????? ?? ?? ???? ????? ???? ???????,Urgent,Seek medical care within 24–48 hours
????? ?????? ????? ???? ???? ??? ???? ?????? ?? ????????? ???????,Routine,Schedule a regular medical consultation
???? ???? ?? ??? ???? ???? ????? ?? ??????? ????? ???????? ?? ?????? ??? ??? ????,Emergency,Immediately go to emergency department or call ambulance
????? ????? ???? ?????? ????? ?? ???? ????? ??? ????? ?? ????? ????????? ???? ??????,General Query,"No immediate action required, informational response sufficient"
???? ?? ???? ???? ???? ????? ??? ????? ??? ???? ??? ????? ???-??? ????,Routine,Schedule a regular medical consultation
??????? ????????? ?? ???? ???? ???? ???????? ???? ???? ?? ????? ???? ??????,Urgent,Seek medical care within 24–48 hours
"????? ????? ???? ?????? ???? ?? ??????? ?????, ??? ??????? ??? ?? ??? ??????",General Query,"No immediate action required, informational response sufficient"
???? ??? ???? ????? ??????? ??? ???? ?? ???? ??? ??? ???? ?? ??? ???? ????? ???,Emergency,Immediately go to emergency department or call ambulance
????? ?????? ???? ??????? ??? ?????? ?? ??????? ??? ?? ??????? ????? ???,Routine,Schedule a regular medical consultation
??? ????? ?????? ???? ????? ??? ???? ?? ????? ?????? ???? ???? ???? ???? ??????,General Query,"No immediate action required, informational response sufficient"
????? ????? ???? ??????? ?????? ?? ???-????? ?????????? ?????? ?? ???? ????? ??????,Emergency,Immediately go to emergency department or call ambulance
????? ???? ?????? ????? ????? ????? ???? ??? ??? ??? ?? ?? ???? ?? ??????,Urgent,Seek medical care within 24–48 hours
"????? ??????? ??????? ??? ?? ???? ???? ???? ???? ??? ????? ?????, ???? ??? ??? ?? ?????? ????? ???????",Emergency,Immediately go to emergency department or call ambulance
?????? ???? ????? ???? ???? ??????????????? ??????? ??? ?????? ??????? ?????? ???????? ????? ????,General Query,"No immediate action required, informational response sufficient"
"??????? ???? ????????? ????? ?????? ??? ????? ??, ????? ??? ??? ????? ?????",Routine,Schedule a regular medical consultation
????? ???? ???? ????? ???? ??? ??? ???? ????? ?? ??? ????? ??? ??? ???? ??????,Emergency,Immediately go to emergency department or call ambulance
???? ?? ???? ?????? ????? ??? ????? ???????? ?? ???????? ???? ???????? ???? ????????,General Query,"No immediate action required, informational response sufficient"
"????? ???? ???? ???? ??? ???? ??? ?? ??? ??????? ???, ?????? ???????? ???? ??? ??? ????",Routine,Schedule a regular medical consultation
"???? ??? ??????? ??? ?????? ???? ???? ????? ?? ??? ??? ??? ?????, ??????? ??????? ??? ?????",Emergency,Immediately go to emergency department or call ambulance
"??????? ?????? ????? ???? ???? ????? ???? ?? ????? ????, ?? ?????? ??? ??? ??????",Urgent,Seek medical care within 24–48 hours
????? ????-?? ???? ???? ??? ?? ??????? ???????? ?? ?? ??? ??? ??? ?? ????? ???????,General Query,"No immediate action required, informational response sufficient"
???? ???? ????? ???? ???? ??? ???? ??? ????? ?? ????? ???? ??? ???? ??????,Emergency,Immediately go to emergency department or call ambulance
"????? ??? ??????? ?????????? ??? ?? ?? ????? ???, ??? ?? ?????? ???? ???????",Routine,Schedule a regular medical consultation
????? ???? ???? ????? ??????? ???? ??? ?? ??????? ????? ???? ???,Urgent,Seek medical care within 24–48 hours
??????? ?? ??????? ??????? ???? ??????? ????????? ???? ???? ??? ?????? ??????? ??????,General Query,"No immediate action required, informational response sufficient"
????? ?????? ?????? ?? ???? ???? ?????? ??? ??? ????? ???? ????? ??? ???? ??? ???? ??????,Emergency,Immediately go to emergency department or call ambulance
????? ????? ????? ???? ???? ?? ????? ??? ????? ???? ?? ??? ??? ?? ??????,Urgent,Seek medical care within 24–48 hours
???????? ????????? ????????? ???? ???? ?????? ???????? ??? ????? ???????? ???? ????,General Query,"No immediate action required, informational response sufficient"
???? ??? ??????? ???? ????? ?? ??? ????? ???????? ??? ????? ?? ??????????? ?????,Urgent,Seek medical care within 24–48 hours
"????? ?????? ????? ??? ??? ???? ???? ?????, ??? ??? ??? ?? ????? ????",Routine,Schedule a regular medical consultation
???? ????????? ????? ??? ??????? ??? ?????? ?? ??? ???-??? ??? ??? ?????,Emergency,Immediately go to emergency department or call ambulance
"?????????? ????? ???? ???? ??????? ????? ??, ???? ??????? ???? ????? ???? ????",Urgent,Seek medical care within 24–48 hours
????? ???? ?? ????? ???????? ??????? ???? ???? ?? ???? ????? ??????? ???? ?????? ???? ????,General Query,"No immediate action required, informational response sufficient"
????? ?????? ?????? ??? ???? ?????? ?? ????????? ?????? ?????? ???? ???? ?????? ????,Routine,Schedule a regular medical consultation
???? ??? ????? ?????? ??????? ???? ?????? ????? ???? ????? ?? ??? ???? ????? ???,Emergency,Immediately go to emergency department or call ambulance
????? ????? ???? ???? ?? ?? ???? ?????? ???? ?? ??? ??? ?????? ???,Urgent,Seek medical care within 24–48 hours
????????? ?????????? ???? ?????????? ??? ??? ??? ?????? ???? ??? ???????? ????? ????,General Query,"No immediate action required, informational response sufficient"
????? ??????? ??????? ??? ???? ????? ??? ?? ???? ????? ???? ?????? ?????? ??? ????,Routine,Schedule a regular medical consultation
???? ??? ???????? ??????? ??????? ????? ???? ???? ?? ??? ??? ?????? ?? ?? ???? ?????,Emergency,Immediately go to emergency department or call ambulance
????? ????? ??? ???? ???? ????? ????? ?? ????? ??? ?? ??? ??? ??? ???? ??????,Urgent,Seek medical care within 24–48 hours
????? ???? ??? ????? ?? ???????? ??? ???????? ???????? ?????? ???????? ???? ??????,General Query,"No immediate action required, informational response sufficient"
????? ?????? ??? ????? ????? ????? ???? ?????? ?? ??????? ??? ???? ??????,Emergency,Immediately go to emergency department or call ambulance
????? ??????? ????????? ??????? ????? ?? ?? ???? ??????? ???? ???? ??? ????,Routine,Schedule a regular medical consultation
?????? ????? ?? ???? ????? ????? ??? ??? ???? ?? ?? ???? ?????? ??? ???,Urgent,Seek medical care within 24–48 hours
??????? ?????? ?? ??????? ??????? ????? ???????? ?????? ????? ??? ?? ????????? ????? ???????,General Query,"No immediate action required, informational response sufficient"
"????? ?????? ??? ???? ????? ?? ??? ????? ??? ???? ???? ???? ????, ????? ???? ????? ???",Emergency,Immediately go to emergency department or call ambulance
????? ?????? ???? ??? ???? ???? ????? ??? ???? ???? ????????? ???? ????? ????,Routine,Schedule a regular medical consultation
???? ???? ?????? ??????? ??? ???? ?? ??? ?? ??????? ???? ???????,Urgent,Seek medical care within 24–48 hours
??????? (COPD) ??????? ?????? ???????? ?????? ??? ????????? ?????? ???? ???? ????????,General Query,"No immediate action required, informational response sufficient"
????? ???? ???? ??? ??? ???? ??????? ??? ??????? ????? ?? ??????? ???? ???? ??? ?????,Emergency,Immediately go to emergency department or call ambulance
????? ????? ???? ?????? ???????? ??? ??? ???? ????? ?? ??? ??????,Routine,Schedule a regular medical consultation
????? ????? ????? ???? ???? ?? ???? ??? ????? ?? ???????? ??? ???? ??? ????,Urgent,Seek medical care within 24–48 hours
????? ?????? ???? ?? ???? ????? ????? ?? ????? ???? ?? ????? ?????? ???? ????,General Query,"No immediate action required, informational response sufficient"
???? ??? ???????? ??????? ???? ??? ???? ??? ????? ?? ????? ??? ???? ???? ?????,Emergency,Immediately go to emergency department or call ambulance
??????? ????? ???? ????????? ????????????? ??? ????? ?? ?? ????? ???? ??? ????,Routine,Schedule a regular medical consultation
???????? ?????? ???? ?? ??? ????? ???? ???? ???? ?? ?? ????? ???????? ?????,Urgent,Seek medical care within 24–48 hours
????? (ECG) ???? ??????????? ??? ??? ???? ??????? ?? ?? ?????? ??? ??? ?? ????? ????,General Query,"No immediate action required, informational response sufficient"
????? ??????? ???? ???? ????? ??? ??????? ????? ????? ?? ???? ????????? ?????? ?????,Emergency,Immediately go to emergency department or call ambulance
????? ??????? ???? ???? ???????? ??? ????? ?? ???????? ?????? ????? ????? ?????,Routine,Schedule a regular medical consultation
????? ????? ???? ???? ???? ???? ???? ?? ????? ???? ?? ?? ??? ??? ????,Routine,Schedule a regular medical consultation
??????? ?? ???? ????? ?????? ????? ??? ?????? ??????? ??????? ???????? ???? ??????,General Query,"No immediate action required, informational response sufficient"
???? ??? ???????? ???? ??? ???? ??? ????? ?? ??????? ??? ??? ?????? ??? ????,Emergency,Immediately go to emergency department or call ambulance
????? ??????? ??????? ??? ?? ???? ???? ????? ????? ?? ??? ?? ??? ?????? ????? ???????,Emergency,Immediately go to emergency department or call ambulance
??????? ??????? ???? ????? ???? ????????? ??????????? ??? ????????? ?????? ?????????? ????? ????,General Query,"No immediate action required, informational response sufficient"
"??? ????? ????? ????? ????????? ???? ??????? ??? ????? ??, ?? ???? ??????? ???? ??? ????",Routine,Schedule a regular medical consultation
????? ??????? ???? ???? ???? ???? ??? ????? ?????? ???? ???? ????? ????? ?? ??? ?????,Emergency,Immediately go to emergency department or call ambulance
???? ??????? ?? ??????????? ??????????? ???? ??? ?? ??????????? ????? ???????? ???? ????????,General Query,"No immediate action required, informational response sufficient"
???? ??? ???????? ??? ???? ???? ?? ????? ????? ??????? ????? ???? ?? ????? ???,Urgent,Seek medical care within 24–48 hours
????? ??? ???? ??? ???? ????????? ???? ??????? ????? ?? ?? ???? ????? ???? ????,Routine,Schedule a regular medical consultation
????? ????????? ?????????? ??? ??? ??????? ???????? ????? ???????? ?????? ????? ? ???? ????,General Query,"No immediate action required, informational response sufficient"
"????? ??????? ??????? ?????????? ?? ???????? ?????, ??? ????? ?????? ??? ??????",Urgent,Seek medical care within 24–48 hours
???? ??? ????? ??????? ????? ???? ????? ?? ??????? ??? ??? ?????? ?????? ??????,Emergency,Immediately go to emergency department or call ambulance
????? ??? ????? ??????? ???? ????????? ??????? ??? ????? ?? ?? ????? ???? ??? ????,Routine,Schedule a regular medical consultation
"????? ???? ????? ??? ???? ??? ?? ???-?? ?????? ????, ???? ??????? ???? ??? ???",Routine,Schedule a regular medical consultation
??????????????? (ECHO) ??? ????? (ETT) ???????? ??????????? ? ???? ???????? ????????? ???? ????,General Query,"No immediate action required, informational response sufficient"
????? ??????? ??????? ????? ???? ????? ???? ???? ?????? ?? ?? ???? ????? ??? ?????? ??? ???????,Emergency,Immediately go to emergency department or call ambulance
??????? ???? ???? ??????? ?????? ????? ??? ?? ??????? ?????? ???????? ????? ???????,General Query,"No immediate action required, informational response sufficient"
"????? ??? ???? ???? ???? ??? ?????? ?? ?????, ??? ?? ???? ???? ???? ????",Urgent,Seek medical care within 24–48 hours
"???? ??? ???????? ???? ??? ???? ??? ????? ?? ???? ??? ???? ????? ??, ???? ????? ??????",Emergency,Immediately go to emergency department or call ambulance
?????? ?????? ????? ?? ?? ??????? ??????? ??? ???? ??? ???? ?????? ?????? ????????,General Query,"No immediate action required, informational response sufficient"
????? ?????? ???? ??????? ????? ???? ??? ?????? ?? ????? ??? ?????????? ?????,Urgent,Seek medical care within 24–48 hours
????? ??? ???? ??? ????? ??? ?? ??????? ??? ???? ???????? ?? ???? ?????,Routine,Schedule a regular medical consultation
??????? ??? ?? ??????? ?????? ??????? ????????? ??? ??????? ???????? ?????? ???? ????,General Query,"No immediate action required, informational response sufficient"
????? ???? ???? ??? ????? ??????? ????? ???? ????? ?? ???????? ???? ???? ???????,Emergency,Immediately go to emergency department or call ambulance
??? ????? ???? ???? ????? ??? ?????? ????? ?? ??? ???? ???? ????? ????,Routine,Schedule a regular medical consultation
???? ????????? ??????? ????? ??? ??? ???? ??? ?? ??????? ??????? ?????? ?????? ???? ????,General Query,"No immediate action required, informational response sufficient"
????? ??????? ???????? ??? ???? ???? ?? ???? ??? ?????? ?????,Urgent,Seek medical care within 24–48 hours
???? ????? ??? ???? ??????? ???? ?????? ?? ??????? ?????? ??? ??? ?????? ?????,Emergency,Immediately go to emergency department or call ambulance
????? ??????? ?? ?????? ????? ??? ?? ?????????? ???????? ???????? ??????? ????????,General Query,"No immediate action required, informational response sufficient"
????? ??????? ?????? ???? ?? ??? ?? ??????? ?? ??? ???? ?? ????? ?????? ???,Routine,Schedule a regular medical consultation
???? ??????? ??? ????? ??? ???? ??? ????? ??? ?? ????????? ?? ???? ????,Urgent,Seek medical care within 24–48 hours
????? ??????? ????????? ???? ????? ??? ??????? ????? ?? ??????? ?????? ??? ???????,Emergency,Immediately go to emergency department or call ambulance
????? ?????????? ????? ??????? ?? ????? ?? ??? ??? ?????? ?????? ???????? ????? ????,General Query,"No immediate action required, informational response sufficient"
????? ??? ????? ?????? ??? ??? ??????? ????? ?? ??? ????? ?? ???? ???? ???????,Routine,Schedule a regular medical consultation
????? ?????? ????? ?????? ??? ?? ??? ?? ???????? ??? ???????? ?????,Urgent,Seek medical care within 24–48 hours
??????? ???????? ?????? ???? ??? ?? ????????? ???????? ?????? ??????? ???? ????,General Query,"No immediate action required, informational response sufficient"
????? ??????? ??????? ?????? ???? ??? ??? ???? ??? ??? ???? ?? ?????? ????? ???,Emergency,Immediately go to emergency department or call ambulance
????? ??? ???? ?????? ??? ??????? ????????? ????? ???? ?? ?????? ??? ????,Urgent,Seek medical care within 24–48 hours
?????????? ???? ??????? ??????? ????????? ???? ??? ?????? ?????????? ???????? ???? ????,General Query,"No immediate action required, informational response sufficient"
???? ??? ????? ??????? ??? ???? ???? ????? ?? ???-?? ???? ??? ??? ?????,Emergency,Immediately go to emergency department or call ambulance
????? ??? ???? ??????? ??? ???? ????? ????? ??? ?? ???? ??? ???? ?????,Routine,Schedule a regular medical consultation
????? ??????? ???? ????? ???? ?? ??? ????? ????? ???? ??????,Urgent,Seek medical care within 24–48 hours
?????? ??????? ????? ?? ????? (ASD) ????? ????? ??? ?? ?????? ??????? ???????? ????? ????,General Query,"No immediate action required, informational response sufficient"
????? ???? ???? ??? ??? ?????? ????? ??? ?????? ??? ?????? ????? ?? ????? ???? ??? ?????,Emergency,Immediately go to emergency department or call ambulance
????? ??? ???? ??? ???? ??????? ??????? ??? ?????? ??? ????? ?? ???? ??? ?????? ??????,Urgent,Seek medical care within 24–48 hours
???? ?? ????? ?????? ???? ??????? ?????? ???????? ????? ?????? ???????? ?? ???,General Query,"No immediate action required, informational response sufficient"
????? ??????? ???? ???????? ?? ?????? ?? ???? ?????? ???????? ?????? ??? ????,Routine,Schedule a regular medical consultation
????? ???? ???? ???? ???? ??? ??????? ????? ?? ??????? ????? ?????,Emergency,Immediately go to emergency department or call ambulance
????? ????? ?????? ?? ????????? ?????????? ?????? ???????? ? ??????? ?????? ????? ???????,General Query,"No immediate action required, informational response sufficient"
????? ??? ???? ???? ??? ????????? ???? ????? ?? ????? ????? ??? ??? ?????,Urgent,Seek medical care within 24–48 hours
??????? ???? ??? ???? ??? ??? ???? ??? ?? ??? ?? ?????,Routine,Schedule a regular medical consultation
????? ??????? ?????? ???? ???? ????? ??? ??? ???? ???? ??? ????? ?? ????????? ??????,Emergency,Immediately go to emergency department or call ambulance
????? ??? ???? ???? ??????? ????? ?? ????? ?????? ???? ???? ??? ??? ????? ??? ?????,Emergency,Immediately go to emergency department or call ambulance
????? ??? ????????? ???? ????? ???? ?????? ??????????? ??? ???????? ??????? ??????? ????? ????,General Query,"No immediate action required, informational response sufficient"
"?????? ????????? ????? ???? ???? ????? ??, ????? ??? ???? ???? ??????",Routine,Schedule a regular medical consultation
??? ???? ???? ??? ???? ?? ????? ?????? ???? ???? ????? ??? ???? ?? ??????? ???? ????? ???,Emergency,Immediately go to emergency department or call ambulance
??????????? ?? ??????? ?????? ????? ???? ??? ??????????? ????? ?????? ?????? ??????? ???????? ???? ????????,General Query,"No immediate action required, informational response sufficient"
????? ??????? ??? ??? ???? ??? ?? ???? ???? ??? ??????? ??? ??? ??? ????,Urgent,Seek medical care within 24–48 hours
??? ????? ???? ????????? ??????? ????? ?? ?? ?????? ?? ???????? ???? ???? ??? ????,Routine,Schedule a regular medical consultation
????? ????? ?? ???? ????? ???? ??? ?? ?????????? ?????? ??????? ?????? ???????? ????? ???????,General Query,"No immediate action required, informational response sufficient"
????? ????? ???? ??????? ?????? ???? ???? ???? ??? ?????? ?? ???????? ??? ??? ???? ??????,Urgent,Seek medical care within 24–48 hours
???? ??? ???? ???? ?????? ?????? ???? ???? ???? ????? ?? ????????? ??? ??? ?????,Emergency,Immediately go to emergency department or call ambulance
?????? ??????? ??? ????? ???? ?? ???????? ???? ???? ??? ?????????? ????,Urgent,Seek medical care within 24–48 hours
????? ????? ??? ?????? ?? ????????? ?????? ????????????? ?? ??? ???,Routine,Schedule a regular medical consultation
?????????? ???? ????? ????? ??? ?? ?????? ??????? ?????? ?? ??????? ???????? ?????? ???? ????,General Query,"No immediate action required, informational response sufficient"
"??? ???? ??? ??????? ??? ???? ???? ?? ???? ?? ???? ????? ??, ??? ???? ???? ??????",Emergency,Immediately go to ambulance
"??? ????? ??????? ???? ????????? ????? ??? ????, ????? ??? ??????? ????? ?????? ???",Urgent,Seek medical care within 24–48 hours
????? ????? ???? ???? ???? ????? ??? ?????? ?? ?? ????? ??? ?? ?????? ????? ????,Urgent,Seek medical care within 24–48 hours
??? ????? ?? ?????? ?????? ?????? ???? ??? ????? ????? ???????? ????????? ???? ????????,General Query,"No immediate action required, informational response sufficient"
???? ??????? ?????? ?? ???? ???? ????? ??? ???? ???? ?? ???? ???????? ??? ???????,Emergency,Immediately go to emergency department or call ambulance
??? ????? ???? ??????? ??? ???? ????? ???????? ??? ?? ???? ???? ????? ?????,Routine,Schedule a regular medical consultation
?????? ??????? ????? ???????? ???????? ?????? ???? ? ????? ???????? ???????? ???? ????,General Query,"No immediate action required, informational response sufficient"
????? ????? ???? ???? ??????? ????? ?? ???? ????? ???? ????? ??????,Urgent,Seek medical care within 24–48 hours
???? ??? ????? ???? ??????? ?????????? ???? ????? ?? ??????? ??? ??? ???? ?????,Urgent,Seek medical care within 24–48 hours
??????? ???? ??? ?????? ????? ?????????? ?????? ???????? ???????? ??????? ????????,General Query,"No immediate action required, informational response sufficient"
???? ????????? ?? ????? ??? ???? ??????? ????? ?? ??????? ????????? ?????? ????,Emergency,Immediately go to emergency department or call ambulance
?????? ???? ???? ???? ?? ??? ?? ????? ???? ???? ?? ?????? ??????,Urgent,Seek medical care within 24–48 hours
????? ?????????????? (USG) ???? ???? ??? ?? ??????? ?? ?? ??? ??? ?? ????? ????,General Query,"No immediate action required, informational response sufficient"
????? ??? ???? ??? ???? ????? ?? ??????? ????? ?????? ?? ?? ?????? ????? ???,Emergency,Immediately go to emergency department or call ambulance
????? ???????? ?????? ??????? ?? ??? ??? ??????? ???? ?????? ??????? ????,Routine,Schedule a regular medical consultation
????? ???? ??? ???? ?????? ???? ??? ????????????? ???????? ???????? ???? ????????,General Query,"No immediate action required, informational response sufficient"
???? ??? ?????? ????? ????? ???? ????? ?? ????? ???? ?????? ????????? ??????,Emergency,Immediately go to emergency department or call ambulance
????? ??? ???? ????????? ????????? ????? ??? ????? ?????? ?? ?? ???? ??????? ?????,Routine,Schedule a regular medical consultation
????? ???? ???????? ????? ??????? ????? ?? ??? ????? ???????? ???? ????,Urgent,Seek medical care within 24–48 hours
???????? ????? ???? ??? ?? ?????? ????????? ???????? ????????? ???? ????? ???????,General Query,"No immediate action required, informational response sufficient"
??? ???? ????? ???? ?? ???? ?????? ??? ???? ????????? ????? ?????????,Emergency,Immediately go to emergency department or call ambulance
????? ????? ???? ??? ???? ???? ??????? ????? ??? ?? ???? ???? ????? ???? ??? ????,Routine,Schedule a regular medical consultation
?????? ?????? ??????? ??? ????? ?? ??? ???? ???? ???? ??? ?????,Urgent,Seek medical care within 24–48 hours
????? ????? ?? ????? ?????? ??? ??????? ??? ??????? ?????? ???????? ?????? ????? ????,General Query,"No immediate action required, informational response sufficient"
???? ??? ????? ????? ??????? ???? ???? ???? ???? ?? ??? ????? ?? ???? ??????? ??? ?????,Emergency,Immediately go to emergency department or call ambulance
????? ????? ???? ??? ????? ????? ?? ???? ??? ??? ??? ?? ????? ????? ?????,Routine,Schedule a regular medical consultation
????? ??? ???? ??????? ??? ???? ????? ??? ?? ?????? ?? ???? ????,Urgent,Seek medical care within 24–48 hours
??????? ???? ????? ???????? ??????? ??? ???? ????? ???? ???????? ???????? ???? ????????,General Query,"No immediate action required, informational response sufficient"
????? ??????? ??????? ?????????? ?? ??? ???? ???? ??? ??? ????? ?????,Urgent,Seek medical care within 24–48 hours
????? ???? ???? ??????? ??? ????? ???? ??? ????? ???? ??? ???,Routine,Schedule a regular medical consultation
???? ??????? ???? ???? ?????? ?? ??? ????? ???? ??? ????? ??? ?????,Emergency,Immediately go to emergency department or call ambulance
?????? (IBS) ??????? ???? ?????? ??????? ???? ??? ?????????? ???????? ???? ????,General Query,"No immediate action required, informational response sufficient"
??? ????? ???? ??????? ?????? ???? ???? ???? ???? ?? ??????? ???? ?? ??? ?????,Urgent,Seek medical care within 24–48 hours
?????? ???? ???????? ?? ???????? ???? ?????? ??? ??? ?????? ???? ???? ????,Routine,Schedule a regular medical consultation
????? ????? ???? ???? ?????? ???? ??? ?? ?? ????? ???? ???????? ?????,Routine,Schedule a regular medical consultation
??????????? ??? ??????????? ???????? ??????????? ? ??????? ???????? ?????? ???? ????,General Query,"No immediate action required, informational response sufficient"
???? ??????? ????? ?? ???? ??? ?? ??? ??? ???? ?? ????????? ???? ?? ??? ??????,Emergency,Immediately go to emergency department or call ambulance
??????? ?????? ???? ???? ??? ???? ?????? ?? ???? ???? ??? ???????,Routine,Schedule a regular medical consultation
????? ??????? ??????? ???? ???? ??? ??? ?? ?????? ??? ????? ?????? ??? ???????? ????? ???,Urgent,Seek medical care within 24–48 hours
???????????????? ????? ?????? ???? ??? ?? ??????? ??????? ???? ???????? ????? ???????,General Query,"No immediate action required, informational response sufficient"
????? ??? ???? ??????? ???? ??????? ?????? ?? ????? ???? ??? ???? ??????,Emergency,Immediately go to emergency department or call ambulance
?????? ?????? ???? ??? ?? ?????????? ?? ????????? ?????? ???? ????,Urgent,Seek medical care within 24–48 hours
???????????? ??? ???? ?????? ????????? ???? ??? ???????? ???? ?????? ???? ???? ??????,General Query,"No immediate action required, informational response sufficient"
????? ????? ??????? ???? ??? ???? ???? ????? ??? ??????? ????? ???? ??????,Emergency,Immediately go to emergency department or call ambulance
????? ????? ??? ???? ??? ???? ?? ???? ???????? ???? ???? ???? ??? ?????,Routine,Schedule a regular medical consultation
????? ??? ???? ????????? ?????? ??? ?? ??????? ???? ???? ??? ????,Routine,Schedule a regular medical consultation
????? ?????? ????????? ?? ??????????? ?????? ???? ??? ??????? ?????????? ???? ????,General Query,"No immediate action required, informational response sufficient"
?????? ??????? ?????? ???? ?????? ??????? ???? ????? ?????? ????? ??????? ????,Urgent,Seek medical care within 24–48 hours
????? ??????? ??? ???? ???? ????? ?????? ?? ???? ?????????? ??? ?????????,Emergency,Immediately go to emergency department or call ambulance
????? ???? ???? ????? ??? ?? ????????? ????? ??? ????? ??? ????,Routine,Schedule a regular medical consultation
????? ??? ???? ????? ???? ????? ??? ??? ?? ????? ????? ????? ?????,Urgent,Seek medical care within 24–48 hours
????? ????? ?????? ???? ????? ?? ??? ?????? ????????? ?????? ???????? ?????? ???? ????,General Query,"No immediate action required, informational response sufficient"
????? ????? ??? ????? ??? ?? ??? ?? ??????? ????? ???? ??? ?????,Routine,Schedule a regular medical consultation
???? ???? ??????? ?????? ???? ???? ?????? ??? ??? ??? ?????? ?? ???? ????? ?????? ???,Emergency,Immediately go to emergency department or call ambulance
??????? ??? ???? ???? ??? ?????? ?? ?? ???? ?????? ?? ?????? ???? ????,Routine,Schedule a regular medical consultation
????? ??? ?? ???? ?????? ??? ????? ?????? ???? ???? ????? ???? ???????,Urgent,Seek medical care within 24–48 hours
????????????????? ?? ??????????? ???????? ?????? ????? ??? ?? ??????? ???????? ???? ????,General Query,"No immediate action required, informational response sufficient"
????? ??????? ???? ??? ???? ????? ?????? ??? ??????? ????? ???? ????? ?? ???? ???????? ??? ??????,Emergency,Immediately go to emergency department or call ambulance
????? ??? ?????? ???? ????????????? ??????? ?? ????????? ??? ???? ????? ????????? ???????? ????? ????,General Query,"No immediate action required, informational response sufficient"
????? ??? ???? ????????? ???? ??????? ????? ?? ?? ???????? ???? ??? ???? ????,Routine,Schedule a regular medical consultation
???? ??????? ???? ?????? ?? ???? ??? ??? ??? ?? ??? ?????? ?? ????? ???? ??? ???? ??????,Emergency,Immediately go to emergency department or call ambulance
????? ??????? ????? ???????? ????? ??? ?? ????? ?????? ?????? ???????? ???????? ???? ????????,General Query,"No immediate action required, informational response sufficient"
????? ??? ???? ??????? ??? ???? ???? ???? ????? ????? ???? ?? ????? ????? ???? ???,Urgent,Seek medical care within 24–48 hours
?????? ????????? ???? ??????? ??? ????? ?? ?? ????? ?????? ???? ????????? ??? ???,Routine,Schedule a regular medical consultation
????????? ????????? ????????? ??? ??????????? ???? ???? ??? ???????? ?????? ????????? ???? ????,General Query,"No immediate action required, informational response sufficient"
????? ???? ???? ??? ??????? ?????????? ?? ??? ???? ????? ??????? ??????,Emergency,Immediately go to emergency department or call ambulance
"??? ????? ???? ?????? ???? ??????? ???? ?? ??? ??? ???, ??? ????? ????? ???? ???? ?????",Emergency,Immediately go to emergency department or call ambulance
????? ??????? ??? ??? ??? ??? ???? ?????? ?? ??? ?????? ?? ????????? ????? ????,Routine,Schedule a regular medical consultation
????? ????-?? ?? ???? ??????? ???? ??? ?????? ????????? ??? ??????? ???????? ????????? ????? ????,General Query,"No immediate action required, informational response sufficient"
?????? ??????? ?????? ????? ???? ??? ??????? ????? ?? ?? ????? ??? ???? ??? ????,Urgent,Seek medical care within 24–48 hours
????? ??? ???? ??????? ??? ???? ????? ?? ????? ???? ?????? ???? ??? ????,Urgent,Seek medical care within 24–48 hours
???? ??? ???? ????? ???? ???? ????? ??? ??????? ????? ?? ???? ????? ?????? ???????,Emergency,Immediately go to emergency department or call ambulance
????? ????????????? ?????? ???? ?? ????? ????????? ?????? ???? ??? ???? ?????? ???? ????,General Query,"No immediate action required, informational response sufficient"
????? ????? ???? ??? ???? ????? ????????? ??? ???? ????? ??? ??????,Urgent,Seek medical care within 24–48 hours
????? ????? ??? ???? ??? ???? ?? ?????? ?????? ???? ??? ?? ??????? ????? ???? ???????,Routine,Schedule a regular medical consultation
"????? ?????? ???? ????? ???? ??????? ???? ???? ???????? ???? ??, ??? ????? ??????",Urgent,Seek medical care within 24–48 hours
????? ???????? ???? ??????????? ????? ?? ?? ?????? ???????? ???????? ?????? ???? ????????,General Query,"No immediate action required, informational response sufficient"
????? ??? ???? ?????? ?? ???? ???? ?????? ?? ??? ?????? ????? ?????? ?????,Emergency,Immediately go to emergency department or call ambulance
?????? ?????????? ???? ???? ???? ???? ????? ??? ????? ????? ?? ??? ??? ?? ??????,Urgent,Seek medical care within 24–48 hours
????? ???? ???? ???? ??????? ???? ??? ????? ?? ??????? ???????? ???? ?? ??????? ????,Urgent,Seek medical care within 24–48 hours
????? ????? ?? ???? ?????? ?? ????? ???? ???? ?? ????????? ???????? ????,General Query,"No immediate action required, informational response sufficient"
????? ????? ??? ??? ??? ????? ??? ??? ?????? ??????? ?? ?? ???? ?????? ?????,Routine,Schedule a regular medical consultation
???? ??? ????? ????? ???? ????? ?? ?????? ??????? ?????????? ? ??????? ??????,Urgent,Seek medical care within 24–48 hours
????? ????????? ?? ???????? ????? ??? ??? ???? ??? ????? ?? ??????? ?????,Emergency,Immediately go to emergency department or call ambulance
????? ???? ?????? ????????? ???? ?????? ??? ???? ??????? ?? ?? ???????? ???? ????,Routine,Schedule a regular medical consultation
??????? ????????? ?? ??? ?????? ??? ???????? ????? ??????? ??? ??????? ???????? ????? ????,General Query,"No immediate action required, informational response sufficient"
"??? ???? ???? ???? ??? ??? ?? ????????? ???? ????? ??? ?????? ??, ??????? ?????????",Emergency,Immediately go to emergency department or call ambulance
????????? ????? ???? ??????? ?????? ???? ?? ????? ???? ?? ??? ????? ?????? ???? ???????,Routine,Schedule a regular medical consultation
??????? ?? ???????? ???? ??? ?????? ??????????? ???? ????? ???????? ???????? ????? ????,General Query,"No immediate action required, informational response sufficient"
????????? ??? ????? ???? ???? ??? ???? ??? ????? ?????? ???? ????? ????,Urgent,Seek medical care within 24–48 hours
???? ??? ????? ????? ??????? ???? ???? ???? ???? ???????? ??? ?? ??? ????? ?? ???? ????????,Emergency,Immediately go to emergency department or call ambulance
????????? ????? ?? ??????????? ??? ???? ????????? ???????? ? ??????????? ???????? ???? ????????,General Query,"No immediate action required, informational response sufficient"
???????? ???? ???? ???? ????????? ?? ????? ??? ????? ?? ????????? ??? ??? ????? ????,Urgent,Seek medical care within 24–48 hours
??????? ???? ???? ???? ?????? ??? ????? ?????? ??? ????? ?? ??????? ???? ???? ??????,Urgent,Seek medical care within 24–48 hours
???????????? ?? ??? ??????? ??? ???? ?????? ????? ???? ??? ??????? ??? ????? ???????,General Query,"No immediate action required, informational response sufficient"
????????? ?????? ??????? ?????????? ?? ????? ???? ??? ?????? ?? ???? ????? ??? ??????,Urgent,Seek medical care within 24–48 hours
??????? ???? ???? ??? ??? ???? ??? ????? ?? ??????? ?????? ??????? ???? ??? ????? ???,Emergency,Immediately go to emergency department or call ambulance
???????? ??????? ??? ?????? ?? ????????? ????? ?? ??? ??? ??????? ???? ????,Routine,Schedule a regular medical consultation
????????? ??????? ??????? ?? ??????????? ???? ??? ?? ?? ???? ????? ?? ?? ????? ????,General Query,"No immediate action required, informational response sufficient"
????????? ?? ??????? ?????????? ??? ?? ???? ????? ??????? ?????? ?? ?? ??????? ???? ?????,Urgent,Seek medical care within 24–48 hours
???????? ?????? ???? ???? ????? ???? ?????? ???? ?????? ?? ??? ??????? ??????,Emergency,Immediately go to emergency department or call ambulance
"??????? ???? ???? ?? ??? ??? ??????? ????? ?????, ??? ????? ???? ???? ??????",Urgent,Seek medical care within 24–48 hours
???????? ???????? ?? ?????? ????? ????? ??? ?? ?????? ??????? ?????? ???????? ???? ????,General Query,"No immediate action required, informational response sufficient"
????????? ??? ??????? ??? ???? ???? ??????? ????? ??? ?? ?????? ?? ???? ????,Routine,Schedule a regular medical consultation
???? ??????? ???? ?????? ??????? ????????? ????? ?? ??????? ???????? ??? ????? ?????????,Emergency,Immediately go to emergency department or call ambulance
????????? ??????? ??? ??? ????? ?? ???? ????? ?? ??? ??? ??????? ??????,Routine,Schedule a regular medical consultation
????? ?? ?????? ????? ????? ???????? ??? ?????????? ???????? ???????? ?????? ????? ????,General Query,"No immediate action required, informational response sufficient"
???????? ?? ????? ????? ???? ????? ???? ???????? ?? ???? ???? ????? ??? ??????,Routine,Schedule a regular medical consultation
?????? ???? ????? ?? ???? ??? ????? ?? ???? ??????? ???? ???? ????? ??????,Urgent,Seek medical care within 24–48 hours
??????? ???? ???? ???? ??? ??? ????? ?? ??? ???? ????? ?????? ???? ???,Urgent,Seek medical care within 24–48 hours
????????? ????????? ?? ??????????? ??????????????? ??? ?? ??? ?? ????? ???????? ????? ????,General Query,"No immediate action required, informational response sufficient"
????????? ?????? ??????? ??? ??? ????? ?? ???? ????? ???? ??? ???? ??????,Emergency,Immediately go to emergency department or call ambulance
"????????? ??? ????? ???? ?????? ???????? ???? ????? ?? ??, ???? ????? ?? ????",Urgent,Seek medical care within 24–48 hours
???????? ??????? ????? ???? ????? ??? ???? ??? ?? ??? ?????? ?? ??????,Routine,Schedule a regular medical consultation
?????? (IBS) ? ???????? ????? ????? ???????? ??? ?????? ??????? ?????? ???????? ???? ????,General Query,"No immediate action required, informational response sufficient"
???????? ???? ???? ???? ??? ??? ?? ??? ???? ???? ???? ??? ?????? ??????,Urgent,Seek medical care within 24–48 hours
??????? ???? ???? ?? ????? ????? ????? ???? ??? ??? ???? ?? ?????? ??????? ??????,Emergency,Immediately go to emergency department or call ambulance
???????? ???? ???? ???? ????? ?? ??? ???? ???? ?? ???? ???? ???? ???,Urgent,Seek medical care within 24–48 hours
???????? ???????? ???? ????????? ?????? ????? ?? ???????? ???????? ?????? ???? ????????,General Query,"No immediate action required, informational response sufficient"
????????? ????? ?????? ???? ??? ???? ?? ??????? ??? ???? ????? ???,Routine,Schedule a regular medical consultation
????????? ?????? ??? ???? ???? ??? ???? ?????? ?? ?? ????? ???? ??? ?????,Urgent,Seek medical care within 24–48 hours
???? ??? ????? ????? ??? ???? ???? ?????? ??? ??????? ?? ??????? ???? ???? ???????,Emergency,Immediately go to emergency department or call ambulance
????? ??????? ???? ?? ??????????? ?????? ???? ??? ????? ???????? ???? ????? ????,General Query,"No immediate action required, informational response sufficient"
?????? ???? ????????????? ?? ??? ????? ?? ?????????? ??? ???? ??? ?? ??? ???????? ?????,Urgent,Seek medical care within 24–48 hours
????????? ?????? ?? ?????????????? ?????? ???? ?? ?? ????? ????? ??? ?????,General Query,"No immediate action required, informational response sufficient"
???????? ??????? ???????? ???? ?????? ???? ??? ?? ????? ???? ??? ?? ?? ????? ????,General Query,"No immediate action required, informational response sufficient"
????????? ??????? ???? ??????? ??? ????? ?? ????? ???? ?? ???? ????? ???????,Routine,Schedule a regular medical consultation
??????? ???? ??? ????????? ?????? ?????? ??? ???? ??? ??? ???? ?? ???? ??????? ?????,Emergency,Immediately go to emergency department or call ambulance
???????? ????????? ?? ?????? ????? ?? ???????? ?????????? ???????? ??????? ????????,General Query,"No immediate action required, informational response sufficient"
???????? ?? ????? ????? ???? ????? ???? ??????? ???? ?? ????????? ????? ???,Urgent,Seek medical care within 24–48 hours
????????? ??? ????? ??????? ??? ???? ?? ??? ?? ?????? ???? ?????,Urgent,Seek medical care within 24–48 hours
???? ??????? ???? ????? ???? ?? ???? ???????? ?? ??????? ??????? ???????,Emergency,Immediately go to emergency department or call ambulance
???????? ?????? ????? ?????? ???? ??? ???? ?? ?? ??????? ??????? ????? ???????,General Query,"No immediate action required, informational response sufficient"
???????? ?????? ??? ?? ??????? ??? ??????? ??? ?? ??????? ?????? ???? ????,General Query,"No immediate action required, informational response sufficient"
???????? ???? ???? ????? ???? ?????? ????? ???? ????????? ???? ?? ???? ??? ???,Urgent,Seek medical care within 24–48 hours
???????? ?? ??????? ??????? ?? ???? ??? ??? ???? ????? ?? ????? ???? ????,General Query,"No immediate action required, informational response sufficient"
???? ??? ????? ?? ??????? ???? ??? ??? ???? ?? ????????? ????????? ?????????,Emergency,Immediately go to emergency department or call ambulance
????? ????? ????? ???? ???????? ???? ????? ???? ?????? ??? ??????????? ???????? ?????? ???? ????? ????,General Query,"No immediate action required, informational response sufficient"
"?????? ??? ???? ?????? ???? ????? ????? ?? ????? ?? ??????? ???? ????? ??????, ???? ????????? ??? ?????",Emergency,Immediately go to emergency department or call ambulance
???????? ???? ??? ??????? ?????????? ?? ?? ?????????? ?? ??? ??? ?? ????? ???? ???????,Urgent,Seek medical care within 24–48 hours
????????? ?????? ????? ???? ??? ????? ??? ?? ??? ?? ???????? ???????? ???????? ????? ???,Routine,Schedule a regular medical consultation
???????? ????????? ??????? (UTI) ?????????? ????? ???? ??? ?????? ????????????? ???????? ???? ????????,General Query,"No immediate action required, informational response sufficient"
???? ??? ???????? ???? ???? ??? ???? ?? ????? ???? ???? ??? ????? ????? ?????,Emergency,Immediately go to emergency department or call ambulance
"?????? ???? ????????? ????? ?????? ??? ????? ??, ?? ??????? ???? ??? ??? ?????? ?????? ?????",Routine,Schedule a regular medical consultation
"?????????? ???? ???? ???? ?????? ?????? ???? ????? ???, ??? ??? ??? ???? ??? ?????? ????? ????",Urgent,Seek medical care within 24–48 hours
??????? ???? ????? ?????? ????? ??? ??? ???????? ???? ?? ?? ??????? ???? ?? ?? ????? ???????,General Query,"No immediate action required, informational response sufficient"
?????????? ??????? ???? ?????? ????? ???? ????????? ????? ?? ??????? ?????? ????? ?????????,Emergency,Immediately go to emergency department or call ambulance
????????? ????? ???? ???? ???? ????? ?? ???? ?????? ????? ?? ????? ?????????? ??? ????,Urgent,Seek medical care within 24–48 hours
???? ?????? ?????????? ??? ???? ??? ?? ?????? ???????? ???????? ????????? ???? ????,General Query,"No immediate action required, informational response sufficient"
?????? ???? ??????? ?????? ???? ???? ???? ???? ?? ??????? ???? ?? ??? ?????,Urgent,Seek medical care within 24–48 hours
"?????????? ?? ????? ??? ?????? ?? ??? ???????? ????, ???? ?????? ?????????",Urgent,Seek medical care within 24–48 hours
????? ???? ?? ?????????? ???? ??????????? ??? ???? ??? ?? ???????? ?????? ??????? ????????,General Query,"No immediate action required, informational response sufficient"
"???? ??? ???? ???? ???? ???? ?? ?????????? ?????? ???? ??? ????, ????? ???? ??? ???? ??????",Emergency,Immediately go to emergency department or call ambulance
?????????? ??????? ???? ??????? ?? ?????? ????? ???? ?????? ?? ??? ???????? ???? ????,Routine,Schedule a regular medical consultation
????? ??????? ????? ?? ????? ??????????? ???????? ????????? ?????? ???????? ?????? ???? ????,General Query,"No immediate action required, informational response sufficient"
???????? ?????? ???? ??????? ????? ?? ???????? ???? ??? ???? ???? ???,Routine,Schedule a regular medical consultation
"???????? ????????? ???? ????? ??, ????? ?? ???? ????? ???????? ??? ??? ???????",Routine,Schedule a regular medical consultation
?????????? ???? ??? ??? ?????? ??? ???? ??? ????? ?? ?????????? ?????? ??????? ???????,Urgent,Seek medical care within 24–48 hours
????? ???????????????? ?? ??????????? ???? ?????? ????????? ??? ??????? ??????? ???????? ???? ????????,General Query,"No immediate action required, informational response sufficient"
?????? ?????? ?? ???? ???? ?????? ?? ??? ???????? ???? ???? ???? ?????,Emergency,Immediately go to emergency department or call ambulance
?????? ????? ???? ??? ???? ?????????? ??? ????? ??? ???? ??????? ?? ??????,Routine,Schedule a regular medical consultation
?????????? ?????? ???? ???? ?? ????? ??? ??? ????? ?? ?????????? ??? ???? ???????,Urgent,Seek medical care within 24–48 hours
????????? ?? ??? ?????? ????? ??? ?? ?????? ??????? ?????? ???????? ????? ????,General Query,"No immediate action required, informational response sufficient"
???? ???????? ???? ???? ????? ???? ?????? ??? ?????? ?? ??????? ???? ?????,Emergency,Immediately go to emergency department or call ambulance
?????? ????? ?????? ???? ???? ??? ???? ??? ???? ?????? ?? ????? ???? ??? ??????,Urgent,Seek medical care within 24–48 hours
????????? ??????? ??? ?? ???? ????? ??? ????? ?? ????? ?????? ???? ????,General Query,"No immediate action required, informational response sufficient"
?????????? ??? ??????? ??? ???? ?? ??????? ???? ???? ???? ???? ????? ???? ??????,Urgent,Seek medical care within 24–48 hours
?????????? ??????? ??? ????? ?? ???? ????? ?? ?????????? ??????? ???? ???????,Routine,Schedule a regular medical consultation
??????? ????? ???? ?? ???? ??? ?? ??? ??????????? ?????? ????? ? ???? ????,General Query,"No immediate action required, informational response sufficient"
???? ??? ???? ???? ?? ???????? ???? ???? ?? ???????? ???? ??? ???? ??????,Emergency,Immediately go to emergency department or call ambulance
????????? ???? ????? ???? ??????? ?? ?????? ????? ?????????? ???????? ???? ????????,General Query,"No immediate action required, informational response sufficient"
???????? ???? ???? ???? ??? ???? ?? ?????????? ???? ??? ?????? ??? ?????,Routine,Schedule a regular medical consultation
?????? ???? ????? ???? ??? ????? ?? ?????? ???? ?? ????? ???? ???? ????,Urgent,Seek medical care within 24–48 hours
???????? ?? ??????? ????????? ?????????? ???? ??? ????? ???????? ?????? ???? ????,General Query,"No immediate action required, informational response sufficient"
?????????? ??????? ????? ?? ????????? ???? ??????? ?????????? ?? ??? ??? ???? ?????,Urgent,Seek medical care within 24–48 hours
?????? ?????? ????? ??? ???? ?????? ???? ????????? ????? ??? ??? ??????,Urgent,Seek medical care within 24–48 hours
????????? ??????? ????? ???????? ????? ???? ???? ??? ??? ????? ???????,General Query,"No immediate action required, informational response sufficient"
?????????? ??? ???? ???? ?? ???? ???? ??? ??? ???? ??? ??????? ????? ?? ??????,Emergency,Immediately go to emergency department or call ambulance
?????? ????? ???? ??????? ??? ???? ????? ????? ?? ???? ??????? ??? ?????,Routine,Schedule a regular medical consultation
?????????? ???? ???? ???? ?? ???? ????? ?????? ?? ????? ?????? ???? ????????,General Query,"No immediate action required, informational response sufficient"
???? ??? ?????? ??? ???? ??????? ???? ???? ????? ???? ????? ?? ???? ????? ?????????,Emergency,Immediately go to emergency department or call ambulance
?????????? ??????? ???? ?? ????? ?? ???????? ?? ?? ??? ?????????? ????,Urgent,Seek medical care within 24–48 hours
???????? ?? ?????????? ??????? ???? ??????? ???? ??? ???? ???? ?????? ???? ??? ???,General Query,"No immediate action required, informational response sufficient"
?????????? ??? ??? ?????? ????? ???? ??? ?????? ?????? ???? ??? ???? ???????? ???,Urgent,Seek medical care within 24–48 hours
?????? ???? ???? ???? ???????? ?? ??????? ???? ??? ???? ???? ??? ?????,Urgent,Seek medical care within 24–48 hours
????????? ???? ?????? ???? ??? ????? ???? ????? ?? ??????? ?????? ???? ????,General Query,"No immediate action required, informational response sufficient"
?????????? ??????? ??????? ???????? ???? ?????? ???? ???? ?? ?????? ??? ????? ????,General Query,"No immediate action required, informational response sufficient"
?????? ???? ???? ???? ?? ????? ????? ???? ?? ?????? ??? ?? ??? ??? ??? ?? ??????,Urgent,Seek medical care within 24–48 hours
??????????? ?????? ?????? ??? ????????? ?????????? ???????? ????????? ???? ????? ????,General Query,"No immediate action required, informational response sufficient"
"???????? ???? ??????? ????? ???? ????? ??? ??????? ???? ??? ??? ????, ???? ????????? ??? ?????",Emergency,Immediately go to emergency department or call ambulance
??????? ?????????? ??????? ??? ????????????? ???? ????? ????? ?? ??????? ????,Routine,Schedule a regular medical consultation
?????? ????? ???? ???? ?? ?????? ??? ??? ??? ????? ?? ???????? ??? ???? ??? ????,Urgent,Seek medical care within 24–48 hours
???????? ??? (STD) ?????????? ?????? ???? ??? ??????? ???????? ???? ????????,General Query,"No immediate action required, informational response sufficient"
??????????? ????? ??? ??? ??? ???? ?? ?? ????? ?? ?????????? ??? ??? ?????????? ????,Urgent,Seek medical care within 24–48 hours
????????? ????? ???? ????? ?????? ?? ?? ????? ????? ???? ?? ?????? ???? ?????,Routine,Schedule a regular medical consultation
???? ??? ??????? ???? ?????? ??????? ????????? ????? ?? ??????? ????? ?????? ???????,Emergency,Immediately go to emergency department or call ambulance
?????? ???? ???????? ?? ????? ?????? ?????? ???? ? ?????? ????????? ????? ???????,General Query,"No immediate action required, informational response sufficient"
????? ?? ?????? ??????? ????? ?????? ???? ??? ????? ???????? ???????? ???? ????,General Query,"No immediate action required, informational response sufficient"
???????? ?????? ???? ???? ?????? ?? ??? ???????? ???? ??? ???? ??????,Emergency,Immediately go to emergency department or call ambulance
"??????????? ????? ???? ???? ?? ????????? ???? ??????? ????? ??, ??????? ??????",Emergency,Immediately go to emergency department or call ambulance
?????? ?????? ??????? ??? ??? ??????? ????? ?? ??? ?????? ?????? ???? ?????? ????,Routine,Schedule a regular medical consultation
????? ????? ????????? ?? ????? ???????? ?????? ????????? ???????? ???? ????????,General Query,"No immediate action required, informational response sufficient"
???????? ????? ??????? ?????????? ?? ??? ????? ?????? ?????? ???? ??? ????,Routine,Schedule a regular medical consultation
????????? ???? ???? ?? ????? ??? ??? ????? ?? ?????????? ??? ???? ???????,Urgent,Seek medical care within 24–48 hours
????????? ????? ??? ???? ????? ?? ??????????? ???????? ?????? ??????? ?????? ????? ????,General Query,"No immediate action required, informational response sufficient"
?????? ???? ???? ??????? ????? ?? ???? ???? ???? ???? ? ???? ??????? ?????,Urgent,Seek medical care within 24–48 hours
???????? ?????? ???? ???? ???? ?????? ?? ???? ?????? ?????? ???,Emergency,Immediately go to emergency department or call ambulance
??????? ??? ???????? ????????? ??? ???? ????? ???? ?????? ????? ???????? ????,Urgent,Seek medical care within 24–48 hours
??????????? ????? ???? ???? ????? ??? ????? ????? ?? ??? ??? ?? ??????,Urgent,Seek medical care within 24–48 hours
??????? ???? ??????????? ?? ???? ???? ???? ???????? ???? ???????? ????? ???????,General Query,"No immediate action required, informational response sufficient"
???????? ????? (pH) ????????? ??? ????? ?????? ????????????? ???????? ???? ????,General Query,"No immediate action required, informational response sufficient"
????????? ??? ???? ??? ???? ?? ??? ???? ???? ?????? ???? ????? ????,Urgent,Seek medical care within 24–48 hours
?????? ????? ?????? ???? ???? ?????? ?? ???????? ????? ????? ??? ?????,Urgent,Seek medical care within 24–48 hours
???????? ??? ??? ????? ?? ???? ????? ?? ??? ????? ???? ??? ???,Routine,Schedule a regular medical consultation
????????? ???? ???? ??????? ????? ????? ??? ?? ??????? ????? ?????? ??? ???,Urgent,Seek medical care within 24–48 hours
?????? ????????????? ?????? ??? ?? ????? ?? ?????? ???????? ?????? ????? ????????,General Query,"No immediate action required, informational response sufficient"
??????? ?? ??????? ???? ????????????? ?? ??? ????? ?? ??????? ???? ?????,Emergency,Immediately go to emergency department or call ambulance
????????? ???? ?????? ??????? ??? ?????? ?? ??????? ?? ??????? ????? ???,Routine,Schedule a regular medical consultation
?????? ??? ????? ??? ?? ??? ????? ?????? ??? ??? ??? ????,Urgent,Seek medical care within 24–48 hours
?????????? ???? ???? ????? ?? ??????? ??? ??? ???? ???? ?? ???????? ?????,Emergency,Immediately go to emergency department or call ambulance
?????????? ?? ????? ???? ?????? ????? ?????? ???????? ???????? ????? ????,General Query,"No immediate action required, informational response sufficient"
??????? ?????? ??? ??????? ????? ???? ?? ???? ????? ?????? ???? ????,General Query,"No immediate action required, informational response sufficient"
????????? ???? ???? ????? ????? ?? ???? ??? ??? ??? ?? ???? ???? ???,Urgent,Seek medical care within 24–48 hours
?????? ????? ????? ?????? ?? ????????? ?????? ????? ??? ????,Routine,Schedule a regular medical consultation
????????? ?????? ?? ?? ????? ????????? ?????? ?????? ? ??????? ????? ???????,General Query,"No immediate action required, informational response sufficient"
??????????? ????? ??? ???? ????? ????? ????????? ??? ??? ?????,Routine,Schedule a regular medical consultation
??????????? ????? ???? ??????? ??? ???????? ????? ???????? ?????? ???? ????,Urgent,Seek medical care within 24–48 hours
????????? ??? ???? ???? ???????? ?? ????? ???? ??????? ????? ???????,Routine,Schedule a regular medical consultation
?????? ???? ??????? ??? ??? ??? ???? ????? ?? ??????? ???????,Routine,Schedule a regular medical consultation
??????????? ????? ?? ??? ???? ??? ?????? ??? ?? ?? ??? ???????? ?????,Urgent,Seek medical care within 24–48 hours
??????????? ????????? ?????????? ?????? ???? ??? ??????? ???????? ???? ????????,General Query,"No immediate action required, informational response sufficient"
?????? ???? ???? ???? ????????? ?? ????? ??? ??? ???? ??? ??????? ??????,Emergency,Immediately go to emergency department or call ambulance
???? ????????? ?? ??????????? ???? ???? ??? ??? ???? ???????? ????????? ????? ????,General Query,"No immediate action required, informational response sufficient"
????????? ????? ???? ????? ???? ???? ??? ??? ?????? ??? ???,Routine,Schedule a regular medical consultation
??????????? ???? ????? ???? ??????? ????? ??? ?? ???? ???? ????? ????,Routine,Schedule a regular medical consultation
?????? ????? ???? ???? ???? ???? ??? ????? ?? ????? ????? ?????,Urgent,Seek medical care within 24–48 hours
????????? ???????????? ???? ?? ????? ???? ???? ?? ????? ??????? ??? ??????,General Query,"No immediate action required, informational response sufficient"
?????? ????? ???? ??????? ?????? ???? ???? ????????-???????? ????????? ?????? ???????,Emergency,Immediately go to emergency department or call ambulance
???????? ????? ????? ???? ????? ???? ????? ??? ???? ???????? ???????? ???? ????? ????,General Query,"No immediate action required, informational response sufficient"
????? ??????? ????????? ???? ??????? ????? ?? ?? ????????? ??? ??? ???? ???? ????,Routine,Schedule a regular medical consultation
????? ??? ?????? ?? ???? ???? ?????? ??? ??? ??? ?? ???? ?????? ????? ???,Emergency,Immediately go to emergency department or call ambulance
?? ?? ?? ?? (PLID) ?? ?????????? ??? ??? ?????? ?????? ????? ? ??????? ???????? ????? ????,General Query,"No immediate action required, informational response sufficient"
???? ???? ???? ????? ????? ????????? ???? ??? ??? ????? ???? ??????? ???? ???????,Urgent,Seek medical care within 24–48 hours
????? ?????????? ????? ??? ???? ???? ????? ?? ???? ????? ?? ????? ??? ????? ?????,Urgent,Seek medical care within 24–48 hours
???? ?????? ???? ?? ???? ????? ??????? ?? ????? ???? ?????? ?????????? ????????,General Query,"No immediate action required, informational response sufficient"
???? ??? ????? ??? ?? ??? ???? ??? ??????? ????? ???? ????? ?? ???? ??????? ??? ?????,Emergency,Immediately go to emergency department or call ambulance
?????????? ????? ???? ?????????? ??? ?? ??? ?? ?????? ????? ??? ??? ????,Routine,Schedule a regular medical consultation
?????? ?????? ??????? ??????? ????? ?? ?????? ?????? ??? ??? ????? ?? ???? ?????,Urgent,Seek medical care within 24–48 hours
????? ?????? ???????? ??? ??? ???? ????? ?? ??? ????? ??? ?????? ????? ???? ????????,Urgent,Seek medical care within 24–48 hours
???????????? ???? ??? ?? ???? ????? ??? ?? ????? ?????? ???? ? ??????? ????,General Query,"No immediate action required, informational response sufficient"
???? ????????? ???? ???? ?????? ?? ???? ????? ???? ??? ???? ????? ?? ???? ??? ??? ???????,Emergency,Immediately go to emergency department or call ambulance
"?????? ??? ??????? ?????????? ????? ???? ???? ??? ??? ??? ??, ?????? ???? ???? ???",Urgent,Seek medical care within 24–48 hours
????? ?????? ??? ????? ???????? ???????? ?????? ????? ???????? ????? ???????,General Query,"No immediate action required, informational response sufficient"
???? ???? ?? ??????? ??? ??? ???? ?? ??? ????? ???? ???? ????? ?????? ???,Urgent,Seek medical care within 24–48 hours
?????????? ?????? (MRI) ???? ???? ??? ??? ??? ??? ?? ?? ???????? ???? ????????,General Query,"No immediate action required, informational response sufficient"
???? ??? ????? ??????? ???? ?????? ????? ???? ????? ?? ??????? ????????? ?????? ?????,Emergency,Immediately go to emergency department or call ambulance
????? ??? ???? ??????? ???? ????????? ???? ????? ????? ?? ?? ???? ????? ????,Routine,Schedule a regular medical consultation
?????????? ????? ???? ?? ?????????? ????? ?????? ????? ? ???????? ???????? ???? ????,General Query,"No immediate action required, informational response sufficient"
?????? ????? ???? ??????? ????? ??? ?? ????? ???? ???? ???? ????,Urgent,Seek medical care within 24–48 hours
????? ??? ???? ???? ????? ???? ?? ???????? ???? ???? ???? ????? ???,Emergency,Immediately go to emergency department or call ambulance
???? ?????? ????? ??????? ??? ?? ?????? ???? ?? ????? ?????? ??????? ????????,General Query,"No immediate action required, informational response sufficient"
?????????? ????? ??? ?? ???????? (Tailbone) ? ???? ??? ????? ???? ?? ??????? ????,Routine,Schedule a regular medical consultation
"????? ??????? ???? ?????????? ??? ?? ??? ??????? ????? ???, ????? ??? ?????????? ?????",Routine,Schedule a regular medical consultation
???? ?????? ???? ????????? ??? ?????????? ?? ????????????? ???????? ????? ?? ???????,Urgent,Seek medical care within 24–48 hours
???????????? ?? ????? ???? ??? ?????????? ???? ??? ????? ????? ???????? ???? ????,General Query,"No immediate action required, informational response sufficient"
???? ??? ??? ?? ??? ?????? ???? ???? ??? ????? ????? ?? ???? ??????,Emergency,Immediately go to emergency department or call ambulance
?????? ????? ???? ??? ???????? ??? ????? ?? ??? ???? ????? ???? ????,Routine,Schedule a regular medical consultation
?????????? ?????? ???? ??????????? ?????? ???? ???? ??? ??? ???????? ????? ???????,General Query,"No immediate action required, informational response sufficient"
????? ??? ?????? ?? ???? ????? ???? ?? ???????? ?? ????? ???? ????? ????? ???,Urgent,Seek medical care within 24–48 hours
????? ????? ????????? ??? ?????? ?? ???? ??? ????? ???? ?????,Routine,Schedule a regular medical consultation
???? ??? ???? ?? ????? ??????? ??? ?????? ?? ??? ?????? ????? ????????? ???? ???,Urgent,Seek medical care within 24–48 hours
??????? ?? ??? ????? ??????????? ??????? ???? ?????? ???? ???? ????? ????,General Query,"No immediate action required, informational response sufficient"
????? ??????? ??????? ??? ???? ????? ?? ??????? ???? ???? ???? ???? ?????,Urgent,Seek medical care within 24–48 hours
???? ????? ???????? ??? ???? ??? ???? ?? ??????? ????? ???? ????? ???,Emergency,Immediately go to emergency department or call ambulance
?????? ????? ??????? ????????? ???? ???? ?? ?????? ???? ????? ????,Routine,Schedule a regular medical consultation
?????????? ??????? ?? ??? ????? (Pott's disease) ?? ????? ???????? ??????? ????????,General Query,"No immediate action required, informational response sufficient"
????? ??????? ????? ???? ????? ???? ??? ????? ?? ??????? ???? ????? ???,Urgent,Seek medical care within 24–48 hours
?????? ???? ???? ?? ????? ????? ?? ??? ??? ???? ??? ?? ??? ???? ??????,Urgent,Seek medical care within 24–48 hours
???????? ??? ????? ??? ?????? ????? ?? ???????? ?????????? ????? ???? ????? ???? ????,General Query,"No immediate action required, informational response sufficient"
????? ??????? ???? ????????? ??? ????? ???? ???? ?? ??????? ?????? ?????,Emergency,Immediately go to emergency department or call ambulance
?????? ??? ??? ???? ???????? ??? ????? ?? ?? ?????? ?? ??? ?????? ????? ????,General Query,"No immediate action required, informational response sufficient"
????? ????? ???? ???? ???? ??????? ?? ?? ???? ???? ?? ??????? ???? ????,Routine,Schedule a regular medical consultation
???? ?????? ???? ?? ?????? ???? ???? ?????? ?? ????? ?????? ??????? ????????,General Query,"No immediate action required, informational response sufficient"
?????????? ??? ??? ???? ??? ?? ??????? ???? ??????? ???? ??? ???????,Urgent,Seek medical care within 24–48 hours
???? ??? ??? ??? ??? ???? ???? ?????? ??? ???? ?? ??? ???? ????? ???,Emergency,Immediately go to emergency department or call ambulance
?????? ????? ????? ????? ???? ??? ?????? ?? ?? ???? ???? ????? ????,Routine,Schedule a regular medical consultation
????????? ??????? ?? ???????? ?????? ????? ? ?????? ???????? ?????? ???? ????,General Query,"No immediate action required, informational response sufficient"
"?????? ??? ?? ??? ???? ??? ????? ???? ???? ?? ??? ???? ?????? ????? ??, ??????? ??????",Emergency,Immediately go to emergency department or call ambulance
????? ?? ????? ????? ???? ??? ?????? ?? ??????? ??????? ?????????? ?????? ???? ????,General Query,"No immediate action required, informational response sufficient"
"?????? ????????? ?????? ??? ?? ???? ????? ???? ????? ?????? ??, ????? ??? ???? ?????",Urgent,Seek medical care within 24–48 hours
"????? ???? ???????? ???? ?? ????????? ??? ??????, ??? ???? ????? ????? ?? ?? ????? ????",Routine,Schedule a regular medical consultation
?????? ??????? ???? ?????? ?? ???? ???????? ???? ??? ??? ???? ?? ?????? ????? ???,Emergency,Immediately go to emergency department or call ambulance
?????? ?????????? ????? ???? ?? ??? ???? ????? ????? ?????? ??????? ????????,General Query,"No immediate action required, informational response sufficient"
?????? ????? ??? ???? ???? ??? ??????? ???? ??? ???? ?? ??????? ??? ???? ?????,Urgent,Seek medical care within 24–48 hours
????? ?????? ???? ??? ??? ????? ????? ?? ????? ???? ???? ?????? ????? ??? ???,Routine,Schedule a regular medical consultation
???? ?? ????? ???? ???? ?????? ??????? ????? ?? ???? ???? ?????? ?????? ???,Emergency,Immediately go to emergency department or call ambulance
??????? ??????? ?? ???? ??? ?????? ????? ??? ?? ?????? ??????????? ???????? ????? ????,General Query,"No immediate action required, informational response sufficient"
"?????? ?? ??? ??? ?????? ?? ????? ???? ??? ???? ?????, ??? ????? ???????? ?????? ???",Emergency,Immediately go to emergency department or call ambulance
??????? ????? ??????? ????????? ???? ???? ?? ?? ???? ???? ????? ?????? ??? ????? ?????,Routine,Schedule a regular medical consultation
????? ????? ?????? ???????? ??? ??? ????? ?? ??????? ????? ?? ???????,Urgent,Seek medical care within 24–48 hours
??????? ????? ???????? ??? ?? ?????? ??????? ?????? ???????? ?????? ???? ????????,General Query,"No immediate action required, informational response sufficient"
???? ??? ??? ???? ?? ???? ???? ???? ??? ??????? ????? ????? ?? ??????? ???? ???????,Emergency,Immediately go to emergency department or call ambulance
?????? ???????? ????? ??? ???? ???? ???? ??? ???? ?? ?????? ???? ??? ????? ?????,Urgent,Seek medical care within 24–48 hours
????? ????? ????? ??? ?????? ?? ??????? ??? ????? ??? ??? ??? ????,Routine,Schedule a regular medical consultation
????? ???? ?? ??????? ?????? ???? ?? ???? ????? ????????? ?? ????? ??????? ??? ??????,General Query,"No immediate action required, informational response sufficient"
????? ???? ???? ??????? ???? ???? ????? ??? ???? ?? ?????? ????????? ??????,Emergency,Immediately go to emergency department or call ambulance
????? ?????? ???? ???? ?????? ????? ??? ?????? ?? ?? ????? ??? ?????? ????? ????,Routine,Schedule a regular medical consultation
????? ???? ???? ???? ??? ???? ???? ??? ?? ??????? ?????? ?????? ????? ???,Urgent,Seek medical care within 24–48 hours
???? ??????? ?????? ?? ????? ???? ???????? ?? ????? ?????? ???? ????,General Query,"No immediate action required, informational response sufficient"
"???? ???? ???? ??????? ??? ???? ??? ??? ???? ???, ??? ????? ???? ????? ????",Urgent,Seek medical care within 24–48 hours
?????? ??????? ???? ??????? ??? ????? ?? ????? ?????? ???? ????? ???????,Routine,Schedule a regular medical consultation
???? ???? ??????? ???? ???? ???????? ?? ???? ??? ???? ??? ??? ?????,Emergency,Immediately go to emergency department or call ambulance
????? ???? ???? ???? ????????? ???????? ??????? ???? ???? ???? ????? ???????,General Query,"No immediate action required, informational response sufficient"
?????? ??? ??? ???? ??? ????? ?? ?????? ?????????? ????? ??? ????,Urgent,Seek medical care within 24–48 hours
????? ???? ????? ??? ??? ???? ?? ????????? ????????? ????? ??? ??????? ???,Routine,Schedule a regular medical consultation
????? ?????? ???? ?????? ?? ???? ???? ????? ?? ??????? ????? ?????? ???????,Emergency,Immediately go to emergency department or call ambulance
"?????? ??? ?? ???????? ???? ??? ??????? ??? ??? ??????, ??? ????? ????? ??? ?????",General Query,"No immediate action required, informational response sufficient"
????? ?????? ??????? ????? ??? ?? ???? ??? ???? ?? ???? ???? ????,Routine,Schedule a regular medical consultation
"?????? ?????? ???? ?? ????? ??? ???? ??? ??????, ??? ??? ?? ?? ????? ????",Routine,Schedule a regular medical consultation
????? ?????? ???? ????????? ???? ?? ????? ???? ???? ??? ???? ?? ??????? ?????? ?????,Emergency,Immediately go to emergency department or call ambulance
????? ??????? ????? ?? ????? ?????? ?????? ???? ???? ?????? ???? ????????,General Query,"No immediate action required, informational response sufficient"
??????? ?????? ???? ????? ??? ????? ?? ??? ?????? ?? ????????? ???? ???? ??? ???,Urgent,Seek medical care within 24–48 hours
?????? ???? ????? ??? ???? ??? ?? ???? ?? ????????? ???? ???? ????,Routine,Schedule a regular medical consultation
???? ??? ??? ??? ???? ??? ??? ???? ?? ??? ???? ??????? ??????,Emergency,Immediately go to emergency department or call ambulance
?????? ????? ??????? ?? ??????? ??? ?? ?? ??????? ?????? ???? ???? ????? ???? ????,General Query,"No immediate action required, informational response sufficient"
?????? ??????? ???? ??? ???? ?? ??? ??? ?????? ??? ??? ?????? ?????? ??? ????,Urgent,Seek medical care within 24–48 hours
????? ????? ??? ??? ???? ??? ?? ????? ????? ?? ????-???? ??? ????,Urgent,Seek medical care within 24–48 hours
????? ?????? ?????? ??????? ?????? ?? ?????? ?????????? ???? ??????,Emergency,Immediately go to emergency department or call ambulance
?? ????? ??? ?????? ??? ?? ??????????? ??????? ??? ??????? ?????? ???? ????,General Query,"No immediate action required, informational response sufficient"
????? ???? ???? ????????? ??? ??? ??? ????? ??? ??????? ?? ?? ??? ???????????,Routine,Schedule a regular medical consultation
??????? ?????? ????? ??? ???? ???? ??? ??? ?? ??? ???? ???? ???? ??? ?????,Urgent,Seek medical care within 24–48 hours
???? ????? ???? ???? ???????? ??????? ?????? ????? ???????? ?????? ???? ????? ????,General Query,"No immediate action required, informational response sufficient"
????? ????? ???? ??? ???? ???? ???? ??? ??? ???? ???? ?? ??????? ??????,Emergency,Immediately go to emergency department or call ambulance
?????? ??? ???? ???? ??? ?? ?????? ??? ????? ?? ????? ?? ??????????,Urgent,Seek medical care within 24–48 hours
????? ?????? ??? ??? ????????? ??????? ?? ????? ??? ?????????? ????,Routine,Schedule a regular medical consultation
"?????? ?? ???? ???? ??? ????? ?????? ???? ???? ??????, ??? ????? ??????",Urgent,Seek medical care within 24–48 hours
????? ??? ???? ???? ????????? ???? ??????? ????????? ???????? ?????? ???? ????????,General Query,"No immediate action required, informational response sufficient"
????? ?????? ???? ??????? ????????? ???? ??? ????? ?? ?????? ??? ??????? ????? ???????,Urgent,Seek medical care within 24–48 hours
?????? ?????? ???? ??? ???????? ?????? ????? ?? ?????? ???? ????? ???? ???? ??? ????,Emergency,Immediately go to emergency department or call ambulance
????? ???? ??? ???? ???? ???? ?????? ?? ?????? ??????? ???? ??? ???? ?????,Urgent,Seek medical care within 24–48 hours
???? ????? ??? ???? ?? ???? ????? ?????? ???????? ???? ??????? ????? ????? ?????,Routine,Schedule a regular medical consultation
"????? ???? ???? ???? ??? ???? ?? ???? ???? ?? ??????? ????? ?????? ??, ??? ??? ???????",Emergency,Immediately go to emergency department or call ambulance
??????? ????? ???? ?? ????????????????? ??? ?? ????? ????????? ????? ??? ?????,General Query,"No immediate action required, informational response sufficient"
?????? ????? ??? ??? ???? ??? ???? ?????? ?? ??? ????? ?????? ??? ???? ?????,Urgent,Seek medical care within 24–48 hours
????? ??? ???? ?????? ?? ?????? ??? ???? ??? ????? ???? ???? ?????? ???? ????,General Query,"No immediate action required, informational response sufficient"
????? ?????? ????? ???? ??? ????? ?? ????? ??? ??? ???? ???? ??? ????? ???? ??????,Emergency,Immediately go to emergency department or call ambulance
?????? ??? ??? ???? ??? ?? ?????? ??????? ????? ??? ??? ?????? ?? ???? ??????,Urgent,Seek medical care within 24–48 hours
????? ???????? ???? ??? ???? ???????? ??? ???? ??? ???? ?? ??? ??????????,Urgent,Seek medical care within 24–48 hours
????????? ??????? ????? ?????? ?????????? ?????? ?????? ???????? ???????? ????? ????,General Query,"No immediate action required, informational response sufficient"
??????? ??? ?? ???? ??? ???? ?? ??? ???? ????? ???? ?? ?????? ???? ??? ??????,Emergency,Immediately go to emergency department or call ambulance
????? ?????? ???? ?? ???? ???? ??? ???? ??? ??? ?? ??????? ???? ??? ?????,Routine,Schedule a regular medical consultation
?????? ?????? ??? ????? ???? ?????? ?? ???? ??? ???? ???? ??? ???? ???????,Routine,Schedule a regular medical consultation
???? ???? ??????? ?????? ?? ??? ??????? ???? ??? ???? ?? ??? ??? ??? ?????,Emergency,Immediately go to emergency department or call ambulance
?????? ????? ???? ?? ?????????? ????? ???? ????? ???? ??? ??? ????? ?????,Routine,Schedule a regular medical consultation
"????? ???? ???? ????? ?????? ??, ????? ?? ????? ???? ???? ????? ??? ???? ??? ????",Urgent,Seek medical care within 24–48 hours
?????? ????? ????? ??? ??? ???? ????? ?? ?????? ???? ???? ???? ????? ????,Routine,Schedule a regular medical consultation
????? ?????? ???? ??????? ???????? ??? ????? ??? ???? ?? ????? ??? ???????,Emergency,Immediately go to emergency department or call ambulance
???? ???? ???? ???? ??? ?? ?????? ?????? ????? ?????? ??? ????? ??? ?????,Urgent,Seek medical care within 24–48 hours
????? ??????? ???? ??? ??? ?? ??? ??? ?? ????? ?? ???????? ???????? ?????????,Routine,Schedule a regular medical consultation
???? ????????? ???? ?? ???????? ??? ??? ???? ?? ??????? ?????? ?????? ?????,Emergency,Immediately go to emergency department or call ambulance
?????? ??????? ???????? ??????? ?????? ???????? ??? ?????????????????? ???????? ????? ????,General Query,"No immediate action required, informational response sufficient"
????? ?????? ????????? ????? ?? ????? ?????? ??? ??????? ???? ?? ?????? ??????,General Query,"No immediate action required, informational response sufficient"
"?????? ??? ???? ????????? ???? ??? ?? ?????? ???? ?????? ????? ???, ??? ??? ???",Urgent,Seek medical care within 24–48 hours
??????? ?????? ???? ??? ???? ????????? ???? ??? ?????? ??? ?? ???? ??????? ????,Routine,Schedule a regular medical consultation
"????? ?????? ????? ???? ??????? ??? ???? ?? ???????? ??, ??? ?????? ???? ????",General Query,"No immediate action required, informational response sufficient"
?????? ??? ?????? ?? ???? ??? ?? ????? ??? ??? ????? ??? ???? ?? ?????? ????????,Emergency,Immediately go to emergency department or call ambulance
"????? ???? ???? ??? ???? ???? ???? ??? ??? ?? ???? ????? ???, ??? ?? ????????",General Query,"No immediate action required, informational response sufficient"
?????? ?????? ??? ???? ??? ???? ?? ???? ?????? ???? ???? ???? ???? ??? ??????,Urgent,Seek medical care within 24–48 hours
????? ?????? ???? ???? ???????? ?? ??????? ?????? ??? ?????? ?? ????????? ??????,Emergency,Immediately go to emergency department or call ambulance
??????? ?????? ????? ??? ???? ??? ???? ??? ???? ?? ????? ????? ??? ????? ?????,Routine,Schedule a regular medical consultation
????? ?????? ?????? ???? ?? ??????? ?? ??????? ????????? ????? ???????? ??? ??????,General Query,"No immediate action required, informational response sufficient"
?????? ??????? ??? ??? ??? ?? ???? ??? ?? ?????? ??????? ?????? ????? ???? ???,Urgent,Seek medical care within 24–48 hours
???? ??? ??? ?? ?????? ???? ????? ?? ????? ???? ???? ????? ??? ???????,Emergency,Immediately go to emergency department or call ambulance
?????? ?????? ???? ??? ????? ????? ??????? ??? ??????????? ???? ?????? ?????,General Query,"No immediate action required, informational response sufficient"
????? ????? ???? ???? ????? ??????? ??? ???? ?????? ?? ?? ????? ???? ???? ????,Routine,Schedule a regular medical consultation
?????? ?????????? ???? ??? ??? ??? ?? ??????? ?????? ????? ??????? ?????,Urgent,Seek medical care within 24–48 hours
???? ???? ?????? ?? ????????? ????? ????? ???? ???? ?? ????? ???? ????????,General Query,"No immediate action required, informational response sufficient"
"???? ???? ???? ?? ???? ???? ?? ???? ?????? ?????? ??, ??? ?????? ?????? ???",Emergency,Immediately go to emergency department or call ambulance
????? ????? ???????? ????????? ??? ???? ?????? ???? ?? ??? ???????? ???? ????,Routine,Schedule a regular medical consultation
?????? ?? ???? ???? ?????? ???? ???? ??? ??? ??? ???? ?? ??? ????? ?????,Urgent,Seek medical care within 24–48 hours
"?????? ?????? ????? ???? ?????? ????? ??, ????? ?????? ????? ???? ????",Urgent,Seek medical care within 24–48 hours
?????? ????? ??????????? ???????? ?????????? ?? ?? ??? ???? ??? ?????? ???? ????,General Query,"No immediate action required, informational response sufficient"
????? ?????? ??? ??? ??? ????? ???? ?????? ?? ????? ???? ?? ??? ???? ????? ?????,Routine,Schedule a regular medical consultation
?????? ????? ??? ??? ???? ???? ???? ???? ??? ???? ?? ???? ???? ????,Emergency,Immediately go to emergency department or call ambulance
????? ????? ??? ???? ?? ????? ?? ?????? ??? ???? ??? ???? ?? ?????? ??? ?????,Urgent,Seek medical care within 24–48 hours
??????? ?????? ???? ?? ???? ??? ?? ????? ??? ????? ??? ??????? ???? ????,General Query,"No immediate action required, informational response sufficient"
"???? ??? ????? ???? ??? ??? ???? ?????, ????????? ??? ???? ???? ????? ???",Emergency,Immediately go to emergency department or call ambulance
"?????? ??? ?? ??? ???? ??? ????? ???? ???? ?? ?? ???? ???? ???? ????? ??, ??????? ??????",Emergency,Immediately go to emergency department or call ambulance
????? ?? ????? ????? ???? ??? ?????? ?? ??????? ??????? ?????????? ?????? ???? ????,General Query,"No immediate action required, informational response sufficient"
?????? ???? ????? ????? ??????? ??? ?????? ?? ??????? ??? ??? ???? ???? ??? ?????,Urgent,Seek medical care within 24–48 hours
???? ??? ???? ???? ????? ???? ?? ?? ???? ??? ??? ???? ?? ?????? ???? ??? ??????,Emergency,Immediately go to emergency department or call ambulance
????? ????? ?? ?????????? ??? ???? ????????? ??? ???? ??? ????? ???? ???? ?????? ???? ????,General Query,"No immediate action required, informational response sufficient"
"????? ????? ???????? ?????? ??? ?? ????? ????? ???? ????? ?????? ??, ????? ??? ???? ?????",Urgent,Seek medical care within 24–48 hours
???????? ???? ??? ???? ????? ????? ?? ?????? ????? ???? ?????? ??? ????? ??? ?????,Routine,Schedule a regular medical consultation
????? ???? ???? ???? ??? ???? ???? ??? ?? ??????? ?????? ?? ?????? ????? ????? ???,Urgent,Seek medical care within 24–48 hours
???? ??? ??? ????? ??? ?? ????? ???? ??????? ???? ??? ??? ???? ?? ??? ??? ??????,Emergency,Immediately go to emergency department or call ambulance
?????? ???? ?? ??????? ?????????? ??? ???????? ???????? ?????? ???????? ????? ???????,General Query,"No immediate action required, informational response sufficient"
"????? ???? ???? ???? ??? ???? ?? ???? ???? ?? ??????? ????? ?????? ??, ?? ??? ???????",Emergency,Immediately go to emergency department or call ambulance
?????? ??????? ????????? ???? ???? ?? ?? ????? ???? ???? ?????? ??? ????? ?????,Routine,Schedule a regular medical consultation
????? ?????? ??????? ???? ???? ??? ??? ?????? ?? ????? ???? ??? ???? ??????,Emergency,Immediately go to emergency department or call ambulance
????????? ???? ?? ????? ??? ???? ???? ????? ?????????? ?????? ??????? ?????? ???????? ???? ????????,General Query,"No immediate action required, informational response sufficient"
????? ????? ???? ??????? ???? ???????? ?? ???? ?? ???? ??? ??? ???? ?? ??? ???? ?????,Emergency,Immediately go to emergency department or call ambulance
????? ?????? ???????? ????? ??? ???? ???? ???? ??? ???? ?? ?? ????? ??? ???? ???,Urgent,Seek medical care within 24–48 hours
??????? ????? ???? ????? ??? ???? ?? ???? ???? ????? ???? ???? ??? ???,Routine,Schedule a regular medical consultation
?????? ????? (ACL) ?????? ??? ?? ??????? ??????? ??????????? ???????? ?????? ???? ????,General Query,"No immediate action required, informational response sufficient"
????? ???? ???? ??????? ???? ???? ????? ??? ???? ?? ?????? ????????? ??????,Emergency,Immediately go to emergency department or call ambulance
???? ????? ???? ?????? ????? ??? ?????? ?? ?? ????? ??? ?????? ???? ????? ????,Routine,Schedule a regular medical consultation
????? ????? ???? ???? ???? ??? ?? ?? ????? ?? ??? ??? ???? ??? ?????? (????????? ???)?,Urgent,Seek medical care within 24–48 hours
????? ?????? ???? ???? ????????? ????? ????? ???? ???? ?? ????? ???? ????????,General Query,"No immediate action required, informational response sufficient"
"????? ???? ????? ???? ??????? ?? ???? ??? ??? ???? ???, ??? ????? ???? ????? ????",Urgent,Seek medical care within 24–48 hours
???? ?????????? (??????) ???? ???? ?? ???? ???? ?? ?? ?? ???? ????? ??? ????,Urgent,Seek medical care within 24–48 hours
???? ???? ?????? ???? ???? ???? ???? ?? ??????? ??? ??? ???? ?????,Emergency,Immediately go to emergency department or call ambulance
????? ?? ????? ??? ?????? ??? ?? ??????????? ??????? ??? ??????? ?????? ???? ????,General Query,"No immediate action required, informational response sufficient"
????? ?????? ?????? ??? ????? ???? ?????? ?? ???? ??? ???? ???? ??? ???? ???????,Routine,Schedule a regular medical consultation
?????? ?????? ???? ?? ???? ????? ???? ?? ????? ??????? ??? ?????? ?????? ??????? ????,General Query,"No immediate action required, informational response sufficient"
????? ?????? ?????? ??????? ?????? ?? ???????? ?????????? ????? ???? ?? ??? ?????? ?????,Emergency,Immediately go to emergency department or call ambulance
????? ???? ????? ??? ??? ??? ???? ?? ????????? ????????? ????? ??? ??????? ???,Routine,Schedule a regular medical consultation
???? ?????? ???????? ??????? ????? ??? ?? ????????? ??????? ????? ???? ???? ????,Routine,Schedule a regular medical consultation
????? ????? ??? ??? ????????? ??????? ?? ????? ??? ?????????? ??? ?? ?? ??? ???,Routine,Schedule a regular medical consultation
???? ??? ??? ?? ???? ??? ??? ???? ?? ????????-???????? ????????? ?????? ???????,Emergency,Immediately go to emergency department or call ambulance
????? ??????? ????? ?? ????? ???? ?????? ?????? ???? ???? ?????? ???? ????????,General Query,"No immediate action required, informational response sufficient"
????? ????? ????? ??? ??? ???? ??? ?? ????? ????? ?? ????-???? ??? ????,Urgent,Seek medical care within 24–48 hours
???????? ?????? ????? ????? ??? ???? ??? ????? ???? ??? ???? ????? ??? ???,Urgent,Seek medical care within 24–48 hours
????? ??? ???? ???? ????????? ???? ?? ????? ???? ??? ??? ???? ?? ??? ??????,Emergency,Immediately go to emergency department or call ambulance
?????? ????? ????? ?? ????????????????? ?????? ?????? ????? ? ??????? ???????? ????? ????,General Query,"No immediate action required, informational response sufficient"
????? ?????? ?? ??? ???? ??? ???? ?? ???? ?????? ???? ???? ???? ???? ??? ??????,Urgent,Seek medical care within 24–48 hours
????? ????? ???? ???? ???? ??? ??? ??? ???? ?? ?? ?????? ?????? ???,Urgent,Seek medical care within 24–48 hours
????? ???? ??? ??? ??? ????? ???? ???? ??? ???? ?? ??????? ?????? ?????,Emergency,Immediately go to emergency department or call ambulance
????? ??????? ?? (Achilles tendon) ????? ?????? ????????? ?? ??? ?????? ???? ????,General Query,"No immediate action required, informational response sufficient"
????? ????? ??????? ???? ????? ??????? ??? ???? ?????? ?? ?? ????? ???? ???? ????,Routine,Schedule a regular medical consultation
?????? ??? ??? ???? ??? ?? ?????? ??????? ????? ??? ??? ?????? ?? ???? ??????,Urgent,Seek medical care within 24–48 hours
????? ?????? ???? ?? ???? ????? ??? ????? ??? ??????? ???? ? ??????? ????,General Query,"No immediate action required, informational response sufficient"
????? ????? ??? ?? ???? ???? ???? ???? ??? ??? ???? ???? ?? ??????? ??????,Emergency,Immediately go to ambulance or call hospital
???? ??? ???? ???? ??? ?? ?????? ??? ????? ?? ????? ?? ????? ???? ???? ?????,Urgent,Seek medical care within 24–48 hours
????? ?????? ?? ??? ????? (Heel Spur) ??????? ???? ???????? ???? ???????? ????? ????,General Query,"No immediate action required, informational response sufficient"
???? ?? ?????? ???? ????? ?? ????? ???? ???? ????? ??? ?????? ??? ???? ??????,Emergency,Immediately go to emergency department or call ambulance
????? ?????? ????? ??? ??? ???? ???? ???? ???? ??? ???? ?? ???? ???? ??? (Frostbite)?,Emergency,Immediately go to emergency department or call ambulance
????? ????? ???? ?? ???? (Corn) ????? ???? ??? ?? ?????? ????? ??????? ????? ????,General Query,"No immediate action required, informational response sufficient"
???? ????? ???? ??? ???? ?? ????? ??????? ????? ???? ?? ???? ???? ?? ???????,Urgent,Seek medical care within 24–48 hours
?????? ?????? ???? ???? ??? ???? ????????? ??? ?? ????? ???????? ?????? ???? ????????,General Query,"No immediate action required, informational response sufficient"
????? ?????? ???? ?????????? ??? ????????????? ?? ??? ????? ?? ??????? ??? ?????? ??? ???,Emergency,Immediately go to emergency department or call ambulance
????? ????? ????? ??? ????? ??? ????? ????? ??? ???? ?? ?????? ??????????,Routine,Schedule a regular medical consultation
?????? ????? ???? ????? ??? ???? ???? ??? ???? ??? ??? ?? ??????? ???? ??? ?????,Routine,Schedule a regular medical consultation
????? ???? ?????? ?? ?????? ?????? ???? ???? ???? ?? ??????? ???? ??????,Urgent,Seek medical care within 24–48 hours
????????? ??? ????? ?? ???? ??? ??? ??? ??? ?????? ?????? ???????? ?? ???,General Query,"No immediate action required, informational response sufficient"
????? ????? ???? ???????? ?????? ???? ?? ??????? ???? ???? ??? ?????,Emergency,Immediately go to emergency department or call ambulance
????? ????? ???? ???? ??????? ??? ????? ?? ?????? ???? ???? ????? ????,Routine,Schedule a regular medical consultation
?????? ?????? ???? ?? ???????? ?????????? ??????????? ????? ?????? ?????? ???? ????,General Query,"No immediate action required, informational response sufficient"
???? ??? ????? ???? ???? ??? ??? ???? ?? ???? ?????? ???? ???? ??? ????? ???,Emergency,Immediately go to emergency department or call ambulance
????? ?????? ?? ???? ??? ???? ????? ???? ??? ??? ?????,Urgent,Seek medical care within 24–48 hours
???????? ??????? ?????? ?????? ??? ??????? ???????? ????????? ????? ???????,General Query,"No immediate action required, informational response sufficient"
???? ????? ??? ??? ???? ??? ?? ????? ????? ???????? ???? ??? ??? ??? ????,Emergency,Immediately go to emergency department or call ambulance
????? ????? ????? ???? ???? ??? ???? ?? ?????? ????? ?? ??? ????? ??? ????,Routine,Schedule a regular medical consultation
?????? ??????? ???????? ??????? ?????? ???? ???? ??? ??????? ???????? ???? ????,General Query,"No immediate action required, informational response sufficient"
????? ??????? ??? ???? ????? ?? ?????????? ?????? ?????? ?????? ???? ????????,General Query,"No immediate action required, informational response sufficient"
????? ?? ????? ?? ??? ??????? ???? ??? ???? ?? ??? ???? ???? ?????? ?????,Emergency,Immediately go to emergency department or call ambulance
???? ?????? ???? ??? ????? ???? ?? ????????? ??????? ????????? ???? ????,General Query,"No immediate action required, informational response sufficient"
????? ????? ????? ??? ???? ?? ????? ?? ?????? ??? ???? ??? ???? ?? ??? ?????,Urgent,Seek medical care within 24–48 hours
?????? ?????? ???? ?? ??-????? (Knee Cap) ?? ??? ??? ???? ???? ??????? ????,General Query,"No immediate action required, informational response sufficient"
????? ???? ??? ??? ???? ???? ?? ??? ????? ??? (Gangrene) ?????,Emergency,Immediately go to emergency department or call ambulance
???? ?????? ??? ????? ??? ???? ???? ?????? ?? ???? ???? ?????????? ????,Routine,Schedule a regular medical consultation
????? ???????? ?????? ???? ?????? ?? ???? ???? ????? ?? ?????? ??????? ??????,Emergency,Immediately go to emergency department or call ambulance
????? ????? ???? ?????????? ?????? ???? ?? ?????? ????? ???? ????? ???????,General Query,"No immediate action required, informational response sufficient"
?????? ????? ??????? ?? ??????? ??? ?? ?? ??????? ?????? ???? ???? ????? ???? ????,General Query,"No immediate action required, informational response sufficient"
????? ?????? ??????? ??? ??? ??? ?? ???? ??? ?? ?????? ??????? ?????? ????? ???? ???,Urgent,Seek medical care within 24–48 hours
???? ??? ???? ?? ????? ?????? ??? ??????? ???? ????? ?? ?? ???? ????,Emergency,Immediately go to emergency department or call ambulance
????? ????? ???? ?? ????? ??? ???? ??????? ??? (Flat Foot) ??? ????? ???,General Query,"No immediate action required, informational response sufficient"
??????? ???? ???? ????? ??????? ??? ???? ?????? ?? ?? ????? ???? ???? ????,Routine,Schedule a regular medical consultation
????? ?????? ?????????? ???? ??? ??? ??? ?? ??????? ?????? ????? ??????? ?????,Urgent,Seek medical care within 24–48 hours
???? ?????? ???? ?? ???? ??? ?? ????? ??? ????? ??? ??????? ???? ????,General Query,"No immediate action required, informational response sufficient"
???? ????????? ???? ?? ????? ???? ??? ??? ???? ?? ???? ???? ????? ?????? ???,Emergency,Immediately go to emergency department or call ambulance
????? ????? ???? ???? ???? ????? ?? ?????? ??????? ??? ??????,Routine,Schedule a regular medical consultation
?????? ????? ??????????? ???????? ?????????? ?? ?? ??? ???? ??? ?????? ???? ????,General Query,"No immediate action required, informational response sufficient"
????? ?????? ???? ?? ??????? ??????? ??????? ????? ?? ???? ?????? ??? ???,Urgent,Seek medical care within 24–48 hours
???? ??? ??? ???? ??? ????? ?? ??-?? ?????????? ??? ??? ?????,Emergency,Immediately go to emergency department or call ambulance
"????? ?? ?????? ???? ??? ????? ??? ?????? ???? ???? ??????, ??? ????? ??????",Urgent,Seek medical care within 24–48 hours
????? ????? ??????? ?????? (Neuropathy) ?????? ?????? ???????? ???????? ????? ????,General Query,"No immediate action required, informational response sufficient"
???? ????? ???????? ??? ???? ??? ???? ?? ??????? ?????? ???? ????? ???,Urgent,Seek medical care within 24–48 hours
??????? ??? ???? ???? ????? ????? ?? ?????? ???? ??? ???? ???????,Emergency,Immediately go to emergency department or call ambulance
????? ?????? ???? ???? ??? ??? ?? ???? ?????? ????? ?????? ???? ????,General Query,"No immediate action required, informational response sufficient"
???? ???? ?? ???? ????? ????? ?? ??? ??? ???? ??? ?? ??? ???? ??????,Urgent,Seek medical care within 24–48 hours
?????? ????? ??????? ??????? ??? ?? ?????????? ?????? ??? ???? ????? ???,General Query,"No immediate action required, informational response sufficient"
????? ????? ?????? ???? ????? ?? ?? ??? ??? ???? ?? ???????? ???? ??? ?????,Emergency,Immediately go to emergency department or call ambulance
??????? ?? ??? ???? ???????? ??????? ????? ??? ?????? ?? ??????? ????,Routine,Schedule a regular medical consultation
????? ?? ????? ??? ??? ????? ????? ?? ?? ????????? ??????? ????? ?????? ???? ????,General Query,"No immediate action required, informational response sufficient"
???? ??? ?? ???? ??? ??? ???? ???? ?????? ??? ???? ?? ??? ???? ????? ???,Emergency,Immediately go to emergency department or call ambulance
???? ?????? ????? ???? ??? ??? ???? ???? ??? ????? ???? ??????? ???? ??????,Emergency,Immediately go to emergency department or call ambulance
?????? ????? ?????????? ????????? ???? ???? ??? ?????? (SPF) ?? ??????? ???????? ????? ????,General Query,"No immediate action required, informational response sufficient"
???? ???? ??? ??? ??????? ????? ?? ??? ?????? ??? ????? ?????????? ????,Routine,Schedule a regular medical consultation
??????? ????? ????????? ?????? ??? ???? ??? ?? ??????? ?? ?? ?? ??? ???,Routine,Schedule a regular medical consultation
?????? ?????? ?????? ??????? ?? ????????? ????????? ??? ???? ???? ???? ??????,Emergency,Immediately go to emergency department or call ambulance
???? ?? ???? ?????????? ?????? ???? ??? ????? ???????? ???????? ???? ????????,General Query,"No immediate action required, informational response sufficient"
?????? ???? ???? ???? ???? ?? ??? ??? ?? ????? ??? ????? ????? ?????? ????? ??? ???????,Urgent,Seek medical care within 24–48 hours
?????? ????? ???? ??? ??? (Acanthosis Nigricans) ?? ??????????? ?????? ???? ????,General Query,"No immediate action required, informational response sufficient"
???? ??? ???? ???? ????? ???? ???? ??? ???? ???? ?? ???? ? ??? ???? ???????,Emergency,Immediately go to emergency department or call ambulance
"???? ???? ????? ??? ??? ??? ??? ?????? ???, ?? ????????? ?????? ??????? ???",General Query,"No immediate action required, informational response sufficient"
????? ???? ???? ?? ????? ????? ?? ??? ??? ???? ??? ?? ??? ?????? ??? ????? ?????,Urgent,Seek medical care within 24–48 hours
?????? ??? ??? ????? ??? ???? ????? ?? ??????? ?????? ?? ??????? ???? ??? ???,Routine,Schedule a regular medical consultation
?????? ??????????? ???????? ????? ??? ????? ????? ???????? ???? ???? ??????? ????????,General Query,"No immediate action required, informational response sufficient"
????? ?? ????? ????? ???? ??? ??? ??? ??? ???? ???? ?? ??? ???? ?????,Urgent,Seek medical care within 24–48 hours
????? ????? ??? ????? ??? ???? ??? ???? ?? ????? ???? ???????? ??? ???,Routine,Schedule a regular medical consultation
?????? ????????? ??????? ???? ???????? ????? ????????? ????? ???????? ???? ????? ????,General Query,"No immediate action required, informational response sufficient"
???? ?????? ????? ????? ????? ??? ??? ?????? ?? ??????? ?????????? ?????,Urgent,Seek medical care within 24–48 hours
?????? ???? ??? ???? ???? ???? ???? ??? ????? ???????? ????????? ??? ?? ??????,Urgent,Seek medical care within 24–48 hours
??????? ???? ???????? ???? ????? ???? ???????????? ????????? ?????? ???????? ???,General Query,"No immediate action required, informational response sufficient"
???? ??? ??? ????? ?? ?????? ????? (Skin Tag) ???? ?? ???? ???? ?????,General Query,"No immediate action required, informational response sufficient"
?????? ???? ???? ?????? ??? ??????? ??????? ?? ??? ???? ??????? ?????,Routine,Schedule a regular medical consultation
???? ??? ???? ????? ?? ?? ????? ???? ??? ??? ? ????? ????? ??? ???????,Emergency,Immediately go to emergency department or call ambulance
?????? ?? ???????????? ??????? ?????????? ????? ?????? ????? ? ?????? ???????? ???? ????,General Query,"No immediate action required, informational response sufficient"
????? ?????? ????? ??? ????? ??? ????? ???? ???? ??? ??? ???? ?????,Emergency,Immediately go to emergency department or call ambulance
???????? ???????? ?? ??????? ???? ????? ??? ???? ????? ??? ??? ????,Routine,Schedule a regular medical consultation
?????? ??????? ????? ?? ???? ??? ?????? ?? ???? ???????? ?????? ???? ????,General Query,"No immediate action required, informational response sufficient"
?????? ?????? ?????? ??? ??? ?? ???? ??? ????? ??? ???? ?? ??? ?????,Urgent,Seek medical care within 24–48 hours
???? ??????? ??? ??? ??? ??? ???? ?? ???? ???? ???? ?? ?????? ????,Routine,Schedule a regular medical consultation
?????? ??????? ??????? ??? ??? ?? ??? ?? ?????? ????????? ???????? ????? ????,General Query,"No immediate action required, informational response sufficient"
???? ??? ???? ???????? ????? ???? ??? ??? ???? ?? ????? ???? ??? ??????,Urgent,Seek medical care within 24–48 hours
?????? ?????? ???? ???? ??? ?? ???????? ????? ???? ? ???????? ???????? ???? ????,General Query,"No immediate action required, informational response sufficient"
??????? ????? ??? ??? ???? ????? ?? ????? ???? ???? ?????? ????? ????,Routine,Schedule a regular medical consultation
?????? ???????? ???????? ?? ??? ??????? ????? ??? ??? ??? ??? ????? ???,Emergency,Immediately go to emergency department or call ambulance
????? ???? ????? ??????? ?? ????????? ???? ???????? ??? ?? ??? ????,Urgent,Seek medical care within 24–48 hours
????? ?????? ????? ?? ??????? ?????? ???? ?? ????????-???? ????? ??? ????,General Query,"No immediate action required, informational response sufficient"
"???? ???? ???? ???? ??? ????, ????? ????? ???? ? ????? ???????",Urgent,Seek medical care within 24–48 hours
?????? ??? ??? ???? ??? ?? ?????? ??? ??? ??? ??????? ????? ?????? ???,Routine,Schedule a regular medical consultation
???????? ??????? ?? ?? ????? ????????? ?????? ?????? ? ??????? ????? ???????,General Query,"No immediate action required, informational response sufficient"
?????? ????? ???? ???? ???? ??? ???? ??? ????? ?????? ???? ???? ???????,Urgent,Seek medical care within 24–48 hours
???? ???? ?? ???????? ??? ???????? ????? ???????? ?????? ???????? ?? ???,General Query,"No immediate action required, informational response sufficient"
???? ???????? ??? ???? ?????? ???? ?? ????? ???? ?????? ?? ???? ????,General Query,"No immediate action required, informational response sufficient"
?????? ?????? ???? ???? ?????? ?? ?????? ??? ????? ?? ????? ?? ?????? ?????,Urgent,Seek medical care within 24–48 hours
????? ????? ???? ???? ????? ???? ???? ??? ??? ??? ??? ???????,Routine,Schedule a regular medical consultation
?????? ?????????? ????? ???? ???? ??? ??? ??? ??? ????? ?? ????? ???? ????,General Query,"No immediate action required, informational response sufficient"
???? ??? ?????? ????? ????? ??? ???? ?? ???? ????? ???? ????? ???,Emergency,Immediately go to emergency department or call ambulance
?????? ??? ???? ?? ???? ??? ????? ???? ? ?????? ??? ???????? ????? ????,General Query,"No immediate action required, informational response sufficient"
???? ?????? ????? (??? ??? ? ??? ??) ???? ??? ??? ???? ??? ??? ?????? ????? ???????,Emergency,Immediately go to emergency department or call ambulance
???? ???????? ??????? ????? ?? ??? ??? ??? ????? ??? ????? ??????? ????? ?????,General Query,"No immediate action required, informational response sufficient"
???? ??????? ??? ????? ???? ???? ???? ??????? ??? ??? ??? ?? ????????? ??? ???? ????,Urgent,Seek medical care within 24–48 hours
"????????? ?? ?????? ??? ????? ?? ?????? ???, ??? ?????? ???? ?? ???? ??????? ????",General Query,"No immediate action required, informational response sufficient"
???? ??? ?? ???? ??? ??? ???? ?? ????????-???????? ???? ????????? ????,Emergency,Immediately go to emergency department or call ambulance
??????? ???????? ?? ??????????? ??? ?? ??? ?? ?????? ??????? ?????? ???????? ????? ????,General Query,"No immediate action required, informational response sufficient"
????? ?????? ??????? ????? ??? ???? ?? ???? ??????? ??? ???? ????? ?????? ?????? ???,Urgent,Seek medical care within 24–48 hours
"????? ?????? ?????????? ??? ?? ??? ?? ?????? ??? ???? ??????, ????? ??? ???? ?????",Urgent,Seek medical care within 24–48 hours
????? ???? ???? ???? ???? ??? ??? ??? ???? ?? ?????? ???? ???? ?????? ???,Routine,Schedule a regular medical consultation
????????? ??????? ?? ??? ??? ?????? ????? ??? ????? ????? ?????? ???????? ???,General Query,"No immediate action required, informational response sufficient"
????? ?????? ???? ??? ????? ???? ??? ??? ???? ?? ????? ??? ??? ???????,Urgent,Seek medical care within 24–48 hours
"????? ???? ??? ?? ????? ??? ???? ??????, ???? ?? ????? ?????? ?????? ????? ????? ???",Urgent,Seek medical care within 24–48 hours
???-?? ??????? ??? ??????? ?????? ????? ???? ? ??????? ?????? ????? ???????,General Query,"No immediate action required, informational response sufficient"
????? ????? ????? ?????? ???? ???-?? ?????? ?? ???? ????? ??????,Emergency,Immediately go to emergency department or call ambulance
??????? ??? ??? ???? ????? ?????? ???? ?????? ??? ???? ??? ?? ??????? ???????,General Query,"No immediate action required, informational response sufficient"
???? ?????? ????? ?????? ??? ?? ????????? ????????? ???? ??? ???? ?????,Routine,Schedule a regular medical consultation
???? ??? ???? ???? ????? ?? ????? ???? ???? ??? ??? ??? ???? ?????? ??? ???????,Emergency,Immediately go to emergency department or call ambulance
??????? ?????? ???? ?? ???????? ?????????? ??????????? ????? ????????? ???? ????,General Query,"No immediate action required, informational response sufficient"
?????? ??? ??? ???? ????? ???? ????? ?????? ???? ?? ??? ??? ???? (Sciatica)?,Urgent,Seek medical care within 24–48 hours
????? ???????? ?????? ???? ?? ?? ???? ???? ??? ???? ?? ??? ????,Routine,Schedule a regular medical consultation
????? ?????? ??? ??? ??? ???? ?? ?????? ???? ?????? ????? ???? ???,Emergency,Immediately go to emergency department or call ambulance
??? ?? ????? ??????? ??????? ???? ???? ???? ???????? ????? ?? ???? ???? ????,General Query,"No immediate action required, informational response sufficient"
???? ???? ???? ??? ??? ???? ?? ???? ????? ?????? ??????,Emergency,Immediately go to emergency department or call ambulance
???? ???? ???? ????? ??? ???? ?? ???? ????? ???????? ???? ??????? ????? ????? ?????,Routine,Schedule a regular medical consultation
??????? ??????? ????? ?? ???-?? ??? ??? ????? ?? ????? ?????? ???? ????,General Query,"No immediate action required, informational response sufficient"
????? ????? ?????? ??????? ?????? ???? ?? ?????? ??? ??? ??? ???????,Emergency,Immediately go to emergency department or call ambulance
??????? ?????????? ??? ???? ?? ???????? ???? ??? ???? ???? ?? ?????? ????,Routine,Schedule a regular medical consultation
?????? ??? ???????? ??????? ??? ?? ?? ??????? ??? ???? ????? ?????? ???? ????,General Query,"No immediate action required, informational response sufficient"
????? ????? ???? ??? ??? ???? ?? ???? ???? ???? ??? ???? ???? ??? ???????,Emergency,Immediately go to emergency department or call ambulance
????? ???????? ????????? ??? ???? ?????? ???? ?? ??? ???????? ???? ????,Routine,Schedule a regular medical consultation
??????????? ???-?? ?????? ??? ?? ?????? ?????? ???? ???? ??????????? ?????,General Query,"No immediate action required, informational response sufficient"
??? ?? ????? ?????? ?????? ???? ???? ?? ??? ??????? ???? ???? ??? ????,Emergency,Immediately go to emergency department or call ambulance
???????? ??? ????? ?????? ????? ???????? ??? ??? ????? ?? ????????? ??????,General Query,"No immediate action required, informational response sufficient"
????? ????? ??????? ???? ??????? ??? ????? ?? ?????? ????? ???? ??????? ????,Routine,Schedule a regular medical consultation
???? ??? ???-?? ?????? ???? ????? ?? ????? ???? ??? ???? ??????,Emergency,Immediately go to emergency department or call ambulance
??????? ???????? ??-??????? (Vitamin B Complex) ?? ?????? ???????? ????? ????,General Query,"No immediate action required, informational response sufficient"
"????? ?????? ??????? ?????? ???? ??? ???? ?????? ??? ????, ???? ??? ?????? ???",Urgent,Seek medical care within 24–48 hours
????? ???????? ???? ???? ?? ?? ????? ???? ? ??? ??? ???,Routine,Schedule a regular medical consultation
????????? ????? ????? ???? (FAST) ???????? ?????? ???? ??? ??????? ????????,General Query,"No immediate action required, informational response sufficient"
???? ???? ? ????? ?????? ??? ??? ???? ?? ???? ???? ???? (Double Vision) ??????,Emergency,Immediately go to emergency department or call ambulance
????? ??????? ???? ??? ???? ??? ?? ????????? ???? ??? ???? ???? ????? ????,Routine,Schedule a regular medical consultation
???????? ??????? ????? ?? ??????????? ??? ???? ????? ?????? ???? ????,General Query,"No immediate action required, informational response sufficient"
????? ?????? ?????????? ??????? ??????? ?? ??? ?????? ??? ???? ????,Routine,Schedule a regular medical consultation
???? ???? ????? ??? ???? ???? ??? ???? ??? ??????? ???? ?????? ????,Emergency,Immediately go to emergency department or call ambulance
????? ?? ????? ?? ??? ??????? ??? ??? ???? ?? ??? ???? ??? ????? ??? ?????,Emergency,Immediately go to emergency department or call ambulance
?????? ???????? ?? ??????? ????????? ??? ???-?? ??? ???? ?????? ???? ???,General Query,"No immediate action required, informational response sufficient"
????? ????? ?????? ??????? ?????? ???????? ? ????? ???????? ????? ????,General Query,"No immediate action required, informational response sufficient"
???? ?? ??? ??? ???? ?????? ??? ???? ?? ??????????? ??? ?????,Emergency,Immediately go to emergency department or call ambulance
???-?? ?????????? ?????? ???? ?? ???? ?????? ????? ?? ??? ??????? ??? ???????,General Query,"No immediate action required, informational response sufficient"
????? ???? ???? ???? ??? ???? ???? ????? ???? ????? ????? ???????,Urgent,Seek medical care within 24–48 hours
????? ???? ???? ???? ????? ???? ???? ?????? ??? ??? ?? ??? ?? ???? ?? ??? ??? ?????,Urgent,Seek medical care within 24–48 hours
??????? ?????? ???? ?? ????? ????? ????? ?????? ?? ?? ?????? ???? ?????,Routine,Schedule a regular medical consultation
????????? ???????? ?????? ???? ??????? ?????? ?? ??????????? ?? ???????? ???? ????,General Query,"No immediate action required, informational response sufficient"
???? ???? ???? ?? ?????? ????? ?? ??? ???? ?????? ?????? ?? ?? ?????? ??????,Emergency,Immediately go to emergency department or call ambulance
??? ???? ???? ???-?? ???? ??? ???? ?????? ???-?? ???? ???? ?? ????? ?? ??? ??? ????,General Query,"No immediate action required, informational response sufficient"
????? ????? ????? ????? ???? ????? ????? ???? ?? ?????? ?? ???? ?????? ??????,Urgent,Seek medical care within 24–48 hours
????????? ???-?? ???? ?????? ?????? ???? ??? ????????? ??? ???????? ???? ????,General Query,"No immediate action required, informational response sufficient"
"????? ???? ???? ???? ???? ???? ???? ???????? ???? ???? ???? ???, ??? ?????? ???",Urgent,Seek medical care within 24–48 hours
?????? ??????? ??? ? ?? ??? ??? ???? ??? ??????? ????????? ? ??? ??????,Emergency,Immediately go to emergency department or call ambulance
???????? ?????? ???? ?? ??? ????? ??? ????? ??????? ?????? ???? ????? ????,General Query,"No immediate action required, informational response sufficient"
????? ???? ????? ???? ???? ??? ?? ?????? ?????? ???? ????? ???,Routine,Schedule a regular medical consultation
"????????? ???? ??? ???? ????? ??? ???? ??? ??????? ?????? ???, ??? ??? ???",General Query,"No immediate action required, informational response sufficient"
???? ??? ????? ???????? ?? ?????????????? ??? ??????? ????? ?? ?? ???? ??? ?????,Emergency,Immediately go to emergency department or call ambulance
????????? ??????? ????? ?????? ??? ????? (Neuropathy) ???? ?? ?? ??? ?????,General Query,"No immediate action required, informational response sufficient"
????? ?????? ?? ?????? ??? ????????? ??????? ?????? ??????? ???????? ???? ????????,General Query,"No immediate action required, informational response sufficient"
????? ???????? ????? ?????? ???? ?????? ???? ????? ???? ??????? ??? ??? ????,Urgent,Seek medical care within 24–48 hours
???? ???-?? ?????? ??? ???? ?? ???? ??? ??? ????? ?????????,Emergency,Immediately go to emergency department or call ambulance
?????? ????? ???????? ???????????? ?????? ??? ????? ??????????? ???? ???,General Query,"No immediate action required, informational response sufficient"
????? ?????? ???? ??????? ?? ????? ???? ????? ????????? ???? ??? ????????,Urgent,Seek medical care within 24–48 hours
????????? ??? ????? ????? ?? ??????? ????? ?? ?? ?? ?????????? ??????? ???????,General Query,"No immediate action required, informational response sufficient"
???? ????? ????? ??????? ??????? ???? ?? ????? ???? ?? ???? ??? ?????? ???,Urgent,Seek medical care within 24–48 hours
?????? ?????? ???? ?????????? ???????? ????????? ?? ??? ?????? ???? ????,General Query,"No immediate action required, informational response sufficient"
????? ???? ?????? ?? ?? ???? ??? ??? ?? ?? ??? ???? ??????? ?????? ???,Routine,Schedule a regular medical consultation
????????? ?? ?? ??? ??? ???? ?? ????????? ????? ???? ? ??????? ????,General Query,"No immediate action required, informational response sufficient"
???? ??? ??????????? ??? ?????? ???? ?? ??? ???? ??? ? ??????? ??? ?????,Emergency,Immediately go to emergency department or call ambulance
????? ????? ???? ???? ?? ??? ???? ?? ?????? ??? ???? ???????? ?????,General Query,"No immediate action required, informational response sufficient"
?????? ?????? ????? ???? ????? ???? ?????? ??? ??? ?? ????? ???? ???? ????,Urgent,Seek medical care within 24–48 hours
??????? ???????? ?????-? ?? ??? ???? ?????? ???????? ???????? ????? ???????,General Query,"No immediate action required, informational response sufficient"
???? ??? ???? ???? ?????? ?????? ???? ???? ?????? ?? ???? ??????? ??? ?????,Emergency,Immediately go to emergency department or call ambulance
????? ???? ?????? ??????? ??????? ?????? ???? ?????? ??? ??? ??? ??? ????,Urgent,Seek medical care within 24–48 hours
???????? ??????? ???? ?? ?????????? ?? ???????? ????????? ??????? ????,General Query,"No immediate action required, informational response sufficient"
"????? ???? ???? ???? ????? ???? ??? ??? ???? ?????? ??? ???, ??? ?????? ???",Urgent,Seek medical care within 24–48 hours
????? ????? ??? ???? ?? ???? ???? ????? ?? ?? ??????? ??? ??? ??? ????,Urgent,Seek medical care within 24–48 hours
?????? ????? ???????? ????? ??????? ??????? ??? ?? ?????????????????? ???????? ???? ????,General Query,"No immediate action required, informational response sufficient"
???? ??? ?????? ?????????? ?????? ???? ??? ??? ??? ??? ??? ??? ?????,Emergency,Immediately go to emergency department or call ambulance
????? ????? ???????? ?? ??????? ????? ???????? ?? ???? ??????? ???? ?????,General Query,"No immediate action required, informational response sufficient"
????? ????? ???? ???????? ??? ????? ?? ????? ?????? ???? ???? ??????? ????? ????,Routine,Schedule a regular medical consultation
???? ??? ???? ??? ???? ???? ????????? ?? ?? ??? ???? ???? ???? ????? ???,Emergency,Immediately go to emergency department or call ambulance
"??????? ???????? ??? ???? ????????? ??????? (???? ?????, ????????? ???) ?????? ???",General Query,"No immediate action required, informational response sufficient"
????? ???????? ?????? ?????? ??? ????? ???????? ??? ? ?????? ??? ?????,Urgent,Seek medical care within 24–48 hours
????? ????? ???? ????? ?????? ??? ??? ?? ??? ???? ???? ???????,Routine,Schedule a regular medical consultation
???????? ??????? ????? ?? ????? ????? ???-?? ??????? ?? ?????? ??? ?????,General Query,"No immediate action required, informational response sufficient"
???? ????? ?????? ??????? ??????? ?????? ???? ???? ???? ??? ??? ?????,Emergency,Immediately go to emergency department or call ambulance
"????? ????? ??? ???? ???? ??? ??? ???, ??? ?? ??????? ??????? ??????",General Query,"No immediate action required, informational response sufficient"
????? ?????? ???? ???? ??????? ?? ??? ???? ???????? ??? ???? ?????? ??? ??????,Urgent,Seek medical care within 24–48 hours
?????? ????? ?????? ???????????? ?? ???????????? ??? ???????? ???? ????????,General Query,"No immediate action required, informational response sufficient"
???? ???????? ???? ??? ?????? ???? ??? ?? ???? ???? ? ?????? ??? ?????,Emergency,Immediately go to emergency department or call ambulance
????? ???? ??? ????? ??? ????????? ???????? ???? ??? ??? ??? ????,Routine,Schedule a regular medical consultation
??????? ??????? ?? ????????? ?????? ?????? ? ????????????? ???? ????,General Query,"No immediate action required, informational response sufficient"
???? ???? ????? ??? ???? ??? ??? ??? ????? ?? ?? ??????? ????? ???,Emergency,Immediately go to emergency department or call ambulance
??????? ?????? ???? ????? ???? ??? ???? ????? ??? ??? ???? ?????,Emergency,Immediately go to emergency department or call ambulance
?????? ????????? ??? ?????? ??? ?????? ???? ?? ???????????? ?????? ???? ???,General Query,"No immediate action required, informational response sufficient"
???? ??? ???? ???? ?????? ?? ????? ???? ???? ??? ????? ????? ????? ?????? ???,Emergency,Immediately go to emergency department or call ambulance
???????? ??? ???????? ??? ????? ????? ???? ????? ???? ???? ??? ????? ???? ???,General Query,"No immediate action required, informational response sufficient"
??????? ??? ???? ???? ???? ?? ???? ??? ??? ???? ?? ???? ??????? ??? ?????,Emergency,Immediately go to emergency department or call ambulance
?????? ?????? ??? ???????? ????? ??? ?? ???????? ?????? ???????? ???????? ????? ????,General Query,"No immediate action required, informational response sufficient"
???? ?????? ??? ?????? ?? ????? ???? ?? ?????????? ????? ?????? ???,Emergency,Immediately go to emergency department or call ambulance
"???? ????? ??????? ????? ??? ????????, ?? ?????? ??? ???? ??? ??? ?????? ???",Urgent,Seek medical care within 24–48 hours
?????? ???? ????? ??? ??? ?????? ?? ??? ???? ?????? ?? ??? ????? ????? ?????,Urgent,Seek medical care within 24–48 hours
???? ????????? ????????? ???? ?? ???????? ?????? ?????? ???? ????,General Query,"No immediate action required, informational response sufficient"
?????? ??? ?????? ?? ???-?? ???? ??? ?????? ?? ??? ???? ???? ??? ??????,Emergency,Immediately go to emergency department or call ambulance
??????? ???? ?????????? ???? ??? ?????-??????? ???? ???????? ???? ????,General Query,"No immediate action required, informational response sufficient"
?????? ?? ??????? ??????? ?????? ???? ??????????? ???? ??? ??????? ?????,Urgent,Seek medical care within 24–48 hours
???? ??? ??? ???????? ????? ??? ??????? ????? ???? ???? ???? ??? ???????,Urgent,Seek medical care within 24–48 hours
??????????? ????????? (Chronic Fatigue) ???? ?? ????????? ???? ??????? ????,General Query,"No immediate action required, informational response sufficient"
???? ???? ?? ?????? ?? ???? ?? ????? ?????? ???? ? ????? ???????? ???,General Query,"No immediate action required, informational response sufficient"
???? ??? ?????? ????? ?? ??? ????? ??? ????? ?????? ??? ????,Urgent,Seek medical care within 24–48 hours
????????? ?????? ???? ?? ?????-?????????? ????? ???? ??????? ????????? ???? ????,General Query,"No immediate action required, informational response sufficient"
?????? ????????? ?? ??????? ???? ???? ???? ?? ???? ???? ???? ?????? ???,Emergency,Immediately go to emergency department or call ambulance
?????? ???? ????????? ??? ?????????? ??? ?????? ??? ???? ??????? ??????,Urgent,Seek medical care within 24–48 hours
????? ????????? ???? ??? ?? ??? ???? ???????? ? ????? ?????? ??? ?????,General Query,"No immediate action required, informational response sufficient"
?????? ????? ?? ????? ?????? ???? ???? ?????? ???? ??? ??????,Emergency,Immediately go to emergency department or call ambulance
???? ???? ????? ??????? ??????? ???? ???? ???? ?????? ???? ???? ???????,Urgent,Seek medical care within 24–48 hours
??????? ?? ??????? ??????? ???? ??????? ????????? ???? ???? ???????? ???? ????,General Query,"No immediate action required, informational response sufficient"
?????? ?? ???? ??????? ??? ??? ????? ??? ???? ?????? ???? ?? ???,General Query,"No immediate action required, informational response sufficient"
?????? ????????? ???? ??? ??? ??????? ???? ??? ????? ???,Urgent,Seek medical care within 24–48 hours
?????? ????? ??? ???? ??? ??? ???? ???? ?? ???? ????????? ??????,General Query,"No immediate action required, informational response sufficient"
?????? ????? ?????? ???? ?? ??? ????? ???? ????? ??????? ?????? ???? ????,General Query,"No immediate action required, informational response sufficient"
?????? ???? ?????? ??? ????? ?? ???? ???? ??????? ??? ?????,Urgent,Seek medical care within 24–48 hours
??????? ??? ??? ??? ??? ???????? ???????? ?? ??????? ??????? ??????,General Query,"No immediate action required, informational response sufficient"
?????? ??? ??? ???? ???? ???? ?? ???? ????? ???? ???? ????? ????,General Query,"No immediate action required, informational response sufficient"
???? ??? ??? ?? ???? ???? ??? ???? ???? ???? ????????? ??????,Urgent,Seek medical care within 24–48 hours
"???? ???? ?????????? ???? ??? ?????? ????? ?????, ??? ?? ?????????????",Routine,Schedule a regular medical consultation
??????????? ???? ???? ??? ????? ???? ???? ??? ?? ??? ????? ???,Emergency,Immediately go to emergency department or call ambulance
?????? ??? ?????? ???????? ??????? ?? ??????? ??? ???????? ??????? ????????,General Query,"No immediate action required, informational response sufficient"
?????? ???? ??? ????? ??????? ??? ??????????? ???? ??? ??? ?? ??? ?????,Urgent,Seek medical care within 24–48 hours
?????? ??? ???????? ?????? ?????? ????????????? ?? ?? ??? ???? ?????,General Query,"No immediate action required, informational response sufficient"
?????? ????? ?? ???? ?? ????????-???????? ???? ????????? ????? ????? ???,Emergency,Immediately go to emergency department or call ambulance
???????? ??? ???? ???? ???? ??? ???? ???? ?? ???????? ???????? ????? ????,Routine,Schedule a regular medical consultation
?????? ???? ?? ????? ????????? ??????? ????? ????? ???? ????,General Query,"No immediate action required, informational response sufficient"
???? ??????????? ???? ???? ???? ??? ???? ??? ??? ???? ????? ???,Emergency,Immediately go to emergency department or call ambulance
????? ???????????? ?????? ???? ?? ????????? ?????? ????????? ???? ????,General Query,"No immediate action required, informational response sufficient"
???? ???? ???? ?? ?????? ????? ?? ??????? ????? ????? ??? ??? ???? ??????? ??????,Emergency,Immediately go to emergency department or call ambulance
?????? ????????? ???? ???-?? ?????????? ???? ??? ??????? ??? ??????,General Query,"No immediate action required, informational response sufficient"
?????? ??? ?????? ???? ??? ????? ??????? ?????? ???? ??? ??????,Emergency,Immediately go to emergency department or call ambulance
???? ????? ?????? ???? ?? ????????? ??? ???????? ?????? ???????,General Query,"No immediate action required, informational response sufficient"
?????? ????? ?? ????? ????? ??? ???? ?? ??? ???? ?? ???? ???,Emergency,Immediately go to emergency department or call ambulance
???? ??????? ???????? ??? ???? ???? ?? ?? ???????? ????? ????? ?????,General Query,"No immediate action required, informational response sufficient"
????? ???? ???? ??? ??? ???? ????? ??? ???? ????? ???? ??????,Urgent,Seek medical care within 24–48 hours
?????? ?? ??? ? ????? ????? ?????? ???? ??????? ??? ??????,Urgent,Seek medical care within 24–48 hours
?????? ????? ??????? ?????? ???? ?? ????? ??????? ?????? ??????? ??? ??????,General Query,"No immediate action required, informational response sufficient"
???? ??? ??? ?????? ???? ?? ??? ?? ???????? ???? ?????,Routine,Schedule a regular medical consultation
?????? ???? ??? ????? ??????? ????? ?? ??? ?? ???? ?????????? ???? ????,General Query,"No immediate action required, informational response sufficient"
?????? ??? ??? ???? ???? ???? ?????? ??????? ????? ??? ???? ??????,Emergency,Immediately go to emergency department or call ambulance
??????? ???????? ?????? ??????? ?? ??????? ?????? ????? ?? ????,General Query,"No immediate action required, informational response sufficient"
????? ????? ??? ???? ??????? ?????? ???? ?? ??? ??? ???????,Urgent,Seek medical care within 24–48 hours
???? ??? ????? ??????? ?????? ???? ???? ???????? ????? ????,General Query,"No immediate action required, informational response sufficient"
???? ???? ???? ?????? ?????? ???? ???? ???? ?? ????? ?????????,Emergency,Immediately go to emergency department or call ambulance
????? ??? ????? ?? ???????? ?? ????? ???? ????? ??? ?????,General Query,"No immediate action required, informational response sufficient"
?? ???? ??? ??? ??? ???? ???? ???? ???? ??? ??? ???????? ???????? ???,Urgent,Seek medical care within 24–48 hours
?????? ???? ?? ?????? ????? ?? ???? ???? ????? ????? ?????,General Query,"No immediate action required, informational response sufficient"
???? ?????? ?????? ???? ??????? ??? ????? ?? ??? ???? ???? ????,Routine,Schedule a regular medical consultation
??????? ????????? ???? ???????? ??????? ??? ????? ?????? ????? ???,General Query,"No immediate action required, informational response sufficient"
???? ????????? ???? ????? ?? ??? ????? ???????? ???? ??? ?????,Emergency,Immediately go to emergency department or call ambulance
?????? ??? ???? ???????? ???? ???? ????????? ?? ???? ?????,General Query,"No immediate action required, informational response sufficient"
?????? ????? ?? ???? ???????? ????? ????? ?? ??? ??????? ??? ?????,Urgent,Seek medical care within 24–48 hours
?????? ?? ??? ?? ??????? ??? ???? ??????? ????? ????? ?????,Routine,Schedule a regular medical consultation
??????????? ??? ?????????? ???? ???? ??? ???? ???? ???? ???,General Query,"No immediate action required, informational response sufficient"
??????? ?????? ???? ???? ????? ????? ??? ????? ???? ??????? ??????,Emergency,Immediately go to emergency department or call ambulance
???????? ??? ???? ?? ???? ?? ??-??????? ??????????? ????? ???????,General Query,"No immediate action required, informational response sufficient"
???? ??? ?????? ????? ?? ???-?? ???? ????? ??? ?????? ??? ?????,Urgent,Seek medical care within 24–48 hours
?????? ???? ?? ?????? ??? ????? ??? ?????? ???? ??????? ????,General Query,"No immediate action required, informational response sufficient"
?????? ????? ?? ????? ??? ????? ?????? ?? ?? ??? ??? ??? ??????,Emergency,Immediately go to emergency department or call ambulance
???? ?????? ????? ?????????? ??? ??? ???????? ?????? ???? ???,Routine,Schedule a regular medical consultation
??????????? ??????? ?? ????? ??? ???????????? ?????? ????????????? ????? ????,General Query,"No immediate action required, informational response sufficient"
?????? ???? ????? ??? ???? ??? ???? ?? ???? ??? ??????????,Urgent,Seek medical care within 24–48 hours
?????? ????? ??? ??? ????? ???? ?? ????? ?? ???? ?????? ???????,General Query,"No immediate action required, informational response sufficient"
???? ??? ??????????? ???? ??? ???? ???? ?? ???? ??? ????? ?????,Emergency,Immediately go to emergency department or call ambulance
?????? ?? ??????? ?????? ???? ???? ?????? ???? ?????? ??????,Routine,Schedule a regular medical consultation
?????? ??? ?? ????? ??? ???? ???? ???? ??? ??????? ???? ????,General Query,"No immediate action required, informational response sufficient"
?????? ????? ?? ???? ???? ???? ????? ??? ???? ????? ???,Urgent,Seek medical care within 24–48 hours
??????????? ???? ?? ?????????? ??????? ??? ????? ??????? ???????? ???,General Query,"No immediate action required, informational response sufficient"
?????? ???? ???? ???? ???? ????? ??? ???? ????? ???? ?? ??? ?????,General Query,"No immediate action required, informational response sufficient"
?????? ????? ???? ???? ????? ??? ??? ?? ??? ?? ??? ?????,Emergency,Immediately go to emergency department or call ambulance
?????? ???????? ?????? ????? ????? ?? ??? ?? ?????? ????? ???? ????,General Query,"No immediate action required, informational response sufficient"
???? ????? ???? ??????? ????? ?? ????? ???? ???? ?? ???? ????,Routine,Schedule a regular medical consultation
????????? ??? ????????? ???? ????? ???? ???????? ???? ??? ?????,Urgent,Seek medical care within 24–48 hours
???? ??? ??????? ?????? ???? ?? ??? ?? ??????? ??? ?????????????,General Query,"No immediate action required, informational response sufficient"
"???? ??? ??? ????? ???? ???, ??? ???? ???? ?? ???????? ???? ??? ?????",Emergency,Immediately go to emergency department or call ambulance
???? ?????????? ?????? ???? ?? ???? ????? ???? ?? ?????-?????????? ??????? ????,General Query,"No immediate action required, informational response sufficient"
"????? ???? ????? ????? ??? ??? ?? ????? ???? ????, ??? ???? ??? ??? ???? ????? ???",Urgent,Seek medical care within 24–48 hours
?????????? ?? ???????? ????? ?? ??????? ???? ???? ????? ???? ? ??????? ????,General Query,"No immediate action required, informational response sufficient"
"??? ????? ???? ???? ??? ???, ?????? ????? ????? ???? ????? ??????",Emergency,Immediately go to emergency department or call ambulance
??????? ????????? ???? ??? ?? ???? ?? ??????? ????? ??? ???? ???-?? ??????,Urgent,Seek medical care within 24–48 hours
?????????? ??? ???? ???? ?? ???????? ???????? ??? ????????? ???? ????? ????,General Query,"No immediate action required, informational response sufficient"
"???? ???-?? ?????? ??? ????, ????? ?? ??? ????? ???? ??? ????",Emergency,Immediately go to emergency department or call ambulance
"???????? ??? ????? ??? ?????? ???? ??? ?? ??? ????? ??? ???, ?? ??? ?????",Routine,Schedule a regular medical consultation
??????? ??????? ?? ???? ??????? ??? ????????? ????? ??? ??????? ????????,General Query,"No immediate action required, informational response sufficient"
"????? ?????? ????, ?? ?????? ????? ??? ??? ????? ???? ??, ?? ???? ????",Urgent,Seek medical care within 24–48 hours
???????? ?????? ???? ????? ?? ????? ????? ?? ???????? ????? ?????,General Query,"No immediate action required, informational response sufficient"
?? ??????? ??? ??? ????? ??? ?? ???? ?? ??? ?? ??? ???? ??? ??? ??????,Urgent,Seek medical care within 24–48 hours
?????? ??? ?? ??????? ?????? ???? ??????? ??????? ?? ?? ???????? ??? ??????,General Query,"No immediate action required, informational response sufficient"
"???? ??? ?????????? ???? ??? ?? ?????? ??????? ???? ??, ??? ?? ?? ???? ?????",Urgent,Seek medical care within 24–48 hours
??????? ???????? ????????? (OCD) ?? ?????? ??? ????? ?????? ?? ?????????,General Query,"No immediate action required, informational response sufficient"
???? ??????? ??? ????? ???? ?? ?????? ???? ??? ????? ????? (Derealization)?,Emergency,Immediately go to emergency department or call ambulance
?????????? ???? ????? ???? ?????? ??? ??? ??? ??????? ??? ????,Urgent,Seek medical care within 24–48 hours
????? ?????? ????? ?????? ?????? ???? ??? ?? ??????????? ????????? ???,General Query,"No immediate action required, informational response sufficient"
???????? ????? ?? ???-?? ?????? ???? ????? ????????? ????? ????,General Query,"No immediate action required, informational response sufficient"
"??????? ???? ??? ???? ??? ?? ??? ?? ????, ??? ?? ??? ??? ????",Routine,Schedule a regular medical consultation
??????? ??????? ?????? ???? ?? ???? ?????? ???? ?? ?? ????? ????,General Query,"No immediate action required, informational response sufficient"
???? ?? ????? ?????? ???? ?? ???? ????? ????? ????? ??? ???,Urgent,Seek medical care within 24–48 hours
??????????? ????? ???? ???? ??? ???? ?? ???? ?????? ???????? ???,General Query,"No immediate action required, informational response sufficient"
???? ??? ?? ???? ??????? ??? ????? ?? ??? ?????? ????? ???? (?????? ??? ?????? ???)?,Urgent,Seek medical care within 24–48 hours
?????????? ?? ?????? ?????? ??? ?????? ?????????? ????????? ???? ???,General Query,"No immediate action required, informational response sufficient"
????? ??? ????? ??? ????? ??? ??????? ???? ?? ?? ??? ??? ??? ?????,Routine,Schedule a regular medical consultation
??????????? ????? ?? ?????? ??? ???????? ?????? ??? ???? ?????,General Query,"No immediate action required, informational response sufficient"
"???? ??? ??? ????? ??? ???? ?????? ????? ???, ?? ???? ???????? ??? ??????",Urgent,Seek medical care within 24–48 hours
?????? ????? ???????? ??????????????? ??? ????????????? ????? ???????? ???,General Query,"No immediate action required, informational response sufficient"
?????? ??????? ??? ??? ???????? ??? ???? ?? ????? ?????? ????? ???,Urgent,Seek medical care within 24–48 hours
?????? ??? ?????????? ????? ?????? ????? (Overthinking) ???? ???? ???? ???,General Query,"No immediate action required, informational response sufficient"
????? ?????? ???? ????? ???? ???? ?? ?? ??? ?? ????? ??????? ????,Emergency,Immediately go to emergency department or call ambulance
????????? ????? ?????????? ???????? ?? ??????????? ????????? ?? ???,General Query,"No immediate action required, informational response sufficient"
????? ???????? ???? ??? ??? ???? ????? ???? ??? ?? ?? ????????? ???????,General Query,"No immediate action required, informational response sufficient"
???? ??? ?????? ??????? ????? ?? ??? ????? ??? ????? ???? ???? ?????,Emergency,Immediately go to emergency department or call ambulance
???????? ??? ???????????? ????? ????? ??????? ? ?????????? ???? ?????,Routine,Schedule a regular medical consultation
?????? ????????? ???? ???? ????? ??????? ?? ?????????? ?????? ???????? ??? ???,General Query,"No immediate action required, informational response sufficient"
???? ???? ??? ???? ????????? ?? ??? ???? ??? ??? ???????,Routine,Schedule a regular medical consultation
??????????? ???? ?????? ?????????????????? ???????? ????????? ???? ????,General Query,"No immediate action required, informational response sufficient"
???? ??? ????? ???? ?????? ???? ????? ??? ??? ?????? ??? ??? ???? ???????,Emergency,Immediately go to emergency department or call ambulance
??????????? ????? ?????? ????? ?? ??? ??? ?????? ???????? ???,General Query,"No immediate action required, informational response sufficient"
????? ??? ?? ??? ?????? ?? ???? ???? ?? ??? ????? (Health Anxiety)?,Routine,Schedule a regular medical consultation
??????? ??????? ???? ????? ?????? (Box Breathing) ???????? ????? ????,General Query,"No immediate action required, informational response sufficient"
??? ????? ??? ???? ????? ???? ??? ???? ?? ????? ????????? ?????,Emergency,Immediately go to emergency department or call ambulance
??? ??????? ????? ????? ??????? ??? ?????? ?? ????? ???????? ??? ??? ?????,Routine,Schedule a regular medical consultation
?????? ????? ??????? ???? ?????? ????????? ?????? ???????,General Query,"No immediate action required, informational response sufficient"
??????????? ??? ???? ??????? ????? ?? ????? ????? ??? ??? ?????,Urgent,Seek medical care within 24–48 hours
????? ????? ????????? ???? ?????? ??? ??? ??? ???? ???? ??? ???? ?????,Routine,Schedule a regular medical consultation
?????????? ??????? ??? ????? ????????? ??????? ???????? ?????? ?????,General Query,"No immediate action required, informational response sufficient"
???? ????? ???? ???? ??????? ??? ?? ?? ???? ???? ??? ???? (Sleep Hygiene)?,General Query,"No immediate action required, informational response sufficient"
?????? ??? ?????? ??? ?? ?? ??? ?? ??? ???? ???? ?????,Urgent,Seek medical care within 24–48 hours
??????? ?? ????????? ??? ???? ???? ?? ????????? ??????????? ????? ????,General Query,"No immediate action required, informational response sufficient"
"???? ??? ??? ????? ??? ?????? ??? ??? ????, ????? ???? ?????? ???? ???????",Emergency,Immediately go to emergency department or call ambulance
??????? ??? ???????? ???? ?????? ???? ??????? ???? ?? ??? ??? ???,Routine,Schedule a regular medical consultation
???????? ?? ????????? ?????? ????? ??? ?? ???????? ???????? ???? ????,General Query,"No immediate action required, informational response sufficient"
??? ???? ???? ??? ????? ???? ?? ??? ?? ????? ????? ???? ?? ???? ???? ????,Urgent,Seek medical care within 24–48 hours
???? ?????? ??? ???? ????? ??? ?????? ?????? ?????? ????? ???? ???,General Query,"No immediate action required, informational response sufficient"
??? ???? ?? ????? ????? ?? ?????? ??? ???????? ?????? ??? ????,General Query,"No immediate action required, informational response sufficient"
????? ?????? ?????? ???? ?? ???? ???? ??? ???? ?? ????? ???? ????? ??? ???,Routine,Schedule a regular medical consultation
??????????? ??? ????? ?? ???????? ?? ????? ?? ?????????? ????? ??? ?????,General Query,"No immediate action required, informational response sufficient"
?????????? ?? ?????? ??? ?? ?? ?????????? ????? ?????? ????? ?? (RLS)?,Routine,Schedule a regular medical consultation
?????? ??? ?????? ???? ?? ????? ????? ?? ????? ?? ?????????,General Query,"No immediate action required, informational response sufficient"
???? ??? ??? ?????? ???? ?? ???? ??????? ?????? ???? ???? ???? ????,Routine,Schedule a regular medical consultation
??????? ???????? ?????? ??? ???????? ????? ?? ???? ?? ????? ??????,General Query,"No immediate action required, informational response sufficient"
????? ???? ???? ????????????? ???? ????? ???? ???? ??? ???,General Query,"No immediate action required, informational response sufficient"
????? ?????? ?? ?????? ??? ???? ??? ???????????? ????? ?? ?? ????? ?????,Routine,Schedule a regular medical consultation
?????????? ???? ?? ????? ?????? ?? ?????????????? ???? ???????? ????,General Query,"No immediate action required, informational response sufficient"
???? ??? ???? ???? ?? ???????? ??????? ?? ????? ???? (Mood Swing) ?? ?????????,Urgent,Seek medical care within 24–48 hours
???? ????? ???? ????? ???? ?????? ???? ???? ????? ?????? ???? ????,General Query,"No immediate action required, informational response sufficient"
????? ????? ????? ???? ??? ??? ?? ??? ?? ??? ???? ??? ???? ????? (Sleep Apnea)?,Urgent,Seek medical care within 24–48 hours
?????? ????? ????? ?? ??????? ?????? ?? ??????? ??????? ??? ?????,General Query,"No immediate action required, informational response sufficient"
??????? ???? ????????? ?????? ??? ???? ???? ???? ?????? ??? ???,General Query,"No immediate action required, informational response sufficient"
????? ??? ???? ???? ?? ???? ???? ??? ???? ???? ?? ?? ?????? ?????,Routine,Schedule a regular medical consultation
?????? ???? ?? ????? ?????? ???? ???? ???????? ?????? ??????? ????,General Query,"No immediate action required, informational response sufficient"
????? ?????? ?????? ???? ???? ?? ?? ????? ????? ????? ?????,Routine,Schedule a regular medical consultation
???????? ??? ????? ??? ?? ????????? ???? ???? ????? ???? ?? ?? ???? ?????,Urgent,Seek medical care within 24–48 hours
????? ????? ??? ??? ?? ????? (Sleepwalking) ??? ???? ???? ???,General Query,"No immediate action required, informational response sufficient"
???????? ??? ??? ???? ?? ????? ?????? ?? ?????? ????? ?????,General Query,"No immediate action required, informational response sufficient"
??? ????? ???? ??????? ??? ????? ????? ?????? ?????? ?? ???? ????? ??? ???,Urgent,Seek medical care within 24–48 hours
?????? ????? ??? ???? ???? ??????? ??-?? ??????? ???????? ????? ????,General Query,"No immediate action required, informational response sufficient"
???? ????? ???? ????? ?????????? ???? ?? ?? ??? ???? ????,Routine,Schedule a regular medical consultation
????? ?????? ???? ?? ??????? ??????? ??? ???? ???? ??????? ?????,General Query,"No immediate action required, informational response sufficient"
????? ?????? ?? ??? ????? ??? ?? ?? ????? ??? ??? ??? ????,Urgent,Seek medical care within 24–48 hours
?????? ??? ???? ??????? ??? ????? ?? ????????? ??? ???? ???? ???? ????????,General Query,"No immediate action required, informational response sufficient"
????? ?? ??? ???? ???? ?? ???? ?????????? ???? ????? ???? ?????,General Query,"No immediate action required, informational response sufficient"
???????? ??? ??? ???? ?????? ?????? ???? ??? ??????? ????? ???? ???,General Query,"No immediate action required, informational response sufficient"
????????? ?????? ???? ???? ????? ??? ???? ????? ??? ????? ????????,Urgent,Seek medical care within 24–48 hours
???????? ????? ?? ??????? ???? ?????? ???? ????? ??????? ????,General Query,"No immediate action required, informational response sufficient"
??????? ?????? ????? ??????? ?? ???? ?????? ? ????? ?????? ?????????,General Query,"No immediate action required, informational response sufficient"
???? ??? ??? ????? ???? ???????? ??? ????? ???????? ?? ?? ??? ???????????,Routine,Schedule a regular medical consultation
????? ???? ???-?? ?????? ?? ???? (Sleep Paralysis) ?? ???? ?????,General Query,"No immediate action required, informational response sufficient"
????? ??? ??????????? ???? ?????? ?????? ?? ?? ???? ??? ??? ?? ????,Routine,Schedule a regular medical consultation
?? ???? ???? ???? ??? ???? ?? ?? ???? ????????? ???????? ???,General Query,"No immediate action required, informational response sufficient"
??????? ?????? ???? ????? ???? ???? ???? ???????? ?? ?? ?? ?????? ????,Routine,Schedule a regular medical consultation
???????? ???????? ???? ?? ?????? ?????? ????? ????? ???? ???? ????? ???????,General Query,"No immediate action required, informational response sufficient"
????? ??? ????? ??? ??? ??? ??? ?????? ????????? ???.? ??????? ?????,Emergency,Immediately go to emergency department or call ambulance
????? ?????? ???? ???? ????? ????? ???? ?? ?????? ???? ?????? ?? ??? ???? ???? ????? ???,Emergency,Immediately go to emergency department or call ambulance
??????? ????? ?????? ?????? ??? ??? ???? ??? (Croup) ?? ????? ???? ???? ???? ??????,Emergency,Immediately go to emergency department or call ambulance
????? ?????? ??? ????? ??????? ?????? ???? ???? ??? ????? ????????? ?? ???? ?????,General Query,"No immediate action required, informational response sufficient"
??????? ??????? ?????? ???? ??? ???? ??? ???? ?? ?? ???? ???? ?????????? ?????,Emergency,Immediately go to emergency department or call ambulance
??????-????? ??? ?????? ??? ?? ????? ????? ?? ??????? ?? ??????? ???? ????,General Query,"No immediate action required, informational response sufficient"
????? ????? ???? ????? ????? ????? ???? ???? ?????? ?? ???????? ??? ????? ???????,Emergency,Immediately go to emergency department or call ambulance
?????? ???? ?????? ???????????? ????? ?????? ???? ??? ?? ?????? ?????? ????? ????,General Query,"No immediate action required, informational response sufficient"
?????? ?????? ???? ???? ??????? ??? ??? ?? ????? ???? ?????? ???,Emergency,Immediately go to emergency department or call ambulance
????? ???? ?? ??? ??? ??? ???? ??? ????????? ???????? ??? ?? ????,General Query,"No immediate action required, informational response sufficient"
?????? ???? ??????? ???-?? ???? ??? ?????? ?? ??? ????? ?????? (Febrile Seizure)?,Emergency,Immediately go to emergency department or call ambulance
??????? ?????????? ???? (??? ???????? ????) ?? ??????? ?? ???????? ????? ??? ?????,Urgent,Seek medical care within 24–48 hours
????? ??? ???????? ?????? ?????? ????????????? ?? ?? ????? ??????? ???? ?????,General Query,"No immediate action required, informational response sufficient"
????? ????? ???? ??? ???? ????? ???? ??? ????? ??? ?? ??????? ??? ??????,Emergency,Immediately go to emergency department or call ambulance
????? ???? ? ????? ????? ?? ?????? ???? ????? ???? ???? ???? ???? ???? ????,General Query,"No immediate action required, informational response sufficient"
??????? ?????? ???? ?????? ??? ????? ??? ?? ???? ??? ????? ???? ????? ????? ???,Urgent,Seek medical care within 24–48 hours
????? ???? ????? ??? ??? ???? ??? ????? ??????? ???? ????????? ???? ???,General Query,"No immediate action required, informational response sufficient"
?????? ???? ????? ????? ????? ????? ????? ?? ?? ?????? ??? ??????,Urgent,Seek medical care within 24–48 hours
"?????? ?????? ??? ???? ?? ??? ???? ????? ???, ??? ?? ?? ???? ???????",Routine,Schedule a regular medical consultation
????? ?????????? ???????? ????????? ?? ??? ???????? ???? ???? ????????,General Query,"No immediate action required, informational response sufficient"
??????? ??????? ????? ???? ??? ??? ?????? ?? ?????? ??? ??? ???????,Urgent,Seek medical care within 24–48 hours
????? ?????? ??? ?? ????? ?? ??? ???? ???? ????? ?????? ??????? ????,General Query,"No immediate action required, informational response sufficient"
?????? ?? ??????? ??????? ???? ???? ????? ?? ?? ???? ????? ????? ???,Routine,Schedule a regular medical consultation
"??????? ????? ???? ???? ???? ????, ??? ?????? ????? ?? ??? ?????",Emergency,Immediately go to emergency department or call ambulance
??????? ???? ???? ???????? ?? ???????????? ???? ????? ?? ?????? ???? ????,General Query,"No immediate action required, informational response sufficient"
?????? ???? ??????? ???????? ??? ??? ???? ?? ??? ????? ???? ?????,Urgent,Seek medical care within 24–48 hours
??????? ???? ???? ??? ???? ?? ?? ???? ??? ???? ?? ???? ???? ????? ???,Urgent,Seek medical care within 24–48 hours
????? ????? ?? ??? ???? ?? ??????? ?????? ??????? ??????? ???? ????,General Query,"No immediate action required, informational response sufficient"
?????? ???? ???? ??? ????? ?? ???? ???? ?????? ?? ??? ?? ???? ??? ?????,Emergency,Immediately go to emergency department or call ambulance
????? ?????? ???? ????? ???? ??????? ???? ?? ??? ??? ??? ????,Routine,Schedule a regular medical consultation
????? ???? ??????????????? ????? ????????? ??? ?? ?? ??????? ??????? ??? ?????,General Query,"No immediate action required, informational response sufficient"
?????? ???? ????? ????? ???? (Fontanelle) ??? ???? ??? ??? ????? ???,Emergency,Immediately go to emergency department or call ambulance
??????? ????? ???? ?? ????-???-???????? ????? ????? ??????? ???????,General Query,"No immediate action required, informational response sufficient"
????? ?????? ????????? ??? ??? ?????? ?????? ??? ??? ?? ?????? ????????? ????,Emergency,Immediately go to emergency department or call ambulance
"??????? ???? ????? ???????? ???? ????? ????, ??? ?? ????? ?????? ??????",Urgent,Seek medical care within 24–48 hours
????? ?????-???? ???? ????? ???? ?? ??????????? ???? ??????? ????,General Query,"No immediate action required, informational response sufficient"
"??????? ???? ??? ??? ???? ???? ?? ???? ????, ??? ?? ????????",Urgent,Seek medical care within 24–48 hours
????? ?????? ??? ???? ????????? ?????? ???? ????? ???? ???? ????? ????,General Query,"No immediate action required, informational response sufficient"
??????? ????? ???? ??? ????????????? ?? ??? ????? ??? ?? ??? ???????,Urgent,Seek medical care within 24–48 hours
????? ???? ????? ??? ??? ???? ???? ??? ?????? ????? ???? ???,General Query,"No immediate action required, informational response sufficient"
????? ??????? ?? ?????????? ?????? ?????? ????????? ???????? ???? ????,General Query,"No immediate action required, informational response sufficient"
?????? ??? ?? ?????? ???????? ???? ??????? ????? ?????? ??????? ????,General Query,"No immediate action required, informational response sufficient"
??????? ????? ??????? ???? ?????? ?? ???? ?? ??? ???? ?? ???? ??????,Emergency,Immediately go to emergency department or call ambulance
????? ??????? ????? ???? ?? ????? ?? ??? ???? ??????? ??? ??? ????,General Query,"No immediate action required, informational response sufficient"
??????? ?????? ???? ??? ??? ???? ??? ??? ?? ???? ???? ?????,Urgent,Seek medical care within 24–48 hours
????? ??????? ????? ??? ?? ??? ?? ?????? ???? ????? ???????? ???? ????,General Query,"No immediate action required, informational response sufficient"
??????? ???? ??????? ???? ?? ?? ?????? ???????? ?????? ??? ???????,Emergency,Immediately go to emergency department or call ambulance
????? ????? ????? ??? ???? ??? ????? ???? ???? ???? ?? ????????? ???????,General Query,"No immediate action required, informational response sufficient"
?????? ?? ?? ????? ??? ???? ???? ?????? ?? ??? ????? ????? ????? ???,Urgent,Seek medical care within 24–48 hours
?? ????? ?? ???? ?????? ????? ????? ???????? ???? ??????? ?? ??????,General Query,"No immediate action required, informational response sufficient"
????? ???? ???? ?? (Thrush) ????? ??? ????? ?? ??? ????? ???? ?????????? ?????,Routine,Schedule a regular medical consultation
??????? ??????? ????? ??? ???? ???? ?? ???? ????????????? ????? ????? ?????,General Query,"No immediate action required, informational response sufficient"
????? ???????? ???? ???? ???? ?????? ??? ?? ????????? ???? ?????,Emergency,Immediately go to emergency department or call ambulance
??????? ??? ??????? ???? ??? ? ?????? ?? ???? ????? ????? ???????? ???? ????,General Query,"No immediate action required, informational response sufficient"
"?????? ????? ????? ?? ??? ?? ??? ??? ??????? ??? ??? ???, ???????? ???",Routine,Schedule a regular medical consultation
????? ????? ?????? ??? ??? ??? ?? ??? ???? ???? ??????? ?????,General Query,"No immediate action required, informational response sufficient"
??????? ????? ???? ??? ?????? ?? ???????? ??? ??? ???? ????? (Jaundice)?,Urgent,Seek medical care within 24–48 hours
??????? ??? ????? ???? ???? ??? ????? ???????? ????? ???? ???????? ????? ????,General Query,"No immediate action required, informational response sufficient"
"?????? ????? ????? ?? ????? ????? ???? ??? (Pica), ??? ?? ?????? ?????",Routine,Schedule a regular medical consultation
????? ???? ???? ??? ?? ???? ?? ????? ??????? ???? ?????????? ???? ????,General Query,"No immediate action required, informational response sufficient"
??????? ??? ???????? ?????? ???? ??? ???? ???? ??? ??? ??? ?? ???????,Urgent,Seek medical care within 24–48 hours
????? ???????????? ??? ???? ???? ?????? ?? ?? ???????? ??? ??????,General Query,"No immediate action required, informational response sufficient"
"?????? ????? ??? ??? ??, ?????????? ???? ??? ??????? ?? ?????? ????",General Query,"No immediate action required, informational response sufficient"
????? ????? ???????????? ?????? ????????? ?? ??? ?????? ???? ????,General Query,"No immediate action required, informational response sufficient"
"??????? ??? ???? ????? ??????? ????? ??? ???? ???? ????, ???? ????????",Emergency,Immediately go to emergency department or call ambulance
?? ??? ????? ????? ?? ?????? ????? ??? ???? ????? ???? ???? ??? ?????,General Query,"No immediate action required, informational response sufficient"
??????? ?????????? ?????? ??? ??? ???? ?? ?? ???????? ???? ???? ?????????? ????,Urgent,Seek medical care within 24–48 hours
????? ?????? ??????? ???? ?????-? ?? ????? ????? ???????? ???????,General Query,"No immediate action required, informational response sufficient"
"?????? ??????? ?????? ???? ?? ???? ???????? ???? ??? ??, ??? ?????? ?????",Routine,Schedule a regular medical consultation
????? ??? ???????? ???? ???? ?? ???? ??? ??????? ??? ??????? ???? ???,General Query,"No immediate action required, informational response sufficient"
??????? ??? ????? ??? ??????? ?????? ??? ???? ??? ????? ???????? ???,General Query,"No immediate action required, informational response sufficient"
????? ????? ??????? ??-? ???? ?????? ???? ???? ??????? ??? ???? ??? ??????,General Query,"No immediate action required, informational response sufficient"
?????? ???? ??? ????? ????? ????? ?? ?? ??? ???? ????? ?????,Urgent,Seek medical care within 24–48 hours
????? ????? ?????? ??? ?? ???? ?? ??? ?????????? ?????? ?????? ?????,General Query,"No immediate action required, informational response sufficient"
??????? ??????? ??? ??? ?? ???????? ??????? ???? ???? ??? ??????,Urgent,Seek medical care within 24–48 hours
????? ?? ???????? ?????? ??? ???? ???? ?? ?? ??? ???? ?????,General Query,"No immediate action required, informational response sufficient"
??????? ???? ??????? ?????? ???? ???? ?? ??? ??? ???? ???? ??? ???????,Emergency,Immediately go to emergency department or call ambulance
????? ??? ?? ?????? ????? ?????????????????? ???????? ????????? ???? ????,General Query,"No immediate action required, informational response sufficient"
"??????? ??????? ???? ??? ??? ??? ???? ??????, ??? ?? ???? ????? ??????",Routine,Schedule a regular medical consultation
?????? ????? ????? ?????? ??? ??? ?? ???? ??? ??? ?? ????? ???? ????,General Query,"No immediate action required, informational response sufficient"
"?????? ????? ?????? ???? ????? ??????? ??? ???, ??? ?? ??????",General Query,"No immediate action required, informational response sufficient"
????? ????? ????? ?? ???????? ????? ??? ???? ?????? ???? ???,General Query,"No immediate action required, informational response sufficient"
??????? ??? ???? ???????? ????? ??? ?? ?????? ???? ??? ?????,Urgent,Seek medical care within 24–48 hours
????? ???? ???? ????? ???? ?????? ??? ?? ???? ????????? ??????? ????,General Query,"No immediate action required, informational response sufficient"
??????? ????? ??? ????? ?? ?? ???????? ???? ???? ??????? ??? ???? ???????,Routine,Schedule a regular medical consultation
????? ??????? ???????? ???? ?????? (Bedwetting) ?? ??? ??????? ??????????,General Query,"No immediate action required, informational response sufficient"
?????? ????? ???? ???? ?????? ????? ???? ?????? ?? ????? ???? ???? ??? ??????,Emergency,Immediately go to emergency department or call ambulance
????? ???? ?? ????? ???? ???????? ?? ????? ??????? ??? ?????? ???? ????,General Query,"No immediate action required, informational response sufficient"
??????? ????? ?????? ????? ????? ??? ???? ????????? ??????? ??????????? ???,General Query,"No immediate action required, informational response sufficient"
????? ???? ???? ??? ?? ??????? ????? ??????? ???? ????? ???? ????,General Query,"No immediate action required, informational response sufficient"
??????? ??? ??? ??? ??? ?????? ???? ??? ???? ???? ???? ??? ?? ??????,Urgent,Seek medical care within 24–48 hours
????? ??? ???? ???? ???? ?? ????? ????? ???? ? ???????? ???,General Query,"No immediate action required, informational response sufficient"
?????? ???? ????? ??? ???? ????? ??????? ?? ???? ??? ???????,Urgent,Seek medical care within 24–48 hours
????? ???? ??????????? ????? ??????? ??? ?? ??????????? ???? ????????,General Query,"No immediate action required, informational response sufficient"
??????? ??? ?? ???????? ???? ??? ???? ?? ?? ???? ???? ???,Emergency,Immediately go to emergency department or call ambulance
????? ??????? ???????? ??? ?? ????? ?????? ???????? ?????? ???? ????? ????,General Query,"No immediate action required, informational response sufficient"
??????? ???? ???? ???? ?? ???? ???? ???? ??? ?? ????????? ?????? ?????,Emergency,Immediately go to emergency department or call ambulance
????? ???? ????? ???? ???? ??? ??? ???????? ?????????? ???? ???,General Query,"No immediate action required, informational response sufficient"
????? ??????? ???? ?????? ???? ??? ????? ??? ?????? ????? ???? ?????? ?????? ???,Emergency,Immediately go to emergency department or call ambulance
??????????? ??????? ???? ???????? ?? ????? ???? ??????? ?? ?????? ???? ?? ?????????,General Query,"No immediate action required, informational response sufficient"
???? ???? ?????? ????? ????? ?????? ?? ??? ??? ??????????? ???? ??????,Emergency,Immediately go to emergency department or call ambulance
???????? ?????? ??? ???????? ?????? ???? ??? ????? ???? ?? ?????? ??????? ??? ?????,General Query,"No immediate action required, informational response sufficient"
???? ?? ??????? ??? ??? ???? ???? ??? ?????? ?????? ?? ?????? ?????? ???? ????????,Urgent,Seek medical care within 24–48 hours
???????? ?? ????????? ????? ???????? ????????? ?? ??? ???????? ???? ???? ????,General Query,"No immediate action required, informational response sufficient"
???? ??? ?? ???? ???? ??????? ?? ?????????? ????????? ?????? ????????,Emergency,Immediately go to emergency department or call ambulance
???????? ????? ???? ??? ?? ???? ?? ????????? ??? ???? ?????? ???? ???,General Query,"No immediate action required, informational response sufficient"
???? ????? ???? ???? ??? ??????? ?????? ????? ?? ????? ????????? ???,Urgent,Seek medical care within 24–48 hours
???????? ??? ????? ????? ?????????? ? ??????? ??-? ??? ???????? ????? ????,General Query,"No immediate action required, informational response sufficient"
"???????????? ????? ???? ???? ???? ???? ??????, ??? ??? ???? ???? ???",Routine,Schedule a regular medical consultation
????????? ????? ????? ?????? ?? ???-?? ????? ??? ?????? ?????? ??? ?????,General Query,"No immediate action required, informational response sufficient"
?????? ???? ????? ?????? ??????? ??? ????? ?? ?? ??? ??? ?????,Urgent,Seek medical care within 24–48 hours
???????? ???? ??????????? ???????? (MMSE) ???? ??? ?????? ??? ???,General Query,"No immediate action required, informational response sufficient"
???? ??? ???? ????? ?????? ?? ?????? ??? ???????? ????? ?????? ???,Emergency,Immediately go to emergency department or call ambulance
???????? ???????????? ??? ???? ???? ?????? ?? ?? ???????? ??? ??????,General Query,"No immediate action required, informational response sufficient"
???? ???? ????? ?? ???? ???? ?? ?????? ?? ????????? ???? ?????? ?????,Routine,Schedule a regular medical consultation
"??????? ?????? ????? ????? ???? ??? ???? ?????? ??? ?????, ?? ??? ?????",Routine,Schedule a regular medical consultation
???????? ???? ?? ????? ???? ?? ???????????? ???? ??????? ???? ???? ????,General Query,"No immediate action required, informational response sufficient"
?????? ??? ?????? ?? ???? ???? ???? ??????? ??? ????? ?? ????? ?????? ???,Emergency,Immediately go to emergency department or call ambulance
"?????? ??? ?? ???? ??? ???? ?? ??? ???? ????, ? ?????? ?????? ?????? ???",Urgent,Seek medical care within 24–48 hours
???????? ???????? ?? ???????? ??????? ???? ??? ???????? ??? ???? ??????? ????,General Query,"No immediate action required, informational response sufficient"
???? ??? ??? ???? ????? ??? ?????? ?? ????? ??? ??? ???? ??? ??????,Urgent,Seek medical care within 24–48 hours
???????? ???? ?? ?????????? ???? ????? ?? ???????????? ???? ???? ??????? ?????,General Query,"No immediate action required, informational response sufficient"
"?????? ??? ??? ????? ????? ??? ???? ??, ????? ??? ???? ????????",Routine,Schedule a regular medical consultation
?????? ??????? ????? ???????? ?????? ????? ??? ???? ???? ???,General Query,"No immediate action required, informational response sufficient"
????? ???? ?????????? ???? ????? ???? ?????????? ???? ?????? ??????,Routine,Schedule a regular medical consultation
???????? ???????? ??????? ?????? ????? ??? ???????? ???????? ????? ????,General Query,"No immediate action required, informational response sufficient"
??????????? ??? ????? ?? ????? ????????? ???? ???? ??? ???? ????,General Query,"No immediate action required, informational response sufficient"
???? ??????? ?????? ????? ?? ?????? ???? ??? ?????? ???,Routine,Schedule a regular medical consultation
???????? ?????????? ??????? ??? ?? ???? ?????? ???????? ?????? ????? ??????,General Query,"No immediate action required, informational response sufficient"
?????? ???? ??? ??????? ??????? ????? ?? ??? ?? ??? ???? ?????,Urgent,Seek medical care within 24–48 hours
???????? ???? ?????? ?????? ????? ?? ??????? ??????? ??? ???????,General Query,"No immediate action required, informational response sufficient"
???? ??? ?? ???? ???? ?????? (Double Vision) ?? ???? ???? ??? ????????,Emergency,Immediately go to emergency department or call ambulance
???????? ?????? ????? ?? ??????? ??? ???? ??? ????? ???? ?????,General Query,"No immediate action required, informational response sufficient"
??????????? ?????? ?????? ???? ????? ??? ?? ?????? ???? ?????? ???,Urgent,Seek medical care within 24–48 hours
???????? ????? ????????? ????????? ?? ??????? ???? ????? ??? ?????,General Query,"No immediate action required, informational response sufficient"
?????? ??? ???? ?? ?? ??? ?????? ?? ???? ??? ?????? ???,Routine,Schedule a regular medical consultation
???????? ???? ??????? ??? ???? ????????? ?? ??????? ?????,General Query,"No immediate action required, informational response sufficient"
?????????? ?? ?????? ???? ????? ?????? ???? ?? ??????? ???? ???,Routine,Schedule a regular medical consultation
?????????? ???? ?????-? ?? ??? ???? ?????? ????????? ?????? ???,General Query,"No immediate action required, informational response sufficient"
???????? ????? ????????? ????? ????? ?????? ?? ?????? ?? ???????? ??? ?????,General Query,"No immediate action required, informational response sufficient"
?????? ??? ?????? ???? ?????? ?? ???? ???? ???? ??????,Routine,Schedule a regular medical consultation
??????????? ???????? ???? ?????? (MRI) ??? ?? ?????? ???? ????,General Query,"No immediate action required, informational response sufficient"
?? ?? ??????? ??? ?????? ?????? ????? ?? ??? ??? ????? ??? ?????????,Urgent,Seek medical care within 24–48 hours
???????? ?????????? ?? ?????????? ??? ?? ?????? ?????? ??? ???? ?????,General Query,"No immediate action required, informational response sufficient"
???? ??? ??????? ?? ??????????? ????? ???? ???? ????? ?????? ???,Emergency,Immediately go to emergency department or call ambulance
???????? ???? ???? ??????? ????? ?? ?????? ???? ??????? ??? ?????,General Query,"No immediate action required, informational response sufficient"
???????? ??? ????? ?????? ???? ??? ?? ???? ????? ????? ??,Routine,Schedule a regular medical consultation
"???? ???? ???? ????? ???, ?? ???? ????? ????? ??",Routine,Schedule a regular medical consultation
"???????? ??? ??????, ??? ??? ??? ???? ???? ?????",Urgent,Visit a doctor within 24 hours
"???? ??? ??????, ???????? ??? ????? ???? ??? ???? ?????, ??????? ?????",Emergency,Immediately go to emergency department or call ambulance
"???? ???????? ???, ???? ??????? ?????? ?????",Emergency,Immediately go to emergency department or call ambulance
??? ??? ??? ???? ??????? ?????? ?????,Emergency,Immediately go to emergency department or call ambulance
?? ????? ???? ???? ??? ????? ???? ???? ???? ???,Emergency,Immediately go to emergency department or call ambulance
????? ?????? ????. ???? ???????? ?????,Routine,Schedule a regular medical consultation
"?? ??? ????, ??? ?? ?????????",General Query,"No immediate action required, informational response sufficient"
?? ???????? ??? ???? ???? ????,Routine,Schedule a regular medical consultation
"???????, ??? ?? ??? ??????, ?? ???? ????? ????? ??",General Query,"No immediate action required, informational response sufficient"
???? ???? ?????? ????? ?? ??? ???? ??? ?????,Urgent,Visit a doctor within 24 hours
"??? ???? ???? ??? ????? ??, ??? ?? ????????",Urgent,Visit a doctor within 24 hours
????? ?????? ????,Routine,Schedule a regular medical consultation
"?????, ???????? ??? ??? ????? ?????? ??? ???? ??, ??????? ?????",General Query,"No immediate action required, informational response sufficient"
"??????? ??? ???? ????? ??????? ????? ????? ???? ??????, ?? ???? ????? ????? ??",Emergency,Immediately go to emergency department or call ambulance
"???? ????? ??????, ????? ???? ???, ??? ?????",Routine,Schedule a regular medical consultation
"?????, ??????? ?????? ????? ??, ???? ??? ?????",General Query,"No immediate action required, informational response sufficient"
"???? ??????? ?????, ??? ???? ???? ???? ???? ????",Urgent,Visit a doctor within 24 hours
"???? ??? ?????? ??????, ???? ???????? ?????",General Query,"No immediate action required, informational response sufficient"
"??? ???? ???? ??? ?????, ?? ???? ????? ????? ??",Urgent,Visit a doctor within 24 hours
"????? ???? ?????? ????, ???? ??????? ????",Routine,Schedule a regular medical consultation
"?????, ???? ???? ??????, ??????? ?????",Urgent,Visit a doctor within 24 hours
"???? ????? ??????, ??? ?? ????????",General Query,"No immediate action required, informational response sufficient"
"????? ???? ?????? ????, ??????? ?? ??? ????, ??????? ?????",General Query,"No immediate action required, informational response sufficient"
???? ???? ???? ????. ??? ???????? ???,Urgent,Visit a doctor within 24 hours
"???? ??????? ?????, ??? ??? ?????, ???? ???????? ?????",General Query,"No immediate action required, informational response sufficient"
"???? ????? ????? ???????? ???, ?? ???? ???? ????? ????",Urgent,Visit a doctor within 24 hours
"???? ??????? ?????, ??????? ??? ????? ????? ??? ????? ????, ??????? ?????",Emergency,Immediately go to emergency department or call ambulance
"???? ??????? ?????, ????? ???????? ????, ??? ????? ?????? ?????",Routine,Schedule a regular medical consultation
???????? ??? ????? ???? ??? ??? ?? ???? ????? ????? ??,Routine,Schedule a regular medical consultation
"???? ??? ??????, ???????? ??? ??? ?? ????????, ??????? ?????",General Query,"No immediate action required, informational response sufficient"
"???????, ???? ??????? ????",Routine,Schedule a regular medical consultation
"???? ??????? ?????, ???? ???? ????? ???? ???",Routine,Schedule a regular medical consultation
"???? ??????? ?????, ???? ???? ?? ???????? ?? ????",General Query,"No immediate action required, informational response sufficient"
"???? ????? ??????, ??? ??? ??? ???? ???? ?????, ??????? ?????",Urgent,Visit a doctor within 24 hours
???? ???? ???? ??????? ???? ??? ???? ??? ?????,Routine,Schedule a regular medical consultation
"???? ??????? ?????, ??? ???? ??? ?????? ??????",General Query,"No immediate action required, informational response sufficient"
"? ??? ??? ?????? ??? ???, ???? ??? ?????",General Query,"No immediate action required, informational response sufficient"
"???? ???????? ???, ?????? ????? ??",Urgent,Visit a doctor within 24 hours
???? ??? ????? ??,Urgent,Visit a doctor within 24 hours
"???? ??? ??????, ????????? ????? ????? ??, ???? ??? ?????",Emergency,Immediately go to emergency department or call ambulance
???? ?????? ???. ?? ???? ????? ????? ??,Routine,Schedule a regular medical consultation
"???? ???????? ???, ?????? ???????? ????, ??? ?? ????????",Routine,Schedule a regular medical consultation
"?? ???? ???? ???? ????, ????????? ????? ??",Routine,Schedule a regular medical consultation
????? ????? ????? ???,Routine,Schedule a regular medical consultation
"??????? ?? ??? ????, ?? ??? ????",General Query,"No immediate action required, informational response sufficient"
?? ?????? ???????? ????,Routine,Schedule a regular medical consultation
? ??? ??? ??? ???? ?????? ????? ??? ?? ???? ????? ????? ??,Emergency,Immediately go to emergency department or call ambulance
???? ?????? ??? ??? ???,General Query,"No immediate action required, informational response sufficient"
"???? ??? ??????, ?? ???? ??? ????? ??, ??????? ?????",Urgent,Visit a doctor within 24 hours
"???? ????? ????? ???????? ???, ????? ???? ???? ??? ????? ???? ???? ????,",Emergency,Immediately go to emergency department or call ambulance
???? ???? ???? ???? ????? ??? ???? ??? ?????,Urgent,Visit a doctor within 24 hours
"?? ??? ????? ????? ??????? ?????, ??? ????? ?????? ?????",Emergency,Immediately go to emergency department or call ambulance
"?????, ?? ??????? ?????? ?????",Routine,Schedule a regular medical consultation
"????? ???? ?????? ????, ????? ????? ?? ????? ?????, ???? ??? ?????",Emergency,Immediately go to emergency department or call ambulance
????? ???? ???? ????? ????,Urgent,Visit a doctor within 24 hours
"????? ??? ?? ????????,",General Query,"No immediate action required, informational response sufficient"
???? ??????? ?????? ????? ???,Routine,Schedule a regular medical consultation
"???? ????? ??????, ????? ???? ???",Routine,Schedule a regular medical consultation
"???? ??????? ?????, ?? ???????? ?? ????, ??? ?????",General Query,"No immediate action required, informational response sufficient"
"???????? ??? ??????, ???? ???? ??????,",Urgent,Visit a doctor within 24 hours
"???? ????? ????? ???????? ???, ??? ??? ??? ???? ??? ????? ??",Urgent,Visit a doctor within 24 hours
"???????? ??? ??????, ??????? ?????? ?????",Routine,Schedule a regular medical consultation
"????? ???? ??? ???? ?????, ??? ?? ?????????",Emergency,Immediately go to emergency department or call ambulance
"???? ???????? ???, ???? ???? ????? ????? ??? ????? ????",Emergency,Immediately go to emergency department or call ambulance
"???? ????? ??????, ??????? ?? ??? ????, ??? ???????? ???",General Query,"No immediate action required, informational response sufficient"
"??????? ?? ??? ????, ??? ?? ?????????",General Query,"No immediate action required, informational response sufficient"
"???? ????? ??????, ? ??? ??? ??? ?? ????????",General Query,"No immediate action required, informational response sufficient"
"??? ??? ??? ?? ???????? ?? ????, ??? ???????? ???",General Query,"No immediate action required, informational response sufficient"
"????? ??? ????? ???, ??? ?? ?????????",Routine,Schedule a regular medical consultation
"?? ?????? ??? ???, ??? ?????",General Query,"No immediate action required, informational response sufficient"
????? ?? ??? ???? ??? ??? ?????,General Query,"No immediate action required, informational response sufficient"
???????? ??? ????? ???????? ????,Routine,Schedule a regular medical consultation
"???????, ??? ?????? ??????, ???? ???????? ?????",General Query,"No immediate action required, informational response sufficient"
"???? ???? ????? ???? ??? ???? ?????, ??????? ?????",Emergency,Immediately go to emergency department or call ambulance
"????? ???? ????? ???? ??, ??? ?? ?????????",Urgent,Visit a doctor within 24 hours
?? ????? ???? ??? ????? ????,Emergency,Immediately go to emergency department or call ambulance
???? ???? ???? ??????????. ???? ??? ?????,Emergency,Immediately go to emergency department or call ambulance
"???? ??????, ??? ?? ?????????",Urgent,Visit a doctor within 24 hours
??? ???? ?????? ???????? ???? ??? ?? ???? ????? ????? ??,Routine,Schedule a regular medical consultation
"????? ?????? ??? ?????, ??? ?? ????????",Urgent,Visit a doctor within 24 hours
"?? ????? ???????? ????, ??? ????? ?????? ?????",Routine,Schedule a regular medical consultation
"???????, ???? ?? ???????? ?? ????",General Query,"No immediate action required, informational response sufficient"
"????? ????? ?? ????? ?????, ?? ??? ????",Emergency,Immediately go to emergency department or call ambulance
??? ???? ????? ???? ??? ???? ?????,Emergency,Immediately go to emergency department or call ambulance
????? ???? ???. ??? ?????,Routine,Schedule a regular medical consultation
"???? ????? ????? ???????? ???, ??? ?????? ??????",General Query,"No immediate action required, informational response sufficient"
"?????, ???? ???? ???? ????",Urgent,Visit a doctor within 24 hours
"???? ???? ????? ???? ????, ???? ??? ?????",Routine,Schedule a regular medical consultation
"???? ??????? ?????, ??? ?? ?????????, ????????? ????? ??",General Query,"No immediate action required, informational response sufficient"
???? ???? ???? ???? ???? ???? ??? ???? ???????? ?????,Routine,Schedule a regular medical consultation
"??? ??? ?????, ??? ???????? ???",General Query,"No immediate action required, informational response sufficient"
?? ???????? ??? ??????? ?????? ????? ?? ??? ????????? ????? ??,General Query,"No immediate action required, informational response sufficient"
???????? ??? ??? ?? ???????? ??? ????????? ????? ??,General Query,"No immediate action required, informational response sufficient"
"???? ????? ????? ???????? ???, ??? ??? ??? ?????",Urgent,Visit a doctor within 24 hours
????? ?????? ????. ??? ???????? ???,Routine,Schedule a regular medical consultation
"???? ??? ??????, ????? ?????? ????",Routine,Schedule a regular medical consultation
"???? ???????? ???, ??? ??? ??? ??? ??????? ??????, ??????? ?????",General Query,"No immediate action required, informational response sufficient"
"???? ?????? ??, ??? ?? ?????????",Urgent,Visit a doctor within 24 hours
???? ???? ???? ???? ???? ??? ??? ???????? ???,Routine,Schedule a regular medical consultation
"???? ????? ????? ???????? ???, ??????? ??????? ?????? ?????",Routine,Schedule a regular medical consultation
"????? ???? ?????? ????, ?????? ????? ???????? ????? ????? ??, ??? ?? ????????",Emergency,Immediately go to emergency department or call ambulance
"???????, ???????? ??? ?????? ????? ???????? ????? ????? ??",Emergency,Immediately go to emergency department or call ambulance
"???? ????? ??????, ????? ???? ??? ????? ????",Emergency,Immediately go to emergency department or call ambulance
???? ???-?? ??? ????? ??? ?? ???? ????? ????? ??,Emergency,Immediately go to emergency department or call ambulance
"???? ??????? ?????, ??? ??? ?????, ??????? ?????",General Query,"No immediate action required, informational response sufficient"
"???????, ??????? ??? ???? ????? ??????? ????? ????? ???? ??????",Emergency,Immediately go to emergency department or call ambulance
"???? ????? ??????, ??????? ?? ??? ????,",General Query,"No immediate action required, informational response sufficient"
"????? ???? ???, ??? ?? ?????????",Routine,Schedule a regular medical consultation
"???? ????? ????? ???????? ???, ??? ?? ?????? ??????",General Query,"No immediate action required, informational response sufficient"
"???????? ??? ??????, ??????? ??? ??????? ?????? ?????",Routine,Schedule a regular medical consultation
"?? ???????? ??? ??? ??????? ??????, ??? ???????? ???",General Query,"No immediate action required, informational response sufficient"
"???? ??? ??????, ????? ???? ??? ????? ????, ?? ???? ????? ????? ??",Emergency,Immediately go to emergency department or call ambulance
"???? ??????? ?????, ??????? ?? ??? ????, ??? ?? ????????",General Query,"No immediate action required, informational response sufficient"
"???? ???????? ???, ?? ???? ?????? ???, ??????? ?????",Routine,Schedule a regular medical consultation
? ??? ??? ?????? ??? ????? ??? ??? ???????? ???,Urgent,Visit a doctor within 24 hours
??????? ???? ???? ???? ????,Routine,Schedule a regular medical consultation
???? ?????? ??. ????????? ????? ??,Urgent,Visit a doctor within 24 hours
"???????? ??? ??????, ??? ?? ??? ??????",General Query,"No immediate action required, informational response sufficient"
"???? ????? ??????, ??? ???? ????? ???? ????, ??????? ?????",Routine,Schedule a regular medical consultation
"???????, ? ??? ??? ?????? ????? ???????? ????? ????? ??, ??????? ?????",Emergency,Immediately go to emergency department or call ambulance
"???? ????? ????? ???????? ???, ? ??? ??? ???? ??????? ?????? ?????, ??????? ?????",Emergency,Immediately go to emergency department or call ambulance
???? ???? ????? ???? ???,Routine,Schedule a regular medical consultation
"???? ????? ??????, ???? ???????? ?????",Urgent,Visit a doctor within 24 hours
"???????, ?? ???? ????",General Query,"No immediate action required, informational response sufficient"
????? ?????? ????. ??? ????? ?????? ?????,Routine,Schedule a regular medical consultation
"???? ??? ??????, ???? ????? ??????? ????? ????? ???? ??????, ???? ???????? ?????",Emergency,Immediately go to emergency department or call ambulance
"????? ???? ?????? ????, ???????? ??? ??????? ?? ??? ????, ??????? ?????",General Query,"No immediate action required, informational response sufficient"
"???? ????? ??????, ????? ???? ???, ??? ?????",Routine,Schedule a regular medical consultation
"???? ???????? ???, ???? ???? ???? ???? ??????, ??????? ?????",Urgent,Visit a doctor within 24 hours
"?????, ?? ??? ????, ??? ???????? ???",General Query,"No immediate action required, informational response sufficient"
"??? ???? ????? ???? ??? ???? ?????, ???? ???????? ?????",Emergency,Immediately go to emergency department or call ambulance
"???? ????? ??????, ???????? ??? ?? ???? ????, ??????? ?????",General Query,"No immediate action required, informational response sufficient"
"???????? ??? ??????, ? ??? ??? ????????? ????? ????? ??",Emergency,Immediately go to emergency department or call ambulance
"???? ??????? ?????, ?????? ??? ?????",Urgent,Visit a doctor within 24 hours
"???????? ??? ??????, ?????? ??? ???",General Query,"No immediate action required, informational response sufficient"
"???? ??????? ?????, ????? ????? ??? ????? ????, ??? ?????",Emergency,Immediately go to emergency department or call ambulance
"???? ???????? ???, ???? ???????? ?????, ???? ???????? ?????",Urgent,Visit a doctor within 24 hours
??? ????? ?????? ??? ???? ??. ??? ???????? ???,General Query,"No immediate action required, informational response sufficient"
"?? ?????? ????? ???????? ????? ????? ??, ??? ?????",Emergency,Immediately go to emergency department or call ambulance
"?????, ??????? ?????? ?????, ??? ?????",Routine,Schedule a regular medical consultation
"???? ????? ????? ???????? ???, ???? ??????? ?????? ?????, ?? ???? ????? ????? ??",Emergency,Immediately go to emergency department or call ambulance
"?????? ????? ???????? ????? ????? ??, ?? ??? ????",Emergency,Immediately go to emergency department or call ambulance
"????? ????? ???? ????? ???? ??, ??? ?????",Urgent,Visit a doctor within 24 hours
??????? ??? ???-?? ??? ????? ???,Emergency,Immediately go to emergency department or call ambulance
"???????? ??? ???? ???? ????? ?????, ??? ????? ?????? ?????",Emergency,Immediately go to emergency department or call ambulance
"?? ???????? ??? ????? ??? ????? ???,",Routine,Schedule a regular medical consultation
"????? ???? ?????? ????, ??? ?? ?????????, ???? ???????? ?????",General Query,"No immediate action required, informational response sufficient"
"???? ??????, ??? ????? ?????? ?????",Urgent,Visit a doctor within 24 hours
?? ????? ????? ?? ????? ?????,Emergency,Immediately go to emergency department or call ambulance
"?? ???? ????, ?? ??? ????",General Query,"No immediate action required, informational response sufficient"
"????? ???? ?????? ????, ?? ??? ????",General Query,"No immediate action required, informational response sufficient"
"? ??? ??? ???? ??? ?????, ??? ????? ?????? ?????",Urgent,Visit a doctor within 24 hours
"????? ???? ?????? ????, ????? ??? ????? ???, ??? ????? ?????? ?????",Routine,Schedule a regular medical consultation
"???? ??????? ????, ??? ???????? ???",Routine,Schedule a regular medical consultation
"???? ???????? ???, ??????? ?????? ????? ??, ?? ???? ????? ????? ??",General Query,"No immediate action required, informational response sufficient"
?? ???????? ??? ????? ???? ????? ???? ??,Urgent,Visit a doctor within 24 hours
"???? ???? ???? ????? ???, ??? ?? ?????????",Routine,Schedule a regular medical consultation
???? ???? ?????? ???,Routine,Schedule a regular medical consultation
"?????? ????? ??, ??? ?? ????????",Urgent,Visit a doctor within 24 hours
"????? ????? ??? ????? ????, ??? ?????",Emergency,Immediately go to emergency department or call ambulance
"??? ??? ??? ?????, ?? ??? ????",Urgent,Visit a doctor within 24 hours
"???? ??? ??????, ?????? ????? ???????? ????? ????? ??,",Emergency,Immediately go to emergency department or call ambulance
"???? ???????? ???, ???? ???? ?????? ???? ?????, ??? ????? ?????? ?????",Emergency,Immediately go to emergency department or call ambulance
??? ???? ??? ????? ????,Urgent,Visit a doctor within 24 hours
????? ??? ????? ???. ?? ???? ????? ????? ??,Routine,Schedule a regular medical consultation
???? ???-?? ??? ????? ??? ????????? ????? ??,Emergency,Immediately go to emergency department or call ambulance
??? ?? ??? ??????.,General Query,"No immediate action required, informational response sufficient"
? ??? ??? ???-?? ??? ????? ??? ?? ???? ????? ????? ??,Emergency,Immediately go to emergency department or call ambulance
"???? ????? ??????, ???? ???? ?? ???? ????",General Query,"No immediate action required, informational response sufficient"
"???????? ??? ??????, ?????? ????? ???????? ????? ????? ??",Emergency,Immediately go to emergency department or call ambulance
????? ???? ???. ??? ????? ?????? ?????,Routine,Schedule a regular medical consultation
???? ????? ???? ???,Routine,Schedule a regular medical consultation
"?????, ?? ???? ???? ????",Routine,Schedule a regular medical consultation
"???? ????? ??????, ???? ????? ??????? ????? ????? ???? ??????, ??? ????? ?????? ?????",Emergency,Immediately go to emergency department or call ambulance
"??? ??? ??? ???? ????? ????? ????,",Routine,Schedule a regular medical consultation
???? ???? ??????? ?? ??? ????,General Query,"No immediate action required, informational response sufficient"
??????? ????? ??? ????? ??? ??? ???? ??? ?????,Routine,Schedule a regular medical consultation
??????? ?? ??? ????. ??? ?? ????????,General Query,"No immediate action required, informational response sufficient"
???? ????? ????? ?? ????? ????? ??? ???? ??? ?????,Emergency,Immediately go to emergency department or call ambulance
???-?? ??? ?????. ???? ???????? ?????,Emergency,Immediately go to emergency department or call ambulance
??????? ???? ?????? ??? ??? ??? ???????? ???,Routine,Schedule a regular medical consultation
"????? ???? ????? ??????? ????? ????? ???? ??????, ??? ?? ????????",Emergency,Immediately go to emergency department or call ambulance
??????? ??? ??? ?? ??? ??????,General Query,"No immediate action required, informational response sufficient"
"?????, ???? ????? ???? ???",Routine,Schedule a regular medical consultation
"???? ??? ??????, ?? ?????? ??? ???",General Query,"No immediate action required, informational response sufficient"
"?????, ?? ???? ????? ??????? ????? ????? ???? ??????",Emergency,Immediately go to emergency department or call ambulance
??????? ?????? ???????? ????,Routine,Schedule a regular medical consultation
"????? ???? ?????? ????, ??????? ?? ??? ????, ??? ?? ????????",General Query,"No immediate action required, informational response sufficient"
????? ????? ???? ???,Routine,Schedule a regular medical consultation
"???? ??? ??????, ?????? ??? ???",General Query,"No immediate action required, informational response sufficient"
??? ???? ??? ??????? ?????? ??? ??? ???????? ???,General Query,"No immediate action required, informational response sufficient"
"????? ???? ?????? ????, ????? ???? ????",Routine,Schedule a regular medical consultation
"???????? ??? ????? ???? ????, ???? ???????? ?????",Routine,Schedule a regular medical consultation
"?????, ???? ????? ?????? ????",Routine,Schedule a regular medical consultation
"???????? ??? ??????, ????? ???? ??? ????? ????, ??? ?? ????????",Emergency,Immediately go to emergency department or call ambulance
"???????? ??? ??????, ????? ??? ?? ????????",General Query,"No immediate action required, informational response sufficient"
??? ???? ??????? ????? ?? ??? ?? ???? ????? ????? ??,General Query,"No immediate action required, informational response sufficient"
??? ??? ??? ????? ???? ????,Routine,Schedule a regular medical consultation
"???? ???????? ???, ??? ?? ?????????",General Query,"No immediate action required, informational response sufficient"
?? ????? ???? ???? ??? ????????? ????? ??,Routine,Schedule a regular medical consultation
???? ???? ????? ?????,Emergency,Immediately go to emergency department or call ambulance
?????? ??? ?????. ??? ???????? ???,Urgent,Visit a doctor within 24 hours
"???? ???? ???? ????, ??? ?? ?????????",Routine,Schedule a regular medical consultation
"???? ???? ???? ????, ?? ??? ????",Urgent,Visit a doctor within 24 hours
?? ???? ????. ???? ??? ?????,General Query,"No immediate action required, informational response sufficient"
"??? ???? ??? ????? ????? ??????? ?????, ?? ???? ????? ????? ??",Emergency,Immediately go to emergency department or call ambulance
"???????, ???? ??????? ?????? ????? ??",General Query,"No immediate action required, informational response sufficient"
??? ???? ??? ????? ???? ??? ??? ?? ????????,Urgent,Visit a doctor within 24 hours
"???????, ??????? ??? ?? ??? ??????, ??????? ?????",General Query,"No immediate action required, informational response sufficient"
"???? ???? ?????? ???? ?????, ?? ??? ????",Emergency,Immediately go to emergency department or call ambulance
"?????, ??? ???? ??? ?? ?????????, ??????? ?????",General Query,"No immediate action required, informational response sufficient"
"???? ??????? ?????, ??? ??? ??? ????? ???? ???, ??????? ?????",Routine,Schedule a regular medical consultation
"???????? ??? ??????, ??????? ??? ????? ???? ???, ??????? ?????",Routine,Schedule a regular medical consultation
??? ?????? ??????. ??? ????? ?????? ?????,General Query,"No immediate action required, informational response sufficient"
"???? ????? ????? ???????? ???, ??? ???? ????? ???? ???, ??????? ?????",Routine,Schedule a regular medical consultation
????? ???? ????? ???? ??. ????????? ????? ??,Urgent,Visit a doctor within 24 hours
"???? ????? ??????, ???? ????? ??????? ????? ????? ???? ??????",Emergency,Immediately go to emergency department or call ambulance
"???????, ??? ??? ??? ?????",Urgent,Visit a doctor within 24 hours
???? ????? ??????? ????? ????? ???? ?????? ???,Emergency,Immediately go to emergency department or call ambulance
"???? ????? ????? ???????? ???, ???? ???? ????? ?????",Emergency,Immediately go to emergency department or call ambulance
"?????? ????? ??, ?? ??? ????",Urgent,Visit a doctor within 24 hours
"???????, ???? ????? ????? ??? ????? ????",Emergency,Immediately go to emergency department or call ambulance
??? ???? ?? ??? ???? ??? ??? ???????? ???,General Query,"No immediate action required, informational response sufficient"
"???? ??????, ?? ??? ????",Urgent,Visit a doctor within 24 hours
"????? ???? ?????? ????, ????? ?????? ??? ?????",Urgent,Visit a doctor within 24 hours
?? ???????? ??? ??????? ?????? ????? ?? ??? ??? ????? ?????? ?????,General Query,"No immediate action required, informational response sufficient"
"???? ???? ???? ???? ????? ????, ??? ????? ?????? ?????",Urgent,Visit a doctor within 24 hours
"???? ????? ????? ???????? ???, ???? ???? ??? ??????? ??????, ??????? ?????",General Query,"No immediate action required, informational response sufficient"
"???????? ??? ??????, ?? ???? ???? ??????",Urgent,Visit a doctor within 24 hours
? ??? ??? ??????? ?????? ????? ?? ??? ????????? ????? ??,General Query,"No immediate action required, informational response sufficient"
"???????, ????? ???? ???? ?????? ???? ?????, ??????? ?????",Emergency,Immediately go to emergency department or call ambulance
????????? ????? ????? ??. ???? ??? ?????,Emergency,Immediately go to emergency department or call ambulance
? ??? ??? ???? ???? ???? ???? ??? ??? ?? ????????,Routine,Schedule a regular medical consultation
"???? ???????? ???, ??? ??????? ??????, ??? ????? ?????? ?????",General Query,"No immediate action required, informational response sufficient"
????? ???? ???? ??? ????? ???? ???? ????. ??? ?????,Emergency,Immediately go to emergency department or call ambulance
"??????? ?????? ????? ??, ??? ?? ?????????",General Query,"No immediate action required, informational response sufficient"
"??????? ??? ???? ??? ?????, ?? ???? ????? ????? ??",Urgent,Visit a doctor within 24 hours
"???? ???????? ???, ???????? ??? ????? ???????? ????",Routine,Schedule a regular medical consultation
??????? ??????? ????? ?? ??? ???? ??? ?????,General Query,"No immediate action required, informational response sufficient"
"?? ?? ???????? ?? ????, ????????? ????? ??",General Query,"No immediate action required, informational response sufficient"
"???? ???????? ???, ????? ???? ????? ???? ??, ???? ??? ?????",Urgent,Visit a doctor within 24 hours
"???? ????? ????? ????, ??? ?? ?????????",Routine,Schedule a regular medical consultation
"??? ??? ??? ????????? ????? ????? ??, ??? ?? ????????",Emergency,Immediately go to emergency department or call ambulance
???? ???? ????? ????. ??? ?? ????????,Urgent,Visit a doctor within 24 hours
?? ?? ??? ???? ??? ??? ????? ?????? ?????,General Query,"No immediate action required, informational response sufficient"
"??? ?? ?????? ??????, ??? ?? ?????????",General Query,"No immediate action required, informational response sufficient"
??????? ??? ???? ?????? ??? ????????? ????? ??,Urgent,Visit a doctor within 24 hours
"???? ????? ????? ???????? ???, ???-?? ??? ?????, ??????? ?????",Emergency,Immediately go to emergency department or call ambulance
??????? ??? ?????? ?????? ??? ????????? ????? ??,General Query,"No immediate action required, informational response sufficient"
"???? ???? ??? ?? ??? ??????, ?? ???? ????? ????? ??",General Query,"No immediate action required, informational response sufficient"
"???? ??????? ?????, ??? ???? ???? ?????? ?????, ??????? ?????",Urgent,Visit a doctor within 24 hours
"???? ???????? ???, ???? ?????? ???, ??????? ?????",Routine,Schedule a regular medical consultation
"????? ???? ?????? ????, ????? ????? ?? ????? ?????",Emergency,Immediately go to emergency department or call ambulance
?? ???? ????. ???? ???????? ?????,General Query,"No immediate action required, informational response sufficient"
"? ??? ??? ????? ???? ???? ??? ????? ???? ???? ????, ??? ????? ?????? ?????",Emergency,Immediately go to emergency department or call ambulance
"???? ??????? ?????, ??? ???? ??? ??? ??? ?????",Urgent,Visit a doctor within 24 hours
??? ???? ????? ????? ???,Routine,Schedule a regular medical consultation
"???? ???? ??????, ???? ??? ?????",Urgent,Visit a doctor within 24 hours
"???? ??????? ?????, ???? ???? ????, ??? ????? ?????? ?????",Routine,Schedule a regular medical consultation
???? ?? ??? ????,General Query,"No immediate action required, informational response sufficient"
??????? ?? ??? ????. ???? ??? ?????,General Query,"No immediate action required, informational response sufficient"
"?????, ??? ???? ????? ???? ???, ??????? ?????",Routine,Schedule a regular medical consultation
"???? ??????? ?????, ??? ?? ????????, ???? ???????? ?????",General Query,"No immediate action required, informational response sufficient"
"?????, ???????? ??? ???? ?????? ??",Urgent,Visit a doctor within 24 hours
"???? ???????? ???, ???????? ??? ?? ???? ????",General Query,"No immediate action required, informational response sufficient"
???? ???? ???? ????.,Urgent,Visit a doctor within 24 hours
"???? ???????? ???, ???? ??? ?? ?????????, ??????? ?????",General Query,"No immediate action required, informational response sufficient"
"???? ????? ??????, ??????? ??? ?????? ????? ??, ??????? ?????",Urgent,Visit a doctor within 24 hours
"???? ??????? ?????, ??? ????? ????, ??? ?? ????????",Urgent,Visit a doctor within 24 hours
???? ???? ?????? ???? ?????. ???? ??? ?????,Emergency,Immediately go to emergency department or call ambulance
"???????? ??? ??????, ??????? ?? ??? ????",General Query,"No immediate action required, informational response sufficient"
???? ???????? ????? ??? ????????? ????? ??,Urgent,Visit a doctor within 24 hours
"???? ?????? ????? ??, ??? ?? ????????",Urgent,Visit a doctor within 24 hours
??? ??? ??? ?????. ?? ???? ????? ????? ??,Urgent,Visit a doctor within 24 hours
"?????, ????? ???? ???? ??? ????? ???? ???? ????",Emergency,Immediately go to emergency department or call ambulance
"???????? ??? ??????, ??? ????? ????? ??????? ?????, ??? ????? ?????? ?????",Emergency,Immediately go to emergency department or call ambulance
"???????, ??? ???? ????? ???? ????",Routine,Schedule a regular medical consultation
"???????, ???? ???? ??????, ??????? ?????",Urgent,Visit a doctor within 24 hours
??? ?? ????????. ??? ???????? ???,General Query,"No immediate action required, informational response sufficient"
"?? ???????? ??? ???? ???????? ?????, ???? ???????? ?????",Urgent,Visit a doctor within 24 hours
???? ???? ???? ?????,Urgent,Visit a doctor within 24 hours
???? ???? ??? ?? ????????? ??? ???? ??? ?????,General Query,"No immediate action required, informational response sufficient"
"???????, ???? ?????? ?????",Urgent,Visit a doctor within 24 hours
"???? ??????? ?????, ???????? ??? ???? ???????? ?????",Urgent,Visit a doctor within 24 hours
"????? ????? ???, ?? ??? ????",Routine,Schedule a regular medical consultation
???? ??? ??????? ??????,General Query,"No immediate action required, informational response sufficient"
??? ???? ??? ??? ????? ??? ????????? ????? ??,General Query,"No immediate action required, informational response sufficient"
??????? ???? ??? ????? ??? ?? ???? ????? ????? ??,Urgent,Visit a doctor within 24 hours
??????? ??????? ????? ??,General Query,"No immediate action required, informational response sufficient"
"???????, ???????? ??? ???? ???? ????? ????, ??????? ?????",Urgent,Visit a doctor within 24 hours
"????? ???? ?????? ????, ?? ???????? ?? ????,",General Query,"No immediate action required, informational response sufficient"
"???? ???????? ???, ??? ??? ??? ??? ?? ????????",General Query,"No immediate action required, informational response sufficient"
"???????, ?? ???? ?????? ??, ??????? ?????",Urgent,Visit a doctor within 24 hours
??? ???? ???? ??? ????? ?? ??? ????????? ????? ??,Urgent,Visit a doctor within 24 hours
"???? ????? ????? ???????? ???, ?? ???????? ?? ????",General Query,"No immediate action required, informational response sufficient"
??????? ?? ??? ????. ????????? ????? ??,General Query,"No immediate action required, informational response sufficient"
??????? ??? ????????? ????? ????? ?? ??? ???? ???????? ?????,Emergency,Immediately go to emergency department or call ambulance
"???????, ??? ??? ??? ??? ?? ??? ??????",General Query,"No immediate action required, informational response sufficient"
"???????, ?? ???????? ??? ??? ?? ?????? ??????, ??????? ?????",General Query,"No immediate action required, informational response sufficient"
"???? ??? ??????, ????? ??? ?? ??? ??????",General Query,"No immediate action required, informational response sufficient"
??????? ??? ?? ????????,General Query,"No immediate action required, informational response sufficient"
"????? ???? ?????? ????, ???? ????? ????? ???",Routine,Schedule a regular medical consultation
"???????? ??? ??????, ???????? ??? ?????? ??? ?????",Urgent,Visit a doctor within 24 hours
"?????, ?? ???????? ??? ???? ???? ???? ????? ???",Routine,Schedule a regular medical consultation
????? ???????? ????. ???? ??? ?????,Routine,Schedule a regular medical consultation
??????? ?????? ?????,Routine,Schedule a regular medical consultation
??? ???? ????? ???????? ???? ??? ??? ?? ????????,Routine,Schedule a regular medical consultation
"??? ????? ????? ??????? ?????, ?? ??? ????",Emergency,Immediately go to emergency department or call ambulance
???? ???-?? ??? ?????,Emergency,Immediately go to emergency department or call ambulance
"???? ????? ??????? ????? ????? ???? ??????, ??? ?? ?????????",Emergency,Immediately go to emergency department or call ambulance
"???? ???? ?????? ??? ?????, ???? ???????? ?????",Urgent,Visit a doctor within 24 hours
?? ???-?? ??? ????? ??? ??? ???????? ???,Emergency,Immediately go to emergency department or call ambulance
"???? ???????? ???, ??? ?? ????????",General Query,"No immediate action required, informational response sufficient"
"???? ????? ??????, ???? ???? ???? ?????? ???? ?????, ??????? ?????",Emergency,Immediately go to emergency department or call ambulance
"???????? ??? ??????, ??? ?? ?????????",General Query,"No immediate action required, informational response sufficient"
"?????, ? ??? ??? ???? ???? ????? ?????",Emergency,Immediately go to emergency department or call ambulance
"????? ???? ?????? ????, ??????? ?????? ???????? ????, ??????? ?????",Routine,Schedule a regular medical consultation
"???????? ??? ??????, ??? ??? ??? ?????? ????? ???????? ????? ????? ??",Emergency,Immediately go to emergency department or call ambulance
??? ???? ????? ???????? ????,Routine,Schedule a regular medical consultation
"??? ????? ????, ?? ??? ????",Urgent,Visit a doctor within 24 hours
"??? ?? ????????, ??? ?? ?????????",General Query,"No immediate action required, informational response sufficient"
"?????, ????? ???? ???? ???? ????, ??????? ?????",Urgent,Visit a doctor within 24 hours
"??? ??? ??? ????? ????? ?? ????? ?????, ??? ?? ????????",Emergency,Immediately go to emergency department or call ambulance
?????? ????? ???????? ????? ????? ??. ???? ???????? ?????,Emergency,Immediately go to emergency department or call ambulance
"???? ????? ????? ???????? ???, ???? ????? ????? ????",Routine,Schedule a regular medical consultation
"?? ???????? ??? ?????? ??? ???, ??? ???????? ???",General Query,"No immediate action required, informational response sufficient"
"??? ?? ?????????, ?? ??? ????",General Query,"No immediate action required, informational response sufficient"
"?? ???? ???? ???? ????? ???, ??? ?????",Routine,Schedule a regular medical consultation
"???????? ??? ????? ????? ??? ????? ????, ??? ????? ?????? ?????",Emergency,Immediately go to emergency department or call ambulance
"?????? ??? ???, ?? ??? ????",General Query,"No immediate action required, informational response sufficient"
"???????, ???? ????? ??? ????? ???",Routine,Schedule a regular medical consultation
"???? ????? ??????, ????? ??? ????? ???",Routine,Schedule a regular medical consultation
??????? ???? ???????? ?????,Urgent,Visit a doctor within 24 hours
"??????? ????? ??, ??? ?? ?????????",General Query,"No immediate action required, informational response sufficient"
"???????? ??? ??????, ???????? ??? ???? ????? ??????? ????? ????? ???? ??????",Emergency,Immediately go to emergency department or call ambulance
?????? ???????? ????. ??? ?? ????????,Routine,Schedule a regular medical consultation
"???????? ??? ??????, ??????? ??? ????? ???? ???? ??? ????? ???? ???? ????",Emergency,Immediately go to emergency department or call ambulance
"???? ???? ????? ???? ???, ???? ???????? ?????",Routine,Schedule a regular medical consultation
"????? ????? ?? ????? ?????, ??? ?? ?????????",Emergency,Immediately go to emergency department or call ambulance
"???? ???????? ???, ???? ????? ??????? ????? ????? ???? ??????",Emergency,Immediately go to emergency department or call ambulance
"????? ???? ???? ????,",Routine,Schedule a regular medical consultation
"???? ???????? ???, ??? ?? ????????, ??????? ?????",General Query,"No immediate action required, informational response sufficient"
"???? ??? ??????, ???????? ??? ???? ???? ???? ??????????, ??????? ?????",Emergency,Immediately go to emergency department or call ambulance
"????? ???? ?????? ????, ?? ??? ?????? ??????, ??????? ?????",General Query,"No immediate action required, informational response sufficient"
"???? ??????? ????, ??? ?? ?????????",Routine,Schedule a regular medical consultation
"???????? ??? ??????, ??? ??? ??? ???? ???? ?????, ??????? ?????",Urgent,Visit a doctor within 24 hours
??? ???? ???? ???? ???? ????,Urgent,Visit a doctor within 24 hours
"???? ??? ??????, ???? ??? ?????, ???? ???????? ?????",Urgent,Visit a doctor within 24 hours
??? ???? ????????? ????? ????? ?? ??? ?? ???? ????? ????? ??,Emergency,Immediately go to emergency department or call ambulance
"??? ????? ????? ??????? ?????, ????????? ????? ??",Emergency,Immediately go to emergency department or call ambulance
"???? ???? ???? ?????, ??????? ?????",Urgent,Visit a doctor within 24 hours
?????? ??? ?????. ???? ??? ?????,Urgent,Visit a doctor within 24 hours
"???? ????? ????? ???????? ???, ??????? ?? ??? ????",General Query,"No immediate action required, informational response sufficient"
"???? ???????? ???, ??? ?? ??? ??????,",General Query,"No immediate action required, informational response sufficient"
"???? ????? ??????, ??? ??? ??? ???? ??????? ?????? ?????, ??????? ?????",Emergency,Immediately go to emergency department or call ambulance
???????? ??? ?? ??? ???? ??? ??? ????? ?????? ?????,General Query,"No immediate action required, informational response sufficient"
"??? ?? ??? ??????, ?? ??? ????",General Query,"No immediate action required, informational response sufficient"
?? ??? ????. ??? ????? ?????? ?????,General Query,"No immediate action required, informational response sufficient"
??? ?? ?????????. ???? ??? ?????,General Query,"No immediate action required, informational response sufficient"
"???? ??? ??????, ?? ????? ????? ???",Routine,Schedule a regular medical consultation
"???? ????? ????? ???????? ???, ?? ???????? ??? ??????? ?????? ????? ??",General Query,"No immediate action required, informational response sufficient"
"?????, ???-?? ??? ?????",Emergency,Immediately go to emergency department or call ambulance
???? ???? ???? ????.,Routine,Schedule a regular medical consultation
"???? ????? ???? ???, ??? ?????",Routine,Schedule a regular medical consultation
"????? ???? ???, ?? ??? ????",Routine,Schedule a regular medical consultation
"???? ???????? ???, ???? ??? ?????",Urgent,Visit a doctor within 24 hours
"?????, ???? ???? ???? ???????? ?????",Urgent,Visit a doctor within 24 hours
???? ????? ???????? ????,Routine,Schedule a regular medical consultation
??????? ??? ????? ???? ????? ???? ??,Urgent,Visit a doctor within 24 hours
"???????? ??? ??????, ?? ??? ?? ??? ??????, ??????? ?????",General Query,"No immediate action required, informational response sufficient"
"???? ????? ??????, ?? ???????? ??? ???? ??? ????? ??, ??????? ?????",Urgent,Visit a doctor within 24 hours
"???? ????? ????? ???????? ???, ?? ???????? ??? ?????? ????? ???????? ????? ????? ??, ??????? ?????",Emergency,Immediately go to emergency department or call ambulance
"????? ???? ?????? ????, ???? ?????? ???????? ????",Routine,Schedule a regular medical consultation
"???? ??????? ?????, ???? ???? ?????? ????? ??, ??????? ?????",Urgent,Visit a doctor within 24 hours
???????? ??? ????? ???????? ???? ???,Routine,Schedule a regular medical consultation
"???? ???? ??? ?????? ??????,",General Query,"No immediate action required, informational response sufficient"
????? ???? ?????? ??? ??? ???? ??? ?????,Routine,Schedule a regular medical consultation
"???? ???????? ???, ???? ???? ?????? ??",Urgent,Visit a doctor within 24 hours
"???? ???????? ???, ??????? ??? ???? ??? ????? ??, ??????? ?????",Urgent,Visit a doctor within 24 hours
"???????? ??? ??????, ?? ???????? ??? ????? ???? ???",Routine,Schedule a regular medical consultation
?? ??? ????? ????? ??????? ????? ??? ??? ???????? ???,Emergency,Immediately go to emergency department or call ambulance
"????? ???? ?????? ????, ??? ????? ?????? ??? ???? ??, ??? ????? ?????? ?????",General Query,"No immediate action required, informational response sufficient"
"???? ??????? ?????, ????? ??? ?? ??? ??????",General Query,"No immediate action required, informational response sufficient"
"???? ????? ??????, ??? ?? ????????, ????????? ????? ??",General Query,"No immediate action required, informational response sufficient"
"???? ??????? ?????, ??? ???? ?????? ????? ??",Urgent,Visit a doctor within 24 hours
"?? ???????? ??? ???? ???? ???? ????, ????????? ????? ??",Routine,Schedule a regular medical consultation
"???? ???? ???? ???? ????, ????????? ????? ??",Routine,Schedule a regular medical consultation
"???? ??????? ?????, ??? ??? ??? ?????",Urgent,Visit a doctor within 24 hours
???? ???? ????? ?????. ??? ???????? ???,Emergency,Immediately go to emergency department or call ambulance
???? ???? ???? ????. ??? ?????,Urgent,Visit a doctor within 24 hours
"? ??? ??? ??? ????? ????? ??????? ?????, ???? ??? ?????",Emergency,Immediately go to emergency department or call ambulance
"???? ????? ??????, ????? ???? ????? ???? ??",Urgent,Visit a doctor within 24 hours
"???? ??? ??????, ???? ???? ????? ????, ?? ???? ????? ????? ??",Urgent,Visit a doctor within 24 hours
????? ?? ??? ????,General Query,"No immediate action required, informational response sufficient"
"???? ??????? ?????, ??? ?? ??? ??????, ??? ?? ????????",General Query,"No immediate action required, informational response sufficient"
"? ??? ??? ???? ??? ?????, ?? ???? ????? ????? ??",Urgent,Visit a doctor within 24 hours
"???? ???? ???? ????, ??????? ?????",Routine,Schedule a regular medical consultation
"???? ??? ??????, ? ??? ??? ?????? ???????? ????, ??????? ?????",Routine,Schedule a regular medical consultation
"????? ???? ?????? ????, ??? ???? ???? ???? ???? ????, ??????? ?????",Routine,Schedule a regular medical consultation
"????? ???? ?????? ????, ??? ??????? ??????, ??? ?? ????????",General Query,"No immediate action required, informational response sufficient"
"???? ???-?? ??? ?????, ??????? ?????",Emergency,Immediately go to emergency department or call ambulance
??????? ????? ???? ??? ????? ???? ??? ????????? ????? ??,Emergency,Immediately go to emergency department or call ambulance
"???????? ??? ????? ???? ????? ???? ??, ??? ?? ????????",Urgent,Visit a doctor within 24 hours
"???? ????? ??????, ??? ???? ?? ???? ????, ??????? ?????",General Query,"No immediate action required, informational response sufficient"
"???? ??? ??????, ???-?? ??? ?????",Emergency,Immediately go to emergency department or call ambulance
?? ??? ????. ???? ???????? ?????,General Query,"No immediate action required, informational response sufficient"
???? ???????? ?????. ??? ????? ?????? ?????,Urgent,Visit a doctor within 24 hours
"???? ??????? ?????, ??????? ?? ???????? ?? ????",General Query,"No immediate action required, informational response sufficient"
"????? ???? ?????? ????, ??????? ?? ??? ????, ????????? ????? ??",General Query,"No immediate action required, informational response sufficient"
"????? ???? ?????? ????, ?? ??? ????, ???? ???????? ?????",General Query,"No immediate action required, informational response sufficient"
"?? ??? ??? ??? ?????, ?? ???? ????? ????? ??",Urgent,Visit a doctor within 24 hours
"????? ???? ?????? ????, ????? ???? ???, ???? ??? ?????",Routine,Schedule a regular medical consultation
????? ???? ????? ???? ??. ???? ???????? ?????,Urgent,Visit a doctor within 24 hours
???? ??????? ?????? ????? ?? ??? ??? ?? ????????,General Query,"No immediate action required, informational response sufficient"
"??? ?? ??? ??????, ???? ???????? ?????",General Query,"No immediate action required, informational response sufficient"
"???? ??? ??????, ????????? ????? ????? ??, ???? ???????? ?????",Emergency,Immediately go to emergency department or call ambulance
?? ???????? ?? ????. ????????? ????? ??,General Query,"No immediate action required, informational response sufficient"
"???? ??????? ?????, ??????? ??? ????? ???? ????, ??????? ?????",Routine,Schedule a regular medical consultation
"???? ??? ??????, ???????? ??? ????? ????? ???",Routine,Schedule a regular medical consultation
"???? ????? ??????, ??? ???? ?????? ?????, ??? ???????? ???",Emergency,Immediately go to emergency department or call ambulance
"???????? ??? ??????, ??? ???? ????? ????? ??? ????? ????, ??????? ?????",Emergency,Immediately go to emergency department or call ambulance
"???? ??????? ?????, ???????? ??? ??????? ?????? ?????, ??????? ?????",Routine,Schedule a regular medical consultation
???? ???? ????? ????. ???? ???????? ?????,Urgent,Visit a doctor within 24 hours
"???? ??? ??????, ???? ????? ????? ????",Routine,Schedule a regular medical consultation
"???? ??????? ????, ?? ??? ????",Routine,Schedule a regular medical consultation
??????? ??? ???? ????? ????? ????,Routine,Schedule a regular medical consultation
"?????, ??? ????? ????? ??????? ?????",Emergency,Immediately go to emergency department or call ambulance
"???? ????? ????? ???????? ???, ?????? ????? ???????? ????? ????? ??, ??????? ?????",Emergency,Immediately go to emergency department or call ambulance
"?? ??????? ?????? ?????, ???? ???????? ?????",Routine,Schedule a regular medical consultation
?????? ??? ?????. ????????? ????? ??,Urgent,Visit a doctor within 24 hours
"????? ???????? ????, ?? ??? ????",Routine,Schedule a regular medical consultation
"??????? ??? ????? ???? ???, ?? ???? ????? ????? ??",Routine,Schedule a regular medical consultation
?? ???? ????? ????? ???? ??? ?? ???? ????? ????? ??,Routine,Schedule a regular medical consultation
"???? ??? ????? ????, ??? ???????? ???",Urgent,Visit a doctor within 24 hours
"??????? ?????? ?????, ??? ?? ?????????",Routine,Schedule a regular medical consultation
"?????, ??? ?? ??? ??????",General Query,"No immediate action required, informational response sufficient"
"???? ??????? ?????, ???? ??? ?? ?????????",General Query,"No immediate action required, informational response sufficient"
??????? ??? ?? ??? ????,General Query,"No immediate action required, informational response sufficient"
"????? ???? ?????? ????, ?? ???????? ??? ???? ?????? ???, ??????? ?????",Routine,Schedule a regular medical consultation
??? ??? ?????. ??? ?????,General Query,"No immediate action required, informational response sufficient"
"???? ????? ??????, ???? ??? ?? ????????, ??????? ?????",General Query,"No immediate action required, informational response sufficient"
"?? ????? ???? ????,",Routine,Schedule a regular medical consultation
? ??? ??? ??????? ?????? ????? ??? ???? ??? ?????,Routine,Schedule a regular medical consultation
"?????, ????? ???? ???",Routine,Schedule a regular medical consultation
????? ???? ???? ???? ??????????,Emergency,Immediately go to emergency department or call ambulance
"???? ???????? ?????, ??? ?? ?????????",Urgent,Visit a doctor within 24 hours
"???????, ? ??? ??? ???? ???? ???? ????? ???",Routine,Schedule a regular medical consultation
"???? ??? ??????, ??? ??? ??? ?????",Urgent,Visit a doctor within 24 hours
"???? ????? ????? ???????? ???, ??? ??? ??? ?????, ????????? ????? ??",Urgent,Visit a doctor within 24 hours
"???? ???????? ???, ????? ???? ????? ????? ????",Routine,Schedule a regular medical consultation
"???? ????? ??????, ??? ???? ?????? ????? ???????? ????? ????? ??",Emergency,Immediately go to emergency department or call ambulance
"???? ???? ????? ?????, ??? ?? ?????????",Emergency,Immediately go to emergency department or call ambulance
"???????, ??????? ????? ???? ??? ????? ????, ??????? ?????",Emergency,Immediately go to emergency department or call ambulance
???????? ??? ????? ???? ??? ????? ???? ??? ??? ???????? ???,Emergency,Immediately go to emergency department or call ambulance
? ??? ??? ????? ???? ??? ??? ??? ????? ?????? ?????,Routine,Schedule a regular medical consultation
???? ??????? ????. ???? ???????? ?????,Routine,Schedule a regular medical consultation
"???? ??? ??????, ??? ??? ??? ????? ???? ????",Routine,Schedule a regular medical consultation
"???????? ??? ??????, ?? ???????? ??? ???? ??????, ??????? ?????",Urgent,Visit a doctor within 24 hours
"???????, ???? ?????? ??, ???? ??? ?????",Urgent,Visit a doctor within 24 hours
"???????? ??? ??????? ????? ??, ????????? ????? ??",General Query,"No immediate action required, informational response sufficient"
"???? ????? ??????, ??????? ?? ??? ????, ?? ???? ????? ????? ??",General Query,"No immediate action required, informational response sufficient"
? ??? ??? ???? ???? ???? ????,Routine,Schedule a regular medical consultation
???? ???? ???? ????,Routine,Schedule a regular medical consultation
?? ??? ????? ????? ??????? ????? ??? ????????? ????? ??,Emergency,Immediately go to emergency department or call ambulance
??????? ??? ???? ???? ????? ???? ??? ??? ????? ?????? ?????,Urgent,Visit a doctor within 24 hours
????? ??? ????? ?????? ??? ???? ?? ???,General Query,"No immediate action required, informational response sufficient"
???? ?????? ?????,Urgent,Visit a doctor within 24 hours
????? ??? ????? ????,Urgent,Visit a doctor within 24 hours
????? ????? ???? ??? ??? ??? ?????,Routine,Schedule a regular medical consultation
"??????? ?????? ????? ??, ?? ??? ????",General Query,"No immediate action required, informational response sufficient"
"??????? ???? ??????,",Urgent,Visit a doctor within 24 hours
"???? ??????? ?????? ????? ??,",General Query,"No immediate action required, informational response sufficient"
???? ???? ?? ???????? ?? ???? ??? ???? ???????? ?????,General Query,"No immediate action required, informational response sufficient"
"???? ??????? ?????, ????? ???? ????? ???? ??",Urgent,Visit a doctor within 24 hours
????? ???? ???? ???? ????,Routine,Schedule a regular medical consultation
? ??? ??? ??? ????? ????? ??????? ????? ??? ???? ??? ?????,Emergency,Immediately go to emergency department or call ambulance
??? ???? ???? ???? ???? ????? ??? ??? ??? ?? ????????,Routine,Schedule a regular medical consultation
???? ???? ??????,Urgent,Visit a doctor within 24 hours
???? ???? ???? ??????????. ???? ???????? ?????,Emergency,Immediately go to emergency department or call ambulance
"?????, ????????? ????? ????? ??, ??? ????? ?????? ?????",Emergency,Immediately go to emergency department or call ambulance
??? ??? ??? ????? ?????? ???? ??? ????????? ????? ??,Routine,Schedule a regular medical consultation
"???? ?????? ?????, ???? ??? ?????",Urgent,Visit a doctor within 24 hours
????? ????? ??? ????? ????. ??? ????? ?????? ?????,Emergency,Immediately go to emergency department or call ambulance
??????? ??? ???? ???? ????? ????,Urgent,Visit a doctor within 24 hours
? ??? ??? ???? ???? ?????? ???? ????? ??? ??? ???????? ???,Emergency,Immediately go to emergency department or call ambulance
??? ??? ??? ????? ????? ??? ????? ???? ??? ??? ?????,Emergency,Immediately go to emergency department or call ambulance
"? ??? ??? ???-?? ??? ?????, ??????? ?????",Emergency,Immediately go to emergency department or call ambulance
"???? ????? ????? ???????? ???, ?????? ???????? ????",Routine,Schedule a regular medical consultation
"?????? ????? ???????? ????? ????? ??, ??? ?? ?????????",Emergency,Immediately go to emergency department or call ambulance
"????? ???? ?????? ????, ???? ??? ?? ?????? ??????, ??????? ?????",General Query,"No immediate action required, informational response sufficient"
??????? ??? ??? ????? ????,Urgent,Visit a doctor within 24 hours
"????? ???? ???, ???? ??? ?????",Routine,Schedule a regular medical consultation
"???? ???????? ???, ????? ???????? ????, ??? ???????? ???",Routine,Schedule a regular medical consultation
???? ?????? ??. ???? ??? ?????,Urgent,Visit a doctor within 24 hours
"????? ???? ?????? ????, ?????? ????? ???????? ????? ????? ??, ????????? ????? ??",Emergency,Immediately go to emergency department or call ambulance
??????? ??? ???? ????? ??????? ????? ????? ???? ??????,Emergency,Immediately go to emergency department or call ambulance
??????? ??? ??????? ?????? ??? ???? ??? ?????,General Query,"No immediate action required, informational response sufficient"
???? ????? ??????? ????? ????? ???? ??????. ?? ???? ????? ????? ??,Emergency,Immediately go to emergency department or call ambulance
???? ???? ???? ???? ????,Urgent,Visit a doctor within 24 hours
"???? ??????? ?????, ????? ???????? ????",Routine,Schedule a regular medical consultation
"????? ????? ???? ??? ????? ????, ????????? ????? ??",Emergency,Immediately go to emergency department or call ambulance
??? ???? ????? ??? ????? ??? ??? ??? ???????? ???,Routine,Schedule a regular medical consultation
????? ???? ?????? ?? ??? ??? ?????,Urgent,Visit a doctor within 24 hours
"?????, ????? ???? ?????? ???, ??????? ?????",Routine,Schedule a regular medical consultation
???? ????? ????? ??? ????? ???? ??? ???? ???????? ?????,Emergency,Immediately go to emergency department or call ambulance
"????? ???? ?????? ????, ???? ????? ????? ????",Routine,Schedule a regular medical consultation
"??????? ?????? ?????, ?? ??? ????",Routine,Schedule a regular medical consultation
"???? ????? ????? ???????? ???, ??????? ??? ?????? ????? ??",Urgent,Visit a doctor within 24 hours
"???? ???? ?????? ?????, ??? ?????",Urgent,Visit a doctor within 24 hours
"???? ????? ????? ???????? ???, ?? ???????? ??? ??? ?? ?????? ??????",General Query,"No immediate action required, informational response sufficient"
"???????? ??? ??????, ???? ?????? ???, ???? ???????? ?????",Routine,Schedule a regular medical consultation
"????? ???? ?????? ????, ???? ???? ????,",Routine,Schedule a regular medical consultation
"???????? ??? ??????, ???? ???? ???? ??????? ????, ??????? ?????",Routine,Schedule a regular medical consultation
"???? ??? ??????, ???? ???? ?????, ??? ???????? ???",Urgent,Visit a doctor within 24 hours
"???? ????? ??????, ???? ?? ???? ????, ??????? ?????",General Query,"No immediate action required, informational response sufficient"
"????? ????? ??? ????? ????, ?? ??? ????",Emergency,Immediately go to emergency department or call ambulance
????? ????? ?? ????? ?????. ??? ?? ????????,Emergency,Immediately go to emergency department or call ambulance
"??? ?? ????????, ?? ??? ????",General Query,"No immediate action required, informational response sufficient"
"???????? ??? ?? ???? ????, ??? ?? ????????",General Query,"No immediate action required, informational response sufficient"
??? ??? ??? ??? ????? ????? ??????? ????? ??? ??? ????? ?????? ?????,Emergency,Immediately go to emergency department or call ambulance
???? ???? ???? ?????? ??? ???? ???????? ?????,Urgent,Visit a doctor within 24 hours
"???? ??? ??????, ???????? ??? ??? ??? ?????",General Query,"No immediate action required, informational response sufficient"
"???? ????? ????? ???????? ???, ? ??? ??? ????? ???? ??? ???? ?????, ??????? ?????",Emergency,Immediately go to emergency department or call ambulance
"???? ??? ??????, ????? ???? ????? ??????? ????? ????? ???? ??????",Emergency,Immediately go to emergency department or call ambulance
"?? ???????? ??? ????????? ????? ????? ??, ??????? ?????",Emergency,Immediately go to emergency department or call ambulance
???? ???????? ????? ???,Urgent,Visit a doctor within 24 hours
"????? ?????? ????, ??? ?? ?????????",Routine,Schedule a regular medical consultation
"???? ????? ??????? ????? ????? ???? ??????, ?? ??? ????",Emergency,Immediately go to emergency department or call ambulance
"???? ??????? ?????, ??? ??? ??? ?????, ??????? ?????",Urgent,Visit a doctor within 24 hours
"???????, ????? ???? ??? ???? ?????",Emergency,Immediately go to emergency department or call ambulance
???? ???? ????. ???? ??? ?????,Routine,Schedule a regular medical consultation
"???????? ??? ???? ??? ????? ??, ???? ??? ?????",Urgent,Visit a doctor within 24 hours
"???? ???-?? ??? ?????, ??? ?????",Emergency,Immediately go to emergency department or call ambulance
"????? ??? ????? ???,",Routine,Schedule a regular medical consultation
"?????, ?????? ???????? ????, ??????? ?????",Routine,Schedule a regular medical consultation
"???? ???? ???? ?????? ?????, ?? ???? ????? ????? ??",Urgent,Visit a doctor within 24 hours
"???? ??? ??????, ??? ??? ??? ???? ?????? ?????",Urgent,Visit a doctor within 24 hours
"???? ????? ????? ???????? ???, ????? ???? ???? ????, ??????? ?????",Routine,Schedule a regular medical consultation
???? ???? ??????? ?????? ?????,Emergency,Immediately go to emergency department or call ambulance
??? ???? ???? ???? ????,Routine,Schedule a regular medical consultation
"?????, ????? ???? ??? ????? ????, ???? ???????? ?????",Emergency,Immediately go to emergency department or call ambulance
"???? ??????? ?????, ???? ???? ???? ????, ??? ?? ????????",Urgent,Visit a doctor within 24 hours
???????? ??? ???? ??????? ????,Routine,Schedule a regular medical consultation
????? ???? ???? ??? ????? ???? ???? ????.,Emergency,Immediately go to emergency department or call ambulance
"? ??? ??? ????? ???? ???, ??? ????? ?????? ?????",Routine,Schedule a regular medical consultation
??? ?? ??? ??????. ?? ???? ????? ????? ??,General Query,"No immediate action required, informational response sufficient"
???????? ??? ??? ?? ??? ?????? ??? ??? ???????? ???,General Query,"No immediate action required, informational response sufficient"
"?????, ??????? ??? ??????? ??????, ??????? ?????",General Query,"No immediate action required, informational response sufficient"
"???? ????? ????? ???????? ???, ? ??? ??? ????? ??? ????? ???, ??????? ?????",Routine,Schedule a regular medical consultation
"???? ??? ??????, ???? ????? ???? ??? ????? ????, ??????? ?????",Emergency,Immediately go to emergency department or call ambulance
???????? ??? ????? ???? ????,Routine,Schedule a regular medical consultation
"?????, ?????? ????? ??, ??? ?? ????????",Urgent,Visit a doctor within 24 hours
"?? ???? ??????? ????, ?? ???? ????? ????? ??",Routine,Schedule a regular medical consultation
"?????, ? ??? ??? ??????? ?????? ?????, ??????? ?????",Routine,Schedule a regular medical consultation
"???????? ??? ??????, ????? ???? ??? ???? ?????",Emergency,Immediately go to emergency department or call ambulance
??????? ??? ????? ???? ??? ??? ???? ???????? ?????,Routine,Schedule a regular medical consultation
"???? ????? ????? ???????? ???, ????? ????? ???",Routine,Schedule a regular medical consultation
?? ??????? ????? ??,General Query,"No immediate action required, informational response sufficient"
"?????, ???? ???-?? ??? ?????",Emergency,Immediately go to emergency department or call ambulance
?? ??????? ?????? ?????,Routine,Schedule a regular medical consultation
"?????, ??? ???? ???? ??? ?????, ??????? ?????",Urgent,Visit a doctor within 24 hours
"????? ???? ?????? ????, ???? ???? ????? ????, ???? ???????? ?????",Urgent,Visit a doctor within 24 hours
????? ????? ???? ????,Routine,Schedule a regular medical consultation
???? ???? ???? ????? ??????? ????? ????? ???? ??????,Emergency,Immediately go to emergency department or call ambulance
"???? ??????? ?????, ??? ??? ??? ???? ??? ?????, ??????? ?????",Urgent,Visit a doctor within 24 hours
????? ???? ???? ??????,Urgent,Visit a doctor within 24 hours
"??????? ??? ????? ???????? ????, ???? ???????? ?????",Routine,Schedule a regular medical consultation
???????? ??? ???? ??? ?????,Urgent,Visit a doctor within 24 hours
?? ????? ???? ????? ???? ??,Urgent,Visit a doctor within 24 hours
"???? ????? ??????, ??? ?? ??? ??????",General Query,"No immediate action required, informational response sufficient"
???? ???????? ?????.,Urgent,Visit a doctor within 24 hours
"???? ???????? ???, ??? ????? ?????? ??? ???? ??, ??? ????? ?????? ?????",General Query,"No immediate action required, informational response sufficient"
"???? ???? ?????? ???? ?????, ??? ?? ?????????",Emergency,Immediately go to emergency department or call ambulance
"?????, ????? ??? ????? ???, ???? ???????? ?????",Routine,Schedule a regular medical consultation
????? ???? ??? ???? ?????,Emergency,Immediately go to emergency department or call ambulance
????? ????? ???. ??? ????? ?????? ?????,Routine,Schedule a regular medical consultation
"???????, ???? ??? ????? ??, ??? ????? ?????? ?????",Urgent,Visit a doctor within 24 hours
"???????? ??? ??????, ????? ???? ??? ???? ?????, ?? ???? ????? ????? ??",Emergency,Immediately go to emergency department or call ambulance
"????? ???? ???? ?????, ??????? ?????",Urgent,Visit a doctor within 24 hours
"????? ???? ?????? ????, ??? ??? ??? ?????, ??? ????? ?????? ?????",Urgent,Visit a doctor within 24 hours
"???? ??????? ?????, ????? ??? ?? ?????? ??????",General Query,"No immediate action required, informational response sufficient"
????? ????? ????? ??? ????? ???? ??? ??? ????? ?????? ?????,Emergency,Immediately go to emergency department or call ambulance
"???? ?????? ??? ???, ?? ???? ????? ????? ??",General Query,"No immediate action required, informational response sufficient"
"???? ???? ???? ????, ?? ??? ????",Routine,Schedule a regular medical consultation
??? ??? ??? ?????,Urgent,Visit a doctor within 24 hours
"???? ????? ????? ???????? ???, ????? ???? ????",Routine,Schedule a regular medical consultation
??????? ??? ???? ?????? ????? ??? ??? ?? ????????,Urgent,Visit a doctor within 24 hours
"???? ???? ?????? ???????? ????,",Routine,Schedule a regular medical consultation
??????? ?????? ???????? ???? ??? ??? ????? ?????? ?????,Routine,Schedule a regular medical consultation
"???? ??? ??????, ????? ???????? ????",Routine,Schedule a regular medical consultation
"???????? ??? ??????, ???????? ??? ???? ??????? ?????? ?????, ??????? ?????",Emergency,Immediately go to emergency department or call ambulance
"????? ???????? ????, ??? ?? ?????????",Routine,Schedule a regular medical consultation
"??????? ???? ??????? ????, ???? ???????? ?????",Routine,Schedule a regular medical consultation
??? ????? ?????? ??? ???? ??. ??? ????? ?????? ?????,General Query,"No immediate action required, informational response sufficient"
??? ???? ????? ???? ????? ???? ?? ??? ??? ???????? ???,Urgent,Visit a doctor within 24 hours
"???? ????? ??????, ?? ?????? ???????? ????",Routine,Schedule a regular medical consultation
???? ?????? ??? ?????,Urgent,Visit a doctor within 24 hours
???? ???? ???? ???? ????,Routine,Schedule a regular medical consultation
"???? ??????? ?????, ???????? ??? ????? ????? ???, ??????? ?????",Routine,Schedule a regular medical consultation
?? ???????? ??? ??? ??? ????? ??? ??? ????? ?????? ?????,General Query,"No immediate action required, informational response sufficient"
"???????? ??? ??????, ???? ???? ????? ???? ???",Routine,Schedule a regular medical consultation
"???? ??????? ?????, ??????? ??? ???? ???? ???? ??????????, ??????? ?????",Emergency,Immediately go to emergency department or call ambulance
"???????, ???? ?????? ??? ?????, ??????? ?????",Urgent,Visit a doctor within 24 hours
"???????? ??? ??????, ? ??? ??? ??? ????? ????? ??????? ?????, ??????? ?????",Emergency,Immediately go to emergency department or call ambulance
"????? ???? ?????? ????, ?? ???????? ??? ???? ????? ????? ????, ??????? ?????",Routine,Schedule a regular medical consultation
"???????? ??? ??? ??????? ??????, ???? ??? ?????",General Query,"No immediate action required, informational response sufficient"
"??????? ??? ???? ???? ???? ????, ????????? ????? ??",Urgent,Visit a doctor within 24 hours
"???? ??? ??????, ???? ???? ????",Routine,Schedule a regular medical consultation
"???????? ??? ??????, ? ??? ??? ?? ???? ????",General Query,"No immediate action required, informational response sufficient"
"???? ??????? ?????, ???????? ??? ??????? ?? ??? ????",General Query,"No immediate action required, informational response sufficient"
???? ???? ???? ???????? ????? ??? ??? ?? ????????,Urgent,Visit a doctor within 24 hours
???????? ??? ??? ????? ????,Urgent,Visit a doctor within 24 hours
???? ?????? ??? ??? ???,General Query,"No immediate action required, informational response sufficient"
"???? ????? ??????, ???? ???? ????? ????, ??? ?? ????????",Urgent,Visit a doctor within 24 hours
??? ??????? ??????. ????????? ????? ??,General Query,"No immediate action required, informational response sufficient"
"??????? ??? ?????? ????? ???????? ????? ????? ??, ??? ????? ?????? ?????",Emergency,Immediately go to emergency department or call ambulance
"? ??? ??? ???? ??????, ???? ??? ?????",Urgent,Visit a doctor within 24 hours
"???????, ? ??? ??? ??? ????? ????? ??????? ?????",Emergency,Immediately go to emergency department or call ambulance
"???? ????? ????? ???????? ???, ??? ?? ?????? ??????, ??? ???????? ???",General Query,"No immediate action required, informational response sufficient"
"???? ???? ????? ???????? ????, ??????? ?????",Routine,Schedule a regular medical consultation
???? ??? ?????. ???? ??? ?????,Urgent,Visit a doctor within 24 hours
"???? ????? ????? ???????? ???, ????? ???? ???, ????????? ????? ??",Routine,Schedule a regular medical consultation
"????? ???? ?????? ????, ??? ???? ???? ???? ?????? ???? ?????, ??????? ?????",Emergency,Immediately go to emergency department or call ambulance
?? ???????? ??? ????? ????? ??? ????? ????,Emergency,Immediately go to emergency department or call ambulance
??? ??? ??? ???? ???? ????,Routine,Schedule a regular medical consultation
"?????, ????? ??????? ?????? ?????, ??????? ?????",Routine,Schedule a regular medical consultation
"???? ???? ????, ??? ?????",Routine,Schedule a regular medical consultation
???? ?????? ?????. ??? ?? ????????,Urgent,Visit a doctor within 24 hours
"???? ????? ??????, ???? ??? ????? ??",Urgent,Visit a doctor within 24 hours
"?? ???????? ??? ?????? ??? ?????, ???? ??? ?????",Urgent,Visit a doctor within 24 hours
"???? ????? ??????, ????? ????? ??? ????? ????, ???? ???????? ?????",Emergency,Immediately go to emergency department or call ambulance
"???? ????? ??????, ???? ????? ????? ????, ??? ?????",Routine,Schedule a regular medical consultation
"???? ????? ????? ???????? ???, ????? ???? ????? ???? ??, ??? ?????",Urgent,Visit a doctor within 24 hours
"???? ?????? ??? ?????, ??? ????? ?????? ?????",Urgent,Visit a doctor within 24 hours
"?????, ??????? ????? ?????? ????",Routine,Schedule a regular medical consultation
??????? ??? ?????? ????? ??,Urgent,Visit a doctor within 24 hours
"???? ????? ??????, ??? ???? ???-?? ??? ?????, ??????? ?????",Emergency,Immediately go to emergency department or call ambulance
????? ???? ???,Routine,Schedule a regular medical consultation
???? ???? ???? ???? ???? ???? ??? ??? ???????? ???,Routine,Schedule a regular medical consultation
"????? ????? ???? ???? ??? ????? ???? ???? ????, ??? ?? ????????",Emergency,Immediately go to emergency department or call ambulance
"???? ???????? ???, ??? ??????? ??????",General Query,"No immediate action required, informational response sufficient"
"?? ???????? ??? ??? ????? ????? ??????? ?????, ???? ??? ?????",Emergency,Immediately go to emergency department or call ambulance
"???????? ??? ??????, ?? ???????? ?? ????",General Query,"No immediate action required, informational response sufficient"
????? ???????? ????. ???? ???????? ?????,Routine,Schedule a regular medical consultation
???? ???? ???? ????? ???. ??? ?????,Routine,Schedule a regular medical consultation
"???? ???? ???? ???? ????? ???, ????????? ????? ??",Routine,Schedule a regular medical consultation
????? ????? ???. ??? ???????? ???,Routine,Schedule a regular medical consultation
"????????? ????? ????? ??, ?? ??? ????",Emergency,Immediately go to emergency department or call ambulance
"? ??? ??? ????? ???? ???, ??? ???????? ???",Routine,Schedule a regular medical consultation
"????? ???? ?????? ????, ??? ??? ??? ???? ??? ?????, ??????? ?????",Urgent,Visit a doctor within 24 hours
"????? ???? ?????? ????, ??? ?? ?????????",General Query,"No immediate action required, informational response sufficient"
"?????, ????? ?????? ????",Routine,Schedule a regular medical consultation
"???????, ???? ???-?? ??? ?????, ??????? ?????",Emergency,Immediately go to emergency department or call ambulance
? ??? ??? ?????? ??? ??? ??? ???? ???????? ?????,General Query,"No immediate action required, informational response sufficient"
???? ?? ???????? ?? ???? ??? ???? ???????? ?????,General Query,"No immediate action required, informational response sufficient"
"???????? ??? ??????, ??????? ??? ???? ??????? ????",Routine,Schedule a regular medical consultation
"????? ???? ?????? ????, ?? ???? ????, ???? ???????? ?????",General Query,"No immediate action required, informational response sufficient"
?? ???????? ??? ??? ????? ?????? ??? ???? ?? ??? ?? ???? ????? ????? ??,General Query,"No immediate action required, informational response sufficient"
"???? ????? ????? ???????? ???, ????? ????? ?? ????? ?????, ??? ?? ????????",Emergency,Immediately go to emergency department or call ambulance
"???? ????? ??????, ?? ???????? ?? ????",General Query,"No immediate action required, informational response sufficient"
"???? ??????? ?????, ???????? ??? ????? ???? ???? ??? ????? ???? ???? ????, ??????? ?????",Emergency,Immediately go to emergency department or call ambulance
"? ??? ??? ????? ????? ??? ????? ????, ??? ?????",Emergency,Immediately go to emergency department or call ambulance
"?????, ???? ????? ???? ??? ???? ?????, ??????? ?????",Emergency,Immediately go to emergency department or call ambulance
"????? ???? ???, ?? ??? ????",Routine,Schedule a regular medical consultation
"??? ???? ??? ?? ??? ??????, ??? ????? ?????? ?????",General Query,"No immediate action required, informational response sufficient"
"????? ???? ?????? ????, ???? ???? ????, ???? ???????? ?????",Routine,Schedule a regular medical consultation
?? ???????? ??? ??? ??? ?????,General Query,"No immediate action required, informational response sufficient"
??????? ????? ????? ??? ????? ????,Emergency,Immediately go to emergency department or call ambulance
??? ???? ????? ???? ??? ????? ???? ??? ???? ???????? ?????,Emergency,Immediately go to emergency department or call ambulance
"?? ???? ???? ???? ????? ???, ??? ?? ????????",Routine,Schedule a regular medical consultation
???? ???? ?????. ?? ???? ????? ????? ??,Urgent,Visit a doctor within 24 hours
"???? ????? ???? ???, ???? ???????? ?????",Routine,Schedule a regular medical consultation
"???? ????? ????? ???????? ???, ???? ?????? ??,",Urgent,Visit a doctor within 24 hours
"???????, ???? ??? ?????? ??????",General Query,"No immediate action required, informational response sufficient"
"???? ????? ????? ???????? ???, ???? ??????? ?????? ?????",Emergency,Immediately go to emergency department or call ambulance
????? ??? ??? ??? ?????,Urgent,Visit a doctor within 24 hours
??? ?? ????????. ????????? ????? ??,General Query,"No immediate action required, informational response sufficient"
???? ?????? ????? ???????? ????? ????? ?? ???,Emergency,Immediately go to emergency department or call ambulance
"???????? ??? ??????, ???? ??? ????? ??",Urgent,Visit a doctor within 24 hours
"?????, ??? ???? ???? ???????? ?????, ??????? ?????",Urgent,Visit a doctor within 24 hours
"???? ??????? ?????, ??? ?? ????????, ??? ?????",General Query,"No immediate action required, informational response sufficient"
"???????? ??? ??????, ???? ???? ??? ????? ????, ??????? ?????",Urgent,Visit a doctor within 24 hours
"???????? ??? ??????, ?? ???????? ??? ???? ???? ?????? ???? ?????",Emergency,Immediately go to emergency department or call ambulance
??????? ????? ???? ??? ????? ????,Emergency,Immediately go to emergency department or call ambulance
??? ???? ???? ???? ?????? ???,Urgent,Visit a doctor within 24 hours
"????? ???? ?????? ????, ??????? ??? ?????? ??? ???",General Query,"No immediate action required, informational response sufficient"
"??? ???? ?????? ?????, ?? ??? ????",Emergency,Immediately go to emergency department or call ambulance
????? ??? ????? ???. ????????? ????? ??,Routine,Schedule a regular medical consultation
"???????, ????? ???? ????",Routine,Schedule a regular medical consultation
"? ??? ??? ????? ??? ????? ???, ????????? ????? ??",Routine,Schedule a regular medical consultation
"????? ???? ???, ??? ?? ????????",Routine,Schedule a regular medical consultation
"???? ??? ??????, ???? ??????? ????? ??, ??????? ?????",General Query,"No immediate action required, informational response sufficient"
"???? ???? ????, ?? ??? ????",Routine,Schedule a regular medical consultation
"???????, ??? ??? ?????",General Query,"No immediate action required, informational response sufficient"
"??????? ??? ??? ????? ????? ??????? ?????, ????????? ????? ??",Emergency,Immediately go to emergency department or call ambulance
"???????? ??? ??????, ???? ????? ???? ???, ??????? ?????",Routine,Schedule a regular medical consultation
??????? ??? ???? ??????? ?????? ????? ??? ?? ???? ????? ????? ??,Emergency,Immediately go to emergency department or call ambulance
???? ???? ???? ??????,Urgent,Visit a doctor within 24 hours
"???? ??????? ?????, ????? ???????? ????, ?? ???? ????? ????? ??",Routine,Schedule a regular medical consultation
???? ???? ?????? ???? ?????. ??? ?????,Emergency,Immediately go to emergency department or call ambulance
"????? ???? ?????? ????, ?? ??? ????, ??? ?????",General Query,"No immediate action required, informational response sufficient"
???? ???? ???? ????? ???. ???? ???????? ?????,Routine,Schedule a regular medical consultation
"??? ????? ????? ??????? ?????, ??? ?? ?????????",Emergency,Immediately go to emergency department or call ambulance
"???? ????? ????? ???????? ???, ??? ??? ??? ???? ???? ????",Routine,Schedule a regular medical consultation
"?????, ??????? ?? ??? ????",General Query,"No immediate action required, informational response sufficient"
??????? ???? ???? ???? ????? ??? ??? ??? ???????? ???,Routine,Schedule a regular medical consultation
"???? ?????? ??, ??? ???????? ???",Urgent,Visit a doctor within 24 hours
? ??? ??? ???? ???? ???? ????? ???,Routine,Schedule a regular medical consultation
"?????, ??? ??? ??? ?????? ??? ?????",Urgent,Visit a doctor within 24 hours
??? ??? ??? ????? ???? ???? ??? ????? ???? ???? ???? ??? ??? ???????? ???,Emergency,Immediately go to emergency department or call ambulance
"???? ???????? ???, ?? ??? ????",General Query,"No immediate action required, informational response sufficient"
"???? ???????? ???, ??? ???? ????? ???? ????, ??????? ?????",Routine,Schedule a regular medical consultation
???????? ??? ??? ????? ????? ??????? ?????,Emergency,Immediately go to emergency department or call ambulance
"???? ????? ??????, ??????? ????? ????? ???",Routine,Schedule a regular medical consultation
??? ?? ????????. ??? ?????,General Query,"No immediate action required, informational response sufficient"
? ??? ??? ??? ????? ????? ??????? ?????,Emergency,Immediately go to emergency department or call ambulance
"?????, ???? ???? ???? ???? ??????????, ??????? ?????",Emergency,Immediately go to emergency department or call ambulance
"????? ???? ?????? ????, ???? ??????, ???? ??? ?????",Urgent,Visit a doctor within 24 hours
"???? ????? ???? ??? ????? ????, ??? ???????? ???",Emergency,Immediately go to emergency department or call ambulance
"??? ??? ??? ??? ????? ????, ??? ???????? ???",Urgent,Visit a doctor within 24 hours
"???? ??? ??? ?????, ??? ???????? ???",General Query,"No immediate action required, informational response sufficient"
"???? ?????? ??? ?????, ??? ???????? ???",Urgent,Visit a doctor within 24 hours
"????? ???? ?????? ????, ??? ??? ??? ???-?? ??? ?????",Emergency,Immediately go to emergency department or call ambulance
"???? ????? ??????, ??????? ?? ???????? ?? ????",General Query,"No immediate action required, informational response sufficient"
??????? ?????? ?????. ??? ???????? ???,Routine,Schedule a regular medical consultation
??????? ?????? ????? ??. ??? ?? ????????,General Query,"No immediate action required, informational response sufficient"
"???? ????? ??????, ???? ???? ????? ???? ??? ????? ????",Emergency,Immediately go to emergency department or call ambulance
"???? ????? ????? ???????? ???, ???? ??? ????? ????? ??????? ?????",Emergency,Immediately go to emergency department or call ambulance
"???? ????? ??????, ?? ???? ????? ????? ????, ??????? ?????",Routine,Schedule a regular medical consultation
"???? ???? ???? ??????????, ?? ??? ????",Emergency,Immediately go to emergency department or call ambulance
"???? ??????? ?????, ????? ????? ??? ????? ????",Emergency,Immediately go to emergency department or call ambulance
??? ??? ??? ??????? ????? ??,General Query,"No immediate action required, informational response sufficient"
"???? ????? ??????, ??? ??? ??? ?????, ??? ???????? ???",Urgent,Visit a doctor within 24 hours
"???????? ??? ??????, ????? ???? ???? ????? ?????",Emergency,Immediately go to emergency department or call ambulance
"???? ????? ??????, ?? ???????? ??? ?????? ????? ???????? ????? ????? ??, ??????? ?????",Emergency,Immediately go to emergency department or call ambulance
? ??? ??? ????? ?????? ????,Routine,Schedule a regular medical consultation
"???? ??????? ?????, ???? ???? ?????? ???? ?????, ???? ???????? ?????",Emergency,Immediately go to emergency department or call ambulance
??? ??? ??? ?????? ????? ???????? ????? ????? ??,Emergency,Immediately go to emergency department or call ambulance
"???? ????? ????? ???????? ???, ?????? ???????? ????, ???? ??? ?????",Routine,Schedule a regular medical consultation
"?? ??? ?? ?????????, ???? ???????? ?????",General Query,"No immediate action required, informational response sufficient"
"???? ??????? ?????, ?????? ????? ???????? ????? ????? ??",Emergency,Immediately go to emergency department or call ambulance
"???? ??????? ?????, ??? ???? ???? ?????? ???",Routine,Schedule a regular medical consultation
"????? ???? ?????? ????, ???? ???? ???? ????, ??? ????? ?????? ?????",Urgent,Visit a doctor within 24 hours
"???????, ?? ???? ???? ???? ????? ???, ??????? ?????",Routine,Schedule a regular medical consultation
"???? ???? ???? ???? ???? ????? ???,",Routine,Schedule a regular medical consultation
"??????? ????? ???? ????, ??? ???????? ???",Routine,Schedule a regular medical consultation
??? ??? ?????.,General Query,"No immediate action required, informational response sufficient"
?? ???????? ??? ???? ???? ???? ????,Routine,Schedule a regular medical consultation
"???????, ???? ???? ???? ??????????, ??? ?? ????????",Emergency,Immediately go to emergency department or call ambulance
"????? ??? ????? ???, ??? ????? ?????? ?????",Routine,Schedule a regular medical consultation
"?????, ??? ?????? ??????",General Query,"No immediate action required, informational response sufficient"
"???? ???????? ???, ???? ???? ??? ?? ????????",General Query,"No immediate action required, informational response sufficient"
?????? ???????? ????,Routine,Schedule a regular medical consultation
"????? ?????? ???????? ????, ??? ???????? ???",Routine,Schedule a regular medical consultation
"??????? ??? ???? ????? ??????? ????? ????? ???? ??????, ??? ???????? ???",Emergency,Immediately go to emergency department or call ambulance
"????? ???? ?????? ????, ??? ??? ??? ??? ???? ?????? ?????",Emergency,Immediately go to emergency department or call ambulance
"???? ????? ??????, ???? ???? ????? ????",Urgent,Visit a doctor within 24 hours
"???????, ???? ???? ?????",Urgent,Visit a doctor within 24 hours
"???? ????? ??????, ??? ??? ?????, ????????? ????? ??",General Query,"No immediate action required, informational response sufficient"
?? ???????? ??? ????? ???? ??? ??? ??? ???????? ???,Routine,Schedule a regular medical consultation
???? ???? ??? ?? ?????? ??????,General Query,"No immediate action required, informational response sufficient"
????? ???????? ????,Routine,Schedule a regular medical consultation
"???????, ??????? ???? ???? ???? ????, ??????? ?????",Urgent,Visit a doctor within 24 hours
"????? ???? ?????? ????, ??????? ????? ??, ????????? ????? ??",General Query,"No immediate action required, informational response sufficient"
????? ???? ???? ??? ????? ???? ???? ????. ????????? ????? ??,Emergency,Immediately go to emergency department or call ambulance
"????? ???? ??? ????? ????, ??? ?? ?????????",Emergency,Immediately go to emergency department or call ambulance
"???? ??? ??????, ??? ??? ?????",General Query,"No immediate action required, informational response sufficient"
"???????? ??? ????? ????? ?? ????? ?????, ??? ?????",Emergency,Immediately go to emergency department or call ambulance
"???????, ????? ????? ???, ????????? ????? ??",Routine,Schedule a regular medical consultation
??????? ???? ???? ?????? ???? ????? ???,Emergency,Immediately go to emergency department or call ambulance
??????? ??? ?????? ??? ?????,Urgent,Visit a doctor within 24 hours
?? ????? ???? ???,Routine,Schedule a regular medical consultation
"???????? ??? ??????, ??? ?? ?????? ??????",General Query,"No immediate action required, informational response sufficient"
?? ???????? ??? ???? ???? ???? ???? ???,Routine,Schedule a regular medical consultation
"??? ??? ??? ????? ???? ???? ??? ????? ???? ???? ????, ?? ???? ????? ????? ??",Emergency,Immediately go to emergency department or call ambulance
"???????? ??? ???-?? ??? ?????,",Emergency,Immediately go to emergency department or call ambulance
?? ???? ??? ????? ?? ??? ??? ?? ????????,Urgent,Visit a doctor within 24 hours
??? ??? ??? ?????. ???? ???????? ?????,Urgent,Visit a doctor within 24 hours
??? ????? ????? ??????? ?????. ??? ?????,Emergency,Immediately go to emergency department or call ambulance
"????? ???? ???? ????, ??? ?????",Routine,Schedule a regular medical consultation
"???? ??? ??????, ?? ???????? ??? ???? ?????? ???",Routine,Schedule a regular medical consultation
"???? ??????? ?????, ??????? ??? ???? ??????",Urgent,Visit a doctor within 24 hours
"???? ??? ??????, ??? ????? ?????? ??? ???? ??, ??? ????? ?????? ?????",General Query,"No immediate action required, informational response sufficient"
"?????? ??? ?????, ??? ?? ?????????",Urgent,Visit a doctor within 24 hours
"?????? ??? ???, ??? ?? ?????????",General Query,"No immediate action required, informational response sufficient"
??????? ??? ???? ???? ???? ?????????? ??? ??? ???????? ???,Emergency,Immediately go to emergency department or call ambulance
"??? ???? ??????? ?????? ?????, ????????? ????? ??",Routine,Schedule a regular medical consultation
"???????? ??? ??????, ?? ???????? ??? ???? ???? ????? ????",Urgent,Visit a doctor within 24 hours
"??????? ????? ??, ?? ??? ????",General Query,"No immediate action required, informational response sufficient"
????? ??????? ?????? ????? ?? ??? ??? ?? ????????,General Query,"No immediate action required, informational response sufficient"
"???? ??????? ?????, ?? ??? ??? ??? ?????",Urgent,Visit a doctor within 24 hours
???????? ??? ???? ?????? ????? ??? ??? ?? ????????,Urgent,Visit a doctor within 24 hours
"???? ???????? ???, ???????? ??? ????? ???? ??? ???? ?????",Emergency,Immediately go to emergency department or call ambulance
"?? ???? ???????? ?????,",Urgent,Visit a doctor within 24 hours
"????? ???? ?????? ????, ???? ??? ?????, ??? ???????? ???",Urgent,Visit a doctor within 24 hours
??? ?????? ?????? ??? ??? ?? ????????,General Query,"No immediate action required, informational response sufficient"
"???? ???????? ???, ?????? ??? ?????",Urgent,Visit a doctor within 24 hours
"???????? ??? ??????, ?? ???????? ??? ????? ????? ???",Routine,Schedule a regular medical consultation
??????? ??? ?? ???????? ?? ???? ??? ???? ??? ?????,General Query,"No immediate action required, informational response sufficient"
"???? ???????? ???, ? ??? ??? ????? ???? ??? ???? ?????, ??????? ?????",Emergency,Immediately go to emergency department or call ambulance
"???????, ???????? ??? ???? ???? ????? ?????, ??????? ?????",Emergency,Immediately go to emergency department or call ambulance
"???????? ??? ??????, ???? ??? ???? ?????? ?????",Emergency,Immediately go to emergency department or call ambulance
"???????, ??????? ?? ??? ????, ??? ?? ????????",General Query,"No immediate action required, informational response sufficient"
"????? ???? ???? ??? ????? ???? ???? ????, ?? ??? ????",Emergency,Immediately go to emergency department or call ambulance
"???? ?????? ???, ?? ??? ????",Routine,Schedule a regular medical consultation
"???????? ??? ??????, ?? ???????? ??? ???? ???? ????? ????, ??????? ?????",Urgent,Visit a doctor within 24 hours
"????? ???? ?????? ????, ???? ???? ???? ????",Urgent,Visit a doctor within 24 hours
"???? ??? ??????, ???? ????????? ????? ????? ??",Emergency,Immediately go to emergency department or call ambulance
"???????, ???? ????? ????? ?? ????? ?????",Emergency,Immediately go to emergency department or call ambulance
"???? ??????? ?????? ?????, ??? ?? ?????????",Emergency,Immediately go to emergency department or call ambulance
???? ???? ???? ??? ??? ?? ????????,Routine,Schedule a regular medical consultation
??????? ?? ??? ????. ??? ????? ?????? ?????,General Query,"No immediate action required, informational response sufficient"
"???? ??????? ?????, ??? ????? ????",Urgent,Visit a doctor within 24 hours
?? ???????? ??? ??? ??? ??? ?????,Urgent,Visit a doctor within 24 hours
"??? ?? ??? ??????, ??? ????? ?????? ?????",General Query,"No immediate action required, informational response sufficient"
??? ?? ???????? ???,General Query,"No immediate action required, informational response sufficient"
"????? ???? ?????? ????, ???????? ??? ????? ????? ??? ????? ????",Emergency,Immediately go to emergency department or call ambulance
??????? ????? ??. ????????? ????? ??,General Query,"No immediate action required, informational response sufficient"
"???? ???????? ???, ???? ?????? ??",Urgent,Visit a doctor within 24 hours
"???? ???????? ???, ?????? ???????? ????, ???? ???????? ?????",Routine,Schedule a regular medical consultation
"? ??? ??? ???? ???? ????? ????, ?? ???? ????? ????? ??",Urgent,Visit a doctor within 24 hours
????? ???? ????? ???? ??. ??? ?? ????????,Urgent,Visit a doctor within 24 hours
??? ??? ??? ????????? ????? ????? ??,Emergency,Immediately go to emergency department or call ambulance
"?????, ??? ??? ??? ??? ?? ????????",General Query,"No immediate action required, informational response sufficient"
"????? ???? ?????? ????, ?????? ????? ???????? ????? ????? ??,",Emergency,Immediately go to emergency department or call ambulance
?? ???? ?????? ??? ??? ???? ???????? ?????,Routine,Schedule a regular medical consultation
"???? ????? ???? ??? ???? ?????, ??? ???????? ???",Emergency,Immediately go to emergency department or call ambulance
???????? ??? ????? ????? ??? ????? ????,Emergency,Immediately go to emergency department or call ambulance
"? ??? ??? ?? ???? ????, ????????? ????? ??",General Query,"No immediate action required, informational response sufficient"
"????? ???? ???, ??? ?? ?????????",Routine,Schedule a regular medical consultation
"???? ??????? ?????? ?????, ?? ??? ????",Emergency,Immediately go to emergency department or call ambulance
??? ???? ??????? ?????? ????? ??? ??? ???????? ???,Routine,Schedule a regular medical consultation
"???? ??????? ?????, ???? ????????? ????? ????? ??, ??????? ?????",Emergency,Immediately go to emergency department or call ambulance
"???? ??? ????? ?????? ??? ???? ??, ??? ?? ????????",General Query,"No immediate action required, informational response sufficient"
"?????, ??? ?? ?????????, ??? ?? ????????",General Query,"No immediate action required, informational response sufficient"
"???? ????? ??????, ??????? ??? ??? ????? ????? ??????? ?????",Emergency,Immediately go to emergency department or call ambulance
"?????, ????? ????? ?? ????? ?????,",Emergency,Immediately go to emergency department or call ambulance
"???????, ??????? ?????? ?????",Routine,Schedule a regular medical consultation
"? ??? ??? ???? ???? ?????, ???? ??? ?????",Urgent,Visit a doctor within 24 hours
?????? ??? ???. ??? ???????? ???,General Query,"No immediate action required, informational response sufficient"
"???? ??????? ?????, ?? ???????? ??? ????? ????? ???, ??????? ?????",Routine,Schedule a regular medical consultation
"???? ??????? ?????, ????? ????? ????? ???, ??????? ?????",Routine,Schedule a regular medical consultation
?? ????? ????? ??? ????? ???? ??? ??? ?? ????????,Emergency,Immediately go to emergency department or call ambulance
"???? ??????? ?????, ????? ???? ??? ????? ????, ???? ??? ?????",Emergency,Immediately go to emergency department or call ambulance
"??????? ??? ???? ???? ???? ??????????, ?? ???? ????? ????? ??",Emergency,Immediately go to emergency department or call ambulance
?? ???????? ??? ?? ??? ????,General Query,"No immediate action required, informational response sufficient"
"???? ???? ????? ?????, ?? ??? ????",Emergency,Immediately go to emergency department or call ambulance
???? ??????? ?????? ?????. ????????? ????? ??,Emergency,Immediately go to emergency department or call ambulance
"????? ???? ?????? ????, ????? ??? ????? ???",Routine,Schedule a regular medical consultation
"????? ???? ?????? ????, ?????? ???????? ????, ????????? ????? ??",Routine,Schedule a regular medical consultation
"???????? ??? ??????, ?????? ????? ??, ??? ????? ?????? ?????",Urgent,Visit a doctor within 24 hours
"???? ????? ????? ???????? ???, ?? ??? ????, ???? ???????? ?????",General Query,"No immediate action required, informational response sufficient"
"???? ??? ??????, ??? ?????? ??????, ??? ?? ????????",General Query,"No immediate action required, informational response sufficient"
"???????, ?? ????? ???? ??? ????? ????",Emergency,Immediately go to emergency department or call ambulance
"???????, ???? ????? ????? ????",Routine,Schedule a regular medical consultation
"???? ????? ????? ???????? ???, ???? ???? ???????? ?????",Urgent,Visit a doctor within 24 hours
???? ?? ???????? ?? ???? ??? ???? ???????? ?????,General Query,"No immediate action required, informational response sufficient"
"????? ???? ?????? ????, ?? ???????? ??? ????? ????? ???",Routine,Schedule a regular medical consultation
?? ????? ?????? ???? ??? ??? ?? ????????,Routine,Schedule a regular medical consultation
"? ??? ??? ???? ??? ????? ??, ??? ?? ????????",Urgent,Visit a doctor within 24 hours
"????? ???? ?????? ????, ??? ????? ?????? ??? ???? ??, ???? ???????? ?????",General Query,"No immediate action required, informational response sufficient"
????? ???-?? ??? ?????,Emergency,Immediately go to emergency department or call ambulance
"???? ????? ??????, ?? ???? ??????, ??????? ?????",Urgent,Visit a doctor within 24 hours
"???? ???????? ???, ?? ??? ?? ????????",General Query,"No immediate action required, informational response sufficient"
???????? ??? ???? ???? ???? ??????????,Emergency,Immediately go to emergency department or call ambulance
? ??? ??? ???? ???? ????? ???? ??? ??? ?? ????????,Urgent,Visit a doctor within 24 hours
??? ??? ?????. ??? ?? ????????,General Query,"No immediate action required, informational response sufficient"
???? ??????? ?????? ?????. ???? ??? ?????,Emergency,Immediately go to emergency department or call ambulance
"???? ????? ????? ???????? ???, ????????? ????? ????? ??",Emergency,Immediately go to emergency department or call ambulance
"????? ???? ?????? ????, ????? ?????? ??? ???, ??????? ?????",General Query,"No immediate action required, informational response sufficient"
???????? ??? ?????? ????? ???????? ????? ????? ?? ??? ??? ????? ?????? ?????,Emergency,Immediately go to emergency department or call ambulance
"???? ???? ????? ????? ?? ????? ?????, ?? ???? ????? ????? ??",Emergency,Immediately go to emergency department or call ambulance
??????? ????? ???????? ????,Routine,Schedule a regular medical consultation
"???? ???? ???? ?????? ??, ??????? ?????",Urgent,Visit a doctor within 24 hours
"???? ???? ??????, ?? ??? ????",Urgent,Visit a doctor within 24 hours
??? ???? ????? ???? ??? ???? ????? ??? ??? ?????,Emergency,Immediately go to emergency department or call ambulance
"???? ??????? ?????, ??????? ?? ??? ????",General Query,"No immediate action required, informational response sufficient"
???? ??? ?????. ?? ???? ????? ????? ??,Urgent,Visit a doctor within 24 hours
"???????? ??? ??????, ??? ?????? ??????,",General Query,"No immediate action required, informational response sufficient"
???? ?????? ???. ???? ???????? ?????,Routine,Schedule a regular medical consultation
"???? ??? ????? ??, ??? ?? ?????????",Urgent,Visit a doctor within 24 hours
??? ???? ??? ????? ???? ??? ??? ?????,Urgent,Visit a doctor within 24 hours
??? ????? ?????? ??? ???? ?? ??? ???? ??? ?????,General Query,"No immediate action required, informational response sufficient"
??? ???? ?? ???? ???? ??? ????????? ????? ??,General Query,"No immediate action required, informational response sufficient"
"???? ???????? ???, ??? ??? ??? ???? ???? ?????? ???? ?????",Emergency,Immediately go to emergency department or call ambulance
"???? ???????? ???, ???????? ??? ????? ????? ?? ????? ?????",Emergency,Immediately go to emergency department or call ambulance
?? ???-?? ??? ????? ??? ??? ????? ?????? ?????,Emergency,Immediately go to emergency department or call ambulance
"????? ???? ?????? ????, ????? ????? ?? ????? ?????, ??? ????? ?????? ?????",Emergency,Immediately go to emergency department or call ambulance
????? ???? ???? ??? ??? ?????,Routine,Schedule a regular medical consultation
??????? ????????? ????? ????? ?? ??? ??? ?? ????????,Emergency,Immediately go to emergency department or call ambulance
???? ????? ???? ????? ???? ?? ??? ??? ?? ????????,Urgent,Visit a doctor within 24 hours
???? ???? ???? ???? ????,Urgent,Visit a doctor within 24 hours
??????? ??? ????? ????,Urgent,Visit a doctor within 24 hours
"???? ????? ????? ???????? ???, ????? ?????? ????",Routine,Schedule a regular medical consultation
"???????? ??? ???? ???? ??????, ??? ???????? ???",Urgent,Visit a doctor within 24 hours
"???????? ??? ??????, ????? ????? ?? ????? ?????, ??? ????? ?????? ?????",Emergency,Immediately go to emergency department or call ambulance
"?? ???????? ?? ????, ???? ???????? ?????",General Query,"No immediate action required, informational response sufficient"
"???? ????? ????? ???????? ???, ??? ????? ?????? ??? ???? ??, ???? ???????? ?????",General Query,"No immediate action required, informational response sufficient"
????? ???? ????. ??? ?? ????????,Routine,Schedule a regular medical consultation
???? ??? ?? ?????????,General Query,"No immediate action required, informational response sufficient"
???? ??? ??????? ??????,General Query,"No immediate action required, informational response sufficient"
"???? ????? ??????, ???? ????? ????? ?? ????? ?????, ??????? ?????",Emergency,Immediately go to emergency department or call ambulance
"???????? ??? ??????, ???? ??????? ????? ??, ??????? ?????",General Query,"No immediate action required, informational response sufficient"
"???????? ??? ??????, ???? ???????? ?????, ??? ???????? ???",Urgent,Visit a doctor within 24 hours
"???????? ??? ??????, ????? ??? ????? ???",Routine,Schedule a regular medical consultation
?? ???? ????. ?? ???? ????? ????? ??,General Query,"No immediate action required, informational response sufficient"
??? ??? ??? ?????? ??? ???,General Query,"No immediate action required, informational response sufficient"
?? ?????? ????? ???????? ????? ????? ?? ??? ????????? ????? ??,Emergency,Immediately go to emergency department or call ambulance
???? ???? ???? ???? ????? ??? ????????? ????? ??,Urgent,Visit a doctor within 24 hours
"???????? ??? ??????, ???? ?????? ???, ????????? ????? ??",Routine,Schedule a regular medical consultation
??????? ??? ????????? ????? ????? ?? ??? ??? ?????,Emergency,Immediately go to emergency department or call ambulance
??? ?? ??? ??????. ??? ?????,General Query,"No immediate action required, informational response sufficient"
?????? ????? ??. ????????? ????? ??,Urgent,Visit a doctor within 24 hours
???? ??? ?? ??? ?????? ???,General Query,"No immediate action required, informational response sufficient"
???-?? ??? ?????.,Emergency,Immediately go to emergency department or call ambulance
"??????? ??? ?????? ??? ?????, ???? ??? ?????",Urgent,Visit a doctor within 24 hours
"???? ???????? ???, ????? ???? ??? ???? ?????, ????????? ????? ??",Emergency,Immediately go to emergency department or call ambulance
???? ?????? ?? ??? ??? ?????,Urgent,Visit a doctor within 24 hours
"??? ?? ??? ??????, ??? ?? ?????????",General Query,"No immediate action required, informational response sufficient"
"???????, ???? ???? ??????? ????",Routine,Schedule a regular medical consultation
"???????, ?? ???? ????, ???? ??? ?????",General Query,"No immediate action required, informational response sufficient"
"???? ????? ????? ???????? ???, ????? ???? ???, ???? ??? ?????",Routine,Schedule a regular medical consultation
"????? ??? ????? ???, ?? ??? ????",Routine,Schedule a regular medical consultation
"???? ??? ??????, ??? ??? ?????, ??? ?????",General Query,"No immediate action required, informational response sufficient"
"??? ?????? ??????, ??? ?? ?????????",General Query,"No immediate action required, informational response sufficient"
"???? ??????? ?????, ????? ?????? ????",Routine,Schedule a regular medical consultation
"???? ??? ??????, ? ??? ??? ?????? ????? ??, ??????? ?????",Urgent,Visit a doctor within 24 hours
"?????, ????????? ????? ????? ??",Emergency,Immediately go to emergency department or call ambulance
??? ???? ????? ???? ??? ??? ??? ???????? ???,Routine,Schedule a regular medical consultation
"????? ??????? ?????? ?????,",Routine,Schedule a regular medical consultation
"???? ????? ??????, ????? ???? ??? ????? ????, ????????? ????? ??",Emergency,Immediately go to emergency department or call ambulance
? ??? ??? ????? ???? ????? ???? ?? ???,Urgent,Visit a doctor within 24 hours
??? ????? ????. ??? ?? ????????,Urgent,Visit a doctor within 24 hours
"???? ???? ???? ??????????, ??? ???????? ???",Emergency,Immediately go to emergency department or call ambulance
"??? ???? ????? ???? ????? ???? ??, ??? ?? ????????",Urgent,Visit a doctor within 24 hours
"???? ??????? ?????, ???? ????? ????? ????, ??? ???????? ???",Routine,Schedule a regular medical consultation
"???? ??????? ?????, ????? ????? ?? ????? ?????",Emergency,Immediately go to emergency department or call ambulance
"?????, ???? ???? ???? ????? ??????? ????? ????? ???? ??????, ??????? ?????",Emergency,Immediately go to emergency department or call ambulance
"???? ??????? ?????, ??? ????? ?????? ??? ???? ??",General Query,"No immediate action required, informational response sufficient"
"???? ????? ????? ???????? ???, ??? ?? ?????? ??????, ????????? ????? ??",General Query,"No immediate action required, informational response sufficient"
"?????, ???? ???? ???? ???? ????",Routine,Schedule a regular medical consultation
????? ???? ????.,Routine,Schedule a regular medical consultation
"? ??? ??? ?????? ??? ?????, ??? ???????? ???",Urgent,Visit a doctor within 24 hours
"???? ????? ??????, ????????? ????? ????? ??, ??? ?? ????????",Emergency,Immediately go to emergency department or call ambulance
? ??? ??? ???? ??? ????? ??,Urgent,Visit a doctor within 24 hours
?? ??? ??????? ??????,General Query,"No immediate action required, informational response sufficient"
"?????? ????? ???????? ????? ????? ??, ???? ??? ?????",Emergency,Immediately go to emergency department or call ambulance
"???????, ??? ??? ??? ??? ????? ????",Urgent,Visit a doctor within 24 hours
"???? ????? ??????, ?? ???? ???? ????, ??????? ?????",Routine,Schedule a regular medical consultation
"?? ???????? ??? ???? ?????? ??, ???? ???????? ?????",Urgent,Visit a doctor within 24 hours
"???? ????? ??????, ??? ???? ???? ???????? ?????, ??????? ?????",Urgent,Visit a doctor within 24 hours
"???? ??? ??????, ???? ???? ???? ????, ??? ?????",Routine,Schedule a regular medical consultation
"???? ??????? ?????, ??????? ?????? ????? ???????? ????? ????? ??",Emergency,Immediately go to emergency department or call ambulance
? ??? ??? ??? ????? ????,Urgent,Visit a doctor within 24 hours
"???? ????? ????? ???????? ???, ??? ??? ??? ?????? ??? ?????",Urgent,Visit a doctor within 24 hours
??????? ??? ??????? ????? ??,General Query,"No immediate action required, informational response sufficient"
"???? ???????? ???, ????? ????? ??? ????? ????",Emergency,Immediately go to emergency department or call ambulance
??? ??? ??? ??? ?? ????????? ??? ??? ????? ?????? ?????,General Query,"No immediate action required, informational response sufficient"
"?????, ???? ??????? ?????? ?????",Emergency,Immediately go to emergency department or call ambulance
???? ???? ???? ?????? ???? ?????,Emergency,Immediately go to emergency department or call ambulance
?????? ????? ??. ?? ???? ????? ????? ??,Urgent,Visit a doctor within 24 hours
"???? ??? ??????, ??? ??? ??? ???? ????? ??????? ????? ????? ???? ??????, ??????? ?????",Emergency,Immediately go to emergency department or call ambulance
"???? ????? ????? ???????? ???, ??? ?? ??? ??????",General Query,"No immediate action required, informational response sufficient"
????? ???? ???? ????? ?????,Emergency,Immediately go to emergency department or call ambulance
???? ????? ????? ?? ????? ?????,Emergency,Immediately go to emergency department or call ambulance
???? ???? ??? ???? ?????? ????? ??? ????????? ????? ??,Emergency,Immediately go to emergency department or call ambulance
??? ?? ?????? ??????. ??? ????? ?????? ?????,General Query,"No immediate action required, informational response sufficient"
??????? ??? ???? ???? ???? ???? ??? ????????? ????? ??,Urgent,Visit a doctor within 24 hours
"???????, ????? ???? ???? ??? ????? ???? ???? ????",Emergency,Immediately go to emergency department or call ambulance
"???? ????? ??????, ?? ?????? ????? ??, ??????? ?????",Urgent,Visit a doctor within 24 hours
"???????, ???? ???? ?????, ??? ?? ????????",Urgent,Visit a doctor within 24 hours
"???? ??????? ?????, ???? ???? ?????? ???? ?????",Emergency,Immediately go to emergency department or call ambulance
??????? ???? ???? ???? ??????????,Emergency,Immediately go to emergency department or call ambulance
"???? ??? ??????, ???? ???? ???? ?????? ?????",Urgent,Visit a doctor within 24 hours
??? ?????? ??????.,General Query,"No immediate action required, informational response sufficient"
"???? ???????? ???, ???? ?????? ???",Routine,Schedule a regular medical consultation
"???? ????? ????? ???????? ???, ???? ?????? ?????, ???? ??? ?????",Urgent,Visit a doctor within 24 hours
??? ????? ?????? ??? ???? ??. ????????? ????? ??,General Query,"No immediate action required, informational response sufficient"
??? ?????? ??????. ??? ?? ????????,General Query,"No immediate action required, informational response sufficient"
"???? ???? ????? ????, ?? ??? ????",Urgent,Visit a doctor within 24 hours
"???? ????? ????? ??? ????? ????, ???? ???????? ?????",Emergency,Immediately go to emergency department or call ambulance
???????? ??? ???? ??????? ???? ??? ??? ???????? ???,Routine,Schedule a regular medical consultation
??? ??? ??? ??? ?????? ??????,General Query,"No immediate action required, informational response sufficient"
"????? ???? ?????? ????, ???? ????? ??????? ????? ????? ???? ??????,",Emergency,Immediately go to emergency department or call ambulance
"???? ??? ??????? ??????, ??? ????? ?????? ?????",General Query,"No immediate action required, informational response sufficient"
"???????, ??? ??? ??? ???? ???? ??????",Urgent,Visit a doctor within 24 hours
????? ???? ???? ??? ??? ?? ????????,Routine,Schedule a regular medical consultation
"???? ??? ??????, ???? ???? ???? ????, ???? ??? ?????",Routine,Schedule a regular medical consultation
???-?? ??? ?????. ??? ????? ?????? ?????,Emergency,Immediately go to emergency department or call ambulance
??? ?????? ??????. ??? ?????,General Query,"No immediate action required, informational response sufficient"
"? ??? ??? ?????? ??? ?????, ??? ????? ?????? ?????",Urgent,Visit a doctor within 24 hours
"???? ???? ??????, ??? ?? ?????????",Urgent,Visit a doctor within 24 hours
"???? ???????? ???, ???? ????? ????? ????, ????????? ????? ??",Routine,Schedule a regular medical consultation
"???? ????? ????? ???????? ???, ??????? ??? ??? ??????? ??????, ??????? ?????",General Query,"No immediate action required, informational response sufficient"
??? ?? ?????????. ??? ????? ?????? ?????,General Query,"No immediate action required, informational response sufficient"
??????? ????? ???? ??? ???? ????? ??? ?? ???? ????? ????? ??,Emergency,Immediately go to emergency department or call ambulance
???? ????????? ????? ????? ??,Emergency,Immediately go to emergency department or call ambulance
"???? ??????? ?????, ? ??? ??? ??? ???? ?????? ?????",Emergency,Immediately go to emergency department or call ambulance
???? ???? ????? ???? ??? ??? ?????,Urgent,Visit a doctor within 24 hours
"???-?? ??? ?????, ?? ??? ????",Emergency,Immediately go to emergency department or call ambulance
"????? ???? ?????? ????, ??? ??? ?????",General Query,"No immediate action required, informational response sufficient"
??? ??? ??? ???? ???? ???? ????? ???,Routine,Schedule a regular medical consultation
"?????, ??????? ??? ?? ?????? ??????",General Query,"No immediate action required, informational response sufficient"
"???????? ??? ??????, ???? ???? ???? ????? ???",Routine,Schedule a regular medical consultation
????? ?????? ????. ???? ??? ?????,Routine,Schedule a regular medical consultation
"? ??? ??? ??????? ?? ??? ????,",General Query,"No immediate action required, informational response sufficient"
"??? ??? ??? ??????? ?????? ?????, ??? ?????",Routine,Schedule a regular medical consultation
"???? ??? ??????, ????????? ????? ????? ??",Emergency,Immediately go to emergency department or call ambulance
???? ?????? ????? ??,Urgent,Visit a doctor within 24 hours
"???????? ??? ??????, ? ??? ??? ???? ????? ????? ????, ??????? ?????",Routine,Schedule a regular medical consultation
?? ???? ???? ???? ????? ??? ??? ???? ??? ?????,Routine,Schedule a regular medical consultation
"???? ???? ???? ?????? ?????, ????????? ????? ??",Urgent,Visit a doctor within 24 hours
???? ??? ???? ?????? ????? ??? ????????? ????? ??,Emergency,Immediately go to emergency department or call ambulance
"????? ???? ?????? ????, ??? ????? ?????? ??? ???? ??, ?? ???? ????? ????? ??",General Query,"No immediate action required, informational response sufficient"
"???? ??????,",Urgent,Visit a doctor within 24 hours
????? ???? ???? ?????? ??? ???? ??? ?????,Urgent,Visit a doctor within 24 hours
"???? ????? ??????, ???? ?? ???????? ?? ????",General Query,"No immediate action required, informational response sufficient"
"???? ????? ??????, ?? ???-?? ??? ?????, ??????? ?????",Emergency,Immediately go to emergency department or call ambulance
"?????, ????? ????? ???, ????????? ????? ??",Routine,Schedule a regular medical consultation
"???????, ????? ??? ??? ?????",General Query,"No immediate action required, informational response sufficient"
"???? ??? ??????, ??? ?? ??? ??????",General Query,"No immediate action required, informational response sufficient"
"???? ??????? ?????, ???-?? ??? ?????, ?? ???? ????? ????? ??",Emergency,Immediately go to emergency department or call ambulance
"???? ??? ??????, ???? ???? ?????? ???? ?????",Emergency,Immediately go to emergency department or call ambulance
"???????, ? ??? ??? ????? ???? ???? ??? ????? ???? ???? ????",Emergency,Immediately go to emergency department or call ambulance
"??????? ??? ??????? ????? ??, ????????? ????? ??",General Query,"No immediate action required, informational response sufficient"
? ??? ??? ???? ???? ????? ??? ???? ???????? ?????,Urgent,Visit a doctor within 24 hours
"?????, ??? ?? ?????? ??????",General Query,"No immediate action required, informational response sufficient"
"???-?? ??? ?????, ??? ?? ?????????",Emergency,Immediately go to emergency department or call ambulance
??????? ??? ??? ????? ????? ??????? ?????,Emergency,Immediately go to emergency department or call ambulance
"?? ??? ??????? ??????, ??? ?????",General Query,"No immediate action required, informational response sufficient"
"???????, ??????? ?????? ??? ???",General Query,"No immediate action required, informational response sufficient"
???????? ??? ????????? ????? ????? ?? ??? ??? ???????? ???,Emergency,Immediately go to emergency department or call ambulance
???? ????? ????? ?? ????? ????? ??? ????????? ????? ??,Emergency,Immediately go to emergency department or call ambulance
"??? ????? ?????? ??? ???? ??, ?? ??? ????",General Query,"No immediate action required, informational response sufficient"
"????? ???? ??? ???? ?????, ??????? ?????",Emergency,Immediately go to emergency department or call ambulance
?? ???????? ??? ????? ???? ????? ???? ?? ???,Urgent,Visit a doctor within 24 hours
"??? ??? ??? ??? ?? ?????? ??????, ????????? ????? ??",General Query,"No immediate action required, informational response sufficient"
"??? ?? ?????????, ??? ?? ?????????",General Query,"No immediate action required, informational response sufficient"
"????? ???? ?????? ????, ??????? ??? ???? ?????? ?????, ??????? ?????",Emergency,Immediately go to emergency department or call ambulance
???????? ??? ????? ???????? ???? ??? ????????? ????? ??,Routine,Schedule a regular medical consultation
??? ??????? ??????. ??? ?????,General Query,"No immediate action required, informational response sufficient"
"???? ???? ???? ????, ??? ?? ?????????",Urgent,Visit a doctor within 24 hours
???? ?????? ??. ??? ????? ?????? ?????,Urgent,Visit a doctor within 24 hours
"??????? ??? ???? ?????? ???, ??? ????? ?????? ?????",Routine,Schedule a regular medical consultation
"???? ????? ????? ???????? ???, ???? ???????? ?????",Urgent,Visit a doctor within 24 hours
"?????, ??? ??? ??? ???? ?????? ???, ??????? ?????",Routine,Schedule a regular medical consultation
???-?? ??? ?????. ???? ??? ?????,Emergency,Immediately go to emergency department or call ambulance
??????? ???? ???? ????? ??? ??? ???????? ???,Urgent,Visit a doctor within 24 hours
"???? ???????? ???, ??????? ????? ??? ????? ???, ??????? ?????",Routine,Schedule a regular medical consultation
??????? ??????? ?????? ????? ??,General Query,"No immediate action required, informational response sufficient"
"??? ??? ??? ?????, ??? ?? ?????????",Urgent,Visit a doctor within 24 hours
??????? ???? ??????? ?????? ?????,Emergency,Immediately go to emergency department or call ambulance
"?????, ????? ???? ????",Routine,Schedule a regular medical consultation
??????? ??? ???? ?????? ??? ??? ????????? ????? ??,Routine,Schedule a regular medical consultation
"???? ??????? ?????, ??? ???? ????? ???? ??? ????? ????",Emergency,Immediately go to emergency department or call ambulance
"???? ???? ???? ??????, ??? ???????? ???",Urgent,Visit a doctor within 24 hours
"????? ???? ??? ???? ?????, ?? ??? ????",Emergency,Immediately go to emergency department or call ambulance
"???? ??? ??????, ???? ???? ?????",Urgent,Visit a doctor within 24 hours
"????? ???? ?????? ????, ?? ???????? ??? ????? ???? ????",Routine,Schedule a regular medical consultation
"???? ???????? ???, ????? ??? ????? ???",Routine,Schedule a regular medical consultation
"?????, ??? ??????? ??????",General Query,"No immediate action required, informational response sufficient"
?? ?????? ??? ???,General Query,"No immediate action required, informational response sufficient"
"????? ???? ?????? ????, ???? ???? ???? ??????????",Emergency,Immediately go to emergency department or call ambulance
"????? ???? ?????? ????, ??? ??????? ??????,",General Query,"No immediate action required, informational response sufficient"
"?? ???????? ??? ???? ???? ???? ????, ???? ??? ?????",Urgent,Visit a doctor within 24 hours
?? ??? ????. ?? ???? ????? ????? ??,General Query,"No immediate action required, informational response sufficient"
"???? ??? ??????, ???? ??????? ?????? ?????",Routine,Schedule a regular medical consultation
???? ???? ?????. ???? ??? ?????,Urgent,Visit a doctor within 24 hours
??? ?? ?????? ??????. ???? ???????? ?????,General Query,"No immediate action required, informational response sufficient"
"??????? ????? ?????? ????, ???? ???????? ?????",Routine,Schedule a regular medical consultation
???? ???? ????? ???????? ???? ??? ?? ???? ????? ????? ??,Routine,Schedule a regular medical consultation
"??? ??? ??? ????? ???? ???, ??? ?????",Routine,Schedule a regular medical consultation
????? ???????? ????. ??? ???????? ???,Routine,Schedule a regular medical consultation
"???? ?????? ????? ???????? ????? ????? ??, ??? ?????",Emergency,Immediately go to emergency department or call ambulance
"???? ????? ????? ???????? ???, ??????? ??? ??? ????? ????? ??????? ?????, ??????? ?????",Emergency,Immediately go to emergency department or call ambulance
"????? ???? ???? ??? ????? ???? ???? ????, ??? ?? ?????????",Emergency,Immediately go to emergency department or call ambulance
"???????? ??? ??????, ???? ?????? ??",Urgent,Visit a doctor within 24 hours
"???????, ???? ???? ????",Routine,Schedule a regular medical consultation
"???? ???? ?????? ??,",Urgent,Visit a doctor within 24 hours
"???????, ???? ?????? ?????, ??? ?? ????????",Urgent,Visit a doctor within 24 hours
??? ??????? ?????? ??? ???? ???????? ?????,General Query,"No immediate action required, informational response sufficient"
??? ???? ???? ??? ????? ??? ??? ????? ?????? ?????,Urgent,Visit a doctor within 24 hours
???? ????? ???? ??? ????? ???? ??? ??? ???????? ???,Emergency,Immediately go to emergency department or call ambulance
????? ???? ???? ??? ????? ???? ???? ????. ???? ??? ?????,Emergency,Immediately go to emergency department or call ambulance
??? ??? ??? ?? ???????? ?? ???? ??? ???? ??? ?????,General Query,"No immediate action required, informational response sufficient"
? ??? ??? ????? ???? ????? ???? ?? ??? ??? ?? ????????,Urgent,Visit a doctor within 24 hours
"???? ????? ????? ???????? ???, ??????? ?? ??? ????, ??? ????? ?????? ?????",General Query,"No immediate action required, informational response sufficient"
"???????? ??? ??????, ??????? ????? ??, ???? ??? ?????",General Query,"No immediate action required, informational response sufficient"
"???? ???????? ???, ???? ????? ???? ???",Routine,Schedule a regular medical consultation
"?????, ????? ???? ??? ????? ????, ??? ????? ?????? ?????",Emergency,Immediately go to emergency department or call ambulance
"???? ???????? ???, ???????? ??? ????? ???? ???, ??????? ?????",Routine,Schedule a regular medical consultation
??????? ??? ???? ?????? ??? ??? ?? ????????,Urgent,Visit a doctor within 24 hours
"???????, ???? ???? ????? ????,",Urgent,Visit a doctor within 24 hours
??? ???? ???-?? ??? ?????,Emergency,Immediately go to emergency department or call ambulance
"???? ????? ????? ???????? ???, ???? ?????? ???, ????????? ????? ??",Routine,Schedule a regular medical consultation
"???? ??? ??????, ???? ???? ?????? ?????, ??????? ?????",Urgent,Visit a doctor within 24 hours
???? ???? ?????? ???,Routine,Schedule a regular medical consultation
"???? ?????? ???, ??? ?? ?????????",Routine,Schedule a regular medical consultation
"???? ???? ???? ????? ???, ?? ??? ????",Routine,Schedule a regular medical consultation
"???? ???? ????? ????, ??? ?? ?????????",Urgent,Visit a doctor within 24 hours
"????? ???? ?????? ????, ??? ???? ???? ???????? ?????",Urgent,Visit a doctor within 24 hours
?? ???????? ??? ???? ????? ????? ???? ??? ??? ????? ?????? ?????,Routine,Schedule a regular medical consultation
"???? ???????? ???, ????? ???? ????? ???? ??",Urgent,Visit a doctor within 24 hours
? ??? ??? ????? ???? ???? ??? ?? ???? ????? ????? ??,Routine,Schedule a regular medical consultation
"???????, ?????? ??? ?????, ??? ?????",Urgent,Visit a doctor within 24 hours
"???? ????? ????? ???????? ???, ??????? ????? ??",General Query,"No immediate action required, informational response sufficient"
"????? ???? ?????? ????, ????? ???? ???, ???? ???????? ?????",Routine,Schedule a regular medical consultation
??? ????? ?????? ??? ???? ?? ??? ???? ???????? ?????,General Query,"No immediate action required, informational response sufficient"
"???? ??????? ?????, ??? ???? ?????? ??? ?????, ??????? ?????",Urgent,Visit a doctor within 24 hours
"???????, ??? ??? ??? ?????, ?? ???? ????? ????? ??",Urgent,Visit a doctor within 24 hours
??????? ??? ?????? ??? ????? ??? ??? ????? ?????? ?????,Urgent,Visit a doctor within 24 hours
"???? ??????? ?????, ?????? ??? ???",General Query,"No immediate action required, informational response sufficient"
"???????? ??? ???? ?????? ??, ??? ???????? ???",Urgent,Visit a doctor within 24 hours
"???? ??? ??????, ???? ???? ???? ??????????",Emergency,Immediately go to emergency department or call ambulance
"?????, ??????? ??? ???? ???????? ?????, ??????? ?????",Urgent,Visit a doctor within 24 hours
?? ???????? ??? ???-?? ??? ????? ??? ??? ????? ?????? ?????,Emergency,Immediately go to emergency department or call ambulance
"?? ???????? ?? ????, ??? ?? ?????????",General Query,"No immediate action required, informational response sufficient"
"?? ???? ?????? ?????, ??? ?? ????????",Urgent,Visit a doctor within 24 hours
"???? ???? ?????? ??? ?????, ??????? ?????",Urgent,Visit a doctor within 24 hours
"???? ?? ???????? ?? ????,",General Query,"No immediate action required, informational response sufficient"
"???????, ???-?? ??? ?????",Emergency,Immediately go to emergency department or call ambulance
"???? ???? ?????? ??, ??? ???????? ???",Urgent,Visit a doctor within 24 hours
"??????? ??? ??? ??? ??? ?????, ??? ???????? ???",Urgent,Visit a doctor within 24 hours
"?????, ???? ???? ?????,",Urgent,Visit a doctor within 24 hours
???? ????? ??????? ????? ????? ???? ??????,Emergency,Immediately go to emergency department or call ambulance
???? ???? ???? ???? ????? ????? ??? ???? ??? ?????,Emergency,Immediately go to emergency department or call ambulance
?? ???????? ??? ????? ???? ???,Routine,Schedule a regular medical consultation
"??????? ??? ???? ???? ???? ????? ???, ???? ??? ?????",Routine,Schedule a regular medical consultation
"???? ??????? ?????, ???? ??? ?? ????????, ??????? ?????",General Query,"No immediate action required, informational response sufficient"
"???? ??????? ?????, ?? ???????? ?? ????, ???? ???????? ?????",General Query,"No immediate action required, informational response sufficient"
"??????? ??? ???? ?????? ??, ?? ???? ????? ????? ??",Urgent,Visit a doctor within 24 hours
???????? ??? ??????? ????? ??,General Query,"No immediate action required, informational response sufficient"
????? ??? ?? ?????????,General Query,"No immediate action required, informational response sufficient"
"???? ??????? ?????, ??????? ????? ??, ?? ???? ????? ????? ??",General Query,"No immediate action required, informational response sufficient"
??? ??? ??? ????? ????? ???,Routine,Schedule a regular medical consultation
??????? ???? ???? ??????,Urgent,Visit a doctor within 24 hours
????? ????? ??? ????? ???? ??? ???? ???????? ?????,Emergency,Immediately go to emergency department or call ambulance
"???? ?????? ??, ?? ??? ????",Urgent,Visit a doctor within 24 hours
??????? ?????? ??? ??? ??? ??? ?? ????????,General Query,"No immediate action required, informational response sufficient"
"??? ???? ??? ?? ?????? ??????, ???? ??? ?????",General Query,"No immediate action required, informational response sufficient"
"???? ??? ?????, ??? ?? ?????????",Urgent,Visit a doctor within 24 hours
"????? ???? ?????? ????, ???? ???? ????, ??? ????? ?????? ?????",Routine,Schedule a regular medical consultation
"???? ???? ?????, ??? ?? ?????????",Urgent,Visit a doctor within 24 hours
??? ??? ??? ????? ??? ????? ???,Routine,Schedule a regular medical consultation
"???? ??? ??????, ?? ???????? ??? ???? ???? ??????, ??????? ?????",Urgent,Visit a doctor within 24 hours
"???? ??? ??????, ????? ??? ????? ???",Routine,Schedule a regular medical consultation
"???? ????? ??????, ?? ???? ????, ???? ???????? ?????",General Query,"No immediate action required, informational response sufficient"
??? ???? ???? ??????? ???? ??? ??? ???????? ???,Routine,Schedule a regular medical consultation
"???? ????? ??????, ??? ???? ?? ??? ????, ??????? ?????",General Query,"No immediate action required, informational response sufficient"
"???? ????? ??????, ??? ??? ??? ????? ??? ????? ???",Routine,Schedule a regular medical consultation
"???? ???????? ???, ?? ?????? ???????? ????, ??????? ?????",Routine,Schedule a regular medical consultation
"???? ??? ??????, ??? ??? ??? ?????? ??? ???, ??????? ?????",General Query,"No immediate action required, informational response sufficient"
"???? ??? ??????, ????? ???? ??? ????? ??",Urgent,Visit a doctor within 24 hours
"?? ???? ????? ??????? ????? ????? ???? ??????, ????????? ????? ??",Emergency,Immediately go to emergency department or call ambulance
"???? ????? ????? ???????? ???, ???? ???? ????? ?????, ???? ???????? ?????",Emergency,Immediately go to emergency department or call ambulance
"????????? ????? ????? ??, ??? ?? ????????",Emergency,Immediately go to emergency department or call ambulance
"???? ??????? ?????, ???? ????? ???? ????, ??????? ?????",Routine,Schedule a regular medical consultation
"???? ??????? ?????, ??????? ???? ?????? ?????",Urgent,Visit a doctor within 24 hours
"???? ??????? ?????, ????? ???? ??????? ????",Routine,Schedule a regular medical consultation
"???? ??? ??????, ?? ???????? ??? ?? ???????? ?? ????, ??????? ?????",General Query,"No immediate action required, informational response sufficient"
"?????? ???????? ????, ?? ??? ????",Routine,Schedule a regular medical consultation
"?? ???????? ??? ??? ??? ??? ?????, ????????? ????? ??",Urgent,Visit a doctor within 24 hours
??? ??? ??? ????? ???????? ????,Routine,Schedule a regular medical consultation
???? ???? ??? ?????,Urgent,Visit a doctor within 24 hours
??? ???? ???? ?????? ??,Urgent,Visit a doctor within 24 hours
"???????? ??? ??? ?? ????????, ??? ????? ?????? ?????",General Query,"No immediate action required, informational response sufficient"
"???? ?????? ????? ??, ???? ???????? ?????",Urgent,Visit a doctor within 24 hours
"?????, ? ??? ??? ???? ???? ???? ????",Routine,Schedule a regular medical consultation
???? ???? ???? ??????????. ??? ????? ?????? ?????,Emergency,Immediately go to emergency department or call ambulance
"?????? ????? ??, ??? ?? ?????????",Urgent,Visit a doctor within 24 hours
"???? ??????? ?????, ????? ???? ???? ?????, ??????? ?????",Urgent,Visit a doctor within 24 hours
???? ???? ?????,Urgent,Visit a doctor within 24 hours
"????? ???? ?????? ????, ???? ??????? ?????? ?????, ????????? ????? ??",Emergency,Immediately go to emergency department or call ambulance
"???????? ??? ??????, ???? ?????? ?????",Urgent,Visit a doctor within 24 hours
"???????, ????????? ????? ????? ??",Emergency,Immediately go to emergency department or call ambulance
????? ??????? ?????? ????? ??,General Query,"No immediate action required, informational response sufficient"
"????? ???? ?????? ????, ??? ??? ??? ???? ?????? ?????, ??????? ?????",Urgent,Visit a doctor within 24 hours
"??????? ??????? ?? ??? ????, ??? ?????",General Query,"No immediate action required, informational response sufficient"
??????? ??? ??????? ????? ?? ??? ?? ???? ????? ????? ??,General Query,"No immediate action required, informational response sufficient"
"????? ???? ?????? ????, ?? ????? ???? ??? ????? ????",Emergency,Immediately go to emergency department or call ambulance
"???????? ??? ???? ???? ?????, ??????? ?????",Urgent,Visit a doctor within 24 hours
"???? ???????? ???, ? ??? ??? ??? ?? ?????????, ??????? ?????",General Query,"No immediate action required, informational response sufficient"
???? ????? ????? ??? ????? ????,Emergency,Immediately go to emergency department or call ambulance
"?? ???? ???? ?????, ???? ??? ?????",Urgent,Visit a doctor within 24 hours
"?? ???????? ?? ????, ?? ??? ????",General Query,"No immediate action required, informational response sufficient"
"?????, ??? ???? ???? ?????? ?????",Urgent,Visit a doctor within 24 hours
??? ???? ?????? ?????. ???? ??? ?????,Emergency,Immediately go to emergency department or call ambulance
?? ????? ???????? ????,Routine,Schedule a regular medical consultation
???? ???? ?????? ??,Urgent,Visit a doctor within 24 hours
"????? ???? ?????? ????, ????? ??????? ????? ??, ??????? ?????",General Query,"No immediate action required, informational response sufficient"
"???? ???????? ???, ???? ???? ???? ????",Urgent,Visit a doctor within 24 hours
???? ???? ???? ???? ????? ???,Routine,Schedule a regular medical consultation
"???? ???? ??? ????? ????? ??????? ?????, ??? ???????? ???",Emergency,Immediately go to emergency department or call ambulance
"???? ????? ???????? ????, ?? ???? ????? ????? ??",Routine,Schedule a regular medical consultation
??? ?? ????????? ??? ??? ?? ????????,General Query,"No immediate action required, informational response sufficient"
"???? ????? ??????, ???? ???? ???? ????? ???, ??? ???????? ???",Routine,Schedule a regular medical consultation
??????? ?????? ????? ??. ??? ?????,General Query,"No immediate action required, informational response sufficient"
"???? ???????? ?????, ?? ??? ????",Urgent,Visit a doctor within 24 hours
"???? ???????? ???, ??????? ??? ??????? ?? ??? ????, ??????? ?????",General Query,"No immediate action required, informational response sufficient"
????? ???? ??? ????? ????. ??? ?????,Emergency,Immediately go to emergency department or call ambulance
"???? ??????? ?????, ???? ???? ????? ????? ????",Routine,Schedule a regular medical consultation
"??????? ????? ????? ???, ?? ???? ????? ????? ??",Routine,Schedule a regular medical consultation
"???? ??????? ?????, ????? ???? ????, ???? ??? ?????",Routine,Schedule a regular medical consultation
"? ??? ??? ????? ???? ????? ???? ??, ??? ?????",Urgent,Visit a doctor within 24 hours
"?????, ??????? ?????? ????? ??, ??????? ?????",Urgent,Visit a doctor within 24 hours
???? ??????? ????? ??,General Query,"No immediate action required, informational response sufficient"
"???? ??? ??????, ?????? ???????? ????",Routine,Schedule a regular medical consultation
"???? ???????? ???, ????? ???? ???? ??? ????? ???? ???? ????",Emergency,Immediately go to emergency department or call ambulance
"????????? ????? ????? ??, ??? ?? ?????????",Emergency,Immediately go to emergency department or call ambulance
?? ???? ???? ??????,Urgent,Visit a doctor within 24 hours
"??????? ??? ?? ???? ????, ?? ???? ????? ????? ??",General Query,"No immediate action required, informational response sufficient"
??????? ????? ??. ??? ?????,General Query,"No immediate action required, informational response sufficient"
"???? ??? ??????, ?? ???????? ??? ?? ???????? ?? ????",General Query,"No immediate action required, informational response sufficient"
???? ??? ????? ???? ??? ????????? ????? ??,Urgent,Visit a doctor within 24 hours
???? ???? ???? ????? ???. ??? ???????? ???,Routine,Schedule a regular medical consultation
"???? ???? ?????? ???? ?????, ?? ???? ????? ????? ??",Emergency,Immediately go to emergency department or call ambulance
"????? ???? ?????? ????, ????? ???? ???? ??? ????? ???? ???? ????, ??? ????? ?????? ?????",Emergency,Immediately go to emergency department or call ambulance
"????? ???? ?????? ????, ???? ???? ???? ???? ????, ??????? ?????",Urgent,Visit a doctor within 24 hours
"???? ??? ??????, ???? ???????? ?????, ??? ?? ????????",Urgent,Visit a doctor within 24 hours
"?? ?????? ??? ???, ???? ??? ?????",General Query,"No immediate action required, informational response sufficient"
? ??? ??? ????? ???? ???? ??? ????? ???? ???? ???? ??? ????????? ????? ??,Emergency,Immediately go to emergency department or call ambulance
"???????? ??? ???? ????? ??????? ????? ????? ???? ??????, ??????? ?????",Emergency,Immediately go to emergency department or call ambulance
"???????? ??? ??????, ??? ??????? ??????",General Query,"No immediate action required, informational response sufficient"
??? ???? ?????? ??? ????? ??? ??? ?? ????????,Urgent,Visit a doctor within 24 hours
"?????, ??? ?? ?????????",General Query,"No immediate action required, informational response sufficient"
"????? ???? ?????? ????, ??? ???? ?????? ?????, ????????? ????? ??",Emergency,Immediately go to emergency department or call ambulance
? ??? ??? ????????? ????? ????? ??,Emergency,Immediately go to emergency department or call ambulance
???? ?????? ????? ???????? ????? ????? ?? ??? ???? ??? ?????,Emergency,Immediately go to emergency department or call ambulance
"???? ??????? ?????, ???? ???? ???? ????",Routine,Schedule a regular medical consultation
? ??? ??? ??? ??????? ??????,General Query,"No immediate action required, informational response sufficient"
"???? ??????? ?????, ?? ???????? ??? ?????? ????? ???????? ????? ????? ??",Emergency,Immediately go to emergency department or call ambulance
??????? ??? ???? ???? ????? ???? ???,Urgent,Visit a doctor within 24 hours
"???? ????? ????? ???????? ???, ??? ???? ?????? ?????, ??? ???????? ???",Emergency,Immediately go to emergency department or call ambulance
"???? ??????? ?????, ??? ??? ??? ???? ???? ??????",Urgent,Visit a doctor within 24 hours
"???? ?? ???? ????, ??? ????? ?????? ?????",General Query,"No immediate action required, informational response sufficient"
?? ???????? ??? ?????? ????? ???????? ????? ????? ??,Emergency,Immediately go to emergency department or call ambulance
???? ????????? ????? ????? ??,Emergency,Immediately go to emergency department or call ambulance
????????? ????? ????? ?? ??? ??? ???????? ???,Emergency,Immediately go to emergency department or call ambulance
"?? ???? ???? ????? ????, ??? ???????? ???",Urgent,Visit a doctor within 24 hours
"???? ??? ??????, ??????? ??? ???? ???? ???? ????? ???",Routine,Schedule a regular medical consultation
"???? ????? ??????, ????? ????? ?? ????? ?????, ?? ???? ????? ????? ??",Emergency,Immediately go to emergency department or call ambulance
?????? ???????? ????. ?? ???? ????? ????? ??,Routine,Schedule a regular medical consultation
"???? ????? ????? ???????? ???, ??? ????? ????, ?? ???? ????? ????? ??",Urgent,Visit a doctor within 24 hours
?? ???? ??????? ?????? ?????,Emergency,Immediately go to emergency department or call ambulance
??????? ??? ???? ???????? ?????,Urgent,Visit a doctor within 24 hours
"????? ?????? ????, ?? ??? ????",Routine,Schedule a regular medical consultation
?????? ??? ???. ??? ????? ?????? ?????,General Query,"No immediate action required, informational response sufficient"
??? ??? ??? ?????. ??? ????? ?????? ?????,Urgent,Visit a doctor within 24 hours
???????? ??? ???? ???? ???? ????? ???,Routine,Schedule a regular medical consultation
"????? ???? ?????? ????, ??? ???? ???? ??? ?????",Urgent,Visit a doctor within 24 hours
"???? ????? ??????, ???? ?? ???? ????",General Query,"No immediate action required, informational response sufficient"
?? ????? ????? ??? ????? ????,Emergency,Immediately go to emergency department or call ambulance
"???? ????? ????? ???????? ???, ???? ???? ????? ???? ????? ???? ??, ??????? ?????",Urgent,Visit a doctor within 24 hours
???? ??????? ?????? ?????,Routine,Schedule a regular medical consultation
"???? ???????? ???, ????? ????? ???, ???? ??? ?????",Routine,Schedule a regular medical consultation
??? ???? ???? ???? ?????? ???? ?????,Emergency,Immediately go to emergency department or call ambulance
"???? ????? ??????, ??????? ??? ??? ??? ?????",Urgent,Visit a doctor within 24 hours
? ??? ??? ??? ?? ?????? ?????? ??? ??? ?? ????????,General Query,"No immediate action required, informational response sufficient"
"????? ???? ????? ???? ??, ?? ??? ????",Urgent,Visit a doctor within 24 hours
"?????, ???? ???? ???? ???? ???? ??????????",Emergency,Immediately go to emergency department or call ambulance
"???? ???????? ???, ???? ???? ????? ????, ?? ???? ????? ????? ??",Urgent,Visit a doctor within 24 hours
"???? ????? ????? ???????? ???, ???? ???? ?????, ??? ????? ?????? ?????",Urgent,Visit a doctor within 24 hours
"???????, ???? ???? ???? ??????????",Emergency,Immediately go to emergency department or call ambulance
???? ???? ????? ????? ?? ????? ?????,Emergency,Immediately go to emergency department or call ambulance
"???? ????? ??????, ?????? ??? ???, ????????? ????? ??",General Query,"No immediate action required, informational response sufficient"
"???? ??? ??????, ??? ????? ????? ??????? ?????",Emergency,Immediately go to emergency department or call ambulance
"??? ????? ????, ??? ?? ?????????",Urgent,Visit a doctor within 24 hours
"???? ??????? ?????, ??? ??? ??? ????? ???????? ????",Routine,Schedule a regular medical consultation
"???? ??? ??????, ??????? ????? ??",General Query,"No immediate action required, informational response sufficient"
??? ???? ???? ???? ?????? ???? ????? ??? ??? ?? ????????,Emergency,Immediately go to emergency department or call ambulance
?? ???? ?????? ??? ??? ?????,Urgent,Visit a doctor within 24 hours
??? ???? ?????? ?????,Emergency,Immediately go to emergency department or call ambulance
"???????? ??? ????? ???? ??? ????? ????, ????????? ????? ??",Emergency,Immediately go to emergency department or call ambulance
"???? ????? ??????, ???? ???? ???? ????",Urgent,Visit a doctor within 24 hours
"???? ???????? ???, ?????? ??? ???",General Query,"No immediate action required, informational response sufficient"
???? ?????? ????? ???????? ????? ????? ?? ??? ?? ???? ????? ????? ??,Emergency,Immediately go to emergency department or call ambulance
"???? ?????? ??? ?????, ?? ???? ????? ????? ??",Urgent,Visit a doctor within 24 hours
???????? ??? ?? ???? ????,General Query,"No immediate action required, informational response sufficient"
"??? ??? ??? ?? ??? ????, ????????? ????? ??",General Query,"No immediate action required, informational response sufficient"
????? ?????? ??? ????? ??? ???? ??? ?????,Urgent,Visit a doctor within 24 hours
"????? ????? ???, ??? ?? ?????????",Routine,Schedule a regular medical consultation
"?????, ???? ????? ??????? ????? ????? ???? ??????",Emergency,Immediately go to emergency department or call ambulance
????????? ????? ????? ??. ??? ?????,Emergency,Immediately go to emergency department or call ambulance
???? ???? ?????? ?????,Urgent,Visit a doctor within 24 hours
???? ??? ???? ?????? ?????,Emergency,Immediately go to emergency department or call ambulance
"?? ??? ????, ?? ??? ????",General Query,"No immediate action required, informational response sufficient"
??? ???? ???? ???? ???? ???? ??? ?? ???? ????? ????? ??,Routine,Schedule a regular medical consultation
??????? ????? ?????? ????,Routine,Schedule a regular medical consultation
"????? ????? ??? ????? ????, ??? ?? ?????????",Emergency,Immediately go to emergency department or call ambulance
?? ???????? ??? ???? ??????,Urgent,Visit a doctor within 24 hours
"??????? ????? ???? ???? ??? ????? ???? ???? ????, ?? ???? ????? ????? ??",Emergency,Immediately go to emergency department or call ambulance
???????? ??? ?????? ????? ?? ??? ??? ?????,Urgent,Visit a doctor within 24 hours
"????? ???? ?????? ????, ???? ??????",Urgent,Visit a doctor within 24 hours
??????? ??? ??? ??? ?????,General Query,"No immediate action required, informational response sufficient"
"???????, ????? ???? ???? ??? ????? ???? ???? ????, ???? ??? ?????",Emergency,Immediately go to emergency department or call ambulance
"???? ????? ???????? ????, ??? ???????? ???",Routine,Schedule a regular medical consultation
"???? ?? ???? ????, ??? ?????",General Query,"No immediate action required, informational response sufficient"
??????? ?? ???? ???? ??? ??? ?????,General Query,"No immediate action required, informational response sufficient"
"???? ????? ??????, ???? ?????? ???",Routine,Schedule a regular medical consultation
"???????? ??? ??????, ???????? ??? ??? ???? ?????? ?????, ??????? ?????",Emergency,Immediately go to emergency department or call ambulance
??????? ?????? ??? ??? ??? ??? ?????,General Query,"No immediate action required, informational response sufficient"
?? ???????? ??? ?????? ??? ?????,Urgent,Visit a doctor within 24 hours
????? ????? ????? ??? ????? ???? ???,Emergency,Immediately go to emergency department or call ambulance
????? ???? ???? ???,Routine,Schedule a regular medical consultation
"??????? ??? ????? ???? ???, ???? ???????? ?????",Routine,Schedule a regular medical consultation
"????? ???? ?????? ????, ????? ???? ???",Routine,Schedule a regular medical consultation
"???? ???? ?????, ?? ??? ????",Urgent,Visit a doctor within 24 hours
"????? ???? ?????? ????, ???? ???? ????? ?????, ??? ?? ????????",Emergency,Immediately go to emergency department or call ambulance
"??? ??? ?????, ??? ?? ?????????",General Query,"No immediate action required, informational response sufficient"
"???? ???? ???? ??????????, ??? ?? ?????????",Emergency,Immediately go to emergency department or call ambulance
?????? ????? ??.,Urgent,Visit a doctor within 24 hours
"???? ????? ????? ???????? ???, ???? ?????? ?????, ?? ???? ????? ????? ??",Urgent,Visit a doctor within 24 hours
"???? ????? ????? ????, ?? ??? ????",Routine,Schedule a regular medical consultation
"???????? ??? ??????, ???? ???? ????",Routine,Schedule a regular medical consultation
"????? ???? ?????? ????, ???????? ??? ??? ??? ?????, ??????? ?????",General Query,"No immediate action required, informational response sufficient"
"???? ????? ??????, ?? ???????? ??? ??? ?? ?????????, ??????? ?????",General Query,"No immediate action required, informational response sufficient"
??? ??? ??? ?? ???????? ?? ???? ??? ????????? ????? ??,General Query,"No immediate action required, informational response sufficient"
"???????? ??? ??????, ??? ???? ?????? ?????",Emergency,Immediately go to emergency department or call ambulance
????? ???????? ???? ??? ??? ????? ?????? ?????,Routine,Schedule a regular medical consultation
"?? ???? ????, ??? ?? ?????????",General Query,"No immediate action required, informational response sufficient"
"????? ???? ?????? ????, ????? ???????? ????",Routine,Schedule a regular medical consultation
???? ???? ????,Routine,Schedule a regular medical consultation
"? ??? ??? ?????? ??? ?????, ?? ???? ????? ????? ??",Urgent,Visit a doctor within 24 hours
???? ????? ???? ??? ???? ????? ??? ???? ??? ?????,Emergency,Immediately go to emergency department or call ambulance
"????? ???? ????, ?? ??? ????",Routine,Schedule a regular medical consultation
???? ???????? ?????. ????????? ????? ??,Urgent,Visit a doctor within 24 hours
"???? ??????? ?????, ???? ??????",Urgent,Visit a doctor within 24 hours
"???? ???? ???? ??????????, ????????? ????? ??",Emergency,Immediately go to emergency department or call ambulance
? ??? ??? ???? ?????? ??,Urgent,Visit a doctor within 24 hours
"???????, ???? ???? ?????? ???? ?????, ??? ?????",Emergency,Immediately go to emergency department or call ambulance
"???? ???? ??? ????? ????? ??????? ?????, ???? ??? ?????",Emergency,Immediately go to emergency department or call ambulance
???????? ??? ???? ??????? ?????? ????? ??? ??? ???????? ???,Emergency,Immediately go to emergency department or call ambulance
?? ???????? ??? ?????? ??? ??? ??? ??? ????? ?????? ?????,General Query,"No immediate action required, informational response sufficient"
"???? ????? ????? ???????? ???, ??? ???? ????? ???? ???",Routine,Schedule a regular medical consultation
??? ????? ?????? ??? ???? ??. ??? ?? ????????,General Query,"No immediate action required, informational response sufficient"
"???? ??? ??????, ???? ???? ????? ????",Urgent,Visit a doctor within 24 hours
"????? ???? ?????? ????, ???? ????? ???? ???",Routine,Schedule a regular medical consultation
"???? ????? ????? ???????? ???, ???? ?????? ??? ?????",Urgent,Visit a doctor within 24 hours
?? ???? ????? ????? ???? ???,Routine,Schedule a regular medical consultation
"???? ??????? ?????, ???? ???????? ?????, ????????? ????? ??",Urgent,Visit a doctor within 24 hours
"???? ??? ??????, ???? ?????? ?????, ??? ?? ????????",Urgent,Visit a doctor within 24 hours
"??? ???? ?? ???????? ?? ????, ?? ???? ????? ????? ??",General Query,"No immediate action required, informational response sufficient"
"???? ????? ????? ???????? ???, ???? ???? ?????? ???? ?????, ??? ?? ????????",Emergency,Immediately go to emergency department or call ambulance
"???????, ?? ???? ???? ???? ????, ??????? ?????",Urgent,Visit a doctor within 24 hours
"?????, ?????? ????? ??",Urgent,Visit a doctor within 24 hours
"???? ???? ?????? ???, ??? ???????? ???",Routine,Schedule a regular medical consultation
???? ???? ???? ????. ??? ????? ?????? ?????,Urgent,Visit a doctor within 24 hours
"???? ???????? ???, ??????? ??? ???? ???? ????? ????",Urgent,Visit a doctor within 24 hours
"???? ??? ??????, ??????? ??? ?? ??? ????, ??????? ?????",General Query,"No immediate action required, informational response sufficient"
"???? ??? ????? ??, ?? ??? ????",Urgent,Visit a doctor within 24 hours
"????? ???? ????, ??? ?? ?????????",Routine,Schedule a regular medical consultation
"? ??? ??? ??? ??? ?????, ??? ???????? ???",General Query,"No immediate action required, informational response sufficient"
"?????? ???????? ????, ??? ?? ?????????",Routine,Schedule a regular medical consultation
"???? ???????? ???, ????? ??????? ?????? ????? ??, ??????? ?????",General Query,"No immediate action required, informational response sufficient"
??? ????? ?????? ??? ???? ??. ?? ???? ????? ????? ??,General Query,"No immediate action required, informational response sufficient"
"??? ???? ????? ???? ????? ???? ??,",Urgent,Visit a doctor within 24 hours
? ??? ??? ?????? ???????? ????,Routine,Schedule a regular medical consultation
"? ??? ??? ???? ????? ??????? ????? ????? ???? ??????, ??? ?????",Emergency,Immediately go to emergency department or call ambulance
"???? ????? ???????? ????, ??? ????? ?????? ?????",Routine,Schedule a regular medical consultation
"??? ??? ??? ??? ?? ?????? ??????,",General Query,"No immediate action required, informational response sufficient"
????? ???? ??? ????? ????,Emergency,Immediately go to emergency department or call ambulance
"?????, ??????? ?????? ????? ??, ??? ?????",General Query,"No immediate action required, informational response sufficient"
"???????? ??? ??????, ????? ????? ??? ????? ????",Emergency,Immediately go to emergency department or call ambulance
??? ??? ?????. ??? ????? ?????? ?????,General Query,"No immediate action required, informational response sufficient"
"???? ????? ????? ???????? ???, ?????? ????? ???????? ????? ????? ??, ????????? ????? ??",Emergency,Immediately go to emergency department or call ambulance
? ??? ??? ??????? ?? ??? ???? ???,General Query,"No immediate action required, informational response sufficient"
"????? ???? ?????? ????, ??? ???? ?????? ??? ???",General Query,"No immediate action required, informational response sufficient"
"????? ???-?? ??? ?????, ??? ?? ????????",Emergency,Immediately go to emergency department or call ambulance
"??????? ??? ??? ?? ????????, ????????? ????? ??",General Query,"No immediate action required, informational response sufficient"
??? ??????? ??????. ???? ???????? ?????,General Query,"No immediate action required, informational response sufficient"
"???????? ??? ??????, ???? ?? ???????? ?? ????, ??????? ?????",General Query,"No immediate action required, informational response sufficient"
"???? ??? ??????, ???? ???? ???? ???? ????? ????, ??????? ?????",Urgent,Visit a doctor within 24 hours
"???? ??? ??????, ??? ???? ?? ???? ????, ??????? ?????",General Query,"No immediate action required, informational response sufficient"
"???? ???? ?????? ??? ?????, ????????? ????? ??",Urgent,Visit a doctor within 24 hours
???? ??? ?? ?????? ??????,General Query,"No immediate action required, informational response sufficient"
"??? ??? ??? ????? ???????? ????, ???? ???????? ?????",Routine,Schedule a regular medical consultation
? ??? ??? ??? ?? ?????????,General Query,"No immediate action required, informational response sufficient"
"????? ????????? ????? ????? ??, ??? ?? ????????",Emergency,Immediately go to emergency department or call ambulance
????? ????? ?? ????? ?????. ???? ??? ?????,Emergency,Immediately go to emergency department or call ambulance
"???? ????? ??????, ?? ???????? ??? ????? ?????? ????",Routine,Schedule a regular medical consultation
? ??? ??? ???? ???? ????? ????,Urgent,Visit a doctor within 24 hours
"???? ???????? ???, ?? ???? ??? ????? ??, ??????? ?????",Urgent,Visit a doctor within 24 hours
"???? ????? ????? ???????? ???, ????? ???? ????? ???? ??, ??????? ?????",Urgent,Visit a doctor within 24 hours
"???? ???????? ???, ????? ???????? ????",Routine,Schedule a regular medical consultation
"???? ??? ??????, ??????? ??? ????? ????? ??? ????? ????, ??????? ?????",Emergency,Immediately go to emergency department or call ambulance
"???? ????? ????? ???????? ???, ? ??? ??? ??? ?? ????????",General Query,"No immediate action required, informational response sufficient"
???? ????????? ????? ????? ?? ??? ??? ?????,Emergency,Immediately go to emergency department or call ambulance
???? ??????? ?????? ????? ??? ??? ???????? ???,Routine,Schedule a regular medical consultation
?? ???????? ??? ?????? ????? ?? ??? ??? ?????,Urgent,Visit a doctor within 24 hours
"??? ?? ????????, ???? ???????? ?????",General Query,"No immediate action required, informational response sufficient"
"??? ??????? ??????, ??? ?? ?????????",General Query,"No immediate action required, informational response sufficient"
???? ???? ??? ?? ????????,General Query,"No immediate action required, informational response sufficient"
"???????? ??? ??????, ???? ???? ???? ?????? ??",Urgent,Visit a doctor within 24 hours
"???????, ?????? ??? ???",General Query,"No immediate action required, informational response sufficient"
"???? ????? ??????, ??? ???? ??? ?? ?????? ??????, ??????? ?????",General Query,"No immediate action required, informational response sufficient"
"???? ???????? ???, ???? ???? ????? ????, ????????? ????? ??",Urgent,Visit a doctor within 24 hours
???????? ??? ???? ???? ????? ????,Urgent,Visit a doctor within 24 hours
"????? ???? ?????? ????, ???????? ??? ????? ???? ??? ????? ????, ??????? ?????",Emergency,Immediately go to emergency department or call ambulance
"?????, ?????? ??? ???",General Query,"No immediate action required, informational response sufficient"
?? ???????? ??? ???? ?????? ?? ??? ???? ??? ?????,Urgent,Visit a doctor within 24 hours
"??? ??? ??? ??? ???? ?????? ?????, ??????? ?????",Emergency,Immediately go to emergency department or call ambulance
"???? ??????? ?????, ???? ???? ????? ?????",Emergency,Immediately go to emergency department or call ambulance
? ??? ??? ????? ???? ???? ??? ????? ???? ???? ???? ??? ??? ????? ?????? ?????,Emergency,Immediately go to emergency department or call ambulance
"? ??? ??? ??? ??? ??? ?????, ??? ???????? ???",Urgent,Visit a doctor within 24 hours
"???? ??????? ?????, ??????? ??? ???? ???????? ?????",Urgent,Visit a doctor within 24 hours
????? ?? ???? ???? ??? ????????? ????? ??,General Query,"No immediate action required, informational response sufficient"
??? ???? ????? ????? ??? ???,Routine,Schedule a regular medical consultation
"???? ????? ??????, ??????? ??? ?????? ??? ???, ??????? ?????",General Query,"No immediate action required, informational response sufficient"
"???? ??? ??????, ???????? ??? ???-?? ??? ?????, ??????? ?????",Emergency,Immediately go to emergency department or call ambulance
?? ??? ?????? ?????? ??? ???? ??? ?????,General Query,"No immediate action required, informational response sufficient"
???? ?????? ???. ????????? ????? ??,Routine,Schedule a regular medical consultation
"???? ?????? ?????, ?? ??? ????",Urgent,Visit a doctor within 24 hours
"???? ??? ??????, ? ??? ??? ??? ??????? ??????",General Query,"No immediate action required, informational response sufficient"
"???? ??? ??????, ??????? ?????? ????? ??",General Query,"No immediate action required, informational response sufficient"
?????? ????? ??. ???? ???????? ?????,Urgent,Visit a doctor within 24 hours
???? ???? ?????? ??? ??? ??? ???????? ???,Routine,Schedule a regular medical consultation
???? ???? ???? ????? ?????,Emergency,Immediately go to emergency department or call ambulance
??????? ???? ?????? ??? ??? ??? ?? ????????,Routine,Schedule a regular medical consultation
"???? ???????? ???, ???????? ??? ????? ?????? ????, ??????? ?????",Routine,Schedule a regular medical consultation
"???????? ??? ??????, ? ??? ??? ???? ?????? ?????",Urgent,Visit a doctor within 24 hours
?? ???????? ??? ???? ????? ??????? ????? ????? ???? ?????? ??? ???? ???????? ?????,Emergency,Immediately go to emergency department or call ambulance
?? ???? ???? ????? ?????,Emergency,Immediately go to emergency department or call ambulance
??? ??? ??? ??? ?? ?????? ?????? ??? ???? ??? ?????,General Query,"No immediate action required, informational response sufficient"
?????? ???????? ????. ????????? ????? ??,Routine,Schedule a regular medical consultation
"????? ???? ?????? ????, ???? ???? ????? ????? ??? ????? ????, ??????? ?????",Emergency,Immediately go to emergency department or call ambulance
??? ???? ???? ?????? ?????,Urgent,Visit a doctor within 24 hours
"???? ??????? ?????, ????? ????? ???",Routine,Schedule a regular medical consultation
"????? ???? ?????? ????, ???? ?????? ???",Routine,Schedule a regular medical consultation
"???????, ?????? ??? ?????, ??? ????? ?????? ?????",Urgent,Visit a doctor within 24 hours
"???? ????? ????? ???????? ???, ???? ???? ???? ??????????, ????????? ????? ??",Emergency,Immediately go to emergency department or call ambulance
"???? ???? ???? ????? ??????? ????? ????? ???? ??????, ???? ???????? ?????",Emergency,Immediately go to emergency department or call ambulance
???? ?? ???????? ?? ???? ??? ?? ???? ????? ????? ??,General Query,"No immediate action required, informational response sufficient"
"? ??? ??? ????? ?????? ????, ???? ??? ?????",Routine,Schedule a regular medical consultation
"???? ????? ????? ???????? ???, ???? ???? ???? ????, ???? ???????? ?????",Routine,Schedule a regular medical consultation
"???? ??? ??????, ??? ?? ????????,",General Query,"No immediate action required, informational response sufficient"
?? ???? ???? ???? ???? ???,Urgent,Visit a doctor within 24 hours
???? ???? ????? ????? ???,Routine,Schedule a regular medical consultation
"???? ???????? ???, ???? ???? ???? ????",Routine,Schedule a regular medical consultation
"???????, ???? ????? ??????? ????? ????? ???? ??????",Emergency,Immediately go to emergency department or call ambulance
????? ????? ???,Routine,Schedule a regular medical consultation
"???????? ??? ??????, ??????? ??????? ?? ??? ????, ??????? ?????",General Query,"No immediate action required, informational response sufficient"
"????? ???? ?????? ????, ?? ???????? ??? ?? ??? ????",General Query,"No immediate action required, informational response sufficient"
"???? ???? ?????? ??, ???? ???????? ?????",Urgent,Visit a doctor within 24 hours
"???? ????? ??????, ????? ???? ???? ??? ????? ???? ???? ????",Emergency,Immediately go to emergency department or call ambulance
"??? ?? ?????? ??????, ?? ??? ????",General Query,"No immediate action required, informational response sufficient"
"??????? ??????? ?? ??? ????, ??? ?? ????????",General Query,"No immediate action required, informational response sufficient"
????? ???? ????? ???? ??. ??? ???????? ???,Urgent,Visit a doctor within 24 hours
???? ???? ?????? ??? ??? ?????,Urgent,Visit a doctor within 24 hours
"???? ????? ???? ???, ????????? ????? ??",Routine,Schedule a regular medical consultation
???? ???? ???? ???? ???? ??? ??? ????? ?????? ?????,Urgent,Visit a doctor within 24 hours
?? ?? ??? ???? ??? ???? ??? ?????,General Query,"No immediate action required, informational response sufficient"
"???? ????? ??????, ????? ????? ?? ????? ?????, ???? ???????? ?????",Emergency,Immediately go to emergency department or call ambulance
"???? ???????? ???, ??? ???? ?????? ?????",Emergency,Immediately go to emergency department or call ambulance
"? ??? ??? ???? ???? ????? ?????, ??? ?? ????????",Emergency,Immediately go to emergency department or call ambulance
? ??? ??? ????? ????? ??? ??? ??? ?? ????????,Routine,Schedule a regular medical consultation
"???? ????? ????? ???????? ???, ????? ???? ????? ???? ??",Urgent,Visit a doctor within 24 hours
"???? ????? ????? ???????? ???, ?????? ??? ???",General Query,"No immediate action required, informational response sufficient"
"?????, ??????? ?????? ??? ?????, ??????? ?????",Urgent,Visit a doctor within 24 hours
???? ??????? ?????? ?????. ??? ????? ?????? ?????,Emergency,Immediately go to emergency department or call ambulance
?? ???? ?????? ????? ??? ??? ?? ????????,Urgent,Visit a doctor within 24 hours
"???? ??? ??????, ??????? ????? ????? ?? ????? ?????, ??????? ?????",Emergency,Immediately go to emergency department or call ambulance
"??? ????? ?????? ??? ???? ??, ??? ?? ?????????",General Query,"No immediate action required, informational response sufficient"
"???? ???????? ???, ?????? ????? ???????? ????? ????? ??",Emergency,Immediately go to emergency department or call ambulance
???? ???? ?????. ????????? ????? ??,Urgent,Visit a doctor within 24 hours
"??? ?? ?????? ??????, ??? ?????",General Query,"No immediate action required, informational response sufficient"
"???????? ??? ??????, ??????? ?? ??? ????, ???? ??? ?????",General Query,"No immediate action required, informational response sufficient"
?? ???? ?????? ??? ???? ???-?? ?? ???? ???? ??? ??? ???? ??? ?????????? ????? ???? ?????? ????? ??? ????? ????,Routine,Schedule a regular medical consultation
"??? ??????? ??? ???, ?? ?? ???? ????? ??????? ?? ??????? ??????? ?????? ???????? ????????? ????? ?? ????? ??? ????",Routine,Schedule a regular medical consultation
"???? ?????? ??? ???? ???-???? ????? ?????? ??? ?????, ??? ??????? ????? ?????? ????? ??? ??? ??????, ??? ????? ??????",Routine,Schedule a regular medical consultation
"???, ?? ??? ???? ????? ? ????? ??????? ???? ??????? ?????? ??????? ???? ??? ??? ??? ??? ??? ??? ?? ????? ??????????",Routine,Schedule a regular medical consultation
?????? ???? ??? ? ???? ??? ??? ???? ???? ?? ?? ??? ?????????? ????? ????? ??? ??? ?????? ??? ??? ???????,Routine,Schedule a regular medical consultation
??????? ??? ???? ???-?? ?? ???? ????? ??? ??? ?????? ????? ??????? ??????? ????? ?? ????? ???? ????? ??? ???????,Routine,Schedule a regular medical consultation
"??????????? ??? ??? ?? ???? ????? ??????? ??? ????? ???, ?? ??????! ????????? ???? ??? ?????? ????? ????? ??? ?????",Routine,Schedule a regular medical consultation
"???? ???, ?? ?? ???? ??? ??? ???? ???? ??????? ??? ???? ?????? ??? ??? ??? ????????? ?? ??? ?????? ??? ????? ??? ????",Routine,Schedule a regular medical consultation
"???-???? ??? ??????? ? ???????? ???????? ????? ?????, ????? ??? ????? ??? ????? ????? ????? ?? ??? ??? ?? ??????",Routine,Schedule a regular medical consultation
"???? ???? ??? ???? ???? ??? ???????? ??? ?????????? ??? ?? ????? ????? ???? ?????? ????? ??? ????, ?? ???? ??????? ???? ???? ????? ???",Routine,Schedule a regular medical consultation
"??????? ??? ???, ?? ?? ????? ????? ????? ??? ????? ?????? ??? ?????? ??? ????? ??????? ???? ??, ????? ????? ??? ?????",Routine,Schedule a regular medical consultation
"????, ????? ?? ???? ???? ??? ??????? ?????? ??????? ???????? ???? ????????? ????? ??? ??? ????? ??? ??? ???????",Routine,Schedule a regular medical consultation
???-???? ??? ??? ???? ??? ??????? ??????? ?????? ?????? ???? ?????? ??? ????? ???? ?????? ????? ????? ??? ????,Routine,Schedule a regular medical consultation
"?????? ????? ??????? ???, ??? ???-???? ????? ??????? ???? ??????? ????? ????? ??? ???? ??? ??? ???? ??? ?????? ??? ???????",Routine,Schedule a regular medical consultation
"???? ?????? ???? ???? ????? ??? ??? ?????? ?? ??????? ?????? ????? ?????? ????? ??? ????, ????????? ???? ????? ???",Routine,Schedule a regular medical consultation
????? ???? ???? ???? ??? ??????? ????? ?????? ???? ??????? ??? ??? ???????? ????? ?? ???? ?????? ??????,Urgent,Visit a doctor within 24 hours
"???? ?????????? ???????, ??? ?????? ???????? ???? ?????? ??? ????? ??? ??? ?????? ?? ??????? ??????",Urgent,Visit a doctor within 24 hours
"????? ?? ???? ??? ??? ???, ?????? ????????? ???? ???? ??? ??? ?????? ??? ???? ??????? ????????",Urgent,Visit a doctor within 24 hours
????? ??? ??? ????? ?????? ????? ????? ???? ??????? ????? ?? ???????? ???? ???? ??? ????,Urgent,Visit a doctor within 24 hours
"???? ????? ????????? ?? ???????? ??????? ??? ?????? ?????? ?????? ???? ??????, ???? ??? ????????",Urgent,Visit a doctor within 24 hours
"????? ??????? ? ????? ?????????? ????? ??????? ????????? ?? ????? ??? ???? ???? ???? ??, ?????????",Urgent,Visit a doctor within 24 hours
???? ?? ???? ? ??????????? ???? ???????? ??????? ??? ???? ??????? ? ?????? ??? ?????,Urgent,Visit a doctor within 24 hours
????? ??? ?????? ???????? ??? ??? ??? ??? ?????????? ???????? ????? ???????? ?? ???? ????????,Urgent,Visit a doctor within 24 hours
"???? ????? ????????, ?????? ??? ?? ???? ???? ?????? ??????? ???????? ?? ????? ????? ??????",Urgent,Visit a doctor within 24 hours
"???? ???? ???????? ? ????, ???? ????????? ? ???????? ????? ??? ??? ??????? ??????",Urgent,Visit a doctor within 24 hours
???? ???? ?? ????? ??????? ????? ?? ??? ???????? ??????? ????? ????? ?????? ???? ????? ?? ???? ??? ??????? ?????,Urgent,Visit a doctor within 24 hours
?? ????? ??? ???? ???????? ? ????? ?????? ?????? ????? ????? ???????? ???? ??? ???? ???? ?? ?????? ??????,Urgent,Visit a doctor within 24 hours
????? ??? ????? ?? ???? ????? ??? ??? ?? ???? ????? ??? ????? ???? ???? ????? ??????? ?? ??????? ?????????,Urgent,Visit a doctor within 24 hours
"?????, ????? ???????? ????? ??? ????????? ???? ????? ?????? ???? ?????, ?????? ?? ???? ????? ??????? ?????",Urgent,Visit a doctor within 24 hours
??????? ??? ???? ?????? ?? ????????? ?????? ???? ?????? ????? ???????? ???? ?????? ?? ???? ??? ?????????? ?????,Urgent,Visit a doctor within 24 hours
????? ????? ????? ?????? ???? ???? ?? ??? ?????? ???? ???? ????? ?????? ??? ????? ??? ???? ?????????,Urgent,Visit a doctor within 24 hours
???? ?? ????? ?????????? ??????? ???? ??????? ??? ?????? ???????? ???? ??? ?? ???? ??????? ?????? ??????,Urgent,Visit a doctor within 24 hours
????? ???? ???? ????? ?? ??????????? ????? ?????? ???? ?????? ?????? ????? ??? ?????? ?? ??????? ?????,Urgent,Visit a doctor within 24 hours
"??????? ????, ???? ?????? ????? ?? ?????? ???? ??? ???? ????? ?? ????? ??? ???? ????? ?????? ?? ??????",Urgent,Visit a doctor within 24 hours
"????? ????? ????? ??? ???? ?? ???????? ???? ?????? ???? ???????? ???, ???? ??????? ??? ??? ??????? ??????",Urgent,Visit a doctor within 24 hours
"???? ???? ?? ????? ??????? ????? ?? ???? ???????? ???? ????? ??? ?????? ???????? ??? ?????? ?? ???? ?????, ????????? ?????????? ???? ?? ???? ?? ????? ??? ??? ??????? ???????? ? ????? ????? ?????",Urgent,Visit a doctor within 24 hours
"?????, ?? ??????? ??? ???? ???? ???? ????? ??, ??? ???????? ?? ???????? ??? ????? ?? ????? ????? ???? ?????????? ?????? ????? ??? ????? ????? ?????? ?? ?? ???????? ???? ??? ???? ???? ??? ???? ????? ?? ??????????",Urgent,Visit a doctor within 24 hours
????? ???????????? ???? ??? ???? ??????? ????? ????? ????? ??? ?????? ???????? ??? ?????????? ?? ???? ???? ?????? ??? ???? ??? ??? ??? ????? ??? ???? ?? ??? ??? ???? ???? ???? ?????? ?? ??????? ??? ????,Urgent,Visit a doctor within 24 hours
??? ??????? ??? ????? ????? ????? ?????? ??? ??? ???? ??? ??? ?????????? ????? ????????? ?? ??? ?????? ??? ???? ???? ????? ??????? ???? ?????? ?? ???? ????? ??????? ?? ???? ??? ???? ????? ???,Urgent,Visit a doctor within 24 hours
"??????? ?????, ???? ???? ?? ????? ?????? ????? ?? ??? ?????? ? ???????? ???? ????? ??? ?????? ????????? ???? ?? ??? ????? ?? ?? ????? ??? ??? ????? ??????? ?? bedside ???? ????? ????? ???? ???",Urgent,Visit a doctor within 24 hours
"????? ?? ???? ????? ??? ????? ???????? ????? ???? ??? ??????? ????? ??? ????? ????? ???????? ???? ??????? ?????? ?? ?????? ???, ?? ??????? ??? ???? ???? ??????, ??????????? ?? ??????? ??????",Urgent,Visit a doctor within 24 hours
"???? ????? ??? ?????? ???????? ???? ?????? ??? ???? ???? ?????, ????? ???? ??? ????????? ?? ??? ???? ???? ???? ?????????? ??????? ????? ?? ?? ????? ??? ???? ????? ??????? ???????? ? ????? ??? ?????",Urgent,Visit a doctor within 24 hours
???? ????? ?????? ???? ?? ????? ????? ???????? ?????? ????? ????? ?????? ???? ???? ???? ????? ?? ??? ?????? ?? ???? ?? ??? ??? ??? ???? ???? ????? ??? ??? ??????? ?? ?????????? ??? ?????,Urgent,Visit a doctor within 24 hours
"?????, ????? ??????? ?? ??????????? ????? ??? ????????? ???? ????? ????? ???? ???????? ???? ?????? ?????? ?? ????? ??? ?????? ??????? ?????????? ????, ???? ???? ?? ????? ????? ??, ???? ???????? ?????",Urgent,Visit a doctor within 24 hours
?????? ????? ??? ????? ?? ??? ????? ?????? ??? ?????? ??? ???????? ????? ???? ?????? ???? ??????? ???? ?????????? ???????? ?????? ?????? ?? ???? ?? ??? ??? ??? ???? ???? ??????? ?? ?????? ??????,Urgent,Visit a doctor within 24 hours
"???? ?????, ???? ??? ????? ???? ???? ?????? ???? ??? ?????? ??? ??????????? ?????",Routine,Schedule a regular medical consultation
"??? ??????? ??? ???? ?? ?????? ????? ???? ??? ????, ???? ???? ??? ???? ???????? ??? ????? ???",Routine,Schedule a regular medical consultation
"?????, ????? ????? ?? ?????? ????? ????? ??? ??? ?????? ?? ??????? ???????? ???? ??? ??????",Routine,Schedule a regular medical consultation
???? ????? ?? ??????? ????? ??? ????? ??? ??? ??????? ???? ???? ??????? ???????? ?? ??? ????? ??? ??????? ???,Routine,Schedule a regular medical consultation
"?????? ????? ???? ?? ??????? ????? ????? ????? ?? ????? ????, ???? ????? ?????????? ????",Routine,Schedule a regular medical consultation
???-????? ?????? ? ????? ????? ???? ?????? ???? ??????? ???????? ????????? ???????? ?????? ?? ??????,Routine,Schedule a regular medical consultation
???? ??? ?????? ???? ??? ???? ??? ??? ??????? ???? ??? ???? ?? ???? ????? ????? ?????? ????,Routine,Schedule a regular medical consultation
"??????? ????, ????? ???????? ??????? ?????? ??? ????? ???? ?? ?????-??????? ?????? ???? ??? ??????, ??? ???????? ???",Routine,Schedule a regular medical consultation
????? ??? ?????? ???? ???? ??????? ??? ??? ??? ??? ?? ????? ??????? ??????? ?????? ????? ??? ????? ?? ???????,Routine,Schedule a regular medical consultation
"??????? ??? ???? ????, ????? ?? ????? ????? ???? ???? ???? ??? ????? ??? ????? ?????? ?????",Routine,Schedule a regular medical consultation
"???? ????? ? ??????? ????? ????? ??? ??? ??? ????? ???? ????? ???, ?????? ??????? ??? ??????",Routine,Schedule a regular medical consultation
"????? ?????? ??? ?????? ???? ????? ??? ???-????? ??????? ????? ???? ??????, ???? ???? ??????? ??? ????",Routine,Schedule a regular medical consultation
"?????, ???? ?????? ????? ??? ?????? ??? ?????? ?? ??????? ???? ??? ????? ???? ?????? ??? ?????????? ????",Routine,Schedule a regular medical consultation
??? ??????? ???? ?????? ???? ???? ?? ??????? ????? ????? ?????? ??????? ???? ?? ??????? ??? ??????,Routine,Schedule a regular medical consultation
????? ???? ??? ??????? ????? ????? ??? ????? ??? ????? ???? ??????????? ???? ?????????? ??????? ??? ?????,Routine,Schedule a regular medical consultation
???? ??? ? ????? ??????????? ????? ????? ??? ???? ?????? ??? ????????? ??? ???????? ??? ?????????? ?????,Routine,Schedule a regular medical consultation
"???? ?? ?????? ????? ??? ?????? ??? ????? ??? ??? ????, ??? ????? ??????? ??????? ?? ??????? ??????",Routine,Schedule a regular medical consultation
"????? ??????? ???????? ??? ??? ????? ???? ?? ???? ????-???????? ??? ??????, ??? ??????",Routine,Schedule a regular medical consultation
???? ???? ????? ???? ????? ? ??????? ???? ???? ?????? ??? ??? ???? ??? ?????? ?? ????? ???????? ??????? ??????,Routine,Schedule a regular medical consultation
"????? ???? ?? ??????? ????? ??? ????????? ???, ????? ??? ????? ?? ??????? ????????? ???????? ????? ????? ??? ??????",Routine,Schedule a regular medical consultation
"???? ????? ????, ????? ??? ??????? ???? ???? ????? ????? ??? ????? ?? ????? ???? ???? ???? ???????? ??????????? ????? ?????????? ??? ??? ????? ??? ?????????? ??????? ??????",Routine,Schedule a regular medical consultation
"?????, ??? ???? ?????? ??? ???? ???? ?? ?????? ????? ???? ????? ??? ??? ????? ??? ??? ??????? ???? ????????? ???? ??? ???, ??? ????? ??? ??????? ??????? ???? ??? ??????",Routine,Schedule a regular medical consultation
"??????? ?????, ???? ??? ? ????? ???????????? ??? ????? ???????? ????? ???? ?? ?????? ?????? ???? ??????? ????????? ????? ??? ??? ??? ??? ?????? ????? ???? ??? ?? ??????? ??? ????? ?????",Routine,Schedule a regular medical consultation
?????? ?????? ???? ???? ?????? ????? ??? ??????? ????? ???????? ????? ??? ???? ???? ????? ?? ????? ?? ????? ???? ????? ??????????? ????? ??????? ? ?? ????? ??????? ????? ????? ?????,Routine,Schedule a regular medical consultation
"????? ???? ??? ????? ??? ?? ?? ????? ????, ??? ???? ???? ??? ?????? ?????? ??? ??? ???? ??????? ???? ????? ?? ??? ???? ????????? ????????? ????? ?? ???????? ??????? ???",Routine,Schedule a regular medical consultation
???? ???? ?? ?????? ????? ????? ????? ??? ???? ?? ????? ???? ??? ???? ??? ??? ????? ???? ???? ????? ???????? ??????????? ???????? ?? ????? ??????? ??? ???? ?? ??? ???????????,Routine,Schedule a regular medical consultation
"??????? ????, ??? ??????? ???? ???? ????? ???? ??? ???-????? ??????? ???? ???? ????? ???? ??? ??????? ?? ????? ???? ???? ???? ????? ?? ????? ??? ??????? ??? ????? ????? ? ??????? ??????",Routine,Schedule a regular medical consultation
"?????? ????? ???????? ????? ?? ????? ??? ??? ????? ????? ??? ??? ??????? ???? ???? ?? ????? ??????? ?? ????? ??? ???? ??, ??? ??????? ??? ???? ????? ?? ???????",Routine,Schedule a regular medical consultation
"?????, ????? ????? ??? ????? ??????? ????? ????? ??? ???? ?????? ????? ????? ??? ??? ?????? ??? ??? ??????? ????? ?????? ??????? ??????? ??? ?????????? ??? ??? ???????? ????",Routine,Schedule a regular medical consultation
"???? ????? ??????? ??? ??????? ???? ????? ???? ???? ????? ??? ????? ?? ????????? ???? ???? ?????? ??????? ?? ???????? ??????? ???, ??? ????? ???? ??????? ???? ?????? ???",Routine,Schedule a regular medical consultation
"???? ????? ????, ???? ??? ??????? ??????? ?????? ???? ????? ?? ?????? ???? ??? ???? ????",Routine,Schedule a regular medical consultation
"??? ??????? ??? ?????? ????? ?? ??????? ???? ???? ???? ??? ????? ???, ??? ???? ???? ??? ?????",Routine,Schedule a regular medical consultation
"?????, ???? ????? ???? ?? ??????? ????? ??? ????? ?????? ?????????? ???? ?? ????? ???? ???? ??? ????????? ????",Routine,Schedule a regular medical consultation
???? ?? ?????? ???????????? ??????????? ???? ??????? ????? ????? ????? ?????? ???? ????? ????? ???,Routine,Schedule a regular medical consultation
?????? ???? ??? ?????? ?????????? ??? ???? ???? ???? ???? ????? ???? ?? ?????? ???? ??? ?????,Routine,Schedule a regular medical consultation
???-????? ?????? ? ????? ?????? ?????? ???? ??????? ???? ?????? ????? ?????? ??????? ???? ???? ????,Routine,Schedule a regular medical consultation
???? ??? ?????? ????? ????? ????? ??????? ?????? ???-?? ?????? ???? ????? ???? ???,Routine,Schedule a regular medical consultation
"??????? ????, ??? ? ????? ?????? ???????? ??? ????? ???? ????? ?????? ?? ???? ?????? ??? ?????? ??????",Routine,Schedule a regular medical consultation
"??????? ?????? ???? ???? ???? ??????? ??????? ?????? ????? ??? ????, ???? ?? ??????? ??? ???? ????",Routine,Schedule a regular medical consultation
"??????? ??? ???? ????, ???? ?? ??????? ??????? ????? ?????? ???-?? ???????? ?????? ??? ?????",Routine,Schedule a regular medical consultation
"???? ????? ? ?????? ?????????? ????? ?? ???? ??? ??????? ???? ???? ????? ?? ?????? ???, ?????? ????? ????",Routine,Schedule a regular medical consultation
????? ????? ????? ??????? ??????? ????? ????? ??? ????? ???? ??? ?????? ??? ??????? ????? ???? ?????,Routine,Schedule a regular medical consultation
"?????, ???? ?????? ??????? ???? ??? ????? ??? ?? ??????? ???? ??? ???? ??? ????, ?????? ???? ???? ?????",Routine,Schedule a regular medical consultation
??? ??????? ???? ?????? ???? ????? ???? ?? ?????? ?????? ???? ?????? ??? ???? ???? ??? ????? ????? ?????,Routine,Schedule a regular medical consultation
??? ? ????? ????? ???????????? ??? ????? ??? ????? ?????? ??????????? ???? ?????????? ??????? ??? ?????,Routine,Schedule a regular medical consultation
???? ??? ? ????? ??????????? ?????? ????? ??? ??? ???? ????? ??? ???? ?????? ??? ???????? ???? ???,Routine,Schedule a regular medical consultation
"???? ?? ?????? ??????? ????? ??????? ?? ??????? ?????, ??? ????? ???? ?????? ????? ?? ?????",Routine,Schedule a regular medical consultation
"?????? ????? ??????? ?????? ???? ???????? ??? ??????, ???? ?? ???? ???? ??, ?????? ??????? ???? ???",Routine,Schedule a regular medical consultation
???? ???? ????? ???? ????? ? ????? ?????????? ????????? ??? ?????? ?? ????? ??????? ???? ??????,Routine,Schedule a regular medical consultation
"???????? ?? ?????? ????? ??? ????????? ???, ????? ??? ???? ?? ?????? ????????? ???? ?????? ??????? ???? ????",Routine,Schedule a regular medical consultation
"???? ????? ????, ???? ??? ?????? ???????????? ????? ????? ?????? ?????? ???? ????? ??? ???? ??? ??? ????? ??????? ?????? ???",Routine,Schedule a regular medical consultation
"?????, ??? ???? ?????? ??? ???? ???? ?? ?????? ?????????? ????? ??? ??????? ?????????? ?????? ???? ?????? ???? ??? ????? ????",Routine,Schedule a regular medical consultation
"??????? ?????, ???? ??? ? ????? ???????????? ????? ????? ???? ??????? ?????? ???????? ???? ??? ????? ??? ??? ?????? ???? ????? ???? ????",Routine,Schedule a regular medical consultation
?????? ???? ?????? ??? ????? ?????????? ???????? ???? ??? ?????????? ?????? ???? ????? ???? ???,Routine,Schedule a regular medical consultation
"????? ???? ??? ???? ??? ???? ??? ????? ????, ??? ???? ???? ??? ?????? ???????? ??? ?????? ?????? ????? ???? ??? ????",Routine,Schedule a regular medical consultation
???? ?? ?????? ?????? ????? ???????? ??? ???? ?? ??????? ?? ??? ?????? ????? ??? ?????? ???? ??????? ????? ???? ????,Routine,Schedule a regular medical consultation
"??????? ????, ???? ????? ?????? ???? ??? ?????????? ????? ?????????? ?????? ????? ??????? ? ????? ????? ???",Routine,Schedule a regular medical consultation
?????? ?????? ???????? ???? ??? ????? ????? ????? ?????????? ?? ?????? ???? ??????? ??? ???? ???????,Routine,Schedule a regular medical consultation
"?????, ????? ????? ??? ????? ???? ? ????? ?????????? ?????? ??? ??? ?????? ??????? ????????? ????? ??????? ???? ???",Routine,Schedule a regular medical consultation
???? ???? ??? ?????? ?????????? ????? ???? ??? ?????? ???? ??????? ?????? ???? ????? ????? ??? ????,Routine,Schedule a regular medical consultation
"???? ?????? ????? ???? ??? ?????? ?????? ???? ??????? ??? ??? ????, ?? ??????? ????? ??? ?????",Routine,Schedule a regular medical consultation
"??? ??????? ??? ????? ???? ?? ????? ??????-?????? ??? ????, ?? ???? ??????? ?????? ??? ????",Routine,Schedule a regular medical consultation
"?????, ????? ????? ?? ????? ???? ??? ?????? ???? ?????? ?????, ??? ????? ??? ??? ??? ??? ????",Routine,Schedule a regular medical consultation
???? ?????? ????? ??? ????? ????? ????? ????? ??? ???? ??????? ???? ???????? ????? ????? ??? ????? ?? ??? ????,Routine,Schedule a regular medical consultation
"?????? ????? ?? ?????? ???? ?????? ???? ??? ????? ????, ??????? ??????? ???? ???? ????? ????",Routine,Schedule a regular medical consultation
????? ???? ? ????? ????? ?????? ?????? ???? ??????? ???????? ????? ??????? ????? ?????? ???? ??? ????,Routine,Schedule a regular medical consultation
????? ??? ????? ?????? ??? ???? ??? ?????? ??? ????? ???? ?? ?????? ?????? ??????? ???? ??? ????,Routine,Schedule a regular medical consultation
"??????? ????, ????? ???????? ?? ????? ?????? ?????? ???? ?????, ??????? ????? ??? ??? ???, ??? ???????? ???",Routine,Schedule a regular medical consultation
????? ???? ???? ???? ??????? ????? ??? ??? ??? ?????? ???? ??? ???? ??????? ????? ??? ????? ?? ????? ?????,Routine,Schedule a regular medical consultation
??????? ??? ???? ???? ?? ????? ?????? ????? ??? ????? ??????? ??? ???? ???????? ??? ??????? ??? ???????,Routine,Schedule a regular medical consultation
"???? ????? ?????? ? ????? ???? ????? ??? ??? ???? ???? ??????, ????? ????? ???? ??? ??? ????",Routine,Schedule a regular medical consultation
"????? ?????? ?????? ??? ?????? ???? ????? ??? ????? ????? ?????? ???? ??????, ?? ???? ???? ???? ??? ????",Routine,Schedule a regular medical consultation
"?????, ???? ?????? ????? ?????? ??? ??? ?????? ?? ??????? ??? ???? ???? ??? ????? ????? ??? ?????",Routine,Schedule a regular medical consultation
??? ??????? ???? ?????? ???? ????? ?? ????? ???? ?????? ??????? ?? ?????? ????? ????? ??????? ??? ???? ??? ????,Routine,Schedule a regular medical consultation
????? ???? ??? ?????? ????? ????? ??? ?????? ????? ??? ????? ??? ????? ??? ?????? ???? ???? ??? ??? ????,Routine,Schedule a regular medical consultation
???? ????? ????? ????? ????? ????? ?????? ??? ?????? ??? ??????? ??? ???? ??????? ??? ????,Routine,Schedule a regular medical consultation
"????? ?? ????? ?????? ??? ??? ?????? ??? ????? ??? ??? ????, ??????? ????? ????? ??? ??????? ????",Routine,Schedule a regular medical consultation
"????? ??????? ?????? ??? ??? ?????? ??? ???? ?? ???? ?????? ????? ??? ??????, ??????? ?????? ??? ????",Routine,Schedule a regular medical consultation
???? ???? ????? ???? ???? ? ????? ???? ???? ?????? ??? ?????? ????? ??? ???? ??? ?? ???? ??? ???? ??????,Routine,Schedule a regular medical consultation
"????? ???? ?? ??????? ????? ??? ????????? ???, ????? ??? ????? ???? ?? ????? ??? ????? ?????? ????? ????",Routine,Schedule a regular medical consultation
???? ????? ???? ??? ????? ????? ???? ?? ????? ?????? ???? ?????? ??? ?????? ?????? ??????? ????? ??? ????? ??? ????,Routine,Schedule a regular medical consultation
"?????, ??? ???? ?????? ??? ???? ???? ?? ????? ????? ????? ??? ?????? ???? ????? ??? ??? ??????? ?? ???? ????? ??? ??? ????",Routine,Schedule a regular medical consultation
"??????? ?????, ???? ????? ???????? ??? ????? ????? ????? ?????? ????? ???? ?????? ???? ??????? ??? ????? ?????? ??? ??? ????",Routine,Schedule a regular medical consultation
?????? ???? ????? ????? ??? ????? ????? ????? ???????? ????? ??? ?????? ?????? ???? ????? ??????? ???? ???? ??? ??? ????,Routine,Schedule a regular medical consultation
"????? ???? ??? ????? ??? ?? ?? ?????? ??? ????, ??? ???? ????? ????? ????? ?????? ??? ??? ?????? ??? ???????",Routine,Schedule a regular medical consultation
???? ???? ?? ????? ????? ????? ????? ??? ???? ?? ????? ???? ?????? ?????? ????? ?? ??? ??? ????? ??? ????? ??? ????,Routine,Schedule a regular medical consultation
"??????? ????, ????? ???? ??? ?????? ????? ???? ???? ?????? ????? ???? ??? ??????? ??????? ????? ??? ??? ????",Routine,Schedule a regular medical consultation
?????? ????? ????? ???????? ????? ??? ?????? ????? ????? ??? ??? ??????? ??? ?????? ????? ??? ??? ????,Routine,Schedule a regular medical consultation
"?????, ????? ????? ??? ??? ????? ????? ?????? ?????? ???? ??????? ??????? ??? ????? ???? ???? ??? ??? ????",Routine,Schedule a regular medical consultation
???? ????? ??????? ??? ????? ??????? ???? ????? ???? ?????? ??? ??? ????? ??????? ????? ????? ??? ????,Routine,Schedule a regular medical consultation
"???? ????? ???? ??? ?????? ???? ?????? ???? ???? ???? ???? ???? ???????, ?? ???? ????? ???? ???? ??? ??? ????? ????",Urgent,Visit a doctor within 24 hours
"??? ??????? ??? ??? ?? ????? ????? ????? ???? ??? ???? ??????, ???? ??? ?????? ???? ??? ???",Urgent,Visit a doctor within 24 hours
"?????, ???? ???-????? ??? ???? ????? ? ???? ??? ???? ????, ?????? ???? ?? ???? ???? ???? ??? ?? ??????? ????? ????",Urgent,Visit a doctor within 24 hours
???? ????? ???? ??? ????? ????? ????? ???? ??? ??? ??????? ?? ???? ???? ?????? ?????????? ????? ????????? ???? ??????? ???,Urgent,Visit a doctor within 24 hours
"?????? ??? ? ????? ????? ????? ???????? ???? ??? ???? ??? ??? ????, ??????? ??? ?????? ???? ??? ???",Urgent,Visit a doctor within 24 hours
???-????? ???? ????? ???? ??? ???? ?????? ?????? ???? ??????? ???????? ?? ???? ?? ????? ??????? ???,Urgent,Visit a doctor within 24 hours
????? ?????? ??? ????? ???? ??? ???? ??? ???? ??? ??? ???? ????? ?????? ????? ???? ???? ???? ?????,Urgent,Visit a doctor within 24 hours
"??????? ????, ??? ? ????? ???? ????? ???? ??? ???? ????? ??? ????? ?? ????? ???? ?? ??????, ???? ????",Urgent,Visit a doctor within 24 hours
????? ???? ??? ???? ?????? ???? ???? ????? ???? ????? ??? ???? ??? ?????? ????? ??? ????? ???? ?? ????? ?????,Urgent,Visit a doctor within 24 hours
??????? ??? ???? ????? ???? ?? ????? ???? ???? ????? ???? ??? ???? ????? ????? ???? ???? ?????,Urgent,Visit a doctor within 24 hours
"???? ????? ? ????? ???? ????? ????? ? ???? ??? ???? ??????? ???? ???-?? ???? ???, ???? ???? ???? ????",Urgent,Visit a doctor within 24 hours
"???-????? ?????? ???? ??? ?????? ???? ??? ???? ????, ?? ???? ?? ??? ????? ??? ???? ??????? ???",Urgent,Visit a doctor within 24 hours
"?????, ???? ????? ???? ????? ???? ??? ???? ?????? ?? ??????? ????? ? ???????????? ?????",Urgent,Visit a doctor within 24 hours
"????? ???? ?? ????? ????? ????? ??? ??? ??????? ?????, ???-???? ??? ???? ?? ??????? ???",Urgent,Visit a doctor within 24 hours
"????? ???? ??? ????? ???? ???? ????? ??? ???? ?? ??? ???, ??? ?????? ???? ???? ???? ??? ???",Urgent,Visit a doctor within 24 hours
???? ????? ???? ????? ????? ? ???? ??? ???? ???? ??? ?????????? ????? ???? ????,Urgent,Visit a doctor within 24 hours
"??? ? ????? ???? ???? ??? ??? ???? ???? ???? ?????, ??????? ????? ?? ??????? ??????",Urgent,Visit a doctor within 24 hours
"????? ???? ???????? ???? ??? ???? ?????? ???? ????? ?????? ??? ??????, ???? ????",Urgent,Visit a doctor within 24 hours
???? ??? ? ????? ????? ???? ??? ??? ???? ?????? ??? ?????? ??? ????????? ????? ???? ?????,Urgent,Visit a doctor within 24 hours
"????? ???? ???? ???? ????? ??? ????????? ???, ???-????? ??? ????? ????? ????? ???",Urgent,Visit a doctor within 24 hours
????? ???? ? ????? ???? ???? ????? ???? ???? ???? ???? ????? ??? ??????? ????? ??????? ???,Urgent,Visit a doctor within 24 hours
"???? ?????? ??? ??? ?? ????? ???? ????? ???? ??? ???? ????? ??? ??????, ?????? ???? ????",Urgent,Visit a doctor within 24 hours
"??????? ?????, ????? ???? ? ????? ????? ????? ???? ???? ?????, ??????? ???? ??? ???",Urgent,Visit a doctor within 24 hours
"?????? ??? ? ????? ???? ????? ???????? ????? ??? ???? ??????? ???? ????, ?????? ??? ???? ???",Urgent,Visit a doctor within 24 hours
"????? ???? ??? ???? ??? ?? ?? ???? ???? ??????, ????? ???? ??? ??? ???? ?????",Urgent,Visit a doctor within 24 hours
????? ???? ? ????? ????? ????? ????? ????? ??? ???? ?? ???? ???? ???? ??? ???? ??? ??????,Urgent,Visit a doctor within 24 hours
"??????? ????, ??? ? ????? ??? ???? ??? ???? ?? ??? ??????, ???? ???? ????",Urgent,Visit a doctor within 24 hours
"????? ???? ????? ????? ??? ???? ??????, ??????? ???? ??? ???",Urgent,Visit a doctor within 24 hours
????? ???? ? ????? ????? ????? ???? ??? ???? ???? ???? ????? ??? ??? ???? ??????? ???,Urgent,Visit a doctor within 24 hours
???? ??? ? ????? ????? ???? ????? ???? ???? ??? ????? ??? ????? ????? ??????,Urgent,Visit a doctor within 24 hours
"???? ??? ??? ??? ???? ???? ??????, ???-???? ?????? ?? ??????? ??????? ??????",Urgent,Seek medical care within 24–48 hours
"?????? ???? ???? ??? ??????, ???? ????? ??????? ?? ?????? ??????? ??? ?????????",Urgent,Urgent medical evaluation is recommended
"????? ??? ????? (????), ?????? ???? ??? ??? ? ???? ????? ??????????? ?????? ??????",Urgent,Immediate clinical consultation is needed
?????? ???? ??? ??? ??? ??? ?? ???? ???? ???? ??? ?? ?????? ?? ???? ???? ????? ????? ????? ????? ?? ????-???? ?????? ??????,Urgent,Seek medical care within 24–48 hours
??????? ??? ??? ?? ???? ???? ???? ??????? ???? ??????? ??? ??? ???? ?????? ???? ???? ??? ?????? ?? ?????????? ??? ??????????,Urgent,Urgent medical evaluation is recommended
??? ? ????? ????? ????? ???????? ???????? ???? ???? ???????? (?????) ??? ?????? ???????????? ????? ???????,Urgent,Immediate clinical consultation is needed
"????? ????? ?? ??? ?????? ??? ???? ???? ??? ??????, ???? ???-????? ?????? ???? ???? ?????? ?? ????? ??? ????? ?????",Urgent,Seek medical care within 24–48 hours
"?????, ??? ??????? ??? ???? ????? ? ????? ???????? ??? ??? ?????? ???? ?????? ????? ?? ??????? ????? ???? ??? ???? ???-????? ???????????? ?? ????? ?????? ????? ???? ????? ??? ????? ?????? ? ???? ????? ??????? ???? ???????",Urgent,Seek medical care within 24–48 hours
"???? ???? ??? ??? ??? ????? ?? ???? ???? ?????? ??? ??????????? ???, ???? ?? ???? ???? ????? ?????? ??? ?? ???? ??? ?? ????? ?????? ???????????? ?????? ??? ????? ??? ?????? ??????? ????? ????? ??????? ????? ??????",Urgent,Urgent medical evaluation is recommended
????? ?????? ?????? ?????? (??? ? ???) ????? ???????? ???? ???? ???????? ?????? ???? ?? ????? ?? ???????? ????? ????? ????????? ?????? ??????? ??? ?????? ?????? ????? ????? ??????? ???? ????? ???????? ????????,Urgent,Immediate clinical consultation is needed
???? ???? ????? ???? ???? ??????? ???? ??? ?????? ???? ?????? ???????? ???? ???????,Urgent,Seek medical care within 24–48 hours
????? ?????? ???? ???? ????? ?? ???? ?????? ?? ???? ???? ????? ????????? ???? ??? ???? ?????,Urgent,Urgent medical evaluation is recommended
????? ???? ???? ????? ????? ????????? (???????) ??? ?????? ???? ?????????? ????????? ????????? ?????????,Urgent,Immediate clinical consultation is needed
"?????, ???? ???? ??? ???? ??????? ??? ?????? ???? ??? ???? ???? ??? ???? ??? ?????? ??? ????? ???? ??? ?????? ????????? ???????? ???? ??????, ?? ???? ??? ?????????? ??????",Urgent,Seek medical care within 24–48 hours
"?????? ????? ?????? ???? ???? ????? ??? ???????? ???? ????? ???? ??? ???? ????? ????, ??? ??? ???? ???? ??? ?? ?????? ?? ??? ??? ??????? ??? ?????",Urgent,Urgent medical evaluation is recommended
????? ?????????????? (????) ??????????? ??????? ?? ??????? ??? ???????????? ????????? ???????????? ?????? ??? ????? ???????? ????? ????????? ??????? ??????? ????? ??????,Urgent,Immediate clinical consultation is needed
"???? ???? ???? ???? ???? ?????? ??? ???? ??? ??? ??????? ?????? ????? ??????? ???? ?????? ? ????????? ?????, ??? ????? ????? ?? ??? ??????",Urgent,Seek medical care within 24–48 hours
"??????? ????, ??????? ??? ??? ?????? ???? ?? ???? ???? ???? ??? ???? ?? ??? ???? ????? ???? ? ????? ??????? ??? ??? ??????? ?? ???????? ?????? ??? ????? ???? ?????? ? ?????? ???????? ????? ??? ???? ??????, ???? ??? ???? ???? ?????? ?????? ???? ??? ???? ???????? ????? ????",Urgent,Seek medical care within 24–48 hours
"???? ???? ????? ????? ????? ???? ??? ??? ??? ???? ???? ??? ???? ??? ??????, ?? ???? ??? ????? ???? ???? ?? ????? ?????? ?? ???? ???? ???? ???? ??????? ???? ?????? ???? ???? ?? ?????, ??? ??? ?? ??????? ?? ????????? ???????? ???? ???? ???????? ??? ??????? ?? ??????? ??? ?????",Urgent,Urgent medical evaluation is recommended
????? ??????? ?? ???????? ????? ???????? ???? ???? ??????????? ???? ???? ????? ???????????? ????????? ?? ??????? ???? ????? ????????? ??? ???? ?????? ????????? ???? ???????? ? ?????????? ????????? ???????? ???? ???? ???? ????????? ?? ????????? ??????? ????? ????? ????,Urgent,Immediate clinical consultation is needed
"??? ???????? ??????? ???? ??? ????? ???? ??????? ??? ??, ????? ???? ???? ???",Urgent,Seek medical care within 24–48 hours
"????? ??????? ??? ???? ????? ???? ??, ???? ?? ?????????? ??? ?? ???? ???? ?? ??? ???",Urgent,Urgent medical evaluation is recommended
"???? ??? ????? (fatigue), ????? ???????? ????? ??? ???????? ??????? ???????? ?? ?????? ???????? ???????",Urgent,Immediate clinical consultation is needed
"?????, ?????? ?? ?????? ? ??????? ???? ?? ???? ?????? ??? ??? ??????? ???? ??? ???? ??? ?? ???? ??? ???? ??? ???????? ????? ?????? ???",Urgent,Seek medical care within 24–48 hours
"?????? ?????? ???????? ????? ????, ?? ???????? ?? ????? ??????? ??? ????? ???? ??? ???? ???? ???? ???? ????? ?? ??????? ????? ????",Urgent,Urgent medical evaluation is recommended
????? ?????????? ??? ????? ??? ????? ??????? ???????? ??????? ??????? ????? ????? ???????? ?????? ????? ??????? ????,Urgent,Immediate clinical consultation is needed
"??????? ???? ??? ?????? ???? ?? ???? ???? ??? ??? ????? ?????? ?? ??????? ??? ??? ????, ???? ??? ???? ???? ????? ??? ???",Urgent,Seek medical care within 24–48 hours
"??????? ?????, ??? ?? ??????? ??? ??????? ??????? ??? ???? ??? ????? ??????????? ????? ?????? ??? ?????? ??? ??????? ???? ?? ????? ??????? ??? ??? ???? ????? ????? ??, ???????? ???? ??? ??? ???? ??? ???? ??? ???? ??? ?????? ?? ??????? ??? ?????? ???",Urgent,Seek medical care within 24–48 hours
"?????? ?? ???? ?????????? ?? ?????? ???? ?? ?????? ???? ????? ????? ??? ??, ??? ?? ??? ?? ????? ??? ???? ??????? ??????? ??? ???? ???? ???????? ??? ?? ?????? ?? ???? ??? ?? ????? ???? ?? ???? ??? ???? ??? ????? ???????? ?? ??????? ????? ??? ???",Urgent,Urgent medical evaluation is recommended
????? ??????????? ?????????? ????? ??????? ???????? ??? ??????????? ????????????? ????????? ???? ???? ?? ????? ????????? ???????????? ???????????? ?????? ????? ????? ??????? ???????? ????????????? ??? ??? ??? ????? ???? ????????? ?? ???????? ??????? ????? ????? ??? ?????,Urgent,Immediate clinical consultation is needed
???? ????? ?????? ??? ????? ??? ???? ?? ???????? ???? ???????,Routine,Schedule a regular medical consultation
"???-????? ????? ????? ??? ?????? ??? ??????, ???? ???? ????? ????",Routine,Regular medical follow-up is advised
????? ???? ??????? ??? ????? ???????? ????? ???? ???????,Routine,Routine outpatient consultation suggested
"?????, ??? ????? ???? ????? ????? ????? ?? ????? ??? ????, ???? ???? ????? ??????? ???",Routine,Schedule a regular medical consultation
"??????? ??? ????? ????? ????? ?????, ????? ???? ??? ??? ???? ?????? ????? ????",Routine,Regular medical follow-up is advised
????? ???? ????? ?????????? ????? ????? ??????? ?????? ??? ?????,Routine,Routine outpatient consultation suggested
"????? ????? ?????? ?? ????? ??? ??????, ???? ???? ?? ????? ????",Routine,Schedule a regular medical consultation
"???? ????? ????? ??????? ????? ????, ???? ???? ???? ???????",Routine,Regular medical follow-up is advised
????? ???? ??????? ??? ????? ?????? ???? ???????,Routine,Routine outpatient consultation suggested
"??????? ?????, ???? ????? ??????? ??? ????? ?? ????? ?????, ?? ???? ?????? ????",Routine,Schedule a regular medical consultation
"????? ????? ???? ????? ????? ??? ????, ???? ????? ????",Routine,Regular medical follow-up is advised
?????? ???? ???? ???? ?? ???????? ??? ??????? ???? ???????,Routine,Routine outpatient consultation suggested
"????? ????? ????? ??? ??????, ???? ?????????? ????",Routine,Schedule a regular medical consultation
"????? ?????? ????? ?????, ??? ????? ?? ?????? ????",Routine,Regular medical follow-up is advised
?????? ???????? ???? ????????????? ???? ???????,Routine,Routine outpatient consultation suggested
"???? ????? ????? ???? ???? ?????? ???, ?????? ????? ????",Routine,Schedule a regular medical consultation
"????? ????? ????? ? ????? ?????? ?????, ???? ???? ????",Routine,Regular medical follow-up is advised
????? ????? ??????? ???? ???? ???? ?????? ???? ??????,Routine,Routine outpatient consultation suggested
???? ? ???? ???? ???? ????? ??????? ???,Routine,Schedule a regular medical consultation
"????? ?????? ????? ?????, ???? ??????? ????",Routine,Regular medical follow-up is advised
????? ???? ????????? ??? ??????? ???? ???????,Routine,Routine outpatient consultation suggested
"?????? ?? ???? ??? ??? ????, ???? ?????? ????",Routine,Schedule a regular medical consultation
"????? ???? ????? ??? ??????, ????? ????",Routine,Regular medical follow-up is advised
????? ????? ????????? ?????? ??? ???????,Routine,Routine outpatient consultation suggested
"???? ???? ????? ????? ????, ?? ???? ?????? ????",Routine,Schedule a regular medical consultation
"????? ????? ????? ????? ??? ???, ???? ??????? ????",Routine,Regular medical follow-up is advised
????? ???? ???????? ???????? ???? ???????,Routine,Routine outpatient consultation suggested
"????? ??????? ???? ????? ??? ??? ????, ????? ????",Routine,Schedule a regular medical consultation
"????? ?????? ???????? ?????, ???? ???? ????",Routine,Regular medical follow-up is advised
????? ???? ??????? ? ??????? ????????,Routine,Routine outpatient consultation suggested
???? ???? ??????? ????? ????? ?? ???????? ???? ??? ???? ?????!,Emergency,Immediately go to emergency department or call ambulance
???? ??? ????? ??? ????? ?????? ?? ?????? ??? ????? ???? ????,Emergency,Seek immediate emergency medical care or call an ambulance
???? ????? ????????? ??? ????-?????????? ????????? ????????? ????? ???????? ??????,Emergency,Emergency department evaluation is required immediately
"??????? ????, ????? ???? ??????? ??? ?????, ??? ????? ?? ???? ??? ?????",Emergency,Immediately go to emergency department or call ambulance
???????????? ?? ???? ?? ???? ????? ???? ???????? ??? ???? ????? ????? ??????????,Emergency,Seek immediate emergency medical care or call an ambulance
????? ???? ????? ????? ?????? ???? ????? ????? ????? ??? ????? ????????? ????????,Emergency,Emergency department evaluation is required immediately
????? ??? ???? ?????? ????? ???? ??? ???? ??? ???? ?????? ???,Emergency,Immediately go to emergency department or call ambulance
???? ???? ???? ??????? ????? ???? ????? ??? ??? ??? ??? ??? ???????,Emergency,Immediately go to emergency department or call ambulance
"???? ??????? ???? ?????? ??? ????, ???? ???? ??? ?????? ??? ????? ???? ????? ???",Emergency,Seek immediate emergency medical care or call an ambulance
????? ????????????????? ????????? ??? ???????? ????? ????????? ????? ???? ???????,Emergency,Emergency department evaluation is required immediately
"??? ??? ???? ??????, ???? ??????? ?????? ????? ??? ?????? ??? ?????!",Emergency,Immediately go to emergency department or call ambulance
"????????? ???? ???? ???? ????, ?? ????? ???? ????? ?? ??? ??? ??? ???????",Emergency,Seek immediate emergency medical care or call an ambulance
???? ????? ??????????? ????????? ??? ??????? ???????? ??????? ?????,Emergency,Emergency department evaluation is required immediately
????? ???? ?????? ????? ???? ????? ??? ?????? ????? ??? ???????,Emergency,Immediately go to emergency department or call ambulance
????????? ?? ???? ???? ?????? ???? ??? ????? ??? ???? ??????,Emergency,Seek immediate emergency medical care or call an ambulance
????? ?????? ???? ??? ???????? ?????????? ??????????? ????? ??????,Emergency,Emergency department evaluation is required immediately
"??? ??? ???? ?????? ??? ????, ???? ??? ?????? ??? ???? ???????",Emergency,Immediately go to emergency department or call ambulance
??? ??? ???? ??????? ???? ??? ??????? ????? ????? ???,Emergency,Immediately go to emergency department or call ambulance
????? ?????????? ????????? ??? ???? ????? ????? ????? ??????,Emergency,Emergency department evaluation is required immediately
???? ???? ????? ??? ????? ????? ??? ???? ??????,Emergency,Immediately go to emergency department or call ambulance
"??? ??? ???? ??? ?????, ??????? ?????? ?????? ????? ??? ???? ?????? ???",Emergency,Seek immediate emergency medical care or call an ambulance
????? ????????? ??? ???????? ?????????? ???????????? ??? ?????,Emergency,Emergency department evaluation is required immediately
???? ???????? ??? ?? ?????? ?? ????????? ??? ????? ???,Emergency,Immediately go to emergency department or call ambulance
??? ??? ??? ???? ???????????? ???? ???? ??? ????? ????? ??????,Emergency,Seek immediate emergency medical care or call an ambulance
?????? ????? ?????? ??? ?????? ???? ????? ???? ??? ???????,Emergency,Emergency department evaluation is required immediately
??????? ???? ???? ???? ???? ??? ???? ??? ?????? ???????,Emergency,Immediately go to emergency department or call ambulance
??????? ??? ???????? ????????? ????? ??? ???? ?????? ??? ??????,Emergency,Immediately go to emergency department or call ambulance
??????? ??????????? ?????? ??? ???????? ?????????? ???? ???????,Emergency,Emergency department evaluation is required immediately
"??? ???????? ????? ?????? ?? ????? ???? ?????, ???? ???? ??? ???? ??? ????",Urgent,Seek medical care within 24–48 hours
"???? ?????? ??????? ???????? ???? ???????? ??, ???? ????? ????? ?? ????? ???? ??????? ??????",Urgent,Seek medical care within 24–48 hours
"????? ????? ?????, ????? ????, ???? ?? ?????? ??? ??????????? ????? ??????",Urgent,Seek medical care within 24–48 hours
"?????, ???????? ????? ?? ????? ???? ????? ???, ?? ?????? ???? ??????? ??? ???? ???? ???? ?? ??, ???? ???? ??? ???? ????",Urgent,Seek medical care within 24–48 hours
"?????? ????? ?? ???? ???? ????? ??, ?????? ???? ???? ????? ??? ???? ??? ??? ???, ?????? ????? ????????? ??? ?????????? ?????",Urgent,Seek medical care within 24–48 hours
"????? ??????? ??????? ?????, ????? ????, ???? ??????? ?????? ??? ??????? ???????????? ??? ????? ???? ???????",Urgent,Seek medical care within 24–48 hours
"????? ?? ????? ???? ?? ????, ??? ???? ?????? ??????????? ????? ???? ??? ?????? ??? ????? ???? ?????? ??????? ??????",Urgent,Seek medical care within 24–48 hours
"??????? ?????, ???? ??? ??? ????? ?? ????? ???? ?????, ???? ????? ???? ???? ??, ?????? ???? ???? ??? ???, ?????? ????? ???? ???? ???? ????? ?? ?? ??? ???? ????",Urgent,Seek medical care within 24–48 hours
"???????? ????? ?? ????? ?????? ????, ?????? ?????? ??????? ??? ??? ???? ????, ?? ????? ???? ?????????????? ???? ??? ??? ?? ????? ??? ??????? ???????",Urgent,Seek medical care within 24–48 hours
"????? ???????????? ??????????? ???????, ???????? ???? ?????? ??? ??????????? ??? ????????? ????? ?????? ???????, ?? ???? ?????????? ????????? ??? ?????",Urgent,Seek medical care within 24–48 hours
"???? ?????? ???? ??????? ????? ???? ?????, ???? ???? ?????? ????",Routine,Schedule a regular medical consultation
????? ???? ???? ?????? ??? ?? ?????? ???? ????? ???? ????,Routine,Schedule a regular medical consultation
????? ???? ????? ?????????? ????????? ????? ???? ? ??????????? ????? ????? ????? ?????????,Routine,Schedule a regular medical consultation
"?????, ??? ??????? ??? ????? ???? ?????, ?? ?? ???? ????? ???, ???? ??? ???? ??????? ?????",Routine,Schedule a regular medical consultation
"?????? ????? ?? ???? ?????? ????? ???, ???? ????? ?? ????????? ???, ???? ???? ???? ???? ????",Routine,Schedule a regular medical consultation
"????????? ??????? ???? ?????????? ???? ?? ????????? ????? ????? ????? ?????, ??????? ???? ?????????? ??????? ??????",Routine,Schedule a regular medical consultation
"?????????? ???? ?????-???? ???? ??, ??? ???? ????? ??? ??? ???, ???? ?? ?????? ????",Routine,Schedule a regular medical consultation
"??????? ?????, ???-??? ?????? ??? ????? ??????? ???? ????? ???, ??? ???? ?? ???? ??? ????",Routine,Schedule a regular medical consultation
"????? ?? ?????? ?????? ???? ????? ???? ??, ?????? ????????? ?? ???????? ????",Routine,Schedule a regular medical consultation
"????? ??????????? ?????????? ???? ????? ??????? ???, ????? ????? ???? ? ??????????? ?????????",Routine,Schedule a regular medical consultation
???? ????? ??? ???? ????? ???? ????? ?? ?????? ?????????? ?????,Routine,Schedule a regular medical consultation
"?????? ???? ?? ??? ????? ?? ?????? ???? ???? ??? ???, ???? ???? ???? ????",Routine,Schedule a regular medical consultation
????? ????? ???? ???????????? (low-grade fever) ??? ??????? ??????? ???????? ????????? ??????,Routine,Schedule a regular medical consultation
"?????, ???? ????? ??? ????? ?? ??? ??? ? ????? ?????? ???????????? ????????? ?? ?? ???-?? ???????? ????, ?? ???? ????? ???",Routine,Schedule a regular medical consultation
"???????? ????? ?? ???? ??-?? ???? ???? ?????????? ???? ?? ??????? ???? ???? ?????? ???? ?? ?? ???? ????? ???, ????? ???? ???????? ??????",Routine,Schedule a regular medical consultation
????? ???? ????? ????????? ?????? ????? ??????? ????????? ?????? ?????? ??? ???? ??????????? ????? ?????? ???????,Routine,Schedule a regular medical consultation
?????? ??????? ???? ?????? ???? ??? ???? ?? ???-??? ?????????? ???? ???? ????? ????? ?? ????????? ????? ?? ????? ????,Routine,Schedule a regular medical consultation
"??????? ????, ?? ????? ??? ???? ?????? ????????? ?????? ???? ??? ?????, ???????????? ???? ?????? ??? ?????? ?????? ?? ???? ????? ???? ????????? ?? ????? ???, ??? ????? ???? ???? ?? ??????????? ??? ?????? ????",Routine,Schedule a regular medical consultation
"???? ????????? ?? ???? ?????? ???? ???? ??????? ??? ??? ?? ??????? ???? ???? ??? ?????? ???? ?? ????? ?? ?? ?????? ????? ????? ???? ????? ???? ??, ??? ?? ??? ????? ????? ???",Routine,Schedule a regular medical consultation
??????? ?????? ????????? ????????? ?? ???? ????? ???? ???? ???,General Query,"No immediate action required, informational response sufficient"
???????????? ?? ????? ???? ?????? ???? ???? ??? ????,General Query,"No immediate action required, informational response sufficient"
????????? ????? ??? ??????????? ??? ???????????????? ???????? ??????????? ?????? ????? ???????,General Query,"No immediate action required, informational response sufficient"
"???? ??????? ????? ?? ??? ??? ?????, ?????? ???? ???? ?? ???",General Query,"No immediate action required, informational response sufficient"
?????? ???? ???? ?????? ?? ?? ??????? ????? ?????,General Query,"No immediate action required, informational response sufficient"
???? ???? ????? ??????? ?????? ???? ???? ???,General Query,"No immediate action required, informational response sufficient"
???? ???? ??? ??? ?? ???? ????? ???? ???? ??????? ??? ?????,General Query,"No immediate action required, informational response sufficient"
??????? ???? ?? ????? ???? ????? ?????????? ?????,General Query,"No immediate action required, informational response sufficient"
???????? ????? ?? ?????? ????????? ??????? ???? ?????,General Query,"No immediate action required, informational response sufficient"
????? ????????? ????? ????? ???? ??? ???? ???,General Query,"No immediate action required, informational response sufficient"
???? ????? ???? ????? ???? ????? ?? ???? ?????????? ?????,Routine,Schedule a regular medical consultation
?????? ???? ?? ??? ?? ???? ???? ??????,Routine,Schedule a regular medical consultation
???? ???? ?? ???????? ????? ?????,Routine,Schedule a regular medical consultation
??? ??? ??? ??–??? ?????? ???? ????,Routine,Schedule a regular medical consultation
???????? ????? ?? ????? ???? ??????,Routine,Schedule a regular medical consultation
?????? ???? ???? ??? ?????,Routine,Schedule a regular medical consultation
???? ????? ?? ?? ?????????? ?????,Routine,Schedule a regular medical consultation
????? ???? ? ????? ???? ????,Routine,Schedule a regular medical consultation
"???? ????, ???? ????? ? ???????? ????",Routine,Schedule a regular medical consultation
???? ??? ???? ?????? ??? ???? ?????? ????,Routine,Schedule a regular medical consultation
??? ??? ??? ??? ?????? ???? ?? ???? ????? ??????,Urgent,Seek medical care within 24–48 hours
??????? ???? ???? ?? ??? ??????,Urgent,Seek medical care within 24–48 hours
???? ???? ? ????? ???????? ????,Urgent,Seek medical care within 24–48 hours
??????? ? ??? ??? ?????? ???? ???? ???,Urgent,Seek medical care within 24–48 hours
?????? ???? ?????? ???? ???????,Urgent,Seek medical care within 24–48 hours
?????? ??? ???? ???? ?? ??????,Urgent,Seek medical care within 24–48 hours
????? ???? ? ???? ????? ??????,Urgent,Seek medical care within 24–48 hours
??? ?????? ??????? ???? ?????,Urgent,Seek medical care within 24–48 hours
????? ???? ? ???? ???? ?????,Urgent,Seek medical care within 24–48 hours
?????? ???? ??????? ????? ??????,Urgent,Seek medical care within 24–48 hours
?????? ???? ??????? ???? ?????!,Emergency,Immediately go to emergency department or call ambulance
??? ?????? ???? ?? ?????? ??? ????!,Emergency,Immediately go to emergency department or call ambulance
????? ???? ? ????? ???? ????? ??!,Emergency,Immediately go to emergency department or call ambulance
?????? ???? ??? ????? ????!,Emergency,Immediately go to emergency department or call ambulance
?????? ???? ????? ??? ??? ????!,Emergency,Immediately go to emergency department or call ambulance
?????? ???? ???? ????? ?????!,Emergency,Immediately go to emergency department or call ambulance
??????? ?????? ???? ??? ????? ????!,Emergency,Immediately go to emergency department or call ambulance
?????? ???? ???? ??? ???? ?????!,Emergency,Immediately go to emergency department or call ambulance
???? ???? ? ????? ??????!,Emergency,Immediately go to emergency department or call ambulance
?????? ???? ?? ??????? ???!,Emergency,Immediately go to emergency department or call ambulance
"???? ??????? ???????????? ?? ???? ????? ?????, ???? ???? ???? ????? ???",Urgent,Seek medical care within 24–48 hours
"??? ???? ??? ??? ?? ????????? ???? ??? ????? ??, ?????????? ???? ???? ???? ?????",Urgent,Seek medical care within 24–48 hours
???? ????? ???????????? ??? ??????????? ???? ?????? ????? ???????? ???? ??????? ?????? ??????,Urgent,Seek medical care within 24–48 hours
??????? ??? ???? ???????? ?????????????? ?????? ????? ??? ????? ?????? ??????? ??? ??? ??????,Urgent,Seek medical care within 24–48 hours
????? ???? ???? ???? ??? ????????? ?? ??????? ????? ?? ??????,Urgent,Seek medical care within 24–48 hours
????? ??????????? ????? ???????? ??? ???????????? ?????????????? ????????? ????? ????????? ???????? ????????????? ???????????? ?????? ?????,Urgent,Seek medical care within 24–48 hours
????? ?????? ???????? ???? ???? ?? ?????????????? ????? ?????? ??? ??????? ???? ???????,Urgent,Seek medical care within 24–48 hours
?????? ???????????? ??? ???? ????? ?????? ??????? ????? ?? ???????? ??????????? ??? ???????? ?????? ??????,Urgent,Seek medical care within 24–48 hours
??? ???? ??????? ????? ?? ?? ????? ???? ???? ????? ?????? ??????? ????????? ??? ???? ????? ???,Urgent,Seek medical care within 24–48 hours
???? ???? ????? ???? ???? ????? ????? ??? ?????,General Query,No immediate action required
????????? ??????? ??????? ?? ??? ???? ???? ???? ????,General Query,No immediate action required
???? ?????? ?? ????? ????????? ???? ????? ????????? ???????? ?? ???,General Query,No immediate action required
????? ???????? ??? ????? ???????? ??????? ??? ?????? ????? ???? ????? ???? ?????? ????,General Query,No immediate action required
???? ??????? ?? ???????? ????? ?? ?????? ?????? ????? ??? ????,General Query,No immediate action required
??????? ???? ????????? ???? ???? ??? ??? ????? ????? ??? ???? ???? ?????????,General Query,No immediate action required
???????? ?? ???????? ??????? ??? ???? ???? ????????? ??????? ???? ?????,General Query,No immediate action required
?????? ??????? ??????? ???? ????? ?? ?? ????????? ???? ????? ???? ??? ?????? ???? ????? ????? ???? ???? ??????,General Query,No immediate action required
?????? ???????? ?? ?????? ???????? ??????? ??? ?? ?????? ???? ?????? ???? ????????,General Query,No immediate action required
????????????? ?????????? ??????????? ??? ?????? ???? ????????? ?? ?????? ???????? ?????? ???? ???,General Query,No immediate action required
"???? ???? ????? ??? ???? ???? ???? ??????, ???? ????? ????",Routine,Schedule a regular medical consultation
?????? ???? ???? ?????? ???? ???? ???? ?????? ??? ????,Routine,Schedule a regular medical consultation
"??????? ??????? ?? ???? ?????? ?????? ???????? ????? ????????? ?????, ???? ????? ???? ????",Routine,Schedule a regular medical consultation
?????? ????? ???? ???? ?????? ???? ????? ????? ???????? ????? ???? ????? ????? ?? ???? ???? ????,Routine,Schedule a regular medical consultation
??? ?????? ??????? ????? ??? ???? ?? ???? ????? ????? ??????? ???? ????,Routine,Schedule a regular medical consultation
???? ?????????? ??????? ?????????? ???? ????? ???? ???????????? ?? ????? ???????? ??????????? ???? ?????,Routine,Schedule a regular medical consultation
????? ????? ???? ???? ??????? ????? ????? ?????? ???? ??????? ????? ????,Routine,Schedule a regular medical consultation
?????? ????? ??? ?????? ??? ?????? ????? ??? ?????? ???? ????? ????? ????????? ???,Routine,Schedule a regular medical consultation
"?????? ?????? ???? ???? ???? ?????? ???? ?????, ???? ?? ???? ????",Routine,Schedule a regular medical consultation
"????? ????? ???? ???? ??? ????????? ??????? ?????? ?????, ???? ????? ??????? ????",Routine,Schedule a regular medical consultation
????? ??????? ????? ????? ??? ???? ?????? ????? ???,Urgent,Seek medical care within 24–48 hours
???? ???? ??? ??? ???? ?? ??? ???? ???? ??? ??????,Urgent,Seek medical care within 24–48 hours
?????? ????? ??????? ??? ??????????? ??????? ???? ???? ???????,Urgent,Seek medical care within 24–48 hours
?????? ???? ???? ?? ???? ???????????? ???? ???? ??? ???? ??? ?????? ?????? ???,Urgent,Seek medical care within 24–48 hours
?????? ????? ?????? ??? ? ????? ????? ???? ???? ??? ????? ???? ???,Urgent,Seek medical care within 24–48 hours
????? ??????? ??????????? ????? ??????? ?????? ???????????? ?????? ??????,Urgent,Seek medical care within 24–48 hours
????? ???? ??? ???? ???? ????? ???? ???? ?? ?????? ???????? ???? ??? ??????? ????? ??????,Urgent,Seek medical care within 24–48 hours
??? ????? ????? ????? ????? ????? ??????? ????? ???? ????? ??? ??? ???? ?????,Urgent,Seek medical care within 24–48 hours
????? ????? ??? ?????? ?? ?????? ????? ??????? ??? ????????????? ???? ? ???? ??? ??????,Urgent,Seek medical care within 24–48 hours
?????? ????? ??????? ???????? ???? ??? ?????? ??????????? ????? ??? ???? ???? ???????,Urgent,Seek medical care within 24–48 hours
?????????????? ?????? ???? ???? ???? ????? ??????? ????????? ??????,Emergency,Immediately go to emergency department or call ambulance
???? ???? ???? ???? ??????? ??? ???? ???? ??? ???? ?????? ??? ?????,Emergency,Immediately go to emergency department or call ambulance
?????? ??????? ?????? ??????? ??? ?????????? ??? ????????? ???? ????? ????? ??????,Emergency,Immediately go to emergency department or call ambulance
"???? ???? ???? ????? ????? ??? ???? ??? ?????? ????????? ?????, ????? ???? ???? ??????",Emergency,Immediately go to emergency department or call ambulance
???? ????? ?? ????? ????????? ????? ??? ???? ????? ??????? ??? ???????,Emergency,Immediately go to emergency department or call ambulance
??????? ??????????? ?? ????? ?????????? ????? ??????? ????? ????? ??????,Emergency,Immediately go to emergency department or call ambulance
??????? ??? ? ??? ???????????? ???? ???? ????? ???? ?????? ??????,Emergency,Immediately go to emergency department or call ambulance
???? ???? ???? ??? ???? ???? ??? ?????? ????????? ? ????????? ??????,Emergency,Immediately go to emergency department or call ambulance
??? ? ???? ??????? ????? ??? ????????? ???? ??? ???? ??? ??? ???????,Emergency,Immediately go to emergency department or call ambulance
?????? ?????????? ?????? ????? ????????? ???????? ???? ??? ?????? ????? ???? ??????,Emergency,Immediately go to emergency department or call ambulance
????? ??????????? ??? ???? ?????? ?????? ????? ???? ???,General Query,No immediate action required  informational response sufficient
???? ????????? ???? ???? ?????? ???? ?????? ???,General Query,No immediate action required  informational response sufficient
???????????? ???????? ???? ????? ????????? ???????? ?? ???,General Query,No immediate action required  informational response sufficient
????? ???????? ?????? ???? ??? ???????? ??? ?? ????? ???? ??? ????,General Query,No immediate action required  informational response sufficient
??? ???????? ???? ??????? ??????? ???? ?? ????? ?????? ????? ???,General Query,No immediate action required  informational response sufficient
????? ?????? ????????? ??????????? ?????????????????? ??? ?????? ????????? ?????? ???,General Query,No immediate action required  informational response sufficient
????? ???? ???? ??????? ???? ?? ?????????? ??? ???? ?????,General Query,No immediate action required  informational response sufficient
??? ????? ????? ?????? ???? ????? ????? ???? ??????? ??? ???? ????????????,General Query,No immediate action required  informational response sufficient
????? ????? ??? ???? ???? ???? ????? ?? ???? ???? ???? ???? ??? ?????? ???????? ??? ?????,General Query,No immediate action required  informational response sufficient
????? ??? ? ????????? ?????-???????? ????????? ???????? ?????? ????????? ?????????? ???,General Query,No immediate action required  informational response sufficient
???? ????? ?????? ??? ????? ??? ???? ?? ????? ???????,Routine,Schedule a regular medical consultation
"?????????? ???? ???????? ???? ????? ?? ?? ????? ??????, ???? ????? ????",Routine,Schedule a regular medical consultation
????? ???????? ???? ??????? ??? ????? ??????????? ??????????? ???????? ????? ?????????,Routine,Schedule a regular medical consultation
"????? ?????? ???? ???? ????? ??? ????, ???? ????? ????? ?? ???? ??? ????",Routine,Schedule a regular medical consultation
??? ???? ???? ????? ???? ???? ???? ?????? ???????? ?? ??? ??? ????,Routine,Schedule a regular medical consultation
"????? ???????? ???? ????? ??????????? ?? ??????? ???, ??? ???? ??????????? ??????",Routine,Schedule a regular medical consultation
"????? ?????? ??? ???????? ??? ?????, ??????? ??????? ???? ?????? ???? ????",Routine,Schedule a regular medical consultation
????? ????? ??? ?????? ??? ?????? ???? ?? ????? ????? ????? ??? ????,Routine,Schedule a regular medical consultation
????? ??? ??????? ????? ????? ???? ???? ????? ???? ???? ?????? ????? ???? ?? ???,Routine,Schedule a regular medical consultation
?????? ????? ?????? ?? ??????????? ????? ??? ???? ????? ?????? ????? ?????,Routine,Schedule a regular medical consultation
???? ???? ??????? ????? ????? ?? ?????? ???? ??? ???? ?????? ?????,Urgent,Seek medical care within 24–48 hours
????? ?????? ???? ???? ??? ??? ??? ?? ????????????? ???? ???? ??? ??????,Urgent,Seek medical care within 24–48 hours
????? ?????? ??????? ????? ??????? (Acute Sinusitis) ??? ??????????? ????? ????? ?????? ???????? ?????????,Urgent,Seek medical care within 24–48 hours
???? ????? ????? ???? ????????? ?? ???? ???? ???? ??? ???? ??? ????? ????????? ??? ???? ??? ???? ????? ?? ?? ???? ??? ???? ?? ???? ??????,Urgent,Seek medical care within 24–48 hours
????? ????? ?????? ???? ????? ?????? ?? ???? ???? ??? ???? ???? ???? ????? ?? ??????? ???? ?? ??? ???? ?????? ??? ??? ?????? ??? ??????,Urgent,Seek medical care within 24–48 hours
"????? ????? ????????????? ????? ????? ????????? ??????????? ??? ???????? ??????????? ???????????? ?????? ?????, ?? ????? ??????? ?? ??????????? ???? ??????? ????",Urgent,Seek medical care within 24–48 hours
?????? ?? ???? ????? ?????? ????? ???? ???? ????? ????? ???? ???? ?? ???????? ???? ??? ??????? ??????? ????? ???? ??????,Urgent,Seek medical care within 24–48 hours
"????? ??? ???? ???? ??? ????? ????? ????? ?? ????? ??????? ????? ???? ????? ?? ??? ?? ????? ?????? ??????? ?????? ???? ???? ????? ????? ?? ??? ???? ????, ?????? ????? ??? ????? ??? ???? ?????",Urgent,Seek medical care within 24–48 hours
???? ????? ????? ???? ????? ???? ?? ?? ?????? ???? ?? ???? ?? ?????? ???????? ??????? ??? ????? ??? ????? ???? ????????????? ???? ?? ???? ???????? ??? ?????? ???????? ??? ??? ?? ???? ????? ???,Urgent,Seek medical care within 24–48 hours
????? ???? ? ????? ????????? ?????????? ????? ???????????? ??????? ?? ???? ???? ????? ????? ?????? ???????????? ??????????? ?????? ?? ????? ?????????? ??? ?????????? ??????? ????? ??–?? ?????? ????? ??????? ????????,Urgent,Seek medical care within 24–48 hours
"?????????????? ???? ????? ??? ???? ????? ???? ???? ????????, ?? ???? ????? ??!",Emergency,Immediately go to emergency department or call ambulance
???? ???? ???? ???? ???? ????? ???? ???????? ??? ???? ?? ??? ?????? ??? ???????,Emergency,Immediately go to emergency department or call ambulance
?????? ??????? ?????? ??? ????? ????? ??? ?????????? ??? ????????? ??????? ????? ???? ????? ??????,Emergency,Immediately go to emergency department or call ambulance
????????? ??? ???? ??????? ???? ???? ?????? ??? ???????? ???? ????? ????? ??? ???? ???? ??? ???? ???????? ??? ??? ????? ????????? ????? ?????,Emergency,Immediately go to emergency department or call ambulance
"???? ??? ???? ?????? ????????? ?????, ??????? ???? ??? ?????? ?????? ?? ??? ??? ????? ??????? ??? ????????",Emergency,Immediately go to emergency department or call ambulance
"????? ?????????????? ??? ???????????? ???? ????? ????? ??????? ????????????? ????? ??????, ?? ??????? ?????????",Emergency,Immediately go to emergency department or call ambulance
"????????? ????? ???? ????? ??? ?? ?? ???? ???? ???? ????? ???? ??? ???? ?????? ?????, ?? ???? ???? ?? ??? ??? ??????!",Emergency,Immediately go to emergency department or call ambulance
???? ???? ??? ????? ????? ?????? ???? ??? ????? ??? ???? ???????? ???? ??? ?????? ??? ?????? ?????? ?????? ????????? ????? ??? ????? ????????? ??????,Emergency,Immediately go to emergency department or call ambulance
"???? ????? ??????? ??????? ????? ???? ???? ????? ????????? ???? ??? ????? ??? ????? ??? ?????, ????? ????????????? ?????!",Emergency,Immediately go to emergency department or call ambulance
?????? ????????????????? ?????? ??? ???????????? ????? ??????? ?? ??? ????????? ???????? ??????? ????? ????? ?????? ???????? ????? ????? ??? ????????? ????????,Emergency,Immediately go to emergency department or call ambulance
??? ???????? ???? ?????? ?????? ??? ???? ????? ???? ???,General Query,"No immediate action required, informational response sufficient"
????????? ???? ?? ?????? ??? ????? ???? ???? ??? ????????,General Query,"No immediate action required, informational response sufficient"
????? ????? ?? ??????????? ?????????? ???????? ????? ??? ??? ???? ???????????,General Query,"No immediate action required, informational response sufficient"
?????? ????? ??? ???? ???? ???? ???? ???? ??? ????? ????????? ??????? ??? ????? ???? ???? ???? ??? ????,General Query,"No immediate action required, informational response sufficient"
?????? ???? ???????? ??? ????? ?? ????? ???? ????? ??? ?? ????? ???? ???? ???? ???? ????? ????,General Query,"No immediate action required, informational response sufficient"
"????? ?????????? ??? ?? ?????????? ????????? ??????????? ??? ??? ?????????????? ?????? ???????? ??, ?? ????? ????????? ???? ????????",General Query,"No immediate action required, informational response sufficient"
???? ?? ???? ????? ???? ????? ???? ???? ????? ???? ????? ???? ????? ????? ????? ???? ??????? ?????,General Query,"No immediate action required, informational response sufficient"
"????? ???? ????? ?????, ?? ???? ?? ???????? ?????? ???, ??? ???????? ????? ???? ??? ???? ????? ????????? ????? ?????? ???????? ???? ???? ????????? ???? ????? ?? ?? ????? ?????",General Query,"No immediate action required, informational response sufficient"
"??? ?????? ???? ?????????? ?? ?? ???, ??? ????? ????? ??? ???? ???? ????? ??? ???? ???? ??? ?? ?????? ???? ???? ???? ????, ?? ??? ??? ???? ???? ????? ??????? ??? ????? ?? ???",General Query,"No immediate action required, informational response sufficient"
???? ?????? ???????? ?? ????? ??????? ?????? ????? ????? ??? ??? ????? ????????? ???????? ?????? ???? ????????? ??? ??????,General Query,"No immediate action required, informational response sufficient"
???? ????? ?????? ??? ????? ??? ???? ?? ????? ???????,Routine,Schedule a regular medical consultation
"????? ???? ???? ???? ???? ??? ??? ???? ??? ???, ???? ????? ????",Routine,Schedule a regular medical consultation
?????????? ?????? ???????? ???? ??????? ??? ????? ???????? ???? ???????? ????? ?????????,Routine,Schedule a regular medical consultation
"???? ???? ?? ???? ????? ?????? ???? ???? ???? ???? ???? ??? ????? ???? ????? ????? ?? ???? ??? ???, ??? ??? ????? ???? ???? ?????",Routine,Schedule a regular medical consultation
"?????? ???? ??? ???? ??? ???? ??????? ???? ??????? ??? ????, ?????? ???????? ?? ???? ??????? ??? ??? ????",Routine,Schedule a regular medical consultation
"????? ?????? ???? ????? ??????? ?? ???? ????? ?????, ??? ??????????? ???? ??????? ?? ??????? ????? ???? ????? ??????",Routine,Schedule a regular medical consultation
"????? ???? ?????? ???? ??? ???????? ??? ?????, ??? ???? ??????? ???????? ???? ?????? ???? ???? ?? ????? ???????? ????",Routine,Schedule a regular medical consultation
????? ???? ??? ??????? ??? ??????? ??? ?????? ??? ?????? ???? ?? ????? ????? ???? ??? ??? ???? ????? ????????? ???????? ??? ?????? ????? ???,Routine,Schedule a regular medical consultation
"????? ?????? ???????? ?? ??????, ??? ????? ???????? ?????? ????? ???? ??????? ??? ???? ????? ???? ?? ???? ????",Routine,Schedule a regular medical consultation
?????????? ???????? ????? ?????????? ???????? ??????? ??????? ??? ????????? ?? ??????????? ?????? ????? ????? ???? ????? ????????? ????? ????,Routine,Schedule a regular medical consultation
???? ???? ??????? ????? ????? ?? ?????? ???? ??? ???? ?????? ?????,Urgent,Seek medical care within 24–48 hours
????? ?????? ???? ???? ??? ??? ??? ?? ????????????? ???? ???? ??? ??????,Urgent,Seek medical care within 24–48 hours
????? ????? ????????? ???? ????? ??????? ??? ??????????? ????? ????? ?????? ???????? ?????????,Urgent,Seek medical care within 24–48 hours
??? ????? ???? ???? ??? ?? ????? ?? ??? ??? ???? ?????? ????????? ???? ??? ???? ????? ?? ?? ???? ?????????,Urgent,Seek medical care within 24–48 hours
????? ????? ?????? ????? ?? ????? ????? ???? ??? ???? ???? ????? ????? ???? ?? ??? ??? ??? ?????? ??? ??????,Urgent,Seek medical care within 24–48 hours
????? ????? ???????????? ????? ??????????? ??? ???????? ??????????? ???????????? ?????? ??????,Urgent,Seek medical care within 24–48 hours
??? ??? ????????? ?? ????? ?????? ????? ???? ???? ????? ????? ???? ???? ?? ??????? ????? ???? ??????,Urgent,Seek medical care within 24–48 hours
"????? ??? ???? ??? ????? ????? ????? ??????? ????? ???? ?????? ????? ?????? ?? ??? ???? ????, ?????? ????? ????? ?????",Urgent,Seek medical care within 24–48 hours
????? ????? ????? ????? ?? ?? ?????? ???? ?? ???????? ??????? ?????? ????????????? ???? ?? ???? ???????? ??? ??? ?? ???? ????? ???,Urgent,Seek medical care within 24–48 hours
???? ????? ????? ???????????? ??????? ?? ???? ???? ????? ????? ?????? ???????????? ??????????? ????? ??? ??–?? ?????? ????? ??????? ????????,Urgent,Seek medical care within 24–48 hours
"?????????????? ??? ???? ????? ??? ????? ???? ???? ????????, ???? ??????",Emergency,Immediately go to emergency department or call ambulance
????? ???? ???? ???? ??? ???? ?????? ???? ???? ??? ??? ????? ??? ???? ???????,Emergency,Immediately go to emergency department or call ambulance
?????? ??? ?????? ????? ??????? ????? ?????????? ??? ??? ???? ??? ??????? ????? ???????,Emergency,Immediately go to emergency department or call ambulance
????? ????? ????? ???? ?? ???? ???? ?????????? ?????? ???? ???? ??? ??? ???? ???? ?????????,Emergency,Immediately go to emergency department or call ambulance
???? ????? ?? ??? ???? ?????? ????????? ????? ??? ???? ????? ??????? ??? ???????,Emergency,Immediately go to emergency department or call ambulance
?????? ?????? ????? ????? ?? ???????? ???? ???? ??? ???????????? ???? ????? ??????,Emergency,Immediately go to emergency department or call ambulance
??????? ????? ???? ???? ?? ???????? ???? ??? ???? ??? ??? ???? ??? ????? ???????? ??????,Emergency,Immediately go to emergency department or call ambulance
"???? ???? ??? ???? ?????? ???? ??? ????? ??? ???? ?????????? ???? ??? ?????? ??? ?????? ?????, ?????? ????????? ??????",Emergency,Immediately go to emergency department or call ambulance
"???? ????? ??????? ??????? ???? ???? ????? ????????????? ?????? ??????, ???? ????? ??? ??? ????? ?????",Emergency,Immediately go to emergency department or call ambulance
?????? ???????????????? ?????? ??? ????? ??????? ?? ??? ????????? ???????????? ? ?????? ????? ??????? ????? ????? ??????,Emergency,Immediately go to emergency department or call ambulance
???????? ???? ? ???????? ????? ???? ???????? ?? ??? ?????,General Query,"No immediate action required, informational response sufficient"
????? ??? ???? ???? ????? ???? ?? ???? ??? ???????? ???,General Query,"No immediate action required, informational response sufficient"
????? ?????? ??????????? ??? ???? ???????? ???-????? ??????????? ???????,General Query,"No immediate action required, informational response sufficient"
"?????, ??? ????? ????????? ?????? ????? ???? ???? ??????? ??? ?? ???? ???? ????? ???? ???? ???? ?????? ?? ??? ????",General Query,"No immediate action required, informational response sufficient"
???????? ?????? ???? ?? ???????? ???? ?? ????? ???? ????? ?? ??? ???? ?? ????? ???? ???? ???? ???? ???? ????,General Query,"No immediate action required, informational response sufficient"
???? ?????????? ????? ????????? ??? ??? ????????? ???? ??? ???? ???????? ????? ???????? ????????? ???? ????????,General Query,"No immediate action required, informational response sufficient"
???? ??????? ????? ???????? ???? ????? ??? ?? ???????? ????? ???? ????????? ???? ????? ????? ????? ?????,General Query,"No immediate action required, informational response sufficient"
"??????? ?????, ???? ??? ?? ?????? ???? ????? ?????, ??? ????? ???? ?? ????????? ?????? ???, ??? ???????? ????? ???? ??? ???? ????? ????????? ?? ???? ??? ????? ???? ?????? ???????? ???? ?????? ?? ?????????? ????? ??? ?????? ???? ???? ???????",General Query,"No immediate action required, informational response sufficient"
"?????, ???? ??? ????? ???? ???? ?????????? ?? ?? ???, ?????? ?? ??? ???? ??? ????? ???? ???? ???? ???? ?????? ??? ?? ?????? ???? ????? ???? ????? ???? ???????? ??????? ????????? ????, ??? ?????? ???? ??? ???? ????",General Query,"No immediate action required, informational response sufficient"
"???? ???????????? ???????? ?? ????? ?????? ?????? ?????, ???? ?????? ??? ??????? ???????? ????????? ??????? ????????? ?????? ?????? ????????? ??? ?????? ????? ???????? ? ????????? ???? ????? ???? ???????? ????????? ???????",General Query,"No immediate action required, informational response sufficient"
???? ????? ?????? ??? ????? ??? ???? ?? ????? ?????? ????,Routine,Schedule a regular medical consultation
"???? ??? ???? ???????? ???? ??? ???? ???, ???? ?????-?????? ????",Routine,Schedule a regular medical consultation
???????????? ???????? ???? ??????? ??? ??????????? ????? ?????????? ???????? ????? ?????????,Routine,Schedule a regular medical consultation
"sir, ?????? ????? ?????? ???? ???? ?????? ???? ???? ???? ??????? ??? ????? ???? ????? ????? ?? ??? ????? ???? ???, ??? ??????? ???? ???? ????? ?????",Routine,Schedule a regular medical consultation
"??????? ??? ?????? ???? ?????? ???? ????? ???? ???? ???? ???? ????, ?????? ?? ?????? ?? ???? ??????? ??? ??? ????",Routine,Schedule a regular medical consultation
"????? ?????? ???? ????? ??????? ?? ???? ????? ?????, ??? ??????????? ???? ???????????? ??????? ?? ??????? ????? ??? ??????",Routine,Schedule a regular medical consultation
"???? ?????? ?????? ???? ??? ???????? ??? ?????, ??? ???? ??????? ???? ????? ???? ?????? ???? ????? ???????? ?? ?? ????",Routine,Schedule a regular medical consultation
"??????? ?????, ???? ???? ???? ??? ???? ??? ??????? ??? ??????? ???? ???????? ?? ??????? ??? ????? ?? ????? ????? ???? ??????? ???? ??? ???? ????? ????????? ???? ?????-????? ?? ???????? ??? ?????? ????? ??, ??? ???????? ??????? ??? ??? ??? ????",Routine,Schedule a regular medical consultation
"???? ???? ????? ????? ???? ??????? ????? ??????? ???? ??, ??? ????? ???????? ???? ?????? ????? ????? ???? ???? ???? ??? ????? ????? ???? ??, ????? ???? ?? ????? ???? ????? ??? ????? ???, ????? ????? ?????? ??? ??????? ???? ???????? ?? ?? ???",Routine,Schedule a regular medical consultation
???????????????? ???????? ????? ???? ?????? ???????? ??????? ??????? ??? ??????????? ???? ???????????? ????????? ?????? ????? ????? ???? ????? ?????????? ?? ????? ????????????? ????? ?? ????? ??? ?????? ?????????? ????????????? ??????? ???????? ??????,Routine,Schedule a regular medical consultation
???? ???? ??????? ????? ????? ?? ??? ????? ???? ?????? ??? ????,Urgent,Seek medical care within 24–48 hours
???? ???? ????? ???? ???? ??? ??? ??? ?? ???? ???? ???? ???????,Urgent,Seek medical care within 24–48 hours
????? ??????????? ????? ???????????? ??????? (Acute Pharyngitis) ??? ??????????? ????? ??? ?????? ???????? ?????????,Urgent,Seek medical care within 24–48 hours
"?????, ???? ???? ???? ???? ????????? ?? ????????? ???? ???? ????? ???? ??? ????? ????????? ??? ????? ????? ????? ?? ?? ???? ??? ???? ???? ?????",Urgent,Seek medical care within 24–48 hours
???? ????? ?????? ???? ??? ??? ?? ????? ?? ???? ????? ???? ???? ????? ?? ?????? ??????? ???????? ???? ?? ??? ???? ????? ??? ???? ?????? ??? ??????,Urgent,Seek medical care within 24–48 hours
"????? ????? ???????? ????? ????? ????????? ??? ???? ??? ???????? ?????? ????? ???????????? ?????? (Functional Impairment) ?????, ?? ????? ??????? ?? ??????????? ???? ??????? ????",Urgent,Seek medical care within 24–48 hours
"????? ?? ???? ???? ?????? ????? ???? ???? ????? ????? ???? ???? ?? ???? ????? ???? ???? ??????, ???? ??????? ??????? ??????",Urgent,Seek medical care within 24–48 hours
"??????? ????, ????? ??? ???? ???? ???? ????? ?? ????? ??????? ????? ? ?????????? ???? ????? ?? ??? ?? ????? ????? ????? ??????? ?????? ???? ???? ???? ?????? ??? ?? ????? ???? ????, ??????? ???? ??? ????? ??? ????? ????? ??? ?????, ??? ??? ????? ???? ???????? ????",Urgent,Seek medical care within 24–48 hours
"???? ???? ?????? ???? ????? ???? ?? ????? ?????? ???? ?? ???? ?? ?????? ???????? ??????? ??? ????? ??? ????? ???? ????????????? ???? ?? ???? ???????? ??? ?????? ???????? ??? ??? ?? ???? ????? ??, ???? ???????? ???? ?????? ??? ?????? ???",Urgent,Seek medical care within 24–48 hours
????? ??????????? ???? ????? ??????? ?? ???? ???? (Abscess) ????? ???? ??? ?????? ???????????? ??????????? ?????? ?? ????? ?????????? ??? ?????????? ????? ?? ???? ?????? ???????? ????? ????????? ????????????? ?????? ???? ??????? ?????? ????? ?? ???? ?? ?????? ????? ??????? ????????,Urgent,Seek medical care within 24–48 hours
"???? ?????? ??? ???? ?? ???? ????? ???? ???? ????????, ?? ???? ??????!",Emergency,Immediately go to emergency department or call ambulance
"???? ????? ?? ????? ?? ??? ???? ???? ????????? ????, ??? ?????? ??? ????????",Emergency,Immediately go to emergency department or call ambulance
?????? ??? ????????? ????? ????? ????????? ??????? (???? ?????? ????????) ???? ????? ??? ????? ?????????? ????????? ????? ???????,Emergency,Immediately go to emergency department or call ambulance
??????????? ???? ???? ????? ????? ???? ????????? ???? ????? ????? ??? ???? ???? ??? ???? ???????? ??? ????? ????????? ????? ?????,Emergency,Immediately go to emergency department or call ambulance
"???? ?????? ???? ??????? ???? ???? ??? ?? ???? ????? ??????? ??? ???? ????? ??? ??? ?? ????? ?????? ????? ????? ?????? ??, ???? ??????",Emergency,Immediately go to emergency department or call ambulance
"???? ???? ???????? ???????? ?????????? ??? ????????? ??????? ????? (Airway Compromise) ??? ????? ??????? ????????????? ????? ??????, ?? ??????? ?????????",Emergency,Immediately go to emergency department or call ambulance
"????????? ???? ???? ?? ??? ????? ???? ???? ????? ???? ??? ???? ?????? ?????, ?? ??? ??? ???? ????!",Emergency,Immediately go to emergency department or call ambulance
???? ???? ????? ??? ???? ?????? ??? ????? ??????????? ???? ???? ???????????? ?????? ???? ??? ?????????? ??? ???? ???? ?????? ??? ?????? ?????? ?????? ????????? ? ????? ????????? ??????,Emergency,Immediately go to emergency department or call ambulance
???? ??????? ???? ???????? ?? ???????? ??????????? ????????? ??? ???? ????????? ???? ?? ??? ????? ???? ????? ??? ?????? ??? ????? ???? ????? ???????,Emergency,Immediately go to emergency department or call ambulance
?????? ????????? ????? ??? ???????????? ???? ??????????? ??? ???????? ???????? ??????? ????? ????? ?????? ???????? ????? ????? ????? ? ??????????? ??????????? ????????,Emergency,Immediately go to emergency department or call ambulance
?????? ?????? ???????? ????? ???? ??? ??????????? ??????? ??? ?? ???????,General Query,"No immediate action required, informational response sufficient"
??? ????? ???? ??????? ??? ??? ????? ???????? ?????? ???,General Query,"No immediate action required, informational response sufficient"
??????? ????????? ????? ????? ?? ????? ???????? ????????? ???????? ??????,General Query,"No immediate action required, informational response sufficient"
"?????, ??? ????? ????????? ??? ????? ????? ???? ??? ?????? ???? ??? ??? ?? ????? ???? ??????? ???? ??? ?? ?????? ????",General Query,"No immediate action required, informational response sufficient"
??? ?? ?????? ?? ?????? ???? ???? ????????? ????? ???? ?????? ???? ?? ??? ????,General Query,"No immediate action required, informational response sufficient"
???? ????????? ?????? ???????? ???? ???????? ??????? ??????????? ??? ????? ???????? ??? ???? ?? ?????? ????????? ???? ????????,General Query,"No immediate action required, informational response sufficient"
"??????? ???? ?? ????????? ?????? ???? ???, ??????? ??? ???? ???",General Query,"No immediate action required, informational response sufficient"
"??????? ?????, ???? ?????? ?? ?????? ???? ????? ?????, ?? ?? ????????? ?????? ???, ??? ???????? ????? ???? ??? ???? ????? ????????? ?? ???? ??? ????? ??????? ????????? ?????? ?? ???? ????? ???? ?????????? ?????? ?? ????? ???????? ??? ??????",General Query,"No immediate action required, informational response sufficient"
"?????? ?? ???? ????? ???? ??? ?? ??? ??????? ????? ???, ????? ??????? ??? ?? ????? ??????? ??????????? ???? ?????? ???? ??? ???? ????? ???",General Query,"No immediate action required, informational response sufficient"
"???? ????????? ???????? ?? ?????????? ??????? ?????, ??????? ????????? ????????? ??? ?? ????????? ??????????? ????????? ?????? ?????? ????????? ??? ??????",General Query,"No immediate action required, informational response sufficient"
???? ??????? ??? ?????? ????? ???? ???? ???? ?????? ???? ???????,Routine,Schedule a regular medical consultation
"?????? ???? ???????? ???? ???? ???? ????? ?? ????? ????, ????? ????",Routine,Schedule a regular medical consultation
???? ???????? ???? ??????? ??? ??????? ????? ??????? ?? ???? ???????? ???????? ????? ?????????,Routine,Schedule a regular medical consultation
"?????, ??? ??????? ??? ???? ??????? ?????? ???? ????? ???? ??????? ??? ????? ????? ???? ????? ????? ?? ???? ???? ???, ??? ???? ????? ??? ???",Routine,Schedule a regular medical consultation
??????? ??? ?????? ???? ?? ???? ???? ??????? ????? ??????? ???? ?????? ??? ????,Routine,Schedule a regular medical consultation
"????? ???? ?????????? ???? ????? ???????? ?? ?????? ????? ?????, ??? ????? ??????? ???????? ???? ? ??????????? ??????????? ??????",Routine,Schedule a regular medical consultation
??????? ?????? ???? ??? ????? ??? ????? ?? ????? ???? ????? ?????,Routine,Schedule a regular medical consultation
"??????? ?????, ???? ??????? ?????????? ??? ??????? ??? ??????? ?????? ??? ????? ?? ???? ?? ???? ????? ??????? ?????",Routine,Schedule a regular medical consultation
???? ??????? ????? ??????? ????? ?????? ?????? ???? ???? ???????? ??????,Routine,Schedule a regular medical consultation
"??????????? ???????? ??????? ????? ??????? ??????? ??? ??????????? ???????? ?????? ??? ????, ???? ??????? ????",Routine,Schedule a regular medical consultation
"???? ????? ????????? ?????? ???? ????? ???? ???? ????????, ?? ???? ??????!",Emergency,Immediately go to emergency department or call ambulance
"???? ???? ???? ???? ???? ?????? ????? ???? ????? ??? ????, ??? ???????",Emergency,Immediately go to emergency department or call ambulance
?????? ???? ????????? ????? ????? ??????? ??? ?????????? (???? ????) ??? ????????? ??????? ????? ???? ????? ???????,Emergency,Immediately go to emergency department or call ambulance
"??????? ?????, ??????????? ??? ???? ???? ??? ???? ?????? ?? ????????? ???? ???? ????? ????? ??? ???? ???? ???????? ??? ??? ????? ????????? ????? ?????",Emergency,Immediately go to emergency department or call ambulance
"???? ???? ???? ?????? ?? ???? ?????? ?? ???? ???? ???????? ???? ???? ??? ?? ??? ????? ??? ?? ????? ?????? ????? ????? ?????? ??, ???? ??????",Emergency,Immediately go to emergency department or call ambulance
????? ????????????????? (Severe Allergic Reaction) ?? ??? ????? ?????? ??? ?????? ???????? ???? ???? ????????? ???????? ???? ????? ???????? ?????? ??????,Emergency,Immediately go to emergency department or call ambulance
????????? ????? ??? ??? ???? ?????? ???? ?????? ???? ???????????? ???? ???? ??? ????? ???? ??? ???? ????????!,Emergency,Immediately go to emergency department or call ambulance
"?????, ???? ???? ????? ??? ???? ????? ?????? ??? ???????????? ?????? ???? ??? ??????? ???? ??????? ???? ?? ??? ???? ??? ???? ????? ??????? ?????? ???? ??????????? ???? ?????? ????? ??? ???? ??? ??????? ????? ?? ?? ????? ????????? ????? ?????",Emergency,Immediately go to emergency department or call ambulance
"???? ????? ?????? ???? ???? ??????? ?????? ???? ????? ???? ??? ???? ???? ????? ???? ????????? ???? ??? ????? ??? ??? ????? ??? ?????, ??? ??? ??????? ??? ???? ??????? ???",Emergency,Immediately go to emergency department or call ambulance
"?????? ????????????????? ?????? ??? ???????????? ????????? ????????? (??????? ?????????) ??? ????? ???????? ???????? ??????? ????? ????? ????? ????? ??????? ????? ???? ????????? ???????? ????? ????? ?????, ????????? ??? ????????? ????????????? ??????????? ??????????? ??????? ???????",Emergency,Immediately go to emergency department or call ambulance
"????? ????? ???? ???? ????? ???? ????, ???? ????? ??? ????? ???? ???? ????",Routine,Schedule a regular medical consultation
"????? ???? ?????? ???? ????? ???????? ?? ????, ?????? ??? ??? ??? ???? ????? ??????? ???",Urgent,Seek medical care within 24–48 hours
"???? ???? ????? ?? ????? ????? ????? ????? ???? ???? ???????, ??? ????? ?????? ??????!",Emergency,Immediately go to emergency department or call ambulance
"???, ???? ????? ?????? ?????? ???? ???? ???????? ?????? ??? ??? ????? ???? ?? ?? ???? ???, ?????? ???? ?? ??? ????? ??? ???? ???? ???????? ?????",Routine,Schedule a regular medical consultation
"????? ????? ?????? ????? ??? ??? ???? ????? ?????? ???? ???? ???? ???? ?? ??? ???? ??????, ?????? ???? ???? ?????? ???? ??????? ???",Urgent,Seek medical care within 24–48 hours
"???? ????? ?????? ??? ?????? ???? ???? ???? ?????? ????? ??????? ???? ???? ????? ???????? ?? ??????? ???, ??? ???? ????? ???? ??????? ???? ??????? ?????",Routine,Schedule a regular medical consultation
???????? ??? ??? ??????? ???? ?????? ???? ???? ?????! ?? ???? ??? ?? ??? ????? ???? ??? ?????? ?? ???????? ?? ?? ???? ??? ??? ????????,Emergency,Immediately go to emergency department or call ambulance
"??????? ?????, ??????? ???? ???? ????? ?????? ????? ???? ???? ??????? ?? ???? ??? ?? ???? ??? ????? ???? ????? ??????? ?????????? ???? ??? ?? ????????? ????? ?????? ??? ??????? ??? ??????? ?????? ????? ??????? ??, ???????? ???? ???? ??? ??? ????, ???? ???? ???? ?? ?????? ??? ?????",Urgent,Seek medical care within 24–48 hours
"???????????? ????? ???? ????? ?????? ??????? ??? ???? ????? ??? ???? ?? ??? ???? ????? ???? ??? ????? ???? ??? ??????? ???????? ???? ??????? ????? ???? ???? ???? ?????? ??? ??????? ??? ???? ?? ??? ????? ?????? ???? ???? ???? ???? ????? ??? ?????, ???? ????????????? ?????!",Emergency,Immediately go to emergency department or call ambulance
"?????, ??? ????? ????????? ?????? ?????? ?? ????? ???? ?????? ???? ????? ???? ????? ??? ????? ???? ????? ??? ?????? ??????? ??? ?? ????? ??????? ???? ???? ???? ???, ??????? ?? ?????? ?????? ???, ????? ???????? ???? ?????? ??????????",General Query,"No immediate action required, informational response sufficient"
"????? ??? ???? ???? ????? ???? ???? ???? ????, ???? ????? ?? ?? ???? ????",Routine,Schedule a regular medical consultation
????? ?????? ?????? ????? ???? ??? ???? ?? ??? ????? ???? ??????? ???????,Urgent,Seek medical care within 24–48 hours
"???? ???? ?? ???? ????? ???? ???? ???????? ????? ??????? ???? ??? ??????, ???? ??????!",Emergency,Immediately go to emergency department or call ambulance
"???, ??? ??? ??? ???? ?????? ???????? ???? ???? ???? ????? ??? ????? ??? ???? ???? ????? ????? ?? ???? ??? ???, ????? ???????? ??????? ???? ???? ????",Routine,Schedule a regular medical consultation
????? ??????? ???? ????? ????? ??? ??? ?? ??? ???? ????????????? ???? ?? ???? ???? ??? ??????? ?????? ???????? ??? ???? ?? ?????? ??????? ???? ????,Urgent,Seek medical care within 24–48 hours
"???? ????? ?????? ????? ??? ???? ???? ??? ??????????? ??? ???? ?????? ?? ??????????? ?????? ?????????? ????? ???? ????? ????????, ??????? ?? ???? ???? ?????",Routine,Schedule a regular medical consultation
"???? ????? ?????? ???? ???? ??????? ????????? ?????? ??????? ??, ?????? ??? ????? ???? ???? ???? ?? ??? ?????? ???? ??? ??????? ?????????",Emergency,Immediately go to emergency department or call ambulance
"??????? ????, ???? ????? ?????? ????? ?????? ?????? ???? ??? ??? ?? ???? ?? ????? ???? ???????? ???? ??????? ?????? ?? ????? ????????? ??? ???? ????? ??????? ??????? ??, ??? ???? ???? ??? ???? ??????? ?? ???? ???? ???? ????????? ???? ??????? ??, ??? ????? ????",Urgent,Seek medical care within 24–48 hours
"???? ????? ???? ???? ???? ???????? ???? ????????? ???? ???? ???? ???? ???, ???? ?? ??? ????? ?? ??? ????? ??? ??? ?? ?????? ???? ???? ???????? ???? ???????? ??, ?? ????? ?????? ????? ????? ???????? ?? ?? ???? ???? ??? ??? ??? ??? ???????, ?????????? ????????????? ?????!",Emergency,Immediately go to emergency department or call ambulance
"???? ???? ???????? ?? ??????? ??????? ?????, ????? ???? ??????? ?? ??????????? ??????????? ????????? ????? ????????? ??? ?? ?????? ?????? ????????? ?????? ?????? ????????? ??? ?????? ????? ??????? ???? ????? ???? ???????? ????????? ??????????? ???????",General Query,"No immediate action required, informational response sufficient"
"????? ?????? ????? ???? ?? ???? ???? ??? ???? ??????, ???? ???? ????",Routine,Schedule a regular medical consultation
"????? ?????? ??????? ????? ????? ??? ??? ???, ????????? ????? ????? ??????? ???",Urgent,Seek medical care within 24–48 hours
"?????????????? ???? ????? ????? ???????? ????? ???????? ????? ???? ???????, ??? ???????!",Emergency,Immediately go to emergency department or call ambulance
"?????, ?????? ???? ?????? ?????? ???? ????? ??????? ???? ???? ???? ???? ?? ????? ??? ??? ???? ???? ?? ????????? ?? ???? ???, ????? ???? ??????? ?????",Routine,Schedule a regular medical consultation
"????? ???? ???? ????? ???? ?????? ???? ????? ??? ???????? ??????? ??? ???????? ????????? ?????? ???????? ??? ??? ?? ???? ??????? ??, ??? ???? ????",Urgent,Seek medical care within 24–48 hours
"???? ????? ?????? ????? ????? ????? ??? ?? ?????? ?? ???? ??????? ???? ???? ???? ???? ??? ???? ???? ???? ?? ?? ????? ??????? ???, ????? ???? ???? ???? ???? ????",Routine,Schedule a regular medical consultation
????????? ????? ???? ????? ?????? ????????? ????? ????? ?? ????? ????? ???? ???? ???????! ???????? ?????? ???? ?????? ???? ???? ???? ?????? ?????,Emergency,Immediately go to emergency department or call ambulance
"??????? ?????, ???? ????? ?????? ???????? ???? ??? ???? ??? ???? ?? ???? ???? ???? ??????? ????? ????? ????? ???? ??? ??? ???? ??? ???? ?????? ???????? ??????? ??????? ?????? ???? ???, ??? ????? ??? ?? ??? ??? ??? ????? ???? ??????? ???? ??????? ???",Urgent,Seek medical care within 24–48 hours
"???? ????? ?????? ???? ???? ??????? ?? ????? ???? ???? ??? ???? ?? ???? ?????????? ???? ????? ???? ??????? ???? ??? ????? ??? ??? ?? ?? ???? ???????? ??, ??? ???????? ?? ??? ?? ??? ???? ?? ??? ??? ??????? ??????? ????? ??? ???? ????, ????? ???? ??????? ????????????? ???!",Emergency,Immediately go to emergency department or call ambulance
"??????? ????, ???? ???, ??? ?? ?????? ???? ????? ?????, ??, ???? ??? ?? ????????? ?????? ???, ??? ???????? ????? ???? ??? ???? ????? ????????? ?? ????? ???????? ??? ???? ???? ?????? ?? ???? ???? ?????????? ????? ???, ?????? ??????? ??? ?? ??????????? ???????",General Query,"No immediate action required, informational response sufficient"
"?????? ???? ????? ???? ???? ???? ???? ????, ???? ????? ?? ???? ????",Routine,Schedule a regular medical consultation
"???? ???? ????? ????? ????? ??? ??? ???? ????, ?????? ????? ????? ??????? ???",Urgent,Seek medical care within 24–48 hours
"???? ?????? ??? ???? ?? ????? ????? ???? ???? ???????, ??? ????? ?????? ??????!",Emergency,Immediately go to emergency department or call ambulance
"???, ???? ????? ?????? ???? ???? ???????? ????? ?? ??????? ??? ????? ???? ?? ?? ???? ???, ?????? ?????????? ???? ???? ??????? ???? ????",Routine,Schedule a regular medical consultation
??? ??? ??? ???? ?????? ?????? ????? ???? ???? ???? ??????? ?????? ???????? ????? ???? ???? ??? ?? ????? ??? ???? ?????? ??? ?????,Urgent,Seek medical care within 24–48 hours
???? ???? ???? ??? ???? ???? ??? ????????? ?? ??????????? ??? ???? ?????? ?? ????????? ?????? ?????? ????? ???? ????? ???????? ?? ??????? ????,Routine,Schedule a regular medical consultation
???? ???? ???? ??? ??????? ???? ???? ???????? ?? ???? ??? ????? ????? ???? ??? ???????! ??? ??? ??? ???? ????????,Emergency,Immediately go to emergency department or call ambulance
"??????? ?????, ???-???? ??? ???? ???? ???? ???? ??????? ??????? ????? ?? ???? ???? ???? ?????????? ??? ????? ???? ??? ???? ??? ?? ???? ????? ???? ???? ????? ????? ??? ?? ???? ??? ???????, ??? ????? ?????? ??? ??????? ??? ??????? ?????? ????? ??????? ??, ??? ????? ????",Urgent,Seek medical care within 24–48 hours
"???????????? ????? ???? ???? ?????? ?????????? ??? ???? ????? ???? ???? ?? ???-??? ???? ????? ???? ??? ????? ???? ??? ??????? ???????? ???? ??????? ????? ???? ???? ???? ?????? ??? ??????? ??? ???? ?? ??? ????? ?????? ???? ???? ???? ???? ????? ??? ?????, ???? ????????????? ?????!",Emergency,Immediately go to emergency department or call ambulance
"?????, ??? ????? ????????? ?????? ???? ???????? ?? ???????? ???????? ????? ???? ????? ????? ??? ????? ???? ???? ?? ?????? ????? ?? ????? ????????????? ???? ???? ???? ???, ??????? ?? ?????? ?????? ???, ????? ???????? ???? ?????? ??????????",General Query,"No immediate action required, informational response sufficient"
"????? ??? ???? ???? ????? ???? ?? ???? ???? ????, ??? ???? ????? ?? ????????? ????",Routine,Schedule a regular medical consultation
"??????? ??? ??? ?????????? ??? ?? ?? ?????? ???, ??? ???? ????? ???? ???? ???????",Urgent,Seek medical care within 24–48 hours
???? ???? ???? ?????? ????? ????? ???? ?????? ????????? ?????? ?? ??? ?? ?? ???? ??? ??? ????????!,Emergency,Immediately go to emergency department or call ambulance
"???, ??? ??? ??? ???? ????? ?????? ??????? ???? ???? ???? ???????? ??? ??? ??? ????? ??? ???? ???? ????? ????? ?? ?????? ???? ????",Routine,Schedule a regular medical consultation
????? ?????? ???? ????? ????? ?????? ?????? ???? ????? ??? ????? ???? ???? ?? ?? ??? ???? ??? ???? ????? ??????? ????? ????????,Urgent,Seek medical care within 24–48 hours
???? ???? ???? ????? ?????? ?? ??? ???? ?????????? ???? ?????? ????? ?? ??????????? ?????? ???? ??????????? ????????? ?? ???? ????? ??? ?? ???? ???? ????,Routine,Schedule a regular medical consultation
"???? ???? ???? ??? ???? ???? ???? ????????? ????? ??????? ??, ???? ?????? ??? ???? ?? ??? ?????? ???? ??? ??????? ??????? ??? ??????",Emergency,Immediately go to emergency department or call ambulance
"??????? ????, ???? ????? ??? ??????? ??????? ??? ???? ???? ???? ???? ????? ????? ?? ????? ???? ???????? ??????? ?????? ?? ????????? ????? ??? ???? ???? ????? ?? ???? ??????? ????? ?? ??????, ????? ????? ??? ???? ??? ?? ???? ???? ???? ????????? ???? ??????? ???",Urgent,Seek medical care within 24–48 hours
"???????? ???? ??????? ????? ?? ????? ??? ??? ???? ???????? ???? ???? ?????? ???? ??? ?? ????????? ????? ??????? ??? ????? ??? ??? ?? ?????? ???? ???? ???????? ???? ???????? ??, ?? ????? ?????? ????? ????? ???????? ?? ?? ???? ???? ??? ??? ????????",Emergency,Immediately go to emergency department or call ambulance
"???? ???????-????????? ?? ??????? ????? ?? ?????? ?????, ????? ?????? ??? ??????? ????????? ??????? ????????? ????????? ?????? ?????? ????????? ??? ?????? ????? ??????? ??????? ???? ????? ???? ???????? ????????? ??????????? ???????",General Query,"No immediate action required, informational response sufficient"
"?? ?????? ??? ????? ??? ???? ??????? ???? ???????? ????, ??? ???? ???? ???? ?? ????????? ????",Routine,Schedule a regular medical consultation
????? ?????? ???? ??? ???? ?????? ?? ?????? ???? ???? ??? ???????? ??????? ???,Urgent,Seek medical care within 24–48 hours
????????? ??? ???? ???? ???? ???? ????? ?? ???? ??? ???? ???? ??? ???? ?????? ?? ??? ??????? ??? ?????!,Emergency,Immediately go to emergency department or call ambulance
"?????, ?????? ???? ?????? ?????? ????? ???? ????? ???? ???? ???? ????? ????? ???? ?? ?????? ???? ???? ???? ????? ???? ?? ?? ???? ????",Routine,Schedule a regular medical consultation
????? ???? ???? ????? ????? ?????? ???? ???? ??? ?? ????? ??? ???? ???? ???? ?? ?? ???? ???? ???? ?? ?? ??? ???????,Urgent,Seek medical care within 24–48 hours
???? ????? ?????? ???? ???? ??????? ???? ????????? ??? ????? ??? ??????? ?? ?? ???????? ????? ???????? ??? ??? ??? ??????? ?????,Routine,Schedule a regular medical consultation
???????? ????? ??? ????? ???? ??? ?????? ??? ???? ????? ???? ??????????? ???? ???? ?? ???? ??? ???? ?????? ???? ?? ???????? ??? ??? ???????!,Emergency,Immediately go to emergency department or call ambulance
"??????? ?????, ???? ????? ?????? ???? ???? ??? ???? ?????? ??? ??????? ?????? ?? ???? ???? ?? ?? ???? ????? ????? ????? ???? ??? ??? ???? ??? ???? ??????? ???????? ??????? ??????? ?????? ???? ???, ??? ????? ??? ?? ??? ??? ??? ????? ?????? ???? ??????? ???",Emergency,Immediately go to emergency department or call ambulance
"???? ????? ?????? ???? ???? ?????? ????? ???? ??? ???? ?? ???? ?????????? ???? ????? ???? ??????? ???? ??? ????? ??? ??? ?? ?? ????? ??? ???? ???????? ??, ??? ???????? ?? ??? ?? ??? ???? ?? ??? ??? ??????? ??????? ????? ??? ???? ????, ????? ???? ??????? ????????????? ???!",Emergency,Immediately go to emergency department or call ambulance
"??????? ????, ???? ???, ?????? ?? ?????? ???? ????? ?????, ??, ???? ??? ?? ??????????? ?????? ???, ??? ???????? ????? ???? ??? ???? ????? ????????? ?? ??? ????? ??????? ?? ????? ???? ??? ????? ?????????? ???????????? ???? ???????? ??? ????????",General Query,"No immediate action required, informational response sufficient"
"?? ?????? ??? ????? ????? ???? ??????? ???? ???? ???? ???? ?? ????? ????? ???, ?? ???? ????? ????",Routine,Schedule a regular medical consultation
"????? ??? ???? ???? ??? ????? ???? ???? ????? ???? ????, ?????? ???? ??? ???????? ??????? ???",Urgent,Seek medical care within 24–48 hours
???? ???? ?????? ????? ???? ???? ????????? ??? ??? ????? ????????? ?????? ?? ??? ?????? ??? ?????!,Emergency,Immediately go to emergency department or call ambulance
"???, ???? ????? ?????? ???? ???? ???????? ???? ??????? ?? ????? ????? ????? ???? ????? ????? ?? ??? ???, ????? ????? ?????? ???? ??????? ???? ??? ???",Routine,Schedule a regular medical consultation
??? ??? ??? ??????? ???? ???? ???? ???? ????? ??????? ????? ?????? ?? ???? ????? ????? ??????? ??????? ?? ????????? ????? ??? ????? ???? ??? ???? ??????? ???,Urgent,Seek medical care within 24–48 hours
???? ????? ?????? ??? ???? ??? ??? ?? ??????? ??? ???? ?????? ?? ????????? ?????? ???????? ?????? ????? ???? ????? ??????? ?? ?? ???? ?????? ????,Routine,Schedule a regular medical consultation
"???? ???? ??????? ?????? ???? ????? ???? ????? ??? ???? ??? ??????, ???? ???? ??? ??? ???? ?? ??? ???? ??????? ??? ??????",Emergency,Immediately go to emergency department or call ambulance
"??????? ?????, ???-???? ??? ???? ???? ????? ??? ???? ??????? ????? ?? ???? ???? ???? ?????????? ???? ??? ????? ???? ??? ???? ??? ???? ?? ???? ???? ????? ????? ??? ?? ?????? ??? ??? ???????, ??? ????? ?????? ??? ????? ???? ?????? ??????? ??????? ???",Urgent,Seek medical care within 24–48 hours
"???? ???? ???? ???? ??????? ???? ???? ??? ?????? ?????? ?? ???? ????? ??????? ?? ??? ?????? ???? ????? ???? ??????? ???????? ???????? ????????? ????? ???? ???? ???? ?????? ??? ??? ?????? ?? ??? ??????? ???? ???? ???? ????? ??? ?????, ???? ????????????? ?????!",Emergency,Immediately go to emergency department or call ambulance
"?????, ??? ????? ????????? ?????? ????? ? ????? ??????? ??????????? ???? ????? ???? ??? ??? ????????? ??? ????? ???????? ????? ???? ???? ???????? ???? ????? ?? ????? ????????????? ???? ???? ???? ???, ???????? ?? ?????? ?????? ???, ????? ???????? ???? ?????? ??????????",General Query,"No immediate action required, informational response sufficient"
"????? ??? ???? ???? ????? ???? ???? ???? ???? ????, ??? ???? ????? ????? ?? ??? ??? ????",Routine,Schedule a regular medical consultation
"??????? ??? ??? ?????????? ??? ?? ?? ?????? ???, ??? ???? ????? ???? ???? ???????",Urgent,Seek medical care within 24–48 hours
???????? ??? ??? ????? ???? ??? ???? ???? ????? ??? ? ??? ????? ???? ???? ???? ??? ??? ???????!,Emergency,Immediately go to emergency department or call ambulance
"???, ??? ??? ??? ???? ????? ?????? ??????? ???? ???? ???? ???????? ??? ??? ??? ????? ??? ???? ???? ????? ????? ?? ?????? ???? ????",Routine,Schedule a regular medical consultation
????? ?????? ???? ????? ?????? ?????? ?????? ???? ????? ??? ????? ???? ???? ?? ?????? ??? ???? ??????? ?????? ??? ??? ???????,Urgent,Seek medical care within 24–48 hours
???? ???? ???? ???? ????? ?? ???-?????????? ????? ?????? ?? ??? ???? ????? ?????? ?????? ????? ?? ??????????? ?????? ???? ??????????? ????? ???? ?? ???? ???? ????,Routine,Schedule a regular medical consultation
"???? ???? ???? ??? ???? ???? ???? ????????? ????? ?????? ??, ?????? ???? ???? ??????? ??? ???? ?? ??? ?????? ???? ??? ??????? ?????? ??? ??????",Emergency,Immediately go to emergency department or call ambulance
"??????? ????, ???? ????? ??? ??????? ??????? ??? ???? ???? ???? ???? ????? ????? ?? ????? ???? ???????? ??????? ?????? ?? ????????? ????? ??? ???? ???? ????? ?? ???? ??????? ????? ?? ??????, ????? ????? ??? ?????? ?? ???? ???? ???? ????????? ???? ??????? ???",Urgent,Seek medical care within 24–48 hours
"???? ???? ????????? ????????? ?? ??????? ????? ??? ??? ???? ???? ???? ?????? ???? ???????? ????? ???????? ?????????? ????????? ???? ??? ????? ??? ??? ?? ?????? ???? ???? ???????? ???? ???????? ??, ??? ???? ????? ???? ??? ?????? ?? ???? ???? ??? ??? ???????, ??????????? ????????????? ?????!",Emergency,Immediately go to emergency department or call ambulance
"???? ??????????-???????????? ???????? ?? ????? ????????? ?? ?????? ?????, ????? ?????? ??? ??? ?????????? ????????? ????????? ????????? ?????? ?????? ????????? ??? ?????? ????? ??????? ??????? ???? ????? ???? ???????? ????????? ??????????? ???????",General Query,"No immediate action required, informational response sufficient"
"?? ?????? ??? ????? ??? ???? ??????? ???? ???????? ????, ??? ???? ???? ???? ?? ??? ????",Routine,Schedule a regular medical consultation
????? ?????? ???? ??? ???? ???? ???? ?? ?????? ???? ???? ??? ???????? ??????? ???,Urgent,Seek medical care within 24–48 hours
????????? ??? ???? ???? ???? ???? ????? ?? ???? ????? ???? ??? ?????? ?? ??? ??????? ??? ?????!,Emergency,Immediately go to emergency department or call ambulance
"?????, ?????? ???? ?????? ????? ?????? ???? ????? ???? ???? ???? ????? ????? ???? ?? ??????? ???? ???? ????? ???? ?? ?? ???? ????",Routine,Schedule a regular medical consultation
????? ???? ???? ????? ??????? ?????? ???? ???? ??? ?? ????? ??? ???? ???? ??? ?? ???? ??????? ???? ??? ???????,Urgent,Seek medical care within 24–48 hours
???? ????? ?????? ???? ???? ??????? ???? ????????? ??? ????? ??? ??????? ?? ?? ???????? ????? ???????? ??? ??? ??? ??????? ?????,Routine,Schedule a regular medical consultation
???????? ????? ??? ????? ???? ??? ?????? ????? ??? ???? ????? ???? ????? ???? ???? ?????? ????????? ?????? ?? ???????? ??? ??? ???????!,Emergency,Immediately go to emergency department or call ambulance
"??????? ?????, ???? ????? ?????? ???? ???? ??? ???? ?????? ??? ??????? ?????? ?? ???? ?????? ????? ????? ????? ???? ??? ??? ???? ??? ???? ????? ???????? ??????? ??????? ?????? ???? ???, ??? ????? ??? ?? ??? ??? ??? ????? ?????? ???? ??????? ???",Urgent,Seek medical care within 24–48 hours
"???? ????? ?????? ???? ???? ?????? ????? ???? ??? ???????? ????????? ??????? ???? ??? ???? ??????????? ???? ??? ????? ??? ??? ?? ?? ????? ??? ???? ???????? ??, ??? ???????? ?? ??? ?? ??? ???? ?? ??? ??? ??????? ??????? ????? ??? ???? ????, ????? ???? ??????? ????????????? ???!",Emergency,Immediately go to emergency department or call ambulance
"??????? ????, ???? ???, ???????? ?? ?????? ???? ????? ?????, ??, ???? ??? ?? ????????? ?????? ???, ??? ???????? ????? ???? ??? ???? ????? ????????? ?? ????? ??? ?? ????? ????? ?????????? ???????????? ???? ???????? ??? ????????",General Query,"No immediate action required, informational response sufficient"
"??????? ??????? ??? ???? ???? ???? ????? ????, ??????? ?? ????? ????",Routine,Schedule a regular medical consultation
????? ?????? ???? ???? ???? ??????? ???????? ?? ??? ??? ???? ??? ?????,Urgent,Seek medical care within 24–48 hours
????? ???? ???? ???? ???????? ????? ????? ???? ???? ?? ??? ???? ?????!,Emergency,Immediately go to emergency department or call ambulance
"???? ???? ?????? ????? ?????? ???? ????? ????? ???? ????? ???, ???? ?? ????? ????? ????? ???? ??? ??? ??? ????, ????????????? ???? ????",Routine,Schedule a regular medical consultation
????? ????? ???? ???? ???? ???? ???? ?? ????? ???? ????? ???? ???? ??? ??????? ?????? ????? ???? ??? ???????? ?? ???? ???? ??????? ???,Urgent,Seek medical care within 24–48 hours
???? ????? ?????? ??? ???? ????? ???? ??? ??? ???? ?????? ?? ??????? ??? ??? ??? ???? ????? ???? ??????? ?? ?? ???? ?????? ????,Routine,Schedule a regular medical consultation
"???? ???? ????????? ???? ???? ????? ???????? ????? ???? ???? ????, ????? ???? ??? ?????? ?? ??? ????? ???? ???????? ???",Emergency,Immediately go to emergency department or call ambulance
"??? ??????? ??? ??? ????? ??????? ?????? ??? ???? ???? ???? ??????? ?????????? ?? ???? ???? ???? ??????? ???????? ????? ???? ???? ??????? ????? ???????? ??????? ??? ????, ??? ????? ????????? ???? ???????? ??????? ???",Urgent,Seek medical care within 24–48 hours
"???? ??? ??????? ?????? ???????? ?? ???? ???? ????? ????? ????? ???? ???? ???????? ????? ???????? ???? ????? ???? ???-?? ?????? ??? ????, ??????? ???? ???????? ?? ?? ??? ??????? ???? ???? ???? ????? ??? ??????",Emergency,Immediately go to emergency department or call ambulance
"???? ????? ????? ??? ???????? ??????? ?????? ???? ????? ????? ???? ???? ??? ?? ????????????? ??????? ??? ?? ??????? ???? ?????? ???? ???????, ???? ?? ?????? ?????? ???, ?????????? ????? ???? ??????? ??????",General Query,"No immediate action required, informational response sufficient"
"????? ???????? ???? ???? ???? ????? ??? ???, ???? ???? ?? ??????? ????",Routine,Schedule a regular medical consultation
???? ?????? ???? ????? ????? ???? ??? ??? ????? ?? ??? ????? ???? ??? ???????,Urgent,Seek medical care within 24–48 hours
"?????? ??? ???? ???? ??????? ????? ????? ???? ????, ????? ????? ?? ?????? ?? ? ??????? ??? ?????",Emergency,Immediately go to emergency department or call ambulance
"???? ?????? ??????? ?????? ???? ????? ???? ?? ???? ???? ????? ???? ???? ???????, ???? ?? ????? ???????? ?? ???? ????",Routine,Schedule a regular medical consultation
???? ?????? ?????? ???? ????? ???? ?????? ???? ????? ??? ??? ???? ???? ?? ????? ?????? ???? ??????? ???? ???? ???????,Urgent,Seek medical care within 24–48 hours
???? ????? ????? ???? ???? ????? ??????? ?? ?? ????? ?????? ??? ??? ???? ???? ???? ???? ?? ??????? ?????? ????,Routine,Schedule a regular medical consultation
"????? ???? ?????? ????? ???? ???? ???? ???? ???? ???? ?? ????? ???? ???? ??? ????????? ?????? ??????? ??, ??? ?????? ??? ??????? ??? ???????",Emergency,Immediately go to emergency department or call ambulance
??? ????? ???? ?????? ??? ??? ????? ???? ????? ?????? ?????? ?? ?????? ????? ???? ???? ???? ???? ????,Urgent,Seek medical care within 24–48 hours
"???????? ???? ????????? ????????? ?????? ???? ??? ?? ????? ????? ???? ????? ???????? ????? ????? ??? ??? ?? ?????? ???? ???? ???????? ???? ???????? ??, ????? ????????? ???? ???? ?? ???? ???? ?????? ??? ??? ??? ???????",Emergency,Immediately go to emergency department or call ambulance
"???? ???????????????? ?????? ?? ?????????? ??????? ?????? ?????, ????????? ?????? ????????? ???????? ??? ????? ???????? ????????? ?????? ????????? ??? ?????? ???? ????? ?? ???? ?????? ?????? ???????? ???? ???????? ????????? ??????????? ???????",General Query,"No immediate action required, informational response sufficient"
"????? ?????? ??????? ???? ????? ??? ????, ???? ????, ????? ??? ?? ??????? ????",Routine,Schedule a regular medical consultation
????? ????? ????? ???? ??? ??? ????? ???? ???? ?? ?????? ???? ???? ??????? ??????? ???,Urgent,Seek medical care within 24–48 hours
"?????? ???????? ????? ???? ????? ????? ???? ???? ???? ???? ????, ?????? ?????????? ??? ??????!",Emergency,Immediately go to emergency department or call ambulance
"?????????? ????? ???? ???? ????? ?? ????? ??????? ???? ???? ???? ????? ?? ??? ??? ??? ??? ???? ???? ?????????, ???? ?? ???? ????",Routine,Schedule a regular medical consultation
?????? ??????? ???? ????? ?????? ??? ????? ??????? ?? ??? ????? ???? ???? ????????????? ?? ???? ?? ????? ???? ??? ???????,Urgent,Seek medical care within 24–48 hours
???? ????? ????? ???? ???? ??????? ???? ??????? ?? ???? ????? ???? ??? ??????? ?? ?? ???????? ?????? ???????? ??? ??? ??? ??????? ?????,Routine,Schedule a regular medical consultation
"????????? ???? ??? ?????? ???? ???? ??? ?? ????? ????? ???????? ????? ???? ?? ???????? ?????? ???? ????? ???? ??????? ??, ???? ??? ??? ???????",Emergency,Immediately go to emergency department or call ambulance
??????? ?????? ????? ???? ??? ???? ?????? ??? ??????? ?????? ?? ???? ?????? ????? ????? ????? ?? ??? ??? ????,Urgent,Seek medical care within 24–48 hours
"???? ?????? ?????? ???? ????? ?????? ??????? ?????? ????? ?????? ????? ?????????? ??????? ???? ????? ??? ??? ?? ?? ????? ??? ???? ???????? ??, ???-?? ?????? ??? ???? ?? ??? ??? ??????? ??????? ????? ??? ???? ?????",Emergency,Immediately go to emergency department or call ambulance
"???? ???? ??? ?? ???????? ????? ??? ????? ???? ?????? ???? ?????????? ?? ????? ????? ??????? ??? ???????? ???? ?????? ???? ???, ???????, ???? ?? ?????? ?????? ???, ????? ????? ???? ??????????",General Query,"No immediate action required, informational response sufficient"
"??????? ??????? ???? ???? ???? ????? ?? ????? ????, ???? ????? ?? ??????? ????",Routine,Schedule a regular medical consultation
????? ???? ???? ?? ???? ???? ???? ???? ??? ??? ??? ?? ??????? ??????? ????? ???????,Urgent,Seek medical care within 24–48 hours
???????? ???? ????? ???? ????? ???????? ????? ???? ???? ?? ??? ???? ???? ???? ????? ????????!,Emergency,Immediately go to emergency department or call ambulance
"?????? ???? ???? ????? ??????? ???? ???? ???? ??? ??? ????? ???? ????? ????? ???, ???? ?? ???? ???, ????? ????? ?????",Routine,Schedule a regular medical consultation
??? ??? ??? ????? ?????? ?????? ???? ???? ???? ????? ????????? ???? ???? ???? ?? ??? ????? ??????? ???? ?? ? ??? ?????? ??? ???,Urgent,Seek medical care within 24–48 hours
"???? ????? ???? ???????? ????? ??????? ??? ???? ????? ?? ????? ??? ??? ?????? ???? ????? ????????, ???? ?? ???? ????",Routine,Schedule a regular medical consultation
"???? ???? ????????? ???? ???? ???? ????? ????? ???? ???? ???? ???? ????, ????? ?????????? ???-?? ?????? ??? ??? ??? ??????? ???????",Emergency,Immediately go to emergency department or call ambulance
???-???? ??? ???? ???? ????? ?????? ?? ?? ???? ???? ??????? ??????? ?? ???? ???? ???? ???? ????? ???????? ????? ????,Urgent,Seek medical care within 24–48 hours
"???? ???? ????? ???? ???? ??????? ????? ?? ????? ?? ????? ???? ????? ????? ???? ??? ??????? ????? ??????????? ??????????? ????? ???? ???? ???? ??????? ??? ???? ?? ??? ????? ?????? ???? ???? ???? ???? ????? ??? ?????, ???? ????????????? ?????!",Emergency,Immediately go to emergency department or call ambulance
"??????? ?????? ??????? ??? ???? ???? ??? ????????? ???? ?????? ?????? ?? ??? ???????? ????? ???, ?????? ??????? ??? ?? ??????? ???? ?????? ???? ??? ?? ??????? ???, ????? ?????? ?????? ???? ??????????",General Query,"No immediate action required, informational response sufficient"
"?? ?????? ??? ???? ????? ??????? ???? ???? ??? ????? ????, ???? ???? ?? ???? ????",Routine,Schedule a regular medical consultation
????? ?????? ?????? ???? ????????? ???? ???? ?? ????? ???? ????? ????? ?? ? ???? ??? ???????,Urgent,Seek medical care within 24–48 hours
"???? ????? ?????? ????????? ???? ???? ??? ?? ????? ????? ????? ????, ??? ?? ?? ???? ??????? ??? ??????!",Emergency,Immediately go to emergency department or call ambulance
"????? ????? ????? ?????? ???? ???? ???????? ???? ????? ??? ????? ???? ??, ??????? ?? ???? ???, ????? ???? ????? ?????",Routine,Schedule a regular medical consultation
???? ?????? ???? ????? ???????? ???? ?????? ???? ????? ??? ???????? ??? ??? ???? ????? ?????? ???????? ??? ??? ?? ???? ??????? ??????? ???,Urgent,Seek medical care within 24–48 hours
???? ????? ?????? ??? ???? ??? ???? ???? ??? ???? ?????? ?? ????????? ?????? ???????? ?????? ????? ???? ????? ??????? ?? ?? ???? ?????? ????,Routine,Schedule a regular medical consultation
"???? ????????? ??? ???? ???? ???? ????? ????? ???? ???? ???? ???? ????, ????????? ??????? ??? ??? ????????? ??? ??? ??????? ??? ??????",Emergency,Immediately go to emergency department or call ambulance
??? ????? ?????? ???????? ????? ???? ??? ???? ???? ??????? ?? ???? ???? ?????? ????? ????? ???? ??? ??? ????,Urgent,Seek medical care within 24–48 hours
"???? ???? ????? ????? ???????? ??? ??? ???? ??? ?????????? ??????? ???? ????? ??? ??? ?? ?? ????? ??? ???? ???????? ??, ???-?? ?????? ??? ???? ?? ??? ??? ??????? ??????? ????? ??? ???? ????, ????? ???? ??????? ????????????? ???!",Emergency,Immediately go to emergency department or call ambulance
"????? ???? ???? ?????? ?????? ????? ?? ?????? ???? ??? ??? ???? ?????????? ???????????? ???? ???????? ??? ??????? ?? ???? ????? ???? ??? ??? ???? ??? ?? ?????? ???? ????? ?????, ?? ?? ???????? ?????? ???, ?????????? ????? ???? ???????? ??????",General Query,"No immediate action required, informational response sufficient"
??? ?????? ???? ???? ?????? ?????? ???? ????? ?? ??????? ????,Routine,Schedule a regular medical consultation
?????????? ????? ???? ???? ?? ???? ???? ????? ??????? ?????,Routine,Schedule a regular medical consultation
??? ????? ?? ????? ???? ???? ????? ???? ?????? ???? ???? ????,Routine,Schedule a regular medical consultation
???? ??? ??? ????? ??? ?????? ?????? ???? ???? ?????? ????,Routine,Schedule a regular medical consultation
"???? ??????? ??????? ???? ??????, ??? ???? ??? ??? ????",Routine,Schedule a regular medical consultation
????? ?????? ????? ??????? ?? ??? ??? ???? ?????,Urgent,Seek medical care within 24–48 hours
?????????? ??? ??? ??????? ??? ????? ???????,Urgent,Seek medical care within 24–48 hours
"????? ????? ????? ?? ???? ????, ?????? ???? ???",Urgent,Seek medical care within 24–48 hours
???? ??? ??? ???? ?????? ??? ?????? ?? ????? ?????? ?????,Urgent,Seek medical care within 24–48 hours
?????????? ???? ??? ????? ??? ??????? ???? ?????,Urgent,Seek medical care within 24–48 hours
????????? ??? ?????? ?? ????? ???? ????? ??? ???? ?? ?????? ?????,Urgent,Seek medical care within 24–48 hours
????? ????????????? ????????? ????? ?? ????????? ???? ???? ??? ??????,Urgent,Seek medical care within 24–48 hours
??? ??????? ???? ???? ???? ???? ??? ????? ?? ????? ??????,Urgent,Seek medical care within 24–48 hours
????? ????? ???? ???? ????? ?? ??? ???? ????? ????,Urgent,Seek medical care within 24–48 hours
?????????? ???????? ??? ??? ???? ?????? ?? ??? ???? ???????,Urgent,Seek medical care within 24–48 hours
????? ?????? ?? ???? ????? ??????? ??? ????? ???? ???? ??????,Emergency,Immediately go to emergency department or call ambulance
?????????? ????????? ????? ??? ???? ??? ?????? ?? ???? ??? ??????,Emergency,Immediately go to emergency department or call ambulance
???? ???? ???? ???? ?? ????? ??????? ?????? ????? ?????,Emergency,Immediately go to emergency department or call ambulance
???? ??????? ???? ????? ?? ???? ???? ????? ??? ?????,Emergency,Immediately go to emergency department or call ambulance
?????????? ???? ????? ??? ????? ????? ?? ??????? ??????,Emergency,Immediately go to emergency department or call ambulance
??? ????? ?? ????? ???? ?????? ???? ??????? ?? ????? ????,Routine,Schedule a regular medical consultation
????? ??? ???? ?????? ?????? ????????? ????????? ????,Routine,Schedule a regular medical consultation
???? ???? ????? ????? ?? ?????? ???? ??????? ????,Routine,Schedule a regular medical consultation
??? ?????? ????? ??? ????? ??????? ??????,Routine,Schedule a regular medical consultation
??? ???? ???? ???? ??? ?????? ?????? ???? ?????? ????,Routine,Schedule a regular medical consultation
???? ??? ?? ?? ??? ??? ???? ????? ??? ?????? ??? ???????,Urgent,Seek medical care within 24–48 hours
?????????? ??? ???? ????? ?? ????? ??????? ??????,Urgent,Seek medical care within 24–48 hours
????? ????? ????? ?? ??? ???? ????? ???? ??????,Urgent,Seek medical care within 24–48 hours
?????????? ????? ??? ?? ??? ??? ?????? ??????,Urgent,Seek medical care within 24–48 hours
????? ????? ???? ???? ?????? ?? ??? ??????????,Urgent,Seek medical care within 24–48 hours
???????? ?????? ????? ????? ???????? ??????? ??? ???? ???? ?? ????????? ??????,Emergency,Immediately go to emergency department or call ambulance
?????????? ????????? ????? ??? ???? ???? ???? ?? ??????? ?????? ??? ??????,Emergency,Immediately go to emergency department or call ambulance
???? ????? ???? ???? ???? ???? ?? ?????? ??? ?????,Emergency,Immediately go to emergency department or call ambulance
????? ????????? ?????????? ???? ?????????? ????? ??? ?????,Emergency,Immediately go to emergency department or call ambulance
?????????? ????? ??????? ????? ????? ?? ?????? ????? ???????,Emergency,Immediately go to emergency department or call ambulance
"?????? ???? ???? ???????? ?????? ??? ???? ??? ???? ???, ?????? ???? ????? ?? ?? ????",Routine,Schedule a regular medical consultation
????? ????? ?????? ??? ??? ????? ???? ??????? ?????????? ?? ????? ??? ??? ???? ???????,Urgent,Seek medical care within 24–48 hours
?????????? ????????? ???? ???? ???? ????? ????? ??????? ????? ???? ?? ??? ?????? ?????!,Emergency,Immediately go to emergency department or call ambulance
"??????? ???? ????? ?????? ???? ???? ???????? ????? ?? ????? ??? ????? ???? ?? ?? ?? ????? ??????? ???, ????? ????? ??? ????? ????",Routine,Schedule a regular medical consultation
??? ??? ??? ????? ?????? ???? ???? ???? ???? ????? ????????? ????? ???? ???? ?? ????? ???? ???? ???? ??? ??????? ?????? ???? ??? ???? ????? ??????? ??????? ???,Urgent,Seek medical care within 24–48 hours
????? ?????? ?????? ???? ???? ??? ????? ??? ??? ?? ??????? ??? ??? ??? ???? ???? ??????? ?? ?? ???? ?????? ????,Routine,Schedule a regular medical consultation
"???? ????? ???????? ????????? ??? ???? ????????? ????? ???????? ????? ???? ???? ????, ????? ???? ??? ?????? ?? ??? ????? ???? ???????? ???",Emergency,Immediately go to emergency department or call ambulance
???? ????? ??????? ??????? ????????? ???? ????? ?????? ?? ?? ???? ???????? ???? ????? ????? ?? ??? ??? ????,Urgent,Seek medical care within 24–48 hours
"????? ??? ??????? ?? ??????? ???? ????, ????? ???? ???? ????? ?? ???? ????? ??? ???????",Emergency,Immediately go to emergency department or call ambulance
"????? ????????? ?????? ? ??????? ????? ???? ?????? ???? ????? ????? ?????, ???? ??? ????",General Query,"No immediate action required, informational response sufficient"
???????? ???? ?? ????? ???? ????? ?? ??? ??? ?????,Routine,Schedule a regular medical consultation
????? ????? ?????? ??????? ???? ???? ?? ???????? ??? ??????,Urgent,Seek medical care within 24–48 hours
?????? ??? ???? ??????? ???? ???? ?? ???? ????????,Emergency,Immediately go to emergency department or call ambulance
????? ??? ???? ????? ??? ???? ?????? ????? ????,Routine,Schedule a regular medical consultation
????? ??????? ????? ???? ????? ?? ????? ????? ??????,Urgent,Seek medical care within 24–48 hours
??? ??? ??? ????? ????? ???? ?????? ???? ????? ????,Routine,Schedule a regular medical consultation
???? ????? ???? ???? ?????? ???? ?????,Emergency,Immediately go to emergency department or call ambulance
???????? ????? ????? ?? ????????? ?????? ????? ?????? ??????,Urgent,Seek medical care within 24–48 hours
????????? ?????? ??????? ???? ????????? ??????,Emergency,Immediately go to emergency department or call ambulance
????? ????? ???????? ?????? ???? ????? ????? ??????,General Query,"No immediate action required, informational response sufficient"
???? ??????? ????? ???? ?????? ?????? ????,Routine,Schedule a regular medical consultation
????? ????? ????? ????? ????? ?? ????? ?????,Urgent,Seek medical care within 24–48 hours
?????????? ???? ???? ????????? ??????,Emergency,Immediately go to emergency department or call ambulance
???? ??? ????? ???? ?????? ???? ???? ????,Routine,Schedule a regular medical consultation
????? ???? ???? ???? ? ???????? ??? ??????,Urgent,Seek medical care within 24–48 hours
????? ???? ???? ?????? ?????? ??? ??????,General Query,"No immediate action required, informational response sufficient"
??????? ????? ??? ??? ??? ??????? ???? ?????,Emergency,Immediately go to emergency department or call ambulance
???????? ????? ?? ??? ???? ???? ??????,Urgent,Seek medical care within 24–48 hours
???????? ????? ??????? ????? ????? ???????,Emergency,Immediately go to emergency department or call ambulance
????? ????????? ??????? ?????? ???? ????? ????? ??????,General Query,"No immediate action required, informational response sufficient"
????? ????? ????? ???? ???? ?????? ????,Routine,Schedule a regular medical consultation
????? ???? ???? ???? ????? ?? ????? ?????,Urgent,Seek medical care within 24–48 hours
??????? ?? ??????? ????? ??????,Routine,Schedule a regular medical consultation
?????? ????? ????? ????????? ???? ??????,Urgent,Seek medical care within 24–48 hours
????? ??? ???? ???????? ???? ?????? ???????,General Query,"No immediate action required, informational response sufficient"
"??????? ???? ????? ?????? ????? ?????? ???? ???? ???????? ????? ?? ????? ??? ????? ???? ?? ?? ?? ????? ??????? ???, ????? ????? ???? ??? ????? ????",Routine,Schedule a regular medical consultation
???? ????? ?????? ?????? ???? ???? ??? ????? ???? ??? ???? ?????? ?? ??????? ??? ??? ??? ???? ????? ???? ??????? ?? ?? ???? ?????? ????,Routine,Schedule a regular medical consultation
"??? ??????? ??? ???? ????? ??????? ??????? ????????? ???? ????? ?????? ?? ?? ???? ???????? ???? ????? ????? ?? ??? ??? ???? ?? ????????? ????? ???????? ???? ???? ???, ??? ????? ?? ??? ??? ??? ??? ????? ?? ???? ????? ?????? ?????? ???? ??????? ???",Urgent,Seek medical care within 24–48 hours
"????? ???? ??? ?????? ??? ?? ????? ??????? ???????? ?? ???? ???? ???? ??????? ????? ????? ????? ??????????? ???? ????? ???? ???-?? ?????? ??? ????, ??????? ???? ???????? ?? ?? ??? ??????? ???? ???? ???? ????? ??? ??????",Emergency,Immediately go to emergency department or call ambulance
"????? ????????? ?????? ??? ????? ??? ????? ?????? ???????? ??????? ?????? ???? ????? ???? ?????? ???? ???? ??? ??????? ??? ?? ??????? ???? ????? ???? ???????, ????, ????? ?? ???????? ?????? ???, ?????????? ????? ???? ??????? ??????",General Query,"No immediate action required, informational response sufficient"
"???????? ???? ?? ????? ??????? ???? ???? ???? ????? ?? ??? ??? ????, ???? ???? ????",Routine,Schedule a regular medical consultation
????? ??? ???? ??? ???????? ????? ??? ??? ??? ?? ??? ???? ????????????? ???? ??? ???????,Urgent,Seek medical care within 24–48 hours
???? ????? ?????? ??? ??? ???? ???? ????????? ????? ????? ???? ???? ?? ??? ?????? ??????? ??? ?????!,Emergency,Immediately go to emergency department or call ambulance
"?????? ???? ?????? ????? ??? ???? ????? ??? ???? ?? ???? ???? ????? ?????? ???? ????? ???????, ???? ?? ?????? ?????? ???? ?? ???? ????",Routine,Schedule a regular medical consultation
????????? ?????? ???? ????? ???????? ???? ?????? ???? ????? ??? ????? ???? ???? ?? ????? ??? ????? ??????? ??????? ????? ????????,Urgent,Seek medical care within 24–48 hours
"???? ????? ?????? ??????? ???? ??-?? ?????? ??? ??? ??? ????? ??? ?????? ?????? ?????? ???? ????? ????????, ???? ?? ???? ????",Routine,Schedule a regular medical consultation
"???? ????? ???? ?????? ???? ???? ???? ???? ???? ???? ???? ?? ????? ???? ???? ??? ????????? ?????? ??????? ??, ??? ?????? ??? ??????? ??? ???????",Emergency,Immediately go to emergency department or call ambulance
????? ?????? ?????? ??? ??? ????? ???? ????? ?????? ?????? ?? ??? ???????? ????? ???? ???? ???? ???? ???? ?? ????????? ????? ?? ??? ??? ??? ??? ???? ??? ???????? ??????? ?? ?? ???? ????????? ???? ???????? ????????? ???? ??????? ???,Urgent,Seek medical care within 24–48 hours
"???? ????? ??? ??? ???? ?????? ?? ????????? ????????? ???? ????????? ????? ???????? ????? ????? ??? ??? ?? ?????? ???? ???? ???????? ???? ???????? ??, ????? ????????? ???? ???? ?? ???-?? ?????? ??? ??? ??? ???????",Emergency,Immediately go to emergency department or call ambulance
"???? ???????????????? ?????? ?? ??????? ??????? ?????? ?????, ????????? ????? ????? ????????? ?????? ??? ??????? ?????? ??? ????? ???????? ????????? ?????? ????????? ??? ?????? ???? ????? ?? ???? ?????? ?????? ???????? ???? ???????? ????????? ??????????? ???????",General Query,"No immediate action required, informational response sufficient"
"?? ?????? ??? ????? ?????? ??????? ???? ????? ??? ????, ???? ???? ?? ????? ??? ????",Routine,Schedule a regular medical consultation
????? ????? ?????? ???? ???? ??? ??? ????? ???? ???? ?? ?????? ???? ??? ????? ??????? ???,Urgent,Seek medical care within 24–48 hours
"????????? ??? ???? ????? ?????? ?????? ???? ???? ???? ???? ????, ?????? ?????????? ??? ??????!",Emergency,Immediately go to emergency department or call ambulance
"??? ???? ???????? ????? ????? ??????? ???? ???? ???? ????? ?? ??? ??? ??? ??? ????? ???? ?????????, ???? ?? ???? ????",Routine,Schedule a regular medical consultation
????? ????? ???? ????? ?????? ??? ????? ??????? ?? ??? ????? ???? ???? ????????????? ?? ???? ?? ????? ???? ??? ???????,Urgent,Seek medical care within 24–48 hours
???? ????? ????? ???? ???? ??????? ???? ??????? ?? ????? ???? ??? ??????? ?? ?? ??? ?????? ???????? ??? ??? ??? ??????? ?????,Routine,Schedule a regular medical consultation
"????????? ????? ?????? ????? ??? ???? ????????? ????? ???????? ????? ???? ?? ???????? ?????? ???? ????? ???? ??????? ??, ???? ??? ??? ???????",Emergency,Immediately go to emergency department or call ambulance
"????? ?????? ?????? ????? ???? ??? ???? ?????? ??? ??????? ?????? ?? ???? ??? ????? ????? ????? ?? ??? ??? ???? ???????? ???????? ??????? ??????? ?????? ???? ???, ??? ????? ??? ???? ??? ???? ?? ???? ??????? ??????? ???",Urgent,Seek medical care within 24–48 hours
"???? ????? ?????? ???? ????? ?????? ??????? ?????? ????? ?????? ????? ?????????? ??????? ???? ????? ??? ??? ?? ?? ????? ??? ???? ???????? ??, ???-?? ?????? ??? ???? ?? ??? ??? ??????? ??????? ????? ??? ???? ?????",Emergency,Immediately go to emergency department or call ambulance
"????? ??? ???? ????? ??? ???? ??? ????? ???? ?????? ???? ???????? ?? ????????? ??????? ??? ???????? ???? ????? ????? ???? ???, ???????, ???? ?? ?????? ?????? ???, ????? ????? ???? ??????????",General Query,"No immediate action required, informational response sufficient"
"??????? ??? ????? ??????? ????? ???? ????? ????, ???? ????? ?? ??????? ????",Routine,Schedule a regular medical consultation
????? ???? ???????? ???? ?? ???? ???? ???? ???? ??? ??? ??? ?? ??????? ??????? ????? ???????,Urgent,Seek medical care within 24–48 hours
"?????? ??? ????? ?? ???? ????? ??????? ???? ???? ???? ????? ????? ???? ????? ????? ???, ???? ?? ???? ???, ????? ????? ?????",Routine,Schedule a regular medical consultation
??? ??? ??? ????? ?????? ?????? ???? ???? ???? ????? ????????? ???? ???? ???? ?? ??? ????? ??????? ???? ?? ? ??? ?????? ??? ???,Urgent,Seek medical care within 24–48 hours
"????? ????? ??? ???? ???? ??? ????????? ???? ?????? ?????? ?? ????????-?????????? ?????????? ????? ???, ?????? ??????????? ??????? ??? ?? ??????? ???? ???????? ???? ???, ???????, ???? ?? ??????? ???, ????? ?????? ?????? ???? ??????????",General Query,"No immediate action required, informational response sufficient"
?????? ????? ??????? ??????? ??????? ?? ??????? ???????? ???? ?????? ??????,Routine,Schedule a regular medical consultation
??? ?????? ???????? ????? ?? ?????? ???????? ????????,Routine,Schedule a regular medical consultation
????? ??????? ????? ?????? ??? ???? ????? ????,Routine,Schedule a regular medical consultation
???? ??? ???? ???? ???? ?? ???? ???? ??? ??? ????? ???,Routine,Schedule a regular medical consultation
??? ???? ?????? ???? ???? ??? ?????? ??????? ????? ??? ?????,Routine,Schedule a regular medical consultation
????? ??? ?????? ????? ?? ?????? ????? ????? ??????,Urgent,Seek medical care within 24–48 hours
???? ???? ???? ???? ???? ?? ????? ??????????? ??? ??????,Urgent,Seek medical care within 24–48 hours
?? ?? ???? ????? ?? ????? ?????? ?????? ??????,Urgent,Seek medical care within 24–48 hours
???? ?????????? ???? ?? ???? ?????? ??????,Urgent,Seek medical care within 24–48 hours
????? ???? ??? ???? ?? ???? ?????????? ??????,Urgent,Seek medical care within 24–48 hours
??????? ????? ??? ?????? ??? ????? ???? ???????,Urgent,Seek medical care within 24–48 hours
????????? ????? ??? ??? ????? ????? ??????,Urgent,Seek medical care within 24–48 hours
???? ????? ??? ???? ? ??? ???? ??????,Urgent,Seek medical care within 24–48 hours
??? ???? ???? ?? ????? ?????? ??? ?????,Urgent,Seek medical care within 24–48 hours
??? ?????? ????? ?? ?? ???? ??????????? ???????,Urgent,Seek medical care within 24–48 hours
????????? ??? ????? ???? ???? ????? ?? ????? ??? ???????,Emergency,Immediately go to emergency department or call ambulance
???? ???? ???? ???? ?? ???????? ????????? ??????,Emergency,Immediately go to emergency department or call ambulance
????? ????????? ?? ???????? ????????? ??????,Emergency,Immediately go to emergency department or call ambulance
??????????? ??? ???? ????? ??? ?????,Emergency,Immediately go to emergency department or call ambulance
??????? ????????? ??????? ??? ??? ?????,Emergency,Immediately go to emergency department or call ambulance
????? ????????? ???????? ?????? ???? ????? ????? ??????,General Query,"No immediate action required, informational response sufficient"
?????? ????? ??? ???? ??? ????? ????? ??????,General Query,"No immediate action required, informational response sufficient"
??????????? ???? ????? ????????? ????? ???? ???????,General Query,"No immediate action required, informational response sufficient"
??????? ????? ???????? ?????? ???? ????? ??????,General Query,"No immediate action required, informational response sufficient"
PCOS ???????? ?????? ????? ????? ????? ??????,General Query,"No immediate action required, informational response sufficient"
????? ????? ?????? ??? ?? ????? ????? ??????,General Query,"No immediate action required, informational response sufficient"
???????????? ??? ???? ?? ?? ????? ????? ??????,General Query,"No immediate action required, informational response sufficient"
?????????? ????? ???????? ???? ????? ??????,General Query,"No immediate action required, informational response sufficient"
??????? ????? ?? ??? ??? ????? ????? ??????,General Query,"No immediate action required, informational response sufficient"
????? ????????????? ????? ?? ?? ????? ????? ??????,General Query,"No immediate action required, informational response sufficient"
?????? ?????-????? ?? ????? ????? ????? ???? ???? ???? ???? ????? ????????,Routine,Schedule a regular medical consultation
???? ???????? ??? ???? ?? ???-?? ?? ????? ?? ????? ???? ????? ????? ??????? ???,Urgent,Seek medical care within 24–48 hours
???? ????? ?????? ??????? ???? ??? ??????? ???? ??? ?????? ?? ??? ??????? ?????!,Emergency,Immediately go to emergency department or call ambulance
???? ??? ??? ????? ?????? ???? ???? ????? ????? ????? ???????? ????? ?? ????? ??? ???????? ???? ????? ???? ?? ??????? ????? ????? ???? ??? ??? ??? ?????,Routine,Schedule a regular medical consultation
??? ??? ??? ??????? ?? ??????? ??? ??? ?? ???? ?????? ???? ?? ?????? ???? ????? ????? ??? ??? ?? ????????? ????? ????? ???? ???? ???? ??????? ???,Urgent,Seek medical care within 24–48 hours
???? ???? ?????? ????? ??????? ??????? ???? ???? ??? ????? ?? ??????? ??? ??? ??? ????? ???? ????? ???? ????? ????? ?? ????? ???? ????? ?????? ????,Routine,Schedule a regular medical consultation
"???? ?????? ?????? ????????? ???? ????? ????? ???????? ???? ????, ???-?? ?????? ??? ?????????? ??????? ???? ???? ?? ??? ??????? ??? ??????",Emergency,Immediately go to emergency department or call ambulance
"??? ??????? ??? ???? ????? ??? ???? ??? ?? ?? ???? ???? ????? ???? ???? ???????? ??? ????? ????? ????? ?????? ????? ??? ???? ????, ??? ????? ???? ???? ?????????? ??? ?? ???? ????? ?????? ?????? ???? ??????? ???",Urgent,Seek medical care within 24–48 hours
"???? ??????? ????? ????????? ????? ???? ??? ??????? ???????? ??????? ????? ????? ????? ???? ????? ??? ?? ????? ??? ????? ????? ???????? ??, ???-?? ????? ??? ?????? ??? ???? ?? ??? ??? ??????? ?????? ????? ??? ???? ????, ???? ???? ??????? ????????????? ?????!",Emergency,Immediately go to emergency department or call ambulance
"????? ?????????? ????????? ??? ????? ??? ???????? ???????? ?????? ???? ??????????? ?? ???????????? ???? ???????? ??? ???????? ???? ????? ???? ???, ????? ?????, ??????? ?? ?????? ?????? ???, ?????????? ????? ???? ???????? ??????",General Query,"No immediate action required, informational response sufficient"
???????? ??????? ???? ???????? ?????? ???? ???? ???? ??????? ?? ???? ???? ?????,Routine,Schedule a regular medical consultation
??????? ??? ??? ?? ????? ????? ???? ??????? ?? ????? ???? ??????? ???? ???????,Urgent,Seek medical care within 24–48 hours
????? ??????? ?????? ????? ??? ???? ???? ???? ?????? ?????? ??????? ??? ????? ????????!,Emergency,Immediately go to emergency department or call ambulance
"???, ?????? ??????? ?????? ???? ???? ????? ??? ????? ???????? ?????? ???? ????? ????? ??? ?? ???? ???, ????? ???? ????",Routine,Schedule a regular medical consultation
??? ??? ??? ???????? ?? ???? ???? ?????? ??????? ?? ????? ???????? ?????? ?? ??? ?? ????????? ????? ???????? ???? ?? ??????? ??????? ???,Urgent,Seek medical care within 24–48 hours
???? ????? ??? ???? ??? ??????? ???? ???????? ?? ???? ??? ???? ?????? ?? ??????????? ?????? ???? ????? ???? ?? ?????? ???? ?? ???? ???? ????,Routine,Schedule a regular medical consultation
"???? ???????? ???? ?? ???? ????? ???? ?? ????? ???? ?????? ???????, ?? ???? ?? ???? ???? ??????? ?? ???? ???? ??????? ??? ???????",Emergency,Immediately go to emergency department or call ambulance
"?????? ????? ??? ???? ?????? ????? ????? ???? ???? ???? ????? ??????? ????? ?? ?????????? ??? ??? ????? ???? ???? ?????? ????? ?? ??? ??? ???, ??? ????? ?? ??? ??? ??? ???? ????????? ???? ???????? ???? ??????? ???",Urgent,Seek medical care within 24–48 hours
"?????? ???????????? ???????? ????? ???????? ??? ?????? ???? ????????????? ????? ???? ????? ?????? ?????? ????? ?????????? ????????? ????? ???? ???-?? ???????? ?????? ??? ???? ??? ???? ?? ??? ????? ???? ???????? ??????? ??, ?????????? ??????????? ??????? ?????!",Emergency,Immediately go to emergency department or call ambulance
"???? ??????????? ???????? ?? ??????? ?????????? ?? ?????? ?????, ????????? ??????? ??????? ???? ?????? ???????? ????????? ??????????? ????????? ?????? ????????? ??? ?????? ???? ????? ?? ?????? ?????? ???????? ????????? ??????????? ???????",General Query,"No immediate action required, informational response sufficient"
????? ????? ???? ???-?? ???? ???? ???????? ???? ???????? ?????? ?? ??????? ??? ?????,Routine,Schedule a regular medical consultation
???????? ??? ??????? ???? ??? ?? ?????? ??????? ???? ????? ?????? ???? ???? ??????? ???,Urgent,Seek medical care within 24–48 hours
????? ????????????? ????? ???? ????? ??????? ???? ??? ???? ?? ??? ????? ?? ???? ?????!,Emergency,Immediately go to emergency department or call ambulance
"?????, ?????? ????? ???? ??? ????? ????? ???? ???? ???? ??? ?? ?????? ???? ??? ???? ???? ????? ??????? ?? ?? ???? ????",Routine,Schedule a regular medical consultation
????? ???????? ???? ???? ???????? ????? ?????? ???? ????? ?????? ?? ????? ????????? ????? ??? ???? ??? ??????? ??????? ???,Urgent,Seek medical care within 24–48 hours
???? ????? ?????? ??????? ?????? ??? ??? ???? ????? ???? ??? ???? ?????? ?? ????????? ?????? ???????? ?????? ????? ???? ????? ??????? ?? ?? ???? ?????? ????,Routine,Schedule a regular medical consultation
"???? ?????? ?????????? ????? ???????? ???? ???? ??? ????? ??????? ???? ????, ??? ???? ???? ??? ?????? ?? ?? ???? ??? ??? ??????? ???? ??????",Emergency,Immediately go to emergency department or call ambulance
"???-???? ??? ???? ???? ???-????? ???? ????? ???????? ?? ???? ???? ???? ???? ????? ??? ???????? ????? ???? ???? ??????? ?????? ?????????? ??? ????, ??? ????? ?? ??? ??? ??? ??? ???? ?? ?????? ??????? ??????? ???",Urgent,Seek medical care within 24–48 hours
"???? ?????? ???????? ???????? ??? ??????? ???????? ????? ???? ??? ???????? ????????? ????? ????? ??????????? ????? ???? ???? ? ?????? ???? ??? ??? ?????? ?? ??? ??? ??????? ???? ??????? ??? ???? ????, ????? ???? ??????? ????????????? ???!",Emergency,Immediately go to emergency department or call ambulance
"?????? ??????? ????????? ???????? ???? ????? ??? ??????? ?????? ???? ?????????? ???????????? ???? ???????? ??? ???????? ???? ???? ???? ?????, ???????, ???? ?? ????????? ?????? ???, ?????????? ????? ???? ???????? ??????",General Query,"No immediate action required, informational response sufficient"
"???? ???? ????? ?????? ??????? ???? ???? ???? ??????? ????, ?? ???? ?????? ????",Routine,Schedule a regular medical consultation
?????? ???? ??? ??? ???? ???? ???? ??????? ???? ?????? ?? ??? ????? ????? ???? ???,Urgent,Seek medical care within 24–48 hours
???? ????? ????? ???????? ????? ???? ???? ????? ??? ?????? ??? ??? ??????? ?????!,Emergency,Immediately go to emergency department or call ambulance
?????? ???? ???? ???? ??? ?? ?? ??? ???? ???? ?????? ???? ???? ???? ??? ????? ???? ????? ???? ?? ?? ???????? ?? ???? ????,Routine,Schedule a regular medical consultation
??? ??? ??? ???? ?????? ???? ???? ???? ???? ????? ????????? ??? ??????? ?? ???? ???? ????? ?? ???? ??????? ????? ???? ???????,Urgent,Seek medical care within 24–48 hours
"???? ????? ??????? ????? ??????? ??? ???? ????? ?? ????? ??? ??? ?????? ???? ????? ????????, ???? ?? ???? ????",Routine,Schedule a regular medical consultation
"???? ????? ??????? ???? ?????????? ??? ????? ????????? ??? ????? ???? ????, ????? ??? ??????? ?? ??????? ???? ?? ???? ??? ??????? ???????",Emergency,Immediately go to emergency department or call ambulance
"??? ??????? ??? ???? ???? ????? ???? ???? ???? ??????? ????? ???? ??? ???? ?? ???-??? ???? ???? ??? ??? ????? ???? ??????? ?? ?????? ???, ??? ????? ?? ??? ??? ??? ??? ????? ?? ???? ????? ?????? ???? ??????? ???",Urgent,Seek medical care within 24–48 hours
"??? ???? ?????? ??????????????????? ???? ?????? ????? ?????? ???? ??????? ??? ????? ????? ??????????? ???? ????? ???? ???-?? ?????? ??? ????, ????????????? ???? ????? ?????? ???? ?? ??? ??????? ????? ??? ?????, ???? ????????????? ?????!",Emergency,Immediately go to emergency department or call ambulance
"???????? ????? ??? ???? ??? ????????? ??????? ???? ????? ???? ???????? ???? ??????? ?????????? ?? ??????? ??????? ??? ????????????? ???? ????? ???? ??? ?? ??????? ???, ????? ???????? ???? ?????? ??????????",General Query,"No immediate action required, informational response sufficient"
"??????? ??? ??????? ???? ????? ?? ????? ??? ??????, ????? ?????? ???? ????? ?? ???? ????",Routine,Schedule a regular medical consultation
???? ????? ?????????? ???? ????? ??????? ????? ???? ???? ?? ?????? ???? ??? ???? ??????? ???,Urgent,Seek medical care within 24–48 hours
????? ???????????? ????????????? ????? ???? ????????? ???? ???? ?? ??? ???????? ????? ????????!,Emergency,Immediately go to emergency department or call ambulance
"???, ?????? ???? ?????? ???? ??? ???? ?????? ???? ???? ?? ???????? ?? ???? ????? ???? ????? ???? ?? ?? ???? ???, ????? ???? ???????? ?????",Routine,Schedule a regular medical consultation
????? ???? ?? ????? ???? ???? ???? ???? ????? ??? ??? ???? ???? ?? ?????? ???? ????? ??? ????????? ??? ?????? ??????? ???,Urgent,Seek medical care within 24–48 hours
???? ???? ???????? ????? ??????? ??? ???? ????? ?? ???? ??? ??? ?????? ???? ????? ???????? ?? ???? ?????? ????,Routine,Schedule a regular medical consultation
"???? ???? ?????? ??? ???? ???????? ???? ??????? ??????? ??? ????, ?? ????? ?????? ???? ???????? ?? ?? ??? ????????? ??????? ??? ??????",Emergency,Immediately go to emergency department or call ambulance
"???-???? ??? ???? ???? ???? ????? ???? ???? ???? ????? ??????? ???????? ?? ????? ????? ????? ???? ??? ???? ??? ???? ????? ??? ?? ???-?? ??? ??? ????????, ??? ????? ?????? ??? ????? ???? ?????? ??????? ??????? ???",Urgent,Seek medical care within 24–48 hours
"???? ??????? ???????? ??? ??????? ?????? ????? ???? ????? ????????? ????????? ??? ??????? ???? ????? ??? ??? ?? ?? ????? ??? ???? ???????? ??, ???-?? ?????? ??? ???? ?? ??? ??????? ????? ??? ???? ????, ????? ???? ??????? ????????????? ???!",Emergency,Immediately go to emergency department or call ambulance
"??????? ????? ??????? ????????? ???????????? ????????? ????? ?????????? ???????????? ???? ?????????????????? ???? ??????? ?? ???? ????? ???? ??? ??? ???? ????? ???? ????? ?????, ??, ???? ??? ?? ???????? ?????? ???, ?????????? ????? ???? ???????? ??????",General Query,"No immediate action required, informational response sufficient"
?????? ???? ???? ????? ???? ???? ???? ????? ??? ??? ?? ???? ???? ????? ??? ???,Routine,Schedule a regular medical consultation
???? ?????? ??? ??? ?? ?? ????? ???????? ?????? ????? ?????,Routine,Schedule a regular medical consultation
???? ??? ???? ??? ?? ????? ?? ???? ?????? ?? ???? ??????? ?????? ????,Routine,Schedule a regular medical consultation
???? ???? ????? ??? ????? ????? ??? ?? ??????? ???? ??? ???? ???? ???? ???,Routine,Schedule a regular medical consultation
??? ??? ?????? ??? ????? ???? ??? ?? ??? ????? ???,Routine,Schedule a regular medical consultation
"?????? ?????? ??? ????? ???? ??, ??????? ?? ??? ??????? ????? ?? ???",Routine,Schedule a regular medical consultation
????? ???? ???????? ???? ?? ??? ?? ???? ???? ????? ????,Routine,Schedule a regular medical consultation
??? ???? ????? ???? ???????? ??? ??? ?? ?????? ?????? ???? ???,Routine,Schedule a regular medical consultation
??????? ?????? ??? ??? ?? ???? ????????? ???? ???? ???,Routine,Schedule a regular medical consultation
?????? ????? ??????? ?? ?????????? ???? ?????,Routine,Schedule a regular medical consultation
??????? ??? ??????? ?????????? ?? ????????? ????????? ??? ???? ????? ???,Urgent,Seek medical care within 24–48 hours
???? ??? ?? ?? ?? ???? ???? ???? ? ?????? ?????,Urgent,Seek medical care within 24–48 hours
???? ??? ???? ??? ?? ??? ?? ????? ???? ???? ??????,Urgent,Seek medical care within 24–48 hours
?????? ??????? ??? ?? ?? ???? ??????? ????? ??? ???,Urgent,Seek medical care within 24–48 hours
????? ????? ??? ???? ?????? ????? ???? ?? ????? ????? ???? ???,Urgent,Seek medical care within 24–48 hours
???? ???? ????? ???? ?? ? ??????? ???? ???,Urgent,Seek medical care within 24–48 hours
??????? ???? ??? ???? ???? ??? ??????? ???? ?? ???? ??????,Urgent,Seek medical care within 24–48 hours
????? ??? ???? ????? ?? ?? ?????? ???? ?????,Urgent,Seek medical care within 24–48 hours
????? ??? ???? ???????? ?????? ??? ?? ?? ????? ???? ???,Urgent,Seek medical care within 24–48 hours
?????????? ?????? ????? ????? ?????? ???????? ????? ??????,Urgent,Seek medical care within 24–48 hours
???? ??????? ??????? ??? ????? ???? ???? ????? ?? ???? ???????,Emergency,Immediately go to emergency department or call ambulance
????? ??? ????????? ?????? ????? ??? ????? ?? ???????? ?????? ????? ????? ???,Emergency,Immediately go to emergency department or call ambulance
??????? ?????? ???? ???? ????? ??? ?????,Emergency,Immediately go to emergency department or call ambulance
????? ?????? ??? ????? ?? ???? ???? ??? ???????,Emergency,Immediately go to emergency department or call ambulance
?????? ??????? ????? ??? ????? ?????? ?? ???? ???? ???? ??????,Emergency,Immediately go to emergency department or call ambulance
???? ??? ????????? ??? ???? ?? ???????? ???? ????? ????? ???,Emergency,Immediately go to emergency department or call ambulance
????? ??????? ???????? ???-?? ????? ??? ?????? ??? ?????,Emergency,Immediately go to emergency department or call ambulance
???? ?????????? ???? ???? ????? ?? ?????? ????????? ???? ????? ???,Emergency,Immediately go to emergency department or call ambulance
???????? ?? ? ??????????? ???? ???? ??? ??? ?????,Emergency,Immediately go to emergency department or call ambulance
?????? ????? ????? ???? ???????? ???? ??? ???? ?? ???? ?????? ???,Emergency,Immediately go to emergency department or call ambulance
?????? ???? ???? ????? ?? ????? ???? ?? ??? ??? ?????,Routine,Schedule a regular medical consultation
???? ???? ??? ????? ?????? ?? ?????? ?? ???? ?????? ????,Routine,Schedule a regular medical consultation
???? ???? ???? ?????? ???? ?????? ???????? ??? ???? ?????,Routine,Schedule a regular medical consultation
??????? ???? ????? ???? ???????? ?????,Routine,Schedule a regular medical consultation
??????? ??????? ??? ??? ?? ?????? ??? ?????,Routine,Schedule a regular medical consultation
?????? ?????? ???? ?????? ????? ?? ???? ????,Routine,Schedule a regular medical consultation
???????? ???? ???? ?????? ????? ?????? ?????? ????,Routine,Schedule a regular medical consultation
????? ???? ???? ??????? ??? ?????? ?????????? ?????,Routine,Schedule a regular medical consultation
????? ??? ???? ???? ????? ?????? ??????? ??????,Routine,Schedule a regular medical consultation
??????? ?????? ??? ?????? ???? ????????????? ?????,Routine,Schedule a regular medical consultation
???????? ?????? ????? ????? ???? ? ?? ????? ??????? ??? ?????,Urgent,Seek medical care within 24–48 hours
???? ??????? ?? ? ????????? ????????????? ??? ???? ????? ???,Urgent,Seek medical care within 24–48 hours
??? ??? ???? ?????? ??? ?? ??? ???????? ???? ??? ?????,Urgent,Seek medical care within 24–48 hours
?????? ????? ????? ??? ???? ??? ?? ???????? ?????,Urgent,Seek medical care within 24–48 hours
?????? ???????? ?????? ??? ?? ?? ????? ???? ???,Urgent,Seek medical care within 24–48 hours
????????? ????? ???? ???? ?????? ???? ?? ?????? ?????,Urgent,Seek medical care within 24–48 hours
???????? ??????????? ???? ?????? ??? ???????,Urgent,Seek medical care within 24–48 hours
?????? ???? ???? ?? ??? ?? ?? ???? ????????? ?????,Urgent,Seek medical care within 24–48 hours
??????? ???????? ???? ??? ??? ??? ?? ??? ??? ???,Urgent,Seek medical care within 24–48 hours
?????? ????????? ???????? ???? ???????? ??????,Urgent,Seek medical care within 24–48 hours
"?????? ???? ???? ????? ???? ???? ???? ???? ???? ???? ????, ?? ???? ???? ?? ?????? ??? ???",Routine,Schedule a regular medical consultation
????? ?????? ???? ?? ???? ???? ?????? ?? ??? ???-?? ???????? ?? ??? ???? ??? ???????? ??????? ???,Urgent,Seek medical care within 24–48 hours
????? ?????? ???? ????? ???? ????????????? ???? ????? ?????? ???? ?? ??? ???? ????? ??? ???? ????!,Emergency,Immediately go to emergency department or call ambulance
??????? ??? ????? ?????? ???? ???? ?????? ?? ?????? ?? ?? ?????? ????? ???? ????? ????? ??? ????? ???? ????? ?? ????? ?? ??????????? ?????? ????? ????? ???? ??? ?????,Routine,Schedule a regular medical consultation
??? ??? ??? ????? ???? ?? ??????? ?????? ?????? ?? ??? ??? ???????? ?? ??? ???? ?? ?????? ??????? ??????? ??? ?? ????????? ????? ????? ???? ???? ???? ??????? ???,Urgent,Seek medical care within 24–48 hours
???? ??????? ?????? ?????? ??????? ??? ???? ?? ??????? ??? ??? ??? ????? ???? ????? ???? ????? ??????? ??????? ?? ????? ????? ???? ??? ?????? ????,Routine,Schedule a regular medical consultation
"???????? ?????? ????? ????? ???? ???-?? ???????? ?????? ??? ?????????? ??????? ???? ????, ???? ???? ??????? ?? ??? ???? ???? ???????? ??????? ???",Emergency,Immediately go to emergency department or call ambulance
"??? ??????? ??? ??? ???? ?????? ???? ???? ???? ????? ?? ?? ?? ???? ??? ???????? ????? ????? ???????? ??? ?? ????? ???? ????, ??? ????? ??? ???? ??? ?? ?? ??? ??? ??? ??? ????????? ???? ???? ???? ???? ??????? ???",Urgent,Seek medical care within 24–48 hours
"???? ????? ?????? ????????? ????? ???? ??? ????? ??????? ? ???????? ???????? ??????? ????? ????? ????? ???? ????? ??? ?? ????? ??? ????? ????? ???????? ??, ???-?? ?????? ??? ???? ?? ??? ??????? ???? ???? ???? ????? ??? ?????, ???? ???? ??????? ????????????? ?????!",Emergency,Immediately go to emergency department or call ambulance
"???????? ????????????? ???? ???? ???????? ??? ???? ??? ?????? ??????? ???? ????? ???? ???????? ???? ??????? ?????????? ?? ??????? ??????? ??? ????????????? ???? ??? ???? ????? ?????, ?? ?? ????????? ?????? ???, ?????????? ????? ???? ??????? ??????",General Query,"No immediate action required, informational response sufficient"
"???????? ??? ????? ???? ?????? ???? ???? ???? ????? ???? ?? ??????? ?????????? ??, ???? ???? ?????? ????",Routine,Schedule a regular medical consultation
??????? ??? ??? ?????? ????? ??? ???? ???? ??? ?? ?????? ?????? ???? ????? ??????? ???,Urgent,Seek medical care within 24–48 hours
????? ????? ???? ????? ?? ???? ???? ?????????? ??????? ???? ????? ?????? ???? ?? ??? ???????? ????? ????????!,Emergency,Immediately go to emergency department or call ambulance
"???, ?????? ??????? ???? ??? ???? ???? ??? ???? ?? ??? ?????? ???? ???? ????? ??? ???? ???? ???? ????? ????, ?????? ?? ??????? ??????? ????",Routine,Schedule a regular medical consultation
??? ??? ??? ???????? ???? ???? ?? ???? ???????? ??????? ?? ???? ??????? ?? ??? ?? ????????? ????? ???????? ???? ?? ??????????????? ?????? ?????? ???? ??????? ???,Urgent,Seek medical care within 24–48 hours
???? ???? ?????? ?????? ??? ?????? ???????? ??????? ?????? ???? ?????? ????? ?? ??????????? ?????? ???? ????? ??????? ?? ???????? ???? ???? ?????? ??? ?????? ?? ???? ???? ????,Routine,Schedule a regular medical consultation
"???? ???????? ???? ?? ???? ????? ???? ?? ????? ???? ?????? ???????, ?? ???? ?? ???? ???? ??????? ?? ???? ???? ??????? ??? ?????? ???? ???????",Emergency,Immediately go to emergency department or call ambulance
"?????? ????? ??? ???? ?????? ???? ???? ???? ???? ????? ???? ??? ?? ?????????? ??? ??????? ????? ???? ??? ???? ?????? ????? ????? ???-?? ?????? ????, ??? ????? ?? ??? ??? ??? ???? ????????? ???? ???????? ???? ??????? ???",Urgent,Seek medical care within 24–48 hours
"???? ???????? ???????? ????? ?? ???? ???? ????????????? ????? ???? ????? ?????? ?????? ????? ????????????? ???? ????? ???? ???-?? ???????? ?????? ??? ???? ??? ???? ?? ??? ????? ???? ???????? ??????? ??, ?????????? ??????????? ??????? ?????!",Emergency,Immediately go to emergency department or call ambulance
"???? ????????????? ???????? ?? ????????????? ?????????? ?? ?????? ?????, ????????? ?????? ???????? ??? ??? ??????? ????????? ????????? ????????? ?????? ????????? ??? ?????? ???? ????? ????? ?? ?????? ?????? ???????? ????????????? ??????????? ???????",General Query,"No immediate action required, informational response sufficient"
"????? ???? ????? ???? ???? ???? ???????? ???? ??? ?? ??????? ??? ????, ???? ???? ???? ????",Routine,Schedule a regular medical consultation
????? ???? ????? ???????? ???? ???? ??????? ?? ?????? ??? ????? ??????? ???,Urgent,Seek medical care within 24–48 hours
????? ??????? ????????? ??? ???? ????? ??????? ???? ??? ???? ?? ??? ????? ?? ???? ?????? ?????!,Emergency,Immediately go to emergency department or call ambulance
"?????, ?????? ????? ???? ?????? ??? ??? ???? ????? ???? ???? ???? ???? ???? ??? ????? ???? ????? ???? ?? ?? ??????? ??????? ????",Routine,Schedule a regular medical consultation
???????? ?????? ???? ???? ???????? ????? ??????? ?? ????? ????????? ????? ??? ???? ??? ??????? ?? ???? ???? ????? ???? ??????? ???,Urgent,Seek medical care within 24–48 hours
???? ???? ??????? ???? ???? ??? ???? ???? ???? ??????? ???? ?? ??????? ??????? ?? ?? ???????? ???? ??? ???? ???????? ??? ??? ??? ??????? ?????,Routine,Schedule a regular medical consultation
"???? ?????? ???????? ???? ???? ????? ??????? ???? ????, ??? ???? ???? ??? ?????? ?? ?? ???? ??? ??? ??????? ???? ??????",Emergency,Immediately go to emergency department or call ambulance
"???-???? ??? ???? ???? ???-????? ???? ????? ???????? ?? ???? ???? ???? ???? ????? ??? ???????? ????? ???? ??? ???? ????? ????? ????? ??? ??????? ??? ????, ??? ????? ?? ??? ??? ??? ??? ???? ?? ?????? ??????? ??????? ???",Urgent,Seek medical care within 24–48 hours
"???? ????????????? ???????? ??? ??????? ???????? ????? ???? ??? ???????? ????????? ????? ????? ??????????? ????? ???? ???? ? ?????? ???? ??? ??? ?????? ?? ??? ??? ??????? ???? ??????? ??? ???? ????, ????? ???? ??????? ????????????? ???!",Emergency,Immediately go to emergency department or call ambulance
"???? ???????? ??? ???? ??? ?????? ??????????? ????????? ???????? ???? ????? ???? ?????????? ???????????? ???? ???????? ??? ???????? ???? ??? ???? ????? ?????, ??, ??????? ?? ????????? ?????? ???, ?????????? ????? ???? ???????? ??????",General Query,No immediate action required  informational response sufficient
"???? ???? ????? ?????? ??????? ???? ???? ???? ??????? ????, ?? ???? ?????? ?????? ????",Routine,Schedule a regular medical consultation
????? ???? ??? ??? ???? ???? ????? ??? ??????? ?????? ?? ???? ???? ??? ????? ????? ???? ???,Urgent,Seek medical care within 24–48 hours
???? ?????? ?? ???????? ????? ???? ???? ?????? ??? ??? ??????? ????? ??? ?????!,Emergency,Immediately go to emergency department or call ambulance
?????? ???? ???? ???? ??????? ?????? ?? ?? ??? ???? ???? ?????? ???? ???? ???? ??? ????? ???? ????? ????? ?? ?? ?? ?? ???? ????,Routine,Schedule a regular medical consultation
"??? ??? ??? ????? ?????? ???? ???? ???? ???? ????? ????????? ??? ??????? ?? ???? ??? ?? ???? ???? ???? ??????? ??, ???? ???? ???????",Urgent,Seek medical care within 24–48 hours
???? ???? ???? ????? ???????? ????? ????? ??????? ???? ?????? ???????? ?? ???? ???? ????? ??????? ?? ?????? ???? ????? ???????? ?? ??????? ?????? ????,Routine,Schedule a regular medical consultation
"??? ??????? ??? ???? ???? ????? ???? ???? ???? ??????? ?????? ??? ???? ??? ???? ?? ???-??? ???? ???? ??? ??? ????? ???? ?????? ????? ?? ?????? ???, ??? ????? ?? ??? ??? ??? ??? ????? ?? ???? ????? ?????? ???? ??????? ???",Urgent,Seek medical care within 24–48 hours
"???? ???????? ???? ????? ?? ???? ?????? ????????? ??????? ??????? ???? ??????? ??? ????? ????? ????????????? ???? ????? ???? ???-?? ?????? ??? ????, ????????????? ???? ????? ?????? ???? ?? ??? ??????? ????? ??? ?????, ???? ????????????? ?????!",Emergency,Immediately go to emergency department or call ambulance
"???????? ????? ? ?????? ??? ??? ???? ??? ?????????? ???????? ????? ???????? ???? ??????? ?????????? ?? ??????? ??????? ??? ????????????? ???? ??? ???? ??? ?? ??????? ???, ????? ???????? ???? ?????? ??????????",General Query,No immediate action required  informational response sufficient
"??????? ??? ??????? ???? ????? ?? ????? ??? ?????? ?????? ????? ?????, ????? ???? ????? ?? ???? ????",Routine,Schedule a regular medical consultation
????? ???????? ??????????? ????? ???? ????????? ???? ???? ?? ??? ???????? ????? ????????!,Emergency,Immediately go to emergency department or call ambulance
"???, ?????? ???? ?????? ???? ??? ???? ?????? ??????? ????? ?????? ???? ???? ?? ???????? ?? ???? ??? ???? ????? ???? ?? ?? ???? ???, ????? ???? ???????? ?????",Routine,Schedule a regular medical consultation
"???? ????? ???????? ????? ??????? ??? ???? ????? ?? ???? ??? ??? ?????? ???? ????? ????????, ?? ?? ???? ?????? ????",Routine,Schedule a regular medical consultation
"???? ???? ?????? ??? ???? ???????? ??????? ??? ??????? ??????? ??? ????, ?? ????? ?????? ???? ???????? ?? ?? ??? ?????? ????????? ??????? ??? ??????",Emergency,Immediately go to emergency department or call ambulance
"???? ??????? ???????? ??? ??????? ?????? ????? ???? ????? ????????? ????????? ??? ??????? ???? ????? ??? ??? ?? ?? ????? ??? ???? ???????? ??, ???-?? ?????? ??? ???? ?? ??? ??????? ????? ??? ???? ????, ????? ???? ??????? ????????????? ???!",Emergency,Immediately go to emergency department or call ambulance
"??????? ????? ????? ? ?????? ??????? ???????????? ????????? ????? ?????????? ???????????? ???? ?????????????????? ???? ??????? ?? ???? ????? ???? ??? ??? ???? ????? ?? ??? ???? ????? ?????, ??, ???? ??? ?? ????? ????????? ?????? ???, ?????????? ????? ???? ???????? ??????",General Query,No immediate action required  informational response sufficient
"???? ?????? ??? ?? ?????? ????? ???? ??? ?????? ???? ???? ???? ????, ???? ????? ???????? ????",Routine,Schedule a regular medical consultation
"??????? ?? ??????? ???? ??? ???? ??? ??? ??? ?? ????? ???? ???? ??, ??? ?? ?????",Urgent,Seek medical care within 24–48 hours
????? ????? ??????????? ????? ???? ????? ???? ??? ???? ?? ??? ??????? ????? ??? ?????!,Emergency,Immediately go to emergency department or call ambulance
"?????? ??? ?????? ?? ???? ????? ???? ?? ???? ?????? ?? ??, ???? ???? ??????? ?????",Routine,Schedule a regular medical consultation
"???? ?????? ??? ???? ??? ?? ????? ???? ?????? ?????? ???? ????, ??? ????? ???? ??? ???? ???? ???",Urgent,Seek medical care within 24–48 hours
"???? ???? ????? ??? ???? ??????-????? ???? ?? ?????? ??? ??? ??? ??? ???, ?? ???? ?????? ????",Routine,Schedule a regular medical consultation
???? ????? ??? ???? ????????? ???? ??? ?? ???? ??? ?????? ?? ??? ????? ??? ?????!,Emergency,Immediately go to emergency department or call ambulance
"??? ??????? ??? ???? ??? ???? ???? ?? ?? ???? ????? ???? ?????? ????, ????? ?? ?????? ???? ?????",Routine,Schedule a regular medical consultation
"????? ?????????? ????? ???? ???? ???????? ???? ????, ???????? ??????????? ??? ??? ????? ??? ??????!",Emergency,Immediately go to emergency department or call ambulance
"????? ??? ???? ??? ????? ???? ????? ?? ?????? ??? ??? ????, ???? ???? ??? ?? ????? ???, ???? ????? ????",General Query,No immediate action required  informational response sufficient
"??????? ?????? ??? ?????? ??? ???? ???? ???? ???? ????, ?????? ??? ?????? ??? ???? ???",Routine,Schedule a regular medical consultation
"??? ??? ??? ???? ?? ?????? ??????? ???? ???, ??? ??? ????? ?? ?????? ???? ???? ???? ??????? ???",Urgent,Seek medical care within 24–48 hours
???????? ????? ??? ?????? ?? ???? ????????????? ???? ????? ?????? ???? ?? ??? ???? ?????!,Emergency,Immediately go to emergency department or call ambulance
??????? ??? ????? ?????? ???? ???-?????? ??? ???? ??? ?? ?????? ????? ???? ???? ???? ??? ????? ???? ????? ???? ?? ??? ??????? ????? ????? ???? ??? ?????,Routine,Schedule a regular medical consultation
??? ??? ??? ????? ???? ?? ???? ???? ???? ?????? ?? ???? ??? ???? ??????? ?? ????????? ????? ??????? ???? ???? ?? ????? ???? ???? ???? ??????? ???,Urgent,Seek medical care within 24–48 hours
???? ??????? ???? ???? ????? ??????? ?????? ????? ?? ??????? ??? ??? ??? ????? ???? ????? ???? ?????? ???? ?????? ?? ???????? ???? ???????? ??? ????,Routine,Schedule a regular medical consultation
"????? ????? ???? ????????? ???? ??????? ??? ?????????? ??????? ???? ????, ???? ???? ??????? ?? ??? ???? ???? ???????? ??????? ???",Emergency,Immediately go to emergency department or call ambulance
"??? ??????? ??? ???? ?????? ??? ?? ????? ????? ???? ???? ????? ???? ???? ???????? ?????????? ??? ?? ?????????? ??? ??? ????? ????? ???? ?????? ????? ?? ?????, ??? ????? ?? ??? ??? ??? ???? ????????? ???? ???????? ???? ??????? ???",Urgent,Seek medical care within 24–48 hours
"???? ????? ????? ???? ??? ??????? ???????? ??????? ????? ????? ????? ???????? ???? ????? ??? ?? ????? ??? ????? ????? ???????? ??, ???-?? ?????? ??? ???? ?? ??? ??????? ???? ??? ???? ????, ???? ???? ??????? ????????????? ?????!",Emergency,Immediately go to emergency department or call ambulance
"??????? ??? ???? ??? ????? ????? ????????? ?????? ???? ????? ???? ???????? ??????? ??? ???? ??????? ?????????? ?? ??????? ??????? ??? ????????????? ???? ????? ???? ???, ????? ????? ?? ??????????? ?????? ???, ?????????? ????? ???? ??????? ??????",General Query,No immediate action required  informational response sufficient
"???????? ??? ???? ???? ?????? ???? ???? ???? ??? ?? ???? ???? ????, ???? ???? ?????? ????",Routine,Schedule a regular medical consultation
??????? ??? ???? ?? ???? ?????? ??? ?? ??????????????? ?????? ?? ??????? ??????????? ????? ????? ??????? ???,Urgent,Seek medical care within 24–48 hours
????? ???? ???? ??? ?????? ??? ????? ???? ????? ?? ???? ?????????? ??????? ???? ????? ?????? ???? ?? ??? ???????? ????? ????????!,Emergency,Immediately go to emergency department or call ambulance
"???, ?????? ???????? ???? ????? ???? ???? ???? ????? ??? ??? ?? ???????? ????? ?????? ???? ???? ??? ???? ???? ???? ????? ???? ?? ????? ???? ????",Routine,Schedule a regular medical consultation
"??? ??? ??? ????? ????? ????? ??? ???? ??? ?????? ?? ???? ???????, ??? ???? ??? ?? ????????? ????? ???????? ???? ?? ??????? ???? ?????? ???? ??????? ???",Urgent,Seek medical care within 24–48 hours
???? ???? ?????? ?????? ??? ?????? ??????? ?? ??????? ?????? ???? ?????? ????? ?? ??????????? ?????? ???? ????? ??????? ?? ???????? ???? ???? ?????? ??? ?????? ?? ???? ???? ????,Routine,Schedule a regular medical consultation
???? ???????? ???? ????? ????? ?? ???? ????? ???? ?? ?? ???? ?? ???? ???? ??????? ?? ???? ???? ??????? ??? ??????? ???? ???????,Emergency,Immediately go to emergency department or call ambulance
"?????? ????? ??? ??????? ??? ?????? ???? ???? ???? ????? ?? ?? ???-????? ???? ??????? ???????? ????? ????? ???????? ??? ?? ????? ??????? ???, ??? ????? ??? ???? ??? ?? ?? ??? ??? ??? ??? ???? ?? ?????? ??? ???? ???? ??????? ???",Urgent,Seek medical care within 24–48 hours
"???? ????? ????? ???? ???? ?????????? ??????????? ????? ????????????? ????? ???? ????? ?????? ?????? ????? ???? ????? ???? ???-?? ???????? ?????? ??? ???? ??? ???? ?? ??? ????? ???? ???????? ??????? ??, ?????????? ??????????? ??????? ?????!",Emergency,Immediately go to emergency department or call ambulance
"???? ????? ???????? ?? ????????????? ?????????? ?? ?????? ?????, ????????? ????????? ?????? ??? ??????????? ?????? ????????? ????????? ????????? ?????? ????????? ??? ?????? ???? ????? ????? ?? ?????? ?????? ???????? ????????? ??????????? ???????",General Query,No immediate action required  informational response sufficient
"????? ???? ????? ????? ??? ???? ???? ???? ???? ???? ???? ??? ????, ???? ???? ???? ????",Routine,Schedule a regular medical consultation
????? ???? ????? ?? ?????? ??? ?? ?????? ???????? ??????? ???? ???? ???? ???? ?? ?????? ??????? ??????? ???,Urgent,Seek medical care within 24–48 hours
????? ??????????? ??? ???? ????? ??????? ???? ??? ???? ?? ??? ????? ?????? ????? ??? ??????!,Emergency,Immediately go to emergency department or call ambulance
"?????, ?????? ?? ?? ??? ???? ???? ????? ???? ???? ??? ???? ???? ???? ???? ???? ??? ??? ????? ???? ????? ???? ?? ?? ??????? ??????? ????",Routine,Schedule a regular medical consultation
???????? ?????? ???? ???? ???????? ???? ??????? ?? ????? ???? ?? ???? ?????? ??? ????????? ????? ??? ???? ??? ??????? ?? ???? ???? ????? ???? ??????? ???,Urgent,Seek medical care within 24–48 hours
???? ????? ???? ?????????? ????? ???? ???? ??????? ???? ????? ??? ??????? ?? ?? ???-??? ??? ?? ???????? ??? ??? ??? ??????? ????? ???? ????? ??????? ?? ???? ?????? ????,Routine,Schedule a regular medical consultation
"???? ????? ???????? ???? ???? ????? ??????? ???? ????, ??? ???? ???? ??? ?????? ?? ?? ???? ??? ??? ??????? ???? ??????",Emergency,Immediately go to emergency department or call ambulance
"???-???? ??? ???? ???? ???-????? ???? ????? ???????? ?? ???? ???? ???? ???? ????? ??? ???????? ????? ???? ??? ???? ????? ????? ????? ??? ??????? ??? ????, ??? ????? ?? ??? ??? ??? ??? ???? ?? ?????? ??????? ??????? ???",Urgent,Seek medical care within 24–48 hours
"???? ????? ????? ?????????? ?????? ??? ??????? ???????? ????? ???? ??? ???????? ????????? ????? ????? ??????????? ????? ???? ???? ? ?????? ???? ??? ??? ?????? ?? ??? ??? ??????? ???? ??????? ??? ???? ????, ????? ???? ??????? ????????????? ???!",Emergency,Immediately go to emergency department or call ambulance
"?????? ???????? ??? ???? ??? ????? ????????? ?????? ???? ????? ???? ?????????? ???????????? ???? ???????? ??? ??????? ?? ???????????? ?????? ????? ????? ???? ??? ???? ??? ???? ????? ?????, ??, ??????? ?? ????????? ?????? ???, ?????????? ????? ???? ???????? ??????",General Query,No immediate action required  informational response sufficient
"???? ???? ????? ?????? ???? ???? ???? ?????? ????, ?? ???? ??????? ?? ?????? ?????? ????",Routine,Schedule a regular medical consultation
????? ????? ???? ????? ??? ????? ??? ??????? ?? ?????? ???? ?? ???? ???? ??????? ???,Urgent,Seek medical care within 24–48 hours
???? ????? ??? ????? ????? ???? ???? ??? ???? ???? ?????? ??? ??? ??????? ????? ??? ?????!,Emergency,Immediately go to emergency department or call ambulance
?????? ???? ???? ????? ???? ??? ???? ??? ?? ????? ???? ???? ???? ??? ????? ???? ????? ????? ?? ?? ?? ?? ???? ????,Routine,Schedule a regular medical consultation
"??? ??? ??? ?????? ????? ????? ?????? ???? ???? ???? ???? ????? ????????? ??? ??????? ?? ???? ???? ???? ???? ??????? ??, ???? ???? ???????",Urgent,Seek medical care within 24–48 hours
???? ???? ???? ???????? ???????? ????? ????? ??????? ???? ??? ?? ?? ???? ???? ????? ??????? ?? ?????? ???? ????? ???????? ?? ??????? ?????? ????,Routine,Schedule a regular medical consultation
"???? ????? ??????? ???? ????? ????? ?????????? ??? ????? ????????? ??? ????? ???? ????, ????? ??? ??????? ?? ??????? ???? ?? ???? ??? ??????? ???????",Emergency,Immediately go to emergency department or call ambulance
"??? ??????? ??? ???? ???? ????? ???? ???? ???? ??????? ?????? ??? ???? ??? ???? ?? ???-??? ???? ???? ??? ??? ????? ???? ?????? ?? ?????? ??? ?? ??? ?? ??? ???? ????, ??? ????? ?? ??? ??? ??? ??? ????? ?? ???? ????? ?????? ???? ??????? ???",Urgent,Seek medical care within 24–48 hours
"???? ???????? ??????? ????? ??????? ?? ???? ?????? ????????? ?????????? ??????? ???? ??????? ??? ????? ????? ???? ????? ???? ???-?? ?????? ??? ????, ????????????? ???? ????? ?????? ???? ?? ??? ????? ?????? ????? ??? ?????, ???? ????????????? ?????!",Emergency,Immediately go to emergency department or call ambulance
"???????? ????? ? ?????? ??? ??? ???? ??? ???? ??????? ????? ???? ??????? ?? ???? ?? ?????? ??????? ???? ????????????? ???? ??? ???? ??? ?? ??????? ???, ????? ???????? ???? ?????? ??????????",General Query,No immediate action required  informational response sufficient
"??????? ??? ??????? ???? ????? ?? ????? ??? ?????? ?? ????? ?????, ????? ???? ????? ?? ???? ????",Routine,Schedule a regular medical consultation
???? ????? ?????????? ???? ????? ??????? ????? ???? ???? ?? ?????? ???? ??? ?????? ???? ???? ??????? ???,Urgent,Seek medical care within 24–48 hours
"????? ????? ???? ????? ????? ????????? ????? ???? ????, ????????? ???? ???? ?? ??? ???????? ????? ????????!",Emergency,Immediately go to emergency department or call ambulance
"???, ?????? ???? ?????? ???? ??? ???? ?? ????? ????? ?????? ???? ???? ?? ???????? ?? ???? ??? ???? ????? ???? ?? ?? ???? ???, ????? ???? ???????? ?????",Routine,Schedule a regular medical consultation
????? ???? ?? ????? ???? ???? ???? ???? ????? ??? ??? ???? ???? ?? ?????? ???? ????? ??? ????????? ??? ?????? ?? ???? ??? ???????? ??????? ???,Urgent,Seek medical care within 24–48 hours
"???? ????? ???????? ????? ??????? ??? ???? ????? ??? ??? ??? ?? ????? ???? ?????? ???? ????? ????????, ?? ?? ???? ?????? ????",Routine,Schedule a regular medical consultation
"???? ???? ?????? ??? ???? ????? ???? ???????? ??????? ??? ??????? ??????? ??? ????, ?? ????? ?????? ???? ???????? ?? ?? ??? ????????? ??????? ??? ??????",Emergency,Immediately go to emergency department or call ambulance
"???? ????? ???????? ??? ??????? ?????? ????? ???? ????? ????????? ????????? ??? ??????? ???? ????? ??? ??? ?? ?? ????? ??? ???? ???????? ??, ???-?? ?????? ??? ???? ?? ??? ??????? ????? ??? ???? ????, ????? ???? ??????? ????????????? ???!",Emergency,Immediately go to emergency department or call ambulance
"??????? ????? ????? ??????????? ????????? ???????????? ????????? ????? ?????????? ???????????? ???? ?????? ?????? ???? ??????? ?? ???? ????? ???? ??? ??? ???? ????? ?? ??? ???? ????? ?????, ??, ???? ??? ?? ????? ????????? ?????? ???, ?????????? ????? ???? ???????? ??????",General Query,No immediate action required  informational response sufficient
