Text,Categories,Action Needed
সারা শরীরের চামড়া হঠাৎ লাল হয়ে ফুলে গেছে এবং শ্বাস নিতে প্রচণ্ড কষ্ট হচ্ছে।,Emergency,Immediately go to emergency department or call ambulance
ত্বকের যত্নে সানস্ক্রিন ব্যবহারের সঠিক নিয়ম এবং এসপিএফ (SPF) এর গুরুত্ব সম্পর্কে জানতে চাই।,General Query,"No immediate action required, informational response sufficient"
বগলে একটা ছোট লাল ফুসকুড়ি হয়েছে যা খুব চুলকায় এবং ঘামলে জ্বালাপোড়া করে।,Routine,Schedule a regular medical consultation
কুঁচকির ভাঁজে মাঝেমধ্যে সাদাটে দাগ দেখা যায় যা চুলকালে কষ বা রস বের হয়।,Routine,Schedule a regular medical consultation
শরীরের চামড়ায় সরাসরি অ্যাসিড বা ক্ষতিকারক কেমিক্যাল পড়ে গভীর ক্ষত তৈরি হয়েছে।,Emergency,Immediately go to emergency department or call ambulance
ব্রণ বা একনি প্রতিরোধের সাধারণ উপায় এবং ঘরোয়া প্রতিকার সম্পর্কে তথ্য প্রয়োজন।,General Query,"No immediate action required, informational response sufficient"
চামড়ার নিচে একটা শক্ত চাকা যা দিন দিন বড় হচ্ছে এবং উপরের চামড়া কুঁচকে কালচে হয়ে যাচ্ছে।,Urgent,Seek medical care within 24–48 hours
ত্বকের ভাঁজে কালো ছোপ পড়া (Acanthosis Nigricans) কি ডায়াবেটিসের লক্ষণ? তথ্য চাই।,General Query,"No immediate action required, informational response sufficient"
হঠাৎ করে সারা শরীর চুলকে চাকা চাকা হয়ে ফুলে গেছে আর ঠোঁট ও চোখ ফুলে যাচ্ছে।,Emergency,Immediately go to emergency department or call ambulance
"রোদে গেলে চামড়া লাল হয়ে যায় এবং ফোস্কা পড়ে, এর প্রতিকারে সাধারণ পরামর্শ কী?",General Query,"No immediate action required, informational response sufficient"
বগলের নিচে একটা বড় ফোঁড়া হয়েছে যা লাল হয়ে ফুলে আছে আর হাত নাড়াতে খুব ব্যথা লাগে।,Urgent,Seek medical care within 24–48 hours
শরীরের একপাশে অনেকগুলো ছোট দানা লতানোভাবে উঠেছে এবং আগুনের মতো জ্বলছে।,Urgent,Seek medical care within 24–48 hours
পায়ের বা বাহুর চামড়া হঠাৎ লাল হয়ে গরম হয়ে ফুলে গেছে আর খুব জ্বর আসছে।,Urgent,Seek medical care within 24–48 hours
বগলের চামড়া খুব খসখসে হয়ে কালো হয়ে গেছে আর সেখান থেকে দুর্গন্ধ বের হয়।,Routine,Schedule a regular medical consultation
ত্বকের উজ্জ্বলতা বাড়ানোর জন্য স্টেরয়েড ক্রিম ব্যবহারের ঝুঁকি সম্পর্কে তথ্য জানতে চাই।,General Query,"No immediate action required, informational response sufficient"
সারা শরীরের চামড়া মাছের আঁশের মতো উঠে যাচ্ছে আর প্রচণ্ড জ্বালাপোড়া করছে।,Urgent,Seek medical care within 24–48 hours
কুঁচকিতে সরাসরি কোনো ধারালো চোট লেগেছে আর রক্তপাত থামানো যাচ্ছে না।,Emergency,Immediately go to emergency department or call ambulance
শরীরের কোনো তিল থেকে হঠাৎ রক্ত পড়ছে এবং তিলের চারপাশটা আঁকাবাঁকা হয়ে বড় হচ্ছে।,Urgent,Seek medical care within 24–48 hours
শীতকালে ত্বক অতিরিক্ত ফেটে যাওয়া রোধে ময়শ্চারাইজার ব্যবহারের সাধারণ নিয়মাবলী কী?,General Query,"No immediate action required, informational response sufficient"
বগলে ছোট ছোট আঁচিল বা মাংসের টুকরো (Skin Tag) হওয়া কি কোনো ভয়ের কারণ?,General Query,"No immediate action required, informational response sufficient"
চামড়ার নিচে পোকা হাঁটার মতো সুড়সুড়ি অনুভূতি হয় এবং রাতে চুলকানি বাড়ে।,Routine,Schedule a regular medical consultation
হঠাৎ করে সারা শরীরে বড় বড় ফোসকা পড়ছে এবং মুখ ও চোখের চামড়া উঠে যাচ্ছে।,Emergency,Immediately go to emergency department or call ambulance
একজিমা বা দীর্ঘস্থায়ী চর্মরোগ নিয়ন্ত্রণে রাখার সাধারণ খাবার ও অভ্যাস সম্পর্কে তথ্য চাই।,General Query,"No immediate action required, informational response sufficient"
পায়ের আঙুলের ফাঁকে পচন ধরেছে এবং চামড়া একদম কালো হয়ে পচা গন্ধ আসছে।,Emergency,Immediately go to emergency department or call ambulance
ত্বকের স্ট্রেচ মার্ক বা ফাটা দাগ কমানোর কি কোনো কার্যকরী সাধারণ উপায় আছে?,General Query,"No immediate action required, informational response sufficient"
শরীরের চামড়ায় সরাসরি গরম তেল বা পানি পড়ে ফোসকা গলে গিয়ে ঘা হয়ে গেছে।,Urgent,Seek medical care within 24–48 hours
বগলে ঘামাচির মতো ছোট ছোট লাল দানা যা গরমে অনেক বাড়ে আর জ্বালা করে।,Routine,Schedule a regular medical consultation
ত্বকের বায়োপসি পরীক্ষা কেন করা হয় এবং এর সাধারণ প্রক্রিয়া সম্পর্কে জানতে চাই।,General Query,"No immediate action required, informational response sufficient"
হঠাৎ করে নখের চারপাশের চামড়া ফুলে লাল হয়ে গেছে আর টিপলে পুঁজ বের হচ্ছে।,Urgent,Seek medical care within 24–48 hours
শরীরের যেকোনো অংশে সাদা দাগ বা ভিটিলিগো হওয়ার কারণ ও প্রতিকার সম্পর্কে তথ্য দিন।,General Query,"No immediate action required, informational response sufficient"
কুঁচকির ভাঁজে ছোট ছোট গোটা হয়েছে যা টিপলে শক্ত লাগে কিন্তু ব্যথা নেই।,Routine,Schedule a regular medical consultation
অ্যান্টিসেপটিক সাবান কি প্রতিদিন ত্বকে ব্যবহার করা নিরাপদ? সাধারণ তথ্য চাই।,General Query,"No immediate action required, informational response sufficient"
বগলের নিচে লসিকা গ্রন্থি বা গ্ল্যান্ড ফুলে মটরদানার মতো বড় হয়ে আছে।,Urgent,Seek medical care within 24–48 hours
চামড়া কুঁচকে যাওয়া বা বলিরেখা কমানোর জন্য কি অ্যান্টি-এজিং ক্রিম কাজ করে?,General Query,"No immediate action required, informational response sufficient"
"হঠাৎ সারা শরীর হলুদ হয়ে গেছে, এমনকি হাতের তালু ও চোখের চামড়াও।",Urgent,Seek medical care within 24–48 hours
রোদে পোড়া বা সানবার্ন হলে প্রাথমিক ঘরোয়া চিকিৎসার সাধারণ উপায়গুলো কী কী?,General Query,"No immediate action required, informational response sufficient"
বগলে অতিরিক্ত ঘাম হওয়া কমানোর জন্য কি বিশেষ কোনো পাউডার বা ওষুধ আছে?,General Query,"No immediate action required, informational response sufficient"
পায়ের পাতায় মোজা পরলে চামড়া ভিজে সাদা হয়ে যায় এবং খুব চুলকায়।,Routine,Schedule a regular medical consultation
ত্বকের অ্যালার্জি টেস্ট করার নিয়ম এবং এটি কখন করা জরুরি সে বিষয়ে তথ্য চাই।,General Query,"No immediate action required, informational response sufficient"
চামড়ার ওপর ছুলি বা সাদা ছোপ হওয়ার কারণ ও সাধারণ মলম সম্পর্কে জানতে চাই।,General Query,"No immediate action required, informational response sufficient"
শরীরের ভাঁজে ভাঁজে ফাঙ্গাস ইনফেকশন কেন হয় এবং তা প্রতিরোধের উপায় কী?,General Query,"No immediate action required, informational response sufficient"
কুঁচকিতে একটি বড় পিণ্ড যা হাঁটলে টানে এবং সাথে প্রচণ্ড জ্বর আসছে গত দুইদিন।,Urgent,Seek medical care within 24–48 hours
ত্বকের সুরক্ষায় ভিটামিন-ই ক্যাপসুল কি সরাসরি মুখে মাখা নিরাপদ? তথ্য চাই।,General Query,"No immediate action required, informational response sufficient"
সারা শরীরের চামড়া হঠাৎ পুড়ে যাওয়ার মতো লাল হয়ে গেছে কোনো ওষুধ খাওয়ার পর।,Emergency,Immediately go to emergency department or call ambulance
ব্রণের দাগ দূর করার আধুনিক লেজার চিকিৎসা সম্পর্কে সাধারণ তথ্য প্রয়োজন।,General Query,"No immediate action required, informational response sufficient"
"চামড়ার ওপর কালচে বেগুনি দাগ যা টিপলে ফ্যাকাশে হয় না, এটি কিসের লক্ষণ?",Urgent,Seek medical care within 24–48 hours
হঠাৎ কোনো রাসায়নিক ছিিটকে চোখে ও মুখের চামড়ায় পড়ে জ্বলে যাচ্ছে।,Emergency,Immediately go to emergency department or call ambulance
ত্বকের রুক্ষতা দূর করতে প্রাকৃতিক তেলের ব্যবহার সম্পর্কে সাধারণ তথ্য জানতে চাই।,General Query,"No immediate action required, informational response sufficient"
কুঁচকিতে ছোট ছোট ফুসকুড়ি যা থেকে সাদা রস বের হয় এবং খুব দুর্গন্ধ ছড়ায়।,Urgent,Seek medical care within 24–48 hours
বগলে লোম পরিষ্কার করার পর জায়গাটা লাল হয়ে ফুলে আছে আর প্রচণ্ড জ্বলছে।,Routine,Schedule a regular medical consultation
ত্বকের সুস্থতায় প্রতিদিন কত লিটার পানি পান করা জরুরি? পরামর্শ চাই।,General Query,"No immediate action required, informational response sufficient"
চামড়ার ওপর একটা ঘা যা অনেকদিন ধরে ওষুধ লাগালেও সারছে না এবং রক্ত বের হয়।,Urgent,Seek medical care within 24–48 hours
সারা শরীরের চামড়া অবশ হয়ে গেছে এবং হাত দিলে কোনো অনুভূতি পাচ্ছি না।,Emergency,Immediately go to emergency department or call ambulance
কুঁচকিতে ফোঁড়া পেকে নালী হয়ে গেছে এবং ভেতর থেকে পুঁজের সাথে রক্ত আসছে।,Urgent,Seek medical care within 24–48 hours
ত্বকের মরা চামড়া দূর করার বা এক্সফোলিয়েশনের সঠিক নিয়ম সম্পর্কে তথ্য চাই।,General Query,"No immediate action required, informational response sufficient"
বগলে কোনো পোকা কামড়ানোর পর সারা শরীর চুলকে ফুলে গিয়ে রোগী নীল হয়ে যাচ্ছে।,Emergency,Immediately go to emergency department or call ambulance
শরীরের চামড়া খুব পাতলা হয়ে গেছে এবং সামান্য ঘষাতেই ছিঁড়ে রক্ত বের হয়।,Routine,Schedule a regular medical consultation
কুঁচকির ভাঁজে কালো ছোপ পড়া কমানোর কি কোনো নিরাপদ ঘরোয়া উপায় আছে?,General Query,"No immediate action required, informational response sufficient"
চামড়ার ওপর সুড়সুড়ি অনুভূতি এবং সাথে ছোট ছোট কালো বিন্দু দেখা যাচ্ছে।,Routine,Schedule a regular medical consultation
বগলের নিচে একটা শক্ত রগের মতো ফুলে আছে যা টিপলে খুব ব্যথা লাগে।,Urgent,Seek medical care within 24–48 hours
কুঁচকিতে কোনো কিছু কামড়ানোর পর জায়গাটা আগুনের মতো গরম হয়ে আছে।,Urgent,Seek medical care within 24–48 hours
ত্বকের অ্যালার্জি হলে কি কোনো বিশেষ খাবার পরিহার করা জরুরি? তথ্য চাই।,General Query,"No immediate action required, informational response sufficient"
সারা শরীরে খুশকির মতো চামড়া উঠছে আর সারা রাত চুলকানির জন্য ঘুমানো যায় না।,Routine,Schedule a regular medical consultation
বগলে অনেকদিন ধরে একটা পিণ্ড যা ব্যথাহীন কিন্তু ইদানীং ওজনে কমে যাচ্ছি।,Urgent,Seek medical care within 24–48 hours
ত্বকের ছিদ্রে বা পোরস-এ ময়লা জমে ব্রণ হওয়া প্রতিরোধের উপায় সম্পর্কে জানতে চাই।,General Query,"No immediate action required, informational response sufficient"
শরীরের কোনো ক্ষত স্থানে লার্ভা বা পোকা দেখা যাচ্ছে এবং প্রচণ্ড দুর্গন্ধ।,Emergency,Immediately go to emergency department or call ambulance
কুঁচকির চামড়া খুব লাল হয়ে ফুলে আছে আর প্রস্রাব করতে গেলে জ্বালাপোড়া করে।,Urgent,Seek medical care within 24–48 hours
চামড়ার নিচে বাতাসের বুদবুদের মতো অনুভূতি যা টিপলে চড়চড় শব্দ হয়।,Emergency,Immediately go to emergency department or call ambulance
কুঁচকিতে ঘর্ষণ বা ফ্রিকশনের কারণে চামড়া ছিলে যাওয়ার ঘরোয়া প্রতিকার কী?,General Query,"No immediate action required, informational response sufficient"
ত্বকের ওপর ছোট ছোট লাল বিন্দু (Petechiae) যা টিপলে সাদা হয় না।,Urgent,Seek medical care within 24–48 hours
সারা শরীরের চামড়া হঠাৎ ফ্যাকাশে সাদা হয়ে গেছে আর রোগী নিস্তেজ হয়ে পড়ছে।,Emergency,Immediately go to emergency department or call ambulance
বগলের নিচে কোনো ফোঁড়া অপারেশন করার পর সেখান থেকে অনেক রক্ত বের হচ্ছে।,Emergency,Immediately go to emergency department or call ambulance
ত্বকের সুস্থতায় ঘুমের প্রভাব এবং রাত জাগলে চামড়ার কী কী ক্ষতি হয়?,General Query,"No immediate action required, informational response sufficient"
কুঁচকিতে কোনো পিণ্ড যা কাশি দিলে বের হয় কিন্তু শুয়ে থাকলে ভেতরে ঢুকে যায়।,Urgent,Seek medical care within 24–48 hours
চামড়ার ওপর সরু লম্বা দাগ যা মনে হচ্ছে চামড়ার নিচ দিয়ে কোনো পোকা যাচ্ছে।,Urgent,Seek medical care within 24–48 hours
বগলের চামড়ায় চাকা চাকা লাল দাগ যা গরমে খুব চুলকায় আর জ্বলে।,Routine,Schedule a regular medical consultation
কুঁচকির ভাঁজে সাদা দইয়ের মতো আস্তরণ জমে আছে আর প্রচণ্ড দুর্গন্ধ।,Routine,Schedule a regular medical consultation
কুঁচকিতে সরাসরি কোনো আঘাত পাওয়ার পর সেই জায়গাটা একদম অবশ হয়ে গেছে।,Urgent,Seek medical care within 24–48 hours
ত্বকের ডার্মাটাইটিস বা প্রদাহ কমানোর সাধারণ ঘরোয়া টিপস সম্পর্কে জানতে চাই।,General Query,"No immediate action required, informational response sufficient"
রোগী হঠাৎ অজ্ঞান হয়ে গেছে এবং তার পালস বা নাড়স্পন্দন পাওয়া যাচ্ছে না।,Emergency,Immediately go to emergency department or call ambulance
বুকে প্রচণ্ড ব্যথার সাথে সারা শরীর ঘেমে যাচ্ছে এবং বাম হাত অবশ হয়ে আসছে।,Emergency,Immediately go to emergency department or call ambulance
বাচ্চার খিঁচুনি শুরু হয়েছে এবং সে চোখ উল্টে গোঙানির মতো শব্দ করছে।,Emergency,Immediately go to emergency department or call ambulance
দুর্ঘটনায় রোগীর পা থেকে ফিনকি দিয়ে রক্ত বের হচ্ছে যা কোনোভাবেই থামানো যাচ্ছে না।,Emergency,Immediately go to emergency department or call ambulance
গলায় কিছু আটকে গিয়ে শ্বাস বন্ধ হয়ে আসছে এবং রোগীর ঠোঁট নীল হয়ে যাচ্ছে।,Emergency,Immediately go to emergency department or call ambulance
গর্ভাবস্থায় হঠাৎ অতিরিক্ত রক্তক্ষরণ এবং পেটে প্রচণ্ড মোচড়ানো ব্যথা শুরু হয়েছে।,Emergency,Immediately go to emergency department or call ambulance
উঁচু জায়গা থেকে পড়ে গিয়ে রোগীর কপাল ফেটে মগজ দেখা যাচ্ছে এবং সে অজ্ঞান।,Emergency,Immediately go to emergency department or call ambulance
আগুনে পুড়ে গিয়ে শরীরের চামড়া সাদা হয়ে ঝুলে পড়েছে এবং রোগী যন্ত্রণায় চিৎকার করছে।,Emergency,Immediately go to emergency department or call ambulance
হঠাৎ সারা শরীর বরফের মতো ঠান্ডা হয়ে গেছে এবং রোগী কোনো সাড়া দিচ্ছে না।,Emergency,Immediately go to emergency department or call ambulance
মাথায় প্রচণ্ড আঘাত পাওয়ার পর থেকে রোগী বারবার বমি করছে এবং ঝিমিয়ে পড়ছে।,Emergency,Immediately go to emergency department or call ambulance
"পানির নিচে কয়েক মিনিট ডুবে থাকার পর রোগীকে তোলা হয়েছে, সে শ্বাস নিচ্ছে না।",Emergency,Immediately go to emergency department or call ambulance
"হঠাৎ করে বুকের মাঝখানে মনে হচ্ছে কেউ পাথর চাপা দিয়ে রেখেছে, দম বন্ধ লাগছে।",Emergency,Immediately go to emergency department or call ambulance
প্রচণ্ড অ্যালার্জিক রিয়েকশনে রোগীর মুখ ও গলা ফুলে শ্বাস নিতে খুব কষ্ট হচ্ছে।,Emergency,Immediately go to emergency department or call ambulance
রোগীর পেটে ধারালো কিছুর আঘাত লেগে ভুড়ি বের হয়ে এসেছে।,Emergency,Immediately go to emergency department or call ambulance
বিদ্যুতের শট খাওয়ার পর রোগী ছিটকে পড়ে অচেতন হয়ে আছে।,Emergency,Immediately go to emergency department or call ambulance
হঠাৎ করে প্রচণ্ড মাথাব্যথার সাথে রোগীর ঘাড় শক্ত হয়ে গেছে এবং সে বমি করছে।,Emergency,Immediately go to emergency department or call ambulance
সাপ কামড়ানোর পর রোগীর চোখের পাতা নেমে আসছে এবং শ্বাস নিতে কষ্ট হচ্ছে।,Emergency,Immediately go to emergency department or call ambulance
বাচ্চার খুব উচ্চমাত্রার জ্বর (১০৫ ডিগ্রি) এবং সে প্রলাপ বকছে।,Emergency,Immediately go to emergency department or call ambulance
রোগীর হার্ট বিট বা হৃদস্পন্দন হঠাৎ বন্ধ হয়ে গেছে বলে মনে হচ্ছে।,Emergency,Immediately go to emergency department or call ambulance
অজ্ঞান হওয়ার পর রোগীর জিহ্বা কামড় লেগে প্রচুর রক্তপাত হচ্ছে।,Emergency,Immediately go to emergency department or call ambulance
হঠাৎ করে রোগী অসংলগ্ন কথা বলছে এবং কাউকে চিনতে পারছে না।,Emergency,Immediately go to emergency department or call ambulance
তীব্র হাঁপানির টানে ইনহেলার কাজ করছে না এবং রোগী নীল হয়ে যাচ্ছে।,Emergency,Immediately go to emergency department or call ambulance
পেটে ছুরিকাঘাতের পর রোগী প্রচুর রক্ত হারিয়ে ফ্যাকাশে হয়ে গেছে।,Emergency,Immediately go to emergency department or call ambulance
হঠাৎ করে রোগীর দৃষ্টিশক্তি চলে গেছে এবং সে প্রচণ্ড ভারসাম্যহীন বোধ করছে।,Emergency,Immediately go to emergency department or call ambulance
গলায় মাছের কাঁটা বা কিছু আটকে গিয়ে শ্বাসপথ একদম বন্ধ হয়ে গেছে।,Emergency,Immediately go to emergency department or call ambulance
প্রচণ্ড জ্বরের সাথে রোগীর প্রস্রাব একদম বন্ধ হয়ে গেছে গত ২৪ ঘণ্টা ধরে।,Emergency,Immediately go to emergency department or call ambulance
গর্ভবতী মহিলার পানি ভেঙে গেছে এবং বাচ্চার কোনো নড়াচড়া বোঝা যাচ্ছে না।,Emergency,Immediately go to emergency department or call ambulance
রোগী উচ্চ রক্তচাপের কারণে হঠাৎ নাক দিয়ে প্রচুর রক্তপাত করছে এবং অজ্ঞান।,Emergency,Immediately go to emergency department or call ambulance
অজ্ঞাত কোনো ওষুধ খাওয়ার পর সারা শরীর কাঁপছে আর ঘাম দিচ্ছে।,Emergency,Immediately go to emergency department or call ambulance
বাচ্চার মাথায় সিলিং ফ্যান পড়ে গিয়ে গভীর ক্ষত হয়েছে এবং সে নিস্তেজ।,Emergency,Immediately go to emergency department or call ambulance
রোগীর কান দিয়ে সাদা তরলের সাথে রক্ত বের হচ্ছে এবং সে অচেতন।,Emergency,Immediately go to emergency department or call ambulance
প্রচণ্ড ঠান্ডায় শরীরের তাপমাত্রা কমে গিয়ে রোগী কাঁপতে কাঁপতে নিথর হয়ে গেছে।,Emergency,Immediately go to emergency department or call ambulance
রোগীর পেটে হঠাৎ অসহ্য ব্যথা এবং পেটটা ড্রামের মতো শক্ত হয়ে ফুলে আছে।,Emergency,Immediately go to emergency department or call ambulance
কীটনাশক খাওয়ার পর রোগীর লালা গড়িয়ে পড়ছে এবং শ্বাস নিতে পারছে না।,Emergency,Immediately go to emergency department or call ambulance
হঠাৎ মাথায় তীব্র যন্ত্রণার সাথে রোগীর এক চোখ বন্ধ হয়ে গেছে এবং সে কথা বলতে পারছে না।,Emergency,Immediately go to emergency department or call ambulance
অপারেশনের সেলাই খুলে গিয়ে ফিনকি দিয়ে রক্ত বের হচ্ছে।,Emergency,Immediately go to emergency department or call ambulance
রোগী নিজের গলায় ফাঁস দেওয়ার চেষ্টা করার পর এখন অচেতন হয়ে আছে।,Emergency,Immediately go to emergency department or call ambulance
হঠাৎ বুক ধড়ফড়ানি বেড়ে গিয়ে রোগী শ্বাস নিতে না পেরে লুটিয়ে পড়েছে।,Emergency,Immediately go to emergency department or call ambulance
বাচ্চা খেলনার ছোট দানা নাকে ঢুকিয়ে ফেলেছে এবং তার দম বন্ধ হয়ে আসছে।,Emergency,Immediately go to emergency department or call ambulance
গাড়ির ধাক্কায় রোগীর পা ভেঙে হাড় বের হয়ে আছে এবং প্রচণ্ড রক্তপাত হচ্ছে।,Emergency,Immediately go to emergency department or call ambulance
হঠাৎ সারা শরীর খিঁচুনি দিয়ে দাঁত লেগে গেছে এবং মুখ দিয়ে ফেনা বের হচ্ছে।,Emergency,Immediately go to emergency department or call ambulance
রোগীর প্রস্রাবের সাথে বড় বড় রক্তের চাকা যাচ্ছে এবং সে প্রচণ্ড দুর্বল।,Emergency,Immediately go to emergency department or call ambulance
হঠাৎ করে রোগীর হৃৎপিণ্ড বন্ধ হওয়ার উপক্রম এবং সে প্রচণ্ড ঘামছে।,Emergency,Immediately go to emergency department or call ambulance
রোগীর পায়ের আঙুল পচে নীল হয়ে গেছে এবং প্রচণ্ড দুর্গন্ধ বের হচ্ছে।,Emergency,Immediately go to emergency department or call ambulance
গত দুইদিন ধরে পেটে প্রচণ্ড মোচড়ানো ব্যথা এবং বারবার পাতলা পায়খানা হচ্ছে।,Urgent,Seek medical care within 24–48 hours
প্রচণ্ড জ্বরের সাথে প্রস্রাবে খুব জ্বালাপোড়া এবং তলপেটে কামড়ানো ব্যথা।,Urgent,Seek medical care within 24–48 hours
গত রাত থেকে একটানা কাশি এবং কাশির সাথে হলদেটে ঘন কফ বের হচ্ছে।,Urgent,Seek medical care within 24–48 hours
চোখ লাল হয়ে ফুলে গেছে এবং চোখ দিয়ে ঘন সাদা পিঁচুটি বের হচ্ছে।,Urgent,Seek medical care within 24–48 hours
হাতের আঙুলে ধারালো কিছু লেগে গভীর ক্ষত হয়েছে এবং এখনো হালকা রক্ত ঝরছে।,Urgent,Seek medical care within 24–48 hours
কোমর থেকে পা পর্যন্ত ঝিনঝিন ব্যথায় রোগী সোজা হয়ে দাঁড়াতে পারছে না।,Urgent,Seek medical care within 24–48 hours
হঠাৎ করে খুব বেশি দুর্বল লাগছে এবং দাঁড়াতে গেলেই মাথা ঘুরছে।,Urgent,Seek medical care within 24–48 hours
পায়ের গোড়ালি মচকে গিয়ে প্রচণ্ড ফুলে গেছে এবং পা মাটিতে ফেলা যাচ্ছে না।,Urgent,Seek medical care within 24–48 hours
সারা শরীরের জয়েন্টে প্রচণ্ড ব্যথার সাথে হালকা জ্বর ও কাঁপুনি আছে।,Urgent,Seek medical care within 24–48 hours
গত ২৪ ঘণ্টা ধরে একটানা বমি হচ্ছে এবং রোগী পানি পর্যন্ত পেটে রাখতে পারছে না।,Urgent,Seek medical care within 24–48 hours
পিঠের এক পাশে প্রচণ্ড ব্যথা যা তলপেটের দিকে ছড়িয়ে যাচ্ছে (কিডনি পাথর সন্দেহ)।,Urgent,Seek medical care within 24–48 hours
সারা শরীর ম্যাজম্যাজ করছে এবং ১০২ ডিগ্রি জ্বর সাথে তীব্র মাথাব্যথা।,Urgent,Seek medical care within 24–48 hours
স্তনের এক পাশে শক্ত চাকা অনুভব করছি যা চাপ দিলে খুব ব্যথা লাগে।,Urgent,Seek medical care within 24–48 hours
বাচ্চার সারা শরীরে পানিভর্তি ছোট ছোট ফোসকা দেখা যাচ্ছে (চিকেন পক্স)।,Urgent,Seek medical care within 24–48 hours
হঠাৎ করে উচ্চ রক্তচাপ ১৮০/১০০ হয়ে গেছে এবং মাথা খুব ঝিমঝিম করছে।,Urgent,Seek medical care within 24–48 hours
কুকুরে কামড়ানোর পর সেখানে প্রচণ্ড জ্বালাপোড়া এবং লাল হয়ে আছে।,Urgent,Seek medical care within 24–48 hours
হাত বা পায়ের গিঁট ফুলে গরম হয়ে আছে এবং নড়াচড়া করতে খুব কষ্ট হচ্ছে।,Urgent,Seek medical care within 24–48 hours
দীর্ঘদিন ধরে কাশির সাথে মাঝেমধ্যে রক্তের ছিটেফোঁটা দেখা যাচ্ছে।,Urgent,Seek medical care within 24–48 hours
বাচ্চার কানে কিছু একটা ঢুকেছে এবং সে যন্ত্রণায় ছটফট করছে।,Urgent,Seek medical care within 24–48 hours
প্রসবে সময় হয়ে গেছে এবং নিয়মিত বিরতিতে পেটে ব্যথা উঠছে।,Urgent,Seek medical care within 24–48 hours
চোখের চারপাশ ফুলে গেছে এবং দৃষ্টি কিছুটা ঝাপসা মনে হচ্ছে।,Urgent,Seek medical care within 24–48 hours
প্রচণ্ড রোদে কাজ করার পর মাথা ঘুরছে এবং সারা শরীরে খিঁচুনি লাগছে।,Urgent,Seek medical care within 24–48 hours
বাচ্চার একটানা পাতলা পায়খানা এবং সে বারবার পানি খেতে চাচ্ছে।,Urgent,Seek medical care within 24–48 hours
পেটে তীব্র গ্যাসের ব্যথার সাথে বুক জ্বলছে এবং শ্বাস নিতে অস্বস্তি হচ্ছে।,Urgent,Seek medical care within 24–48 hours
হঠাৎ সারা শরীর ঠান্ডা ঘাম দিয়ে হাত-পা কাঁপছে (Low Sugar সন্দেহ)।,Urgent,Seek medical care within 24–48 hours
বাচ্চার প্রস্রাবের রং গাঢ় লাল বা বাদামী হয়ে গেছে।,Urgent,Seek medical care within 24–48 hours
জিহ্বায় বড় ঘা হয়েছে যার কারণে কয়েকদিন ধরে কিছু খেতে পারছি না।,Urgent,Seek medical care within 24–48 hours
পায়ের হাড় মচকে গিয়ে ভেতরে রক্ত জমে নীল হয়ে গেছে।,Urgent,Seek medical care within 24–48 hours
গর্ভবতী মহিলার পা হঠাৎ খুব বেশি ফুলে গেছে এবং মাথা ঘুরাচ্ছে।,Urgent,Seek medical care within 24–48 hours
গত এক সপ্তাহ ধরে পায়খানার সাথে উজ্জ্বল লাল রক্ত যাচ্ছে।,Urgent,Seek medical care within 24–48 hours
মাথার এক পাশে প্রচণ্ড ব্যথার সাথে বমি বমি ভাব এবং আলো সহ্য হচ্ছে না।,Urgent,Seek medical care within 24–48 hours
বাচ্চার জ্বর ১০৪ ডিগ্রি হয়ে গেছে এবং সে কিছুই খাচ্ছে না।,Urgent,Seek medical care within 24–48 hours
হঠাৎ কপালে ও চোখের নিচে প্রচণ্ড চাপ অনুভব করছি এবং নাক বন্ধ।,Urgent,Seek medical care within 24–48 hours
পায়ের বাছুর পেশিতে প্রচণ্ড ব্যথার সাথে পা ফুলে লাল হয়ে আছে।,Urgent,Seek medical care within 24–48 hours
খুব ক্লান্তি এবং সারাক্ষণ বুক ধড়ফড় করার সাথে শ্বাস নিতে কষ্ট।,Urgent,Seek medical care within 24–48 hours
শরীরে প্রচণ্ড চুলকানি যা রাতের বেলা অনেক বেশি বেড়ে যায়।,Urgent,Seek medical care within 24–48 hours
বাচ্চার পেট কামড়ানো ব্যথার সাথে কান্নাকাটি এবং পেট খুব শক্ত।,Urgent,Seek medical care within 24–48 hours
হঠাৎ করে গলার স্বর বসে গেছে এবং কথা বলতে খুব কষ্ট হচ্ছে।,Urgent,Seek medical care within 24–48 hours
পায়ের পাতার নিচে বড় ধরণের কাটা যা ড্রেসিং করা প্রয়োজন।,Urgent,Seek medical care within 24–48 hours
হঠাৎ করে প্রচণ্ড মাথাব্যথা আর বমি হওয়ার পর রোগী অচেতন হয়ে পড়েছেন।,Emergency,Immediately go to emergency department or call ambulance
দুর্ঘটনায় রোগীর পেট থেকে ভুড়ি বের হয়ে এসেছে এবং সে যন্ত্রণায় ছটফট করছে।,Emergency,Immediately go to emergency department or call ambulance
বাচ্চার গলায় ছোট খেলনা আটকে গিয়ে দম বন্ধ হয়ে আসছে এবং মুখ লাল হয়ে গেছে।,Emergency,Immediately go to emergency department or call ambulance
পেটে প্রচণ্ড ব্যথার সাথে একটানা বমি হচ্ছে আর রোগী নিস্তেজ হয়ে গেছে।,Emergency,Immediately go to emergency department or call ambulance
অজ্ঞান হওয়ার পর রোগীর পালস খুব ধীর হয়ে গেছে এবং সে নিশ্বাস নিচ্ছে না।,Emergency,Immediately go to emergency department or call ambulance
গর্ভবতী মহিলার হঠাৎ অতিরিক্ত রক্তক্ষরণ এবং পেটে প্রচণ্ড মোচড়ানো ব্যথা শুরু হয়েছে।,Emergency,Immediately go to emergency department or call ambulance
মাথায় সরাসরি আঘাতের পর রোগী কয়েক মিনিটের জন্য অজ্ঞান হয়ে গিয়েছিল।,Emergency,Immediately go to emergency department or call ambulance
হঠাৎ শ্বাসকষ্টের সাথে সারা শরীর চুলকে চাকা হয়ে ফুলে যাচ্ছে।,Emergency,Immediately go to emergency department or call ambulance
"রোগী বিষ খেয়েছে এবং মুখ দিয়ে ফেনা বের হচ্ছে, এখন সে অচেতন।",Emergency,Immediately go to emergency department or call ambulance
হঠাৎ শরীরের তাপমাত্রা বেড়ে ১০৪ ডিগ্রি হয়ে গেছে আর রোগী প্রলাপ বকছেন।,Emergency,Immediately go to emergency department or call ambulance
শরীরের তাপমাত্রা ৯৬ ডিগ্রির নিচে নেমে গেছে আর হাত-পা বরফের মতো ঠান্ডা।,Emergency,Immediately go to emergency department or call ambulance
প্রচণ্ড জ্বরের সাথে ঘাড় শক্ত হয়ে গেছে আর আলো সহ্য করতে পারছি না।,Emergency,Immediately go to emergency department or call ambulance
বুকে প্রচণ্ড ব্যথার সাথে শ্বাসকষ্ট হচ্ছে আর শরীর ঠান্ডা হয়ে ঘাম দিচ্ছে।,Emergency,Immediately go to emergency department or call ambulance
জ্বরের ওষুধ খাওয়ার পর সারা শরীরে বড় বড় ফোসকা পড়ছে আর ঠোঁট ফুলে গেছে।,Emergency,Immediately go to emergency department or call ambulance
পায়ের বাছুর পেশিতে ব্যথার সাথে শ্বাসকষ্ট হচ্ছে এবং হঠাৎ পা ফুলে গেছে।,Emergency,Immediately go to emergency department or call ambulance
বিষ খাওয়ার পর রোগী শ্বাস নিতে পারছে না এবং অচেতন হয়ে পড়ে আছে।,Emergency,Immediately go to emergency department or call ambulance
হঠাৎ করে শ্বাস বন্ধ হয়ে রোগী নীল হয়ে গেছে এবং নাড়ি পাওয়া যাচ্ছে না।,Emergency,Immediately go to emergency department or call ambulance
অজ্ঞান হওয়ার পর রোগীর মুখ থেকে লালা বা ফেনা বের হচ্ছে এবং হাত-পা শক্ত।,Emergency,Immediately go to emergency department or call ambulance
পিঠের এক পাশে প্রচণ্ড ব্যথা যা তলপেটের দিকে ছড়িয়ে যাচ্ছে (কিডনি পাথর)।,Urgent,Seek medical care within 24–48 hours
মাথার পেছনের ব্যথার সাথে শরীরের ভারসাম্য হারিয়ে পড়ে যাচ্ছেন।,Urgent,Seek medical care within 24–48 hours
দম বন্ধ হয়ে আসার মতো কাশি আর নিঃশ্বাসের সাথে শাঁ শাঁ শব্দ হচ্ছে।,Urgent,Seek medical care within 24–48 hours
হঠাৎ সারা শরীর কাঁপছে আর রোগী উল্টোপাল্টা কথা বলছেন।,Urgent,Seek medical care within 24–48 hours
খুব জ্বরের সাথে বাচ্চার পেট ফুলে গেছে আর সে একদম নড়াচড়া করছে না।,Urgent,Seek medical care within 24–48 hours
চোখের মণি হলুদ হয়ে গেছে আর শরীর খুব চুলকাচ্ছে।,Urgent,Seek medical care within 24–48 hours
হঠাৎ সারা শরীর ফুলে গেছে আর রোগী সোজা হয়ে দাঁড়াতে পারছে না।,Urgent,Seek medical care within 24–48 hours
বাচ্চার কাশির সাথে বুকের খাঁচা নিচের দিকে দেবে যাচ্ছে আর নিঃশ্বাস খুব দ্রুত।,Urgent,Seek medical care within 24–48 hours
জ্বরের সাথে বাচ্চার হাত ও পায়ের তালুতে ছোট ছোট লাল দানা দেখা যাচ্ছে।,Urgent,Seek medical care within 24–48 hours
হঠাৎ বুকের ভেতর কিছু আটকে আছে এমন অনুভূতির প্রতিকার কী?,Urgent,Seek medical care within 24–48 hours
একটানা দুই সপ্তাহ ধরে খুব মন খারাপ আর কোনো কিছুতেই আনন্দ পাচ্ছি না।,Urgent,Seek medical care within 24–48 hours
"মাঝরাতে হঠাৎ ঘুম ভেঙে যায় আর খুব ভয় লাগে, মনে হয় ঘরে কেউ আছে।",Urgent,Seek medical care within 24–48 hours
হঠাৎ করে সব কিছু অর্থহীন মনে হচ্ছে আর খুব ঘুমাতে ইচ্ছা করছে।,Urgent,Seek medical care within 24–48 hours
বিছানায় শুয়ে দীর্ঘক্ষণ চিন্তা করা বন্ধ করার কোনো টেকনিক আছে কি?,Urgent,Seek medical care within 24–48 hours
সবসময় মৃত্যু চিন্তা মাথায় আসে আর মনে হয় আজই আমার শেষ দিন।,Urgent,Seek medical care within 24–48 hours
খুব প্রিয় কোনো জিনিসের ওপর থেকেও আগ্রহ হারিয়ে ফেলেছি আর জীবন শূন্য।,Urgent,Seek medical care within 24–48 hours
রোগীর কান দিয়ে ফিনকি দিয়ে রক্ত বের হচ্ছে এবং সে তীব্র যন্ত্রণায় চিৎকার করে অজ্ঞান হয়ে গেল।,Emergency,Immediately go to emergency department or call ambulance
"রোগী হঠাৎ করে সোজা হয়ে দাঁড়াতে পারছে না, একদিকের পা ও হাত সম্পূর্ণ অবশ বা প্যারালাইজড।",Emergency,Immediately go to emergency department or call ambulance
কারখানার বয়লার বিস্ফোরণে একজনের পুরো পিঠের চামড়া পুড়ে কয়লা হয়ে গেছে এবং সে অচেতন।,Emergency,Immediately go to emergency department or call ambulance
হঠাৎ করে রোগীর হার্টবিট এতো বেড়ে গেছে যে সে বুকে হাত দিয়ে মেঝেতে লুটিয়ে পড়েছে।,Emergency,Immediately go to emergency department or call ambulance
গলায় ধারালো কাঁচের টুকরো লেগে শ্বাসনালী কেটে গেছে এবং ফিনকি দিয়ে রক্ত বের হচ্ছে।,Emergency,Immediately go to emergency department or call ambulance
কীটনাশক স্প্রে করার পর চাষী হঠাৎ বুক চেপে ধরে মাটিতে পড়ে গেছেন এবং তার দম আটকে আসছে।,Emergency,Immediately go to emergency department or call ambulance
রোগীর শরীরের তাপমাত্রা হঠাৎ ১০৫ ডিগ্রি হয়ে গেছে এবং সে অবিন্যস্তভাবে হাত-পা ছুড়ছে।,Emergency,Immediately go to emergency department or call ambulance
"গভীর পুকুরে ডুবে যাওয়ার পর রোগীকে তোলা হয়েছে, তার পেট ফুলে আছে এবং পালস পাওয়া যাচ্ছে না।",Emergency,Immediately go to emergency department or call ambulance
রোগী ঘুমের ওষুধ পুরো পাতা একসাথে খেয়ে ফেলেছে এবং এখন তাকে ডাকলে কোনো সাড়া দিচ্ছে না।,Emergency,Immediately go to emergency department or call ambulance
হঠাৎ করে চোখের সামনে সব অন্ধকার হয়ে গেছে এবং রোগী তীব্র মাথায় যন্ত্রণায় ছটফট করছে।,Emergency,Immediately go to emergency department or call ambulance
মৌমাছির কামড়ের পর রোগীর পুরো মুখমণ্ডল ও জিব ফুলে গিয়ে বাতাস চলাচলের পথ বন্ধ হয়ে আসছে।,Emergency,Immediately go to emergency department or call ambulance
নির্মাণাধীন ভবন থেকে পড়ে গিয়ে রড পেটের ভেতর ঢুকে গেছে এবং রোগী প্রচুর রক্ত হারাচ্ছে।,Emergency,Immediately go to emergency department or call ambulance
তীব্র গ্যাসের ব্যথার কথা বলতে বলতে রোগী হঠাৎ চোখ উল্টে অজ্ঞান হয়ে মেঝেতে পড়ে গেল।,Emergency,Immediately go to emergency department or call ambulance
বিদ্যুতের তারে জড়িয়ে যাওয়ার পর হাতের আঙুলগুলো পুড়ে কালো হয়ে গেছে এবং হার্টবিট পাওয়া যাচ্ছে না।,Emergency,Immediately go to emergency department or call ambulance
বিষাক্ত কালনাগিনী বা কোনো কালো সাপ কামড়ানোর পর রোগীর শরীর অবশ হয়ে আসছে এবং জিব জড়িয়ে যাচ্ছে।,Emergency,Immediately go to emergency department or call ambulance
বাচ্চা বোতাম ব্যাটারি (Button Battery) গিলে ফেলেছে এবং তার বুক ও গলা দিয়ে ধোঁয়া বা লালা বের হচ্ছে।,Emergency,Immediately go to emergency department or call ambulance
অপারেশনের চারদিন পর হঠাৎ সেলাই ছিঁড়ে ভেতরের অঙ্গ বের হয়ে এসেছে এবং রক্তপাত হচ্ছে।,Emergency,Immediately go to emergency department or call ambulance
রোগী নিজের হাত কাটার পর ফিনকি দিয়ে ধমনীর রক্ত বের হচ্ছে এবং ঘর রক্তে ভেসে গেছে।,Emergency,Immediately go to emergency department or call ambulance
প্রচণ্ড জ্বরের সাথে রোগীর সারাদেহে বড় বড় কালো ছোপ দেখা যাচ্ছে এবং সে নিস্তেজ।,Emergency,Immediately go to emergency department or call ambulance
গর্ভবতী মহিলার নবম মাসে হঠাৎ তীব্র পেটে ব্যথা এবং সাথে প্রচুর কালচে রক্তক্ষরণ শুরু হয়েছে।,Emergency,Immediately go to emergency department or call ambulance
উচ্চ রক্তচাপের রোগী হঠাৎ করে কথা বলা বন্ধ করে দিয়েছেন এবং অপলক দৃষ্টিতে তাকিয়ে আছেন।,Emergency,Immediately go to emergency department or call ambulance
বাচ্চার গলায় সুপারি বা কোনো শক্ত ফল আটকে গিয়ে মুখ কালো হয়ে যাচ্ছে এবং সে কাঁপছে।,Emergency,Immediately go to emergency department or call ambulance
মোটরসাইকেল দুর্ঘটনার পর রোগীর পা ভেঙে ভেতরের সাদা হাড় চামড়া ফুঁড়ে বের হয়ে এসেছে।,Emergency,Immediately go to emergency department or call ambulance
বিষাক্ত রাসায়নিক বা এসিড চোখে ছিটকে পড়ার পর চোখ গলে যাওয়ার মতো অবস্থা এবং তীব্র জ্বালা।,Emergency,Immediately go to emergency department or call ambulance
হঠাৎ বুকের বাম পাশে তীব্র ছুড়িকাঘাতের মতো ব্যথা এবং ব্যথাটি চোয়ালে চলে যাচ্ছে।,Emergency,Immediately go to emergency department or call ambulance
বাচ্চা খেলনার ধারালো প্লাস্টিক নাকে ঢুকিয়ে সম্পূর্ণ শ্বাসপথ বন্ধ করে ফেলেছে।,Emergency,Immediately go to emergency department or call ambulance
রোগী বিষাক্ত কোনো গাছের ফল খাওয়ার পর একটানা রক্তবমি করছে এবং ফ্যাকাশে হয়ে গেছে।,Emergency,Immediately go to emergency department or call ambulance
হঠাৎ করে রোগীর দৃষ্টিশক্তি সম্পূর্ণ চলে গেছে কিন্তু চোখে কোনো বাইরের আঘাত লাগেনি।,Emergency,Immediately go to emergency department or call ambulance
হঠাৎ করে গলার ভেতর তীব্র ফোলা এবং নিঃশ্বাস নেওয়ার সময় বাঁশির মতো তীক্ষ্ণ শব্দ হচ্ছে।,Emergency,Immediately go to emergency department or call ambulance
গরম তরকারি বা ফুটন্ত পানি বাচ্চার গায়ের ওপর পড়ার পর চামড়া খসে মাংস দেখা যাচ্ছে।,Emergency,Immediately go to emergency department or call ambulance
অপারেশনের পর রোগীর হার্টের নাড়ি বা পালস হঠাৎ খুব ধীর (৪০ এর নিচে) হয়ে গেছে।,Emergency,Immediately go to emergency department or call ambulance
রোগীর ডায়াবেটিস হঠাৎ কমে গিয়ে (Hypoglycemia) সে পুরোপুরি অচেতন ও ঠান্ডা হয়ে গেছে।,Emergency,Immediately go to emergency department or call ambulance
"মাথায় ভারী লাঠির আঘাতের পর রোগী কিছুক্ষণ ভালো ছিল, কিন্তু এখন একটানা বমি করে অজ্ঞান।",Emergency,Immediately go to emergency department or call ambulance
কানে কোনো বিষাক্ত জ্যান্ত পোকা ঢুকে পর্দা কামড়ানোর কারণে কান দিয়ে তাজা রক্ত আসছে।,Emergency,Immediately go to emergency department or call ambulance
রোগী কোনো গ্যাসের সিলিন্ডার লিক হওয়া রুমে থাকার পর দম বন্ধ হয়ে অচেতন হয়ে পড়েছে।,Emergency,Immediately go to emergency department or call ambulance
বাচ্চা হঠাৎ কোনো ধারালো ব্লেড বা কাঁচ গিলে ফেলেছে এবং মুখ দিয়ে রক্ত আসছে।,Emergency,Immediately go to emergency department or call ambulance
গাড়ির চাকার নিচে হাত পিষ্ট হয়ে আঙুলগুলো আলাদা হয়ে গেছে এবং প্রচণ্ড রক্তক্ষরণ হচ্ছে।,Emergency,Immediately go to emergency department or call ambulance
রোগীর পাইলসের সমস্যা থেকে হঠাৎ করে মলদ্বার দিয়ে ফিনকি দিয়ে তাজা রক্ত পড়া শুরু হয়েছে।,Emergency,Immediately go to emergency department or call ambulance
হঠাৎ করে রোগীর পুরো শরীর নীল বা কালচে হয়ে গেছে এবং সে কোনো অক্সিজেন পাচ্ছে না।,Emergency,Immediately go to emergency department or call ambulance
রোগী বিষাক্ত কোনো মাশরুম খাওয়ার পর পেট ফুলে শক্ত হয়ে গেছে এবং জ্ঞান হারিয়েছে।,Emergency,Immediately go to emergency department or call ambulance
গত দুইদিন ধরে ডান দিকের তলপেটে অসহ্য মোচড়ানো ব্যথা এবং পা সোজা করলেই বমি আসছে।,Urgent,Seek medical care within 24–48 hours
কানের ভেতর থেকে হলদে পুঁজ এবং কালচে তরল বের হচ্ছে সাথে তীব্র মাথা দপদপানি ব্যথা।,Urgent,Seek medical care within 24–48 hours
পায়ের পুরনো ডায়াবেটিক ক্ষত বা আলসার ফুলে লাল হয়ে গেছে এবং সেখান থেকে রস পড়ছে।,Urgent,Seek medical care within 24–48 hours
গত তিনদিন ধরে একটানা খুসখুসে কাশি এবং কাশির সাথে সবুজ রঙের কফ বের হচ্ছে।,Urgent,Seek medical care within 24–48 hours
বাচ্চার গত ৪ দিন ধরে একটানা উচ্চ তাপমাত্রা এবং শরীর একদম ম্যাজম্যাজ করছে।,Urgent,Seek medical care within 24–48 hours
চোখের সাদা অংশ রক্তবর্ণ লাল হয়ে গেছে এবং চোখের কোণ থেকে ঘন পুঁজ বের হচ্ছে।,Urgent,Seek medical care within 24–48 hours
কোমর থেকে শুরু করে ডান পা পর্যন্ত এমন তীব্র টান লাগছে যে এক কদমও হাঁটা যাচ্ছে না।,Urgent,Seek medical care within 24–48 hours
"হঠাৎ করে মাথা হালকা লাগছে এবং চারপাশ ঘুরছে, সোজা হয়ে বসতে পারছি না।",Urgent,Seek medical care within 24–48 hours
বাচ্চার সবুজ রঙের জলের মতো পাতলা পায়খানা এবং পেট ফাঁপার কারণে সে ছটফট করছে।,Urgent,Seek medical care within 24–48 hours
হাঁটার সময় পা মচকে গিয়ে গোড়ালি কালো হয়ে গেছে এবং সেখানে হাত দেওয়া যাচ্ছে না।,Urgent,Seek medical care within 24–48 hours
বাতের ব্যথার কারণে হাত ও পায়ের সব গিঁট ফুলে লাল ও গরম হয়ে আছে।,Urgent,Seek medical care within 24–48 hours
কোমরের ঠিক পেছনে দুই পাশে তীব্র ব্যথা যা প্রস্রাবের জায়গার দিকে নেমে আসছে।,Urgent,Seek medical care within 24–48 hours
১০৩ ডিগ্রি জ্বরের সাথে সারা মাথায় তীব্র দপদপানি ব্যথা এবং চোখ নাড়াতে কষ্ট।,Urgent,Seek medical care within 24–48 hours
চোখের ভেতর ওয়েল্ডিংয়ের আলো বা কোনো ধুলোবালি ঢুকে চোখ একদম বন্ধ হয়ে আছে।,Urgent,Seek medical care within 24–48 hours
স্তনের বোঁটা থেকে অস্বাভাবিক পুঁজ বা রক্তের মতো তরল বের হচ্ছে যা খুব চিন্তার।,Urgent,Seek medical care within 24–48 hours
বাচ্চার পিঠ ও পেটে জলভর্তি ছোট ছোট গুটি দেখা যাচ্ছে এবং সে খুব চুলকাচ্ছে।,Urgent,Seek medical care within 24–48 hours
উচ্চ রক্তচাপ হুট করে ১৬০/৯৫ হয়ে গেছে এবং ঘাড়ের রগ শক্ত হয়ে টান লাগছে।,Urgent,Seek medical care within 24–48 hours
হাতের কব্জির জয়েন্ট হঠাৎ লক হয়ে গেছে এবং হাত সোজা করতে তীব্র ব্যথা হচ্ছে।,Urgent,Seek medical care within 24–48 hours
বুকে কফ জমার কারণে কাশির সাথে মাঝেমধ্যেই সুতোর মতো তাজা রক্ত দেখা যাচ্ছে।,Urgent,Seek medical care within 24–48 hours
বাচ্চার কানে কোনো ছোট পোকা বা মশা ঢুকেছে এবং সে কান চেপে ধরে কাঁদছে।,Urgent,Seek medical care within 24–48 hours
গর্ভবতী মায়ের হালকা কোমরে ব্যথা এবং তরল পানির মতো স্রাব নির্গত হচ্ছে।,Urgent,Seek medical care within 24–48 hours
পায়ের বুড়ো আঙুলের নখ মাংসের ভেতর ঢুকে পেকে পুঁজ ও রক্ত বের হচ্ছে।,Urgent,Seek medical care within 24–48 hours
চোখের পাতা হঠাৎ ফুলে মার্বেলের মতো হয়ে গেছে এবং চোখ মেলা যাচ্ছে না।,Urgent,Seek medical care within 24–48 hours
রোদ থেকে ফেরার পর সারা শরীর চাকা হয়ে গেছে এবং চামড়া পুড়ে যাওয়ার মতো জ্বলছে।,Urgent,Seek medical care within 24–48 hours
পেটে তীব্র মোচড়ানি ব্যথার সাথে বুক ও গলা টক পানিতে জ্বলে যাচ্ছে।,Urgent,Seek medical care within 24–48 hours
হঠাৎ রাতে ঘুম থেকে উঠে হাত-পা কাঁপছে এবং শরীর অতিরিক্ত ঘেমে নিস্তেজ লাগছে।,Urgent,Seek medical care within 24–48 hours
বাচ্চার প্রস্রাবের রং হঠাৎ করে ধোঁয়াটে বা চায়ের লিকারের মতো কালচে হয়ে গেছে।,Urgent,Seek medical care within 24–48 hours
ঠোঁটের কোণে বড় ধরণের ইনফেকশন বা অ্যাপথাস আলসার হয়ে খাওয়া সম্পূর্ণ বন্ধ।,Urgent,Seek medical care within 24–48 hours
পায়ের গোড়ালির লিগামেন্ট ছিঁড়ে যাওয়ার মতো ব্যথায় পা একদম নাড়ানো যাচ্ছে...,Urgent,Seek medical care within 24–48 hours
গর্ভবতী নারীর হাত ও মুখ হঠাৎ অস্বাভাবিক ফুলে গেছে এবং দৃষ্টি ঝাপসা লাগছে।,Urgent,Seek medical care within 24–48 hours
পায়খানার সাথে গত কয়েকদিন ধরে কালো আলকাতরার মতো মল ত্যাগ হচ্ছে।,Urgent,Seek medical care within 24–48 hours
মাইগ্রেনের ব্যথায় মাথার এক পাশ ছিঁড়ে যাচ্ছে এবং শব্দ বা আলো সহ্য হচ্ছে না।,Urgent,Seek medical care within 24–48 hours
বিছা বা কোনো বিষাক্ত পোকা কামড়ানোর পর জায়গাটা ফুলে শক্ত হয়ে গেছে।,Urgent,Seek medical care within 24–48 hours
নাকের দুই পাশে এবং কপালে তীব্র সাইনাসের ব্যথার সাথে হলুদ সর্দি আসছে।,Urgent,Seek medical care within 24–48 hours
অতিরিক্ত দুর্বলতা এবং বুক ধড়ফড়ানির সাথে অল্পতেই দম ফুরিয়ে আসছে।,Urgent,Seek medical care within 24–48 hours
সারাদেহে তীব্র খোসপাঁচড়া বা স্ক্যাবিস হয়েছে যা রাতের বেলা অসহ্য চুলকায়।,Urgent,Seek medical care within 24–48 hours
বাচ্চার পেট কামড়ানোর কারণে সে পা দুটো পেটের দিকে গুটিয়ে একটানা কাঁদছে।,Urgent,Seek medical care within 24–48 hours
হঠাৎ করে থাইরয়েড গ্রন্থি বা গলা ফুলে গেছে এবং শ্বাস নিতে অস্বস্তি হচ্ছে।,Urgent,Seek medical care within 24–48 hours
লোহার মরচে পড়া পেরেক পায়ে ঢুকে গেছে এবং জায়গাটা নীল হয়ে শক্ত হয়ে আছে।,Urgent,Seek medical care within 24–48 hours
বাচ্চা ভুল করে লিকুইড কয়েল বা মশার ওষুধ খেয়ে ফেলেছে এবং তার শরীর নীল হয়ে যাচ্ছে।,Emergency,Immediately go to emergency department or call ambulance
হঠাৎ করে সারা শরীর অবশ হয়ে আসছে এবং রোগী প্রস্রাব-পায়খানার নিয়ন্ত্রণ হারিয়ে ফেলেছে।,Emergency,Immediately go to emergency department or call ambulance
গরম ভাতের মাড় বা বাচ্চার গায়ে পড়ার পর বড় বড় ফোসকা পড়ে মাংস দেখা যাচ্ছে।,Emergency,Immediately go to emergency department or call ambulance
তীব্র হাঁপানির টানে রোগী কথা বলতে পারছে না এবং তার বুক দেবে যাচ্ছে।,Emergency,Immediately go to emergency department or call ambulance
রোগী হঠাৎ করে খুব উচ্চ রক্তচাপের কারণে নাক ও মুখ দিয়ে রক্ত বমি করছে।,Emergency,Immediately go to emergency department or call ambulance
বাচ্চার মাথায় বড় ধরণের আঘাতের পর তার কান দিয়ে হালকা হলদেটে তরল বের হচ্ছে।,Emergency,Immediately go to emergency department or call ambulance
রোগী আত্মহত্যা করার উদ্দেশ্যে একসাথে অনেকগুলো ঘুমের ওষুধ খেয়ে অচেতন হয়ে আছে।,Emergency,Immediately go to emergency department or call ambulance
হঠাৎ করে বুকের মাঝখানে তীব্র ছুরিকাঘাতের মতো ব্যথা এবং শরীর বরফের মতো ঠান্ডা।,Emergency,Immediately go to emergency department or call ambulance
নির্মাণ শ্রমিক ওপর থেকে পড়ে গিয়ে তার পিঠের হাড় ভেঙে গেছে এবং সে নড়াচড়া করতে পারছে না।,Emergency,Immediately go to emergency department or call ambulance
রোগী বিষাক্ত কোনো কেমিক্যাল শুঁকে ফেলার পর থেকে তার শ্বাস নিতে তীব্র কষ্ট হচ্ছে।,Emergency,Immediately go to emergency department or call ambulance
বাচ্চা নাক দিয়ে রক্তপাত শুরু করার পর অজ্ঞান হয়ে গেছে এবং তার হাত-পা শক্ত।,Emergency,Immediately go to emergency department or call ambulance
হঠাৎ করে রোগীর দৃষ্টিশক্তি ঝাপসা হয়ে গেছে এবং সে তীব্র মাথায় যন্ত্রণায় ছটফট করছে।,Emergency,Immediately go to emergency department or call ambulance
মৌমাছির একঝাঁক কামড়ের পর রোগীর পুরো শরীর ফুলে গিয়ে শ্বাসপথ বন্ধ হয়ে আসছে।,Emergency,Immediately go to emergency department or call ambulance
রোগী হঠাৎ করে হার্ট অ্যাটাক করে মেঝেতে লুটিয়ে পড়েছে এবং কোনো সাড়া দিচ্ছে না।,Emergency,Immediately go to emergency department or call ambulance
তীব্র জ্বরের সাথে বাচ্চার ঘাড় শক্ত হয়ে গেছে এবং সে একদম প্রলাপ বকছে।,Emergency,Immediately go to emergency department or call ambulance
রোগী নিজের গলায় কিছু একটা পেঁচিয়ে শ্বাসরোধ করার চেষ্টা করার পর এখন অচেতন।,Emergency,Immediately go to emergency department or call ambulance
বাচ্চা খেলনার ছোট লোহার দানা নাকে ঢুকিয়ে সম্পূর্ণ শ্বাসপথ বন্ধ করে ফেলেছে।,Emergency,Immediately go to emergency department or call ambulance
রোগীর পায়খানার সাথে প্রচুর পরিমাণে তাজা রক্ত এবং চাকা চাকা মাংস যাচ্ছে।,Emergency,Immediately go to emergency department or call ambulance
বাচ্চার পাতলা পায়খানা হতে হতে তার মাথার তালু দেবে গেছে এবং সে নিস্তেজ।,Emergency,Immediately go to emergency department or call ambulance
হঠাৎ বুকের বাম পাশে তীব্র চাপের সাথে ঘাম হচ্ছে এবং ব্যথা বাম হাতে ছড়িয়ে যাচ্ছে।,Emergency,Immediately go to emergency department or call ambulance
অপারেশনের সেলাই খুলে গিয়ে ফিনকি দিয়ে রক্ত বের হচ্ছে এবং রোগী ফ্যাকাশে হয়ে গেছে।,Emergency,Immediately go to emergency department or call ambulance
রোগীর ডায়াবেটিস হঠাৎ ৩-এর নিচে নেমে গেছে এবং সে পুরোপুরি অচেতন ও ঠান্ডা।,Emergency,Immediately go to emergency department or call ambulance
রোগীর প্রস্রাব সম্পূর্ণ বন্ধ হয়ে গেছে এবং তার তলপেট ড্রামের মতো শক্ত।,Emergency,Immediately go to emergency department or call ambulance
তীব্র রোদে কাজ করার পর শ্রমিক হঠাৎ জ্ঞান হারিয়েছে এবং তার শরীরের তাপমাত্রা ১০৪ ডিগ্রি।,Emergency,Immediately go to emergency department or call ambulance
বাচ্চার গলায় ছোট চকোলেট বা লজেন্স আটকে গিয়ে তার দম বন্ধ হয়ে আসছে।,Emergency,Immediately go to emergency department or call ambulance
হঠাৎ করে রোগীর হার্টবিট এতো বেড়ে গেছে যে সে বুকে হাত দিয়ে সোফায় লুটিয়ে পড়েছে।,Emergency,Immediately go to emergency department or call ambulance
গাড়ি দুর্ঘটনায় রোগীর বুক স্টিয়ারিং হুইলে আঘাত পাওয়ার পর তার দম নিতে কষ্ট হচ্ছে।,Emergency,Immediately go to emergency department or call ambulance
রোগী হঠাৎ করে খুব অসংলগ্ন আচরণ করছে এবং নিজেকে আঘাত করার চেষ্টা করছে।,Emergency,Immediately go to emergency department or call ambulance
তীব্র অ্যালার্জিক রিয়েকশনে রোগীর জিব ফুলে গিয়ে বাতাস চলাচলের পথ বন্ধ।,Emergency,Immediately go to emergency department or call ambulance
রোগীর হার্ট বা হৃদস্পন্দন হঠাৎ খুব ধীর হয়ে গেছে এবং সে চোখে অন্ধকার দেখছে।,Emergency,Immediately go to emergency department or call ambulance
বিষাক্ত কালনাগিনী সাপ কামড়ানোর পর রোগীর জিব জড়িয়ে যাচ্ছে এবং চোখ বুজে আসছে।,Emergency,Immediately go to emergency department or call ambulance
হঠাৎ করে রোগীর পুরো পেট শক্ত হয়ে ফুলে গেছে এবং সে ব্যথায় নিশ্বাস নিতে পারছে না।,Emergency,Immediately go to emergency department or call ambulance
বাচ্চার কানে কোনো বিষাক্ত পোকা ঢুকে পর্দা কামড়ানোর কারণে তাজা রক্ত আসছে।,Emergency,Immediately go to emergency department or call ambulance
রোগী কোনো কেমিক্যাল ল্যাবরেটরিতে কাজ করার সময় তীব্র বিষক্রিয়ায় অচেতন।,Emergency,Immediately go to emergency department or call ambulance
অজ্ঞাত কোনো ইনজেকশন নেওয়ার পর রোগীর শরীর কাঁপতে কাঁপতে নিথর হয়ে গেছে।,Emergency,Immediately go to emergency department or call ambulance
গত দুইদিন ধরে ডান দিকের তলপেটে অসহ্য ব্যথা এবং পা সোজা করলেই বমি হচ্ছে।,Urgent,Seek medical care within 24–48 hours
কানের ভেতর থেকে তীব্র যন্ত্রণার সাথে পুঁজ ও কালচে তরল নির্গত হচ্ছে।,Urgent,Seek medical care within 24–48 hours
পায়ের পুরনো ডায়াবেটিক ঘা ফুলে লাল হয়ে গেছে এবং সেখান থেকে দুর্গন্ধযুক্ত রস পড়ছে।,Urgent,Seek medical care within 24–48 hours
গত তিনদিন ধরে একটানা কাশি এবং কাশির সাথে হলদেটে ঘন কফ বের হচ্ছে।,Urgent,Seek medical care within 24–48 hours
সারা পিঠে লাল লাল ফোসকা বের হয়ে তীব্র জ্বালাপোড়া করছে (হার্পিস সন্দেহ)।,Urgent,Seek medical care within 24–48 hours
বাচ্চার গত ৪ দিন ধরে একটানা জ্বর এবং সে একদম নিস্তেজ হয়ে ঝিমোচ্ছে।,Urgent,Seek medical care within 24–48 hours
চোখের সাদা অংশ লাল হয়ে গেছে এবং চোখ থেকে ঘন সাদা পিঁচুটি বের হচ্ছে।,Urgent,Seek medical care within 24–48 hours
কোমর থেকে শুরু করে পা পর্যন্ত এমন টান লাগছে যে সোজা হয়ে বসা যাচ্ছে না।,Urgent,Seek medical care within 24–48 hours
"হঠাৎ করে চারপাশ ঘুরছে এবং মাথা খুব হালকা লাগছে, একা দাঁড়াতে পারছি না।",Urgent,Seek medical care within 24–48 hours
বাচ্চার সবুজ রঙের পাতলা পায়খানা এবং পেট ফাঁপার কারণে সে খুব অস্থির।,Urgent,Seek medical care within 24–48 hours
গলার টনসিল পেকে সাদা পুঁজ দেখা যাচ্ছে এবং লালা গিলতেও তীব্র কষ্ট হচ্ছে।,Urgent,Seek medical care within 24–48 hours
গিঁট ফুলে লাল ও গরম হয়ে আছে এবং নড়াচড়া করতে তীব্র যন্ত্রণা হচ্ছে।,Urgent,Seek medical care within 24–48 hours
পিঠের এক পাশে তীব্র ব্যথা যা প্রস্রাবের জায়গার দিকে নেমে আসছে (কিডনি পাথর)।,Urgent,Seek medical care within 24–48 hours
বাচ্চার সারা শরীরে পানিভর্তি ছোট ছোট ফোসকা দেখা যাচ্ছে এবং সে খুব চুলকাচ্ছে।,Urgent,Seek medical care within 24–48 hours
হাতের কব্জির জয়েন্ট হঠাৎ লক হয়ে গেছে এবং হাত সোজা করতে তীব্র কষ্ট হচ্ছে।,Urgent,Seek medical care within 24–48 hours
বুকে কফ জমার কারণে কাশির সাথে মাঝেমধ্যেই সুতোর মতো রক্ত দেখা যাচ্ছে।,Urgent,Seek medical care within 24–48 hours
বাচ্চার কানে কোনো ছোট পোকা ঢুকেছে এবং সে কান চেপে ধরে একটানা কাঁদছে।,Urgent,Seek medical care within 24–48 hours
গর্ভবতী মায়ের হালকা কোমরে ব্যথা এবং সাদা তরল স্রাব নির্গত হচ্ছে।,Urgent,Seek medical care within 24–48 hours
চোখের পাতা হঠাৎ ফুলে মার্বেলের মতো হয়ে গেছে এবং প্রচণ্ড চুলকাচ্ছে।,Urgent,Seek medical care within 24–48 hours
রোদ থেকে ফেরার পর সারা শরীর চাকা হয়ে ফুলে গেছে এবং তীব্র জ্বালা করছে।,Urgent,Seek medical care within 24–48 hours
মেরুদণ্ডের নিচের দিকে ব্যথার কারণে সোজা হয়ে বসা বা হাঁটা যাচ্ছে না।,Urgent,Seek medical care within 24–48 hours
হঠাৎ রাতে ঘুম থেকে উঠে হাত-পা কাঁপছে এবং শরীর অতিরিক্ত ঘামছে।,Urgent,Seek medical care within 24–48 hours
বাচ্চার প্রস্রাবের রং হঠাৎ করে ধোঁয়াটে বা লালচে হয়ে গেছে।,Urgent,Seek medical care within 24–48 hours
ঠোঁটের কোণে বড় ধরণের আলসার হয়ে গত কয়েকদিন ধরে খাওয়া বন্ধ।,Urgent,Seek medical care within 24–48 hours
পায়ের গোড়ালির লিগামেন্ট ছিঁড়ে যাওয়ার মতো ব্যথায় পা একদম নাড়ানো যাচ্ছে না।,Urgent,Seek medical care within 24–48 hours
গর্ভবতী মহিলার পা হঠাৎ খুব বেশি ফুলে গেছে এবং মাথা ঝিমঝিম করছে।,Urgent,Seek medical care within 24–48 hours
মাইগ্রেনের ব্যথায় মাথার এক পাশ ছিঁড়ে যাচ্ছে এবং আলো সহ্য হচ্ছে না।,Urgent,Seek medical care within 24–48 hours
বিছা বা কোনো বিষাক্ত পোকা কামড়ানোর পর জায়গাটা ফুলে শক্ত হয়ে আছে।,Urgent,Seek medical care within 24–48 hours
বাচ্চার জ্বর ১০৩ ডিগ্রি পার হয়ে গেছে এবং সে কোনো খাবারই খাচ্ছে না।,Urgent,Seek medical care within 24–48 hours
নাকের দুই পাশে এবং কপালে তীব্র চাপের সাথে হলুদ সর্দি আসছে।,Urgent,Seek medical care within 24–48 hours
অতিরিক্ত দুর্বলতা এবং বুক ধড়ফড়ানির সাথে অল্পতেই হাঁপিয়ে যাচ্ছি।,Urgent,Seek medical care within 24–48 hours
সারাদেহে তীব্র খোসপাঁচড়া হয়েছে যা রাতের বেলা অসহ্য চুলকায়।,Urgent,Seek medical care within 24–48 hours
বাচ্চার পেট কামড়ানোর কারণে সে পা দুটো পেটের দিকে গুটিয়ে কাঁদছে।,Urgent,Seek medical care within 24–48 hours
হঠাৎ করে থাইরয়েড গ্রন্থি বা গলা ফুলে গেছে এবং কথা বলতে অস্বস্তি হচ্ছে।,Urgent,Seek medical care within 24–48 hours
মরচে পড়া পেরেক পায়ে ঢুকে গেছে এবং জায়গাটা নীল হয়ে শক্ত হয়ে আছে।,Urgent,Seek medical care within 24–48 hours
চোখে এসিড বা কোনো রাসায়নিক ছিটকে পড়ার পর থেকে চোখ গলে যাওয়ার মতো জ্বালা করছে।,Emergency,Immediately go to emergency department or call ambulance
বাচ্চা হঠাৎ জ্যান্ত কোনো পোকা গিলে ফেলেছে এবং তার দম বন্ধ হয়ে আসছে।,Emergency,Immediately go to emergency department or call ambulance
"রোগী হঠাৎ করে সোজা হয়ে দাঁড়াতে পারছে না, তার শরীরের এক পাশ সম্পূর্ণ নিথর।",Emergency,Immediately go to emergency department or call ambulance
মাথায় সরাসরি ভারী আঘাতের পর রোগীর নাক ও কান দিয়ে স্বচ্ছ তরল বের হচ্ছে।,Emergency,Immediately go to emergency department or call ambulance
রোগী বিষাক্ত কোনো গ্যাসের রুমে আটকা পড়ার পর এখন তার নিশ্বাস নিতে তীব্র কষ্ট হচ্ছে।,Emergency,Immediately go to emergency department or call ambulance
গর্ভবতী মায়ের হঠাৎ প্রস্রাবের সাথে প্রচুর তাজা রক্ত যাচ্ছে এবং সে প্রচণ্ড দুর্বল।,Emergency,Immediately go to emergency department or call ambulance
বাচ্চা অসাবধানতাবশত ন্যাপথলিন বা কোনো কীটনাশক খেয়ে ফেলেছে এবং তার শরীর কাঁপছে।,Emergency,Immediately go to emergency department or call ambulance
হঠাৎ বুকের বাম পাশে তীব্র ছুড়িকাঘাতের মতো ব্যথা এবং ব্যথাটি চোয়ালে ছড়িয়ে যাচ্ছে।,Emergency,Immediately go to emergency department or call ambulance
হঠাৎ সারা শরীর নীল হয়ে গিয়ে রোগী জ্ঞান হারিয়ে মেঝেতে লুটিয়ে পড়ল।,Emergency,Immediately go to emergency department or call ambulance
বাচ্চার গলায় সুপারি বা কোনো শক্ত ফল আটকে গিয়ে শ্বাসপথ সম্পূর্ণ বন্ধ হয়ে গেছে।,Emergency,Immediately go to emergency department or call ambulance
কীটনাশক খাওয়ার পর রোগীর লালা গড়িয়ে পড়ছে এবং সে অসংলগ্ন আচরণ করছে।,Emergency,Immediately go to emergency department or call ambulance
হঠাৎ করে রোগীর দৃষ্টিশক্তি সম্পূর্ণ চলে গেছে কিন্তু চোখে বাইরের কোনো আঘাত লাগেনি।,Emergency,Immediately go to emergency department or call ambulance
হঠাৎ সারা শরীর ঠান্ডা ঘাম দিয়ে হাত-পা কাঁপছে এবং রোগী কিছুই শুনতে পাচ্ছে না।,Emergency,Immediately go to emergency department or call ambulance
রোগীর পাইলসের সমস্যা থেকে হুট করে মলদ্বার দিয়ে ফিনকি দিয়ে তাজা রক্ত পড়ছে।,Emergency,Immediately go to emergency department or call ambulance
হঠাৎ মাথায় তীব্র যন্ত্রণার সাথে রোগীর এক চোখ বন্ধ হয়ে গেছে এবং কথা বন্ধ।,Emergency,Immediately go to emergency department or call ambulance
বাচ্চার মাথার তালু দেবে গেছে এবং সে গত ৬ ঘণ্টা ধরে কোনো প্রস্রাব করেনি।,Emergency,Immediately go to emergency department or call ambulance
রোগী ঘুমের ওষুধ পুরো পাতা একসাথে খেয়ে ফেলার পর এখন তাকে ডাকলে সাড়া দিচ্ছে না।,Emergency,Immediately go to emergency department or call ambulance
প্রচণ্ড অ্যালার্জিক রিয়েকশনে রোগীর জিব ফুলে গিয়ে বাতাস চলাচলের পথ বন্ধ।,Emergency,Immediately go to emergency department or call ambulance
গরম তেলে বাচ্চার হাত ও মুখ পুড়ে গিয়ে চামড়া খসে মাংস দেখা যাচ্ছে।,Emergency,Immediately go to emergency department or call ambulance
হঠাৎ করে রোগী অসংলগ্ন আচরণ করছে এবং কাউকে চিনতে পারছে না।,Emergency,Immediately go to emergency department or call ambulance
চোখের সাদা অংশ রক্তবর্ণ লাল হয়ে গেছে এবং চোখ থেকে সারাক্ষণ পুঁজ বের হচ্ছে।,Urgent,Seek medical care within 24–48 hours
গত তিনদিন ধরে একটানা কাশি এবং কাশির সাথে হলদেটে ঘন কফ আসছে।,Urgent,Seek medical care within 24–48 hours
হঠাৎ সারা পিঠে লাল লাল ছোট ফোসকা বের হয়ে তীব্র জ্বালাপোড়া করছে।,Urgent,Seek medical care within 24–48 hours
"আক্কেল দাঁতের ব্যথায় গাল ও গলা ফুলে শক্ত হয়ে গেছে, মুখ খোলা যাচ্ছে না।",Urgent,Seek medical care within 24–48 hours
বাচ্চার গত ৩ দিন ধরে একটানা উচ্চ তাপমাত্রা এবং সে খুব কান্নাকাটি করছে।,Urgent,Seek medical care within 24–48 hours
কোমর থেকে শুরু করে পা পর্যন্ত ঝিনঝিন ব্যথায় রোগী সোজা হয়ে দাঁড়াতে পারছে না।,Urgent,Seek medical care within 24–48 hours
গলার টনসিল পেকে সাদা পুঁজ দেখা যাচ্ছে এবং লালা গিলতেও তীব্র কষ্ট।,Urgent,Seek medical care within 24–48 hours
স্তনের বোঁটা থেকে অস্বাভাবিক রস বা কালচে তরল বের হচ্ছে যা খুব চিন্তার।,Urgent,Seek medical care within 24–48 hours
বাচ্চার প্রস্রাবের রং হঠাৎ করে ধোঁয়াটে বা গাঢ় লালচে হয়ে গেছে।,Urgent,Seek medical care within 24–48 hours
ঠোঁটের কোণে বড় ধরণের আলসার হয়ে গত কয়েকদিন ধরে খাওয়া প্রায় বন্ধ।,Urgent,Seek medical care within 24–48 hours
বাচ্চা অসাবধানতাবশত ড্রেন ক্লিনার বা এসিড খেয়ে ফেলেছে এবং মুখ পুড়ে গেছে।,Emergency,Immediately go to emergency department or call ambulance
হঠাৎ করে হৃদস্পন্দন এত দ্রুত হচ্ছে যে রোগী নিশ্বাস নিতে না পেরে নীল হয়ে যাচ্ছে।,Emergency,Immediately go to emergency department or call ambulance
রাস্তায় বড় দুর্ঘটনায় একজনের বুক থেঁতলে গেছে এবং সে গোঙানি দিচ্ছে।,Emergency,Immediately go to emergency department or call ambulance
রোগী হঠাৎ করে খুব আক্রমণাত্মক হয়ে উঠেছে এবং নিজের গলা কাটার চেষ্টা করছে।,Emergency,Immediately go to emergency department or call ambulance
হঠাৎ প্রচণ্ড মাথাব্যথার সাথে রোগীর একটা চোখের মণি বড় হয়ে গেছে।,Emergency,Immediately go to emergency department or call ambulance
বিষাক্ত মাশরুম খাওয়ার পর রোগীর পেট ফুলে ড্রাম হয়ে গেছে এবং সে নিস্তেজ।,Emergency,Immediately go to emergency department or call ambulance
গরম তরল বাচ্চার চোখে পড়ার পর চোখ গলে যাওয়ার মতো সাদা হয়ে গেছে।,Emergency,Immediately go to emergency department or call ambulance
অপারেশনের ক্ষতস্থান থেকে হঠাৎ ফিনকি দিয়ে রক্ত বের হওয়া শুরু করেছে।,Emergency,Immediately go to emergency department or call ambulance
হঠাৎ বুক ধড়ফড়ানির সাথে রোগী চোখে অন্ধকার দেখছে এবং ঢলে পড়ছে।,Emergency,Immediately go to emergency department or call ambulance
নির্মাণ শ্রমিক উঁচু থেকে পড়ে তার মেরুদণ্ড ভেঙে হাড় বেরিয়ে গেছে।,Emergency,Immediately go to emergency department or call ambulance
রোগীর ডায়াবেটিস হঠাৎ ২.৫ এ নেমে গেছে এবং সে বরফের মতো ঠান্ডা।,Emergency,Immediately go to emergency department or call ambulance
হঠাৎ সারা শরীর ফুলে গিয়ে রোগীর শ্বাসপথ একদম বন্ধ হয়ে গেছে।,Emergency,Immediately go to emergency department or call ambulance
বাচ্চার কাশির সময় বুকের পাঁজরের হাড় ডেবে যাচ্ছে এবং সে নীল হয়ে যাচ্ছে।,Emergency,Immediately go to emergency department or call ambulance
রোগীর পাইলসের সমস্যা থেকে হুট করে মলদ্বার দিয়ে অবিরাম রক্তক্ষরণ হচ্ছে।,Emergency,Immediately go to emergency department or call ambulance
হঠাৎ মাথায় তীব্র যন্ত্রণার সাথে রোগীর মুখ ঝুলে গেছে এবং কথা বন্ধ।,Emergency,Immediately go to emergency department or call ambulance
বাচ্চার শরীরের তাপমাত্রা হঠাৎ ১০৫ ডিগ্রি হয়ে খিঁচুনি শুরু হয়েছে।,Emergency,Immediately go to emergency department or call ambulance
বিদ্যুতের তারে স্পর্শ করার পর রোগীর আঙুল পুড়ে কয়লা হয়ে গেছে।,Emergency,Immediately go to emergency department or call ambulance
"রোগী হঠাৎ করে সোজা হয়ে দাঁড়াতে পারছে না, শরীরের এক পাশ নিথর।",Emergency,Immediately go to emergency department or call ambulance
প্রচণ্ড জ্বরের সাথে বাচ্চার সারা শরীরে বেগুনি ছোপ দেখা যাচ্ছে।,Emergency,Immediately go to emergency department or call ambulance
রোগী হঠাৎ করে অসংলগ্ন কথা বলছে এবং কাউকে চিনতে পারছে না।,Emergency,Immediately go to emergency department or call ambulance
হঠাৎ করে বুকের মাঝখানে মনে হচ্ছে কেউ গরম রড ঢুকিয়ে দিয়েছে।,Emergency,Immediately go to emergency department or call ambulance
বাচ্চা কোনো কেমিক্যাল খেয়ে ফেলার পর অচেতন এবং মুখ দিয়ে লালা পড়ছে।,Emergency,Immediately go to emergency department or call ambulance
হঠাৎ মাথায় আঘাত পাওয়ার পর থেকে রোগীর একদিকের কান দিয়ে রক্ত আসছে।,Emergency,Immediately go to emergency department or call ambulance
অজ্ঞান হওয়ার পর রোগীর নাড়স্পন্দন বা পালস পাওয়া যাচ্ছে না।,Emergency,Immediately go to emergency department or call ambulance
রোগীর প্রস্রাব ৩৬ ঘণ্টা ধরে সম্পূর্ণ বন্ধ এবং পেট ড্রামের মতো শক্ত।,Emergency,Immediately go to emergency department or call ambulance
বাচ্চার গলায় সুপারি আটকে মুখ কালো হয়ে গেছে এবং সে কাঁপছে।,Emergency,Immediately go to emergency department or call ambulance
বাচ্চার পাতলা পায়খানা হতে হতে মাথার তালু দেবে গেছে এবং সে নিস্তেজ।,Emergency,Immediately go to emergency department or call ambulance
রোগীর কান দিয়ে ফিনকি দিয়ে রক্ত বের হচ্ছে এবং সে অচেতন।,Emergency,Immediately go to emergency department or call ambulance
গলায় কিছু আটকে গিয়ে শ্বাস বন্ধ হয়ে আসছে এবং ঠোঁট নীল।,Emergency,Immediately go to emergency department or call ambulance
গর্ভবতী মহিলার নবম মাসে হঠাৎ তীব্র পেটে ব্যথা এবং প্রচুর রক্তক্ষরণ।,Emergency,Immediately go to emergency department or call ambulance
হঠাৎ করে রোগীর দৃষ্টিশক্তি সম্পূর্ণ চলে গেছে কিন্তু চোখে আঘাত লাগেনি।,Emergency,Immediately go to emergency department or call ambulance
বাচ্চা জ্যান্ত কোনো পোকা গিলে ফেলেছে এবং তার দম বন্ধ হয়ে আসছে।,Emergency,Immediately go to emergency department or call ambulance
রোগীর পায়ের আঙুল পচে নীল হয়ে গেছে এবং প্রচণ্ড দুর্গন্ধ।,Emergency,Immediately go to emergency department or call ambulance
হঠাৎ করে শ্বাস বন্ধ হয়ে রোগী নীল এবং নাড়ি পাওয়া যাচ্ছে না।,Emergency,Immediately go to emergency department or call ambulance
গাড়ির চাকার নিচে হাত পিষ্ট হয়ে আঙুলগুলো আলাদা এবং রক্তপাত।,Emergency,Immediately go to emergency department or call ambulance
রোগীর প্রস্রাবের সাথে বড় রক্তের চাকা যাচ্ছে এবং সে প্রচণ্ড দুর্বল।,Emergency,Immediately go to emergency department or call ambulance
হঠাৎ মাথায় তীব্র যন্ত্রণার সাথে রোগীর মুখ ঝুলে গেছে।,Emergency,Immediately go to emergency department or call ambulance
বাচ্চার খিঁচুনি শুরু হয়েছে এবং সে চোখ উল্টে গোঙানি দিচ্ছে।,Emergency,Immediately go to emergency department or call ambulance
কানের ভেতর থেকে হলদে পুঁজ এবং কালচে তরল বের হচ্ছে সাথে তীব্র ব্যথা।,Urgent,Seek medical care within 24–48 hours
প্রচণ্ড জ্বরের সাথে প্রস্রাব করার সময় তীব্র ছ্যাকা লাগার মতো অনুভূতি।,Urgent,Seek medical care within 24–48 hours
গত তিনদিন ধরে একটানা কাশি এবং কাশির সাথে সবুজ রঙের কফ বের হচ্ছে।,Urgent,Seek medical care within 24–48 hours
হঠাৎ সারা পিঠে এবং বুকে লাল ছোট ফোসকা বের হয়ে তীব্র জ্বালাপোড়া করছে।,Urgent,Seek medical care within 24–48 hours
বাচ্চার গত ৪ দিন ধরে একটানা উচ্চ তাপমাত্রা এবং শরীর ম্যাজম্যাজ করছে।,Urgent,Seek medical care within 24–48 hours
কোমর থেকে শুরু করে ডান পা পর্যন্ত তীব্র টান লাগছে যা সহ্য করা যাচ্ছে না।,Urgent,Seek medical care within 24–48 hours
বাচ্চার সবুজ রঙের জলের মতো পাতলা পায়খানা এবং পেট ফাঁপার কারণে সে অস্থির।,Urgent,Seek medical care within 24–48 hours
স্তনের বোঁটা থেকে অস্বাভাবিক পুঁজ বা রক্তের মতো তরল বের হচ্ছে।,Urgent,Seek medical care within 24–48 hours
হাতের কব্জির জয়েন্ট হঠাৎ লক হয়ে গেছে এবং হাত সোজা করতে তীব্র ব্যথা।,Urgent,Seek medical care within 24–48 hours
বাচ্চার কানে কোনো ছোট পোকা ঢুকেছে এবং সে কান চেপে ধরে কাঁদছে।,Urgent,Seek medical care within 24–48 hours
বাচ্চার মলদ্বার দিয়ে কৃমি বের হচ্ছে এবং সে চুলকানি ও ব্যথায় ছটফট করছে।,Urgent,Seek medical care within 24–48 hours
হঠাৎ রাতে ঘুম থেকে উঠে হাত-পা কাঁপছে এবং শরীর অতিরিক্ত ঘেমে নিস্তেজ।,Urgent,Seek medical care within 24–48 hours
বাচ্চার প্রস্রাবের রং হঠাৎ করে ধোঁয়াটে বা চায়ের লিকারের মতো কালচে।,Urgent,Seek medical care within 24–48 hours
ঠোঁটের কোণে বড় ধরণের ইনফেকশন হয়ে খাওয়া সম্পূর্ণ বন্ধ।,Urgent,Seek medical care within 24–48 hours
মাইগ্রেনের ব্যথায় মাথার এক পাশ ছিঁড়ে যাচ্ছে এবং শব্দ সহ্য হচ্ছে না।,Urgent,Seek medical care within 24–48 hours
বাচ্চার কাশির সময় পিঠে শব্দ হয় (Wheezing) আর সে খুব অস্থির।,Urgent,Seek medical care within 24–48 hours
একটানা দুই সপ্তাহ ধরে খুব মন খারাপ আর কোনো কিছুতেই আনন্দ নেই।,Urgent,Seek medical care within 24–48 hours
বিছানায় শুয়ে দীর্ঘক্ষণ চিন্তা করা বন্ধ করার কোনো উপায় আছে কি?,Urgent,Seek medical care within 24–48 hours
খুব প্রিয় কোনো জিনিসের ওপর থেকেও আগ্রহ হারিয়ে ফেলেছি।,Urgent,Seek medical care within 24–48 hours
হঠাৎ শরীরের একপাশে লাল দানা উঠে দপদপ করে জ্বলছে।,Urgent,Seek medical care within 24–48 hours
চোখের চারপাশ হঠাৎ ফুলে মার্বেলের মতো হয়ে গেছে।,Urgent,Seek medical care within 24–48 hours
বাচ্চার প্রস্রাবে খুব দুর্গন্ধ আর সে করার সময় অনেক কান্নাকাটি করে।,Urgent,Seek medical care within 24–48 hours
পায়ের পুরনো ডায়াবেটিক ক্ষত নীল হয়ে দুর্গন্ধ বের হচ্ছে।,Urgent,Seek medical care within 24–48 hours
হঠাৎ রক্তচাপ ১৭০/১০০ হয়ে গেছে আর মাথা খুব ঝিমঝিম করছে।,Urgent,Seek medical care within 24–48 hours
কানের ভেতর শোঁ শোঁ শব্দ হচ্ছে আর শুনতে সমস্যা হচ্ছে।,Urgent,Seek medical care within 24–48 hours
প্রস্রাবের সাথে মাঝে মাঝে পুঁজ আসছে আর খুব জ্বালাপোড়া করে।,Urgent,Seek medical care within 24–48 hours
হঠাৎ দুই পায়ের পাতা ও গোড়ালি ফুলে বড় হয়ে গেছে।,Urgent,Seek medical care within 24–48 hours
স্তনের নিচে বা বগলে একটা শক্ত চাকা অনুভব করছি যা নড়াচড়া করে।,Urgent,Seek medical care within 24–48 hours
বাচ্চার খাবার অরুচি আর তার শরীরের রং দিন দিন ফ্যাকাশে হচ্ছে।,Urgent,Seek medical care within 24–48 hours
দাঁতের মাড়ি দিয়ে রক্ত পড়ছে আর সারা মুখ দুর্গন্ধ হয়ে আছে।,Urgent,Seek medical care within 24–48 hours
খুব চুলকানি আর সারা শরীরের চামড়া খসখসে হয়ে লাল হয়ে গেছে।,Urgent,Seek medical care within 24–48 hours
বাচ্চার কাশির সাথে শাঁ শাঁ আওয়াজ হয় আর সে খেতে চাচ্ছে না।,Urgent,Seek medical care within 24–48 hours
হঠাৎ খুব বেশি অবসাদ লাগছে আর কোনো কাজ করার শক্তি পাচ্ছি না।,Urgent,Seek medical care within 24–48 hours
চোখ দিয়ে পানি পড়ছে আর আলো সহ্য করতে পারছি না।,Urgent,Seek medical care within 24–48 hours
তলপেটে প্রচণ্ড ব্যথার কারণে রোগী সোজা হয়ে দাঁড়াতে পারছে না।,Urgent,Seek medical care within 24–48 hours
পায়খানার সাথে গত কয়েকদিন ধরে কালো আলকাতরার মতো মল।,Urgent,Seek medical care within 24–48 hours
মাথার এক পাশে প্রচণ্ড ব্যথার সাথে বমি বমি ভাব।,Urgent,Seek medical care within 24–48 hours
নাকের দুই পাশে এবং কপালে তীব্র সাইনাসের ব্যথার সাথে সর্দি।,Urgent,Seek medical care within 24–48 hours
হাঁটার সময় পায়ের বাছুরের রগে তীব্র টান লেগে পা অবশ।,Urgent,Seek medical care within 24–48 hours
অতিরিক্ত দুর্বলতা এবং বুক ধড়ফড়ানির সাথে অল্পতেই দম ফুরিয়ে।,Urgent,Seek medical care within 24–48 hours
বাচ্চার পেট কামড়ানো ব্যথার সাথে কান্নাকাটি এবং পেট শক্ত।,Urgent,Seek medical care within 24–48 hours
হঠাৎ করে গলার স্বর বসে গেছে এবং কথা বলতে কষ্ট।,Urgent,Seek medical care within 24–48 hours
সকালবেলা ঘুম থেকে উঠলে শরীর খুব ভারী লাগে আর দুর্বলতা।,Urgent,Seek medical care within 24–48 hours
বাচ্চার কাশির সময় পিঠে শব্দ হয় আর সে খুব অস্থির।,Urgent,Seek medical care within 24–48 hours
হঠাৎ বুকের ভেতর কিছু আটকে আছে এমন অনুভূতির প্রতিকার।,Urgent,Seek medical care within 24–48 hours
রোগী হঠাৎ করে কথা বলা বন্ধ করে দিয়েছেন এবং তার শরীরের বাম পাশ একদম ঝুলে গেছে।,Emergency,Immediately go to emergency department
বাচ্চা খেলনার ছোট ব্যাটারি গিলে ফেলেছে এবং তার মুখ দিয়ে ফেনা ও রক্ত বের হচ্ছে।,Emergency,Immediately go to emergency department
"বুকের মাঝখানে অসহ্য চাপ অনুভব করছি, মনে হচ্ছে কেউ পাথর দিয়ে চেপে ধরেছে।",Emergency,Immediately go to emergency department
তীব্র হাঁপানির টানে ইনহেলার কাজ করছে না এবং রোগীর নখ ও ঠোঁট নীল হয়ে যাচ্ছে।,Emergency,Immediately go to emergency department
রাস্তায় বড় দুর্ঘটনায় একজনের মাথা ফেটে মগজ দেখা যাচ্ছে এবং সে নিথর হয়ে আছে।,Emergency,Immediately go to emergency department
রোগী ভুল করে জমিতে দেওয়ার কীটনাশক খেয়ে ফেলেছে এবং ছটফট করে অচেতন হয়ে পড়েছে।,Emergency,Immediately go to emergency department
গর্ভবতী মায়ের হঠাৎ প্রচণ্ড খিঁচুনি শুরু হয়েছে এবং তিনি কাউকে চিনতে পারছেন না।,Emergency,Immediately go to emergency department
বাচ্চার উচ্চমাত্রার জ্বর (১০৫ ডিগ্রি) এবং সে চোখ উল্টে গোঙানির শব্দ করছে।,Emergency,Immediately go to emergency department
হঠাৎ করে রোগীর দৃষ্টিশক্তি চলে গেছে এবং সে ভারসাম্যহীন হয়ে মেঝেতে পড়ে গেছে।,Emergency,Immediately go to emergency department
বিদ্যুতের শট খাওয়ার পর রোগী ছিটকে পড়ে গেছে এবং সে নিশ্বাস নিচ্ছে না।,Emergency,Immediately go to emergency department
গলায় ধারালো কিছু আটকে গিয়ে ফিনকি দিয়ে রক্ত বের হচ্ছে যা থামানো যাচ্ছে না।,Emergency,Immediately go to emergency department
বাচ্চার মাথায় সিলিং ফ্যান পড়ে গভীর ক্ষত হয়েছে এবং সে নিস্তেজ হয়ে আছে।,Emergency,Immediately go to emergency department
অপারেশনের সেলাই হঠাৎ খুলে গিয়ে ভেতরের অঙ্গ বের হয়ে এসেছে এবং রক্তপাত হচ্ছে।,Emergency,Immediately go to emergency department
রোগীর প্রস্রাব গত ৪৮ ঘণ্টা ধরে সম্পূর্ণ বন্ধ এবং পেট ড্রামের মতো ফুলে আছে।,Emergency,Immediately go to emergency department
তীব্র অ্যালার্জিক রিয়েকশনে রোগীর মুখ ও গলা ফুলে বাতাস চলাচলের পথ বন্ধ।,Emergency,Immediately go to emergency department
বিষাক্ত ধোঁয়া বা গ্যাসের রুমে থাকার পর রোগী জ্ঞান হারিয়ে নিথর হয়ে আছে।,Emergency,Immediately go to emergency department
বাচ্চা হঠাৎ কোনো ধারালো কাঁচ গিলে ফেলেছে এবং একটানা রক্তবমি করছে।,Emergency,Immediately go to emergency department
রোগীর ডায়াবেটিস হঠাৎ ২-এর নিচে নেমে গেছে এবং সে বরফের মতো ঠান্ডা ও অচেতন।,Emergency,Immediately go to emergency department
গাড়ির চাকার নিচে হাত পিষ্ট হয়ে আঙুলগুলো আলাদা হয়ে গেছে এবং প্রচণ্ড রক্তক্ষরণ।,Emergency,Immediately go to emergency department
কানের ভেতর তীব্র ব্যথা এবং কান দিয়ে হলদে পুঁজ ও রক্ত বের হচ্ছে।,Urgent,Seek medical care within 24 hours
পায়ের পুরনো ডায়াবেটিক ক্ষত ফুলে লাল হয়ে গেছে এবং সেখান থেকে দুর্গন্ধ বের হচ্ছে।,Urgent,Seek medical care within 24 hours
"দাঁতের প্রচণ্ড ব্যথায় গাল ও মাড়ি ফুলে শক্ত হয়ে গেছে, কিছু গেলা যাচ্ছে না।",Urgent,Seek medical care within 24 hours
বাচ্চার গত ৩ দিন ধরে জ্বর কমছে না এবং সে একদম কিছু খাচ্ছে না।,Urgent,Seek medical care within 24 hours
চোখ লাল হয়ে ফুলে গেছে এবং চোখ দিয়ে ঘন সাদা পুঁজ বা পিঁচুটি বের হচ্ছে।,Urgent,Seek medical care within 24 hours
বিড়াল বা বন্য প্রাণী কামড়ানোর পর জায়গাটা লাল হয়ে ফুলে গেছে এবং খুব জ্বলছে।,Urgent,Seek medical care within 24 hours
উচ্চ রক্তচাপ হুট করে ১৭০/১০০ হয়ে গেছে এবং ঘাড়ের রগ শক্ত হয়ে টান লাগছে।,Urgent,Seek medical care within 24 hours
মেরুদণ্ডের নিচের দিকে তীব্র ব্যথার কারণে সোজা হয়ে বসা বা হাঁটা যাচ্ছে না।,Urgent,Seek medical care within 24 hours
পায়ের নখ মাংসের ভেতর ঢুকে পেকে পুঁজ বের হচ্ছে এবং অসহ্য যন্ত্রণা।,Urgent,Seek medical care within 24 hours
সারা শরীরের জয়েন্টে প্রচণ্ড ব্যথার সাথে ১০২ ডিগ্রি জ্বর ও কাঁপুনি আছে।,Urgent,Seek medical care within 24 hours
পায়ের বাছুর পেশিতে তীব্র টানের সাথে পা ফুলে লাল হয়ে গরম হয়ে আছে।,Urgent,Seek medical care within 24 hours
বাচ্চার কাশির সময় পিঠে শাঁ শাঁ শব্দ হয় এবং সে খুব অস্থির হয়ে আছে।,Urgent,Seek medical care within 24 hours
গর্ভাবস্থায় হঠাৎ খুব বেশি পা ফুলে গেছে এবং দৃষ্টি ঝাপসা মনে হচ্ছে।,Urgent,Seek medical care within 24 hours
খুব ক্লান্তি এবং সারাক্ষণ বুক ধড়ফড় করার সাথে শ্বাস নিতে অস্বস্তি হচ্ছে।,Urgent,Seek medical care within 24 hours
এক সপ্তাহ ধরে পায়খানার সাথে উজ্জ্বল লাল রক্ত যাচ্ছে এবং খুব দুর্বল লাগছে।,Urgent,Seek medical care within 24 hours
বাচ্চার পেটে তীব্র ব্যথার কারণে সে পা দুটো পেটের দিকে গুটিয়ে একটানা কাঁদছে।,Urgent,Seek medical care within 24 hours
বাচ্চাটা ভুল করে মশার লিকুইড ওষুধ মুখে দিয়া দিছে এখন মুখ দিয়া ফেনা বাইর হইতাছে আর চোখ উল্টায়া গেছে।,Emergency,Immediately go to emergency department or call ambulance
বড় ভাইজান হঠাৎ কইরা মেঝেতে পইড়া অজ্ঞান হয়ে গেছে ডাকলে কোনো সাড়া শব্দ নাই হাত পা একদম ঠান্ডা।,Emergency,Immediately go to emergency department or call ambulance
অ্যাক্সিডেন্ট হয়ে মাথার একপাশ থ্যাঁতলে গেছে আর ফিনকি দিয়া রক্ত বাইর হইতাছে কোনোভাবেই রক্ত থামানো যাইতেছে না।,Emergency,Immediately go to emergency department or call ambulance
হঠাৎ কইরা কথা জড়ায়া গেছে আর মুখের একপাশ কেমন জানি বাঁকা হয়ে গেছে হাত তুলতে পারতেছে না।,Emergency,Immediately go to emergency department or call ambulance
সাপ কামড়ানোর পর থেইকা রোগীর চোখের পাতা পইড়া আসতাছে আর গলা দিয়া লালা ঝরতাছে কথা বলতে পারতেছে না।,Emergency,Immediately go to emergency department or call ambulance
তীব্র হাঁপানির টানে রোগী একদম নীল হয়া গেছে ইনহেলার কাজ করতাছে না বুক ধড়ফড় করতাছে প্রচণ্ড।,Emergency,Immediately go to emergency department or call ambulance
গলায় বড় একটা হাড় জইমা আটকে গেছে একদম নিশ্বাস বন্ধ হয়া আসতাছে রোগী ছটফট করতাছে।,Emergency,Immediately go to emergency department or call ambulance
বিদ্যুতের তারে হাত লাইগা ছিটকে পইড়া গেছে এখন পালস পাওয়া যাইতেছে না আর শরীর বরফ হয়া গেছে।,Emergency,Immediately go to emergency department or call ambulance
বিষ খাওয়ার পর থেইকা মুখ দিয়া ফেনা আর রক্ত বাইর হইতাছে রোগী এখন পুরোপুরি অচেতন।,Emergency,Immediately go to emergency department or call ambulance
কারখানার বয়লার ফাইটা পিঠের চামড়া পুইড়া কয়লা হয়া গেছে রোগী ব্যথায় চিৎকার করতে করতে জ্ঞান হারাইছে।,Emergency,Immediately go to emergency department or call ambulance
বাচ্চার মাথায় ভারী লাঠির আঘাত লাগার পর নাক আর কান দিয়া ফিনকি দিয়া রক্ত বাইর হইতাছে।,Emergency,Immediately go to emergency department or call ambulance
গলার শ্বাসনালী কেটে প্রচুর রক্তক্ষরণ হইতাছে ঘর রক্তে ভেসে গেছে রোগী নিস্তেজ হয়া পইড়া আছে।,Emergency,Immediately go to emergency department or call ambulance
কীটনাশক স্প্রে করার সময় হঠাৎ বুক চেপে ধরে মাটিতে পইড়া গেছে দম একদম বন্ধ হয়া আসতাছে।,Emergency,Immediately go to emergency department or call ambulance
জ্বর হঠাৎ ১০৫ ডিগ্রি হয়া গেছে আর রোগী বিছানায় শুয়া উল্টাপাল্টা প্রলাপ বকতাছে হাত পা কাঁপতাছে।,Emergency,Immediately go to emergency department or call ambulance
পুকুরের পানিতে ডুবে যাওয়ার ১০ মিনিট পর তোলা হইছে পেট ফুইলা গেছে নিশ্বাস দিতাছে না একদম।,Emergency,Immediately go to emergency department or call ambulance
ঘুমের ওষুধ পুরো এক পাতা একসাথে খাইয়া ফেলাইছে এখন ডাকলে চোখ মেলতাছে না শরীর নিথর।,Emergency,Immediately go to emergency department or call ambulance
চোখের সামনে হঠাৎ সব অন্ধকার হয়া গেল আর মাথায় এমন যন্ত্রণা হইতাছে যে রোগী মেঝেতে লুটায়ে পড়ছে।,Emergency,Immediately go to emergency department or call ambulance
মৌমাছির কামড়ের পর পুরো মুখ আর গলা ফুইলা বাতাস যাওয়ার রাস্তা বন্ধ হয়া আসতাছে দম নিতে পারতেছি না।,Emergency,Immediately go to emergency department or call ambulance
গ্যাসের ব্যথার কথা বলতে বলতে হঠাৎ চোখ উল্টায়া অজ্ঞান হয়া মেঝেতে পইড়া গেল হাত পা শক্ত।,Emergency,Immediately go to emergency department or call ambulance
অপারেশনের চারদিন পর হঠাৎ সেলাই ছিঁড়ে পেটের ভেতরের নাড়িভুঁড়ি বাইর হয়া আসতাছে রক্ত বন্ধ হইতাছে না।,Emergency,Immediately go to emergency department or call ambulance
নিজের হাত কাটার পর ধমনী থেইকা ফিনকি দিয়া রক্ত বাইর হইতাছে ফ্যাকাশে হয়া গেছে শরীর।,Emergency,Immediately go to emergency department or call ambulance
নিশ্বাস নিতে পারতাছে না নখ আর ঠোঁট সব নীল হয়া গেছে রোগী ইনহেলার নেওয়ার শক্তিও পাইতাছে না।,Emergency,Immediately go to emergency department or call ambulance
গর্ভবতী মহিলার হঠাৎ কইরা প্রচুর কালচে রক্তক্ষরণ শুরু হইছে আর পেটে প্রচণ্ড মোচড়ানি ব্যথা।,Emergency,Immediately go to emergency department or call ambulance
উচ্চ রক্তচাপের রোগী হঠাৎ কথা বলা বন্ধ কইরা দিছে আর একদৃষ্টিতে তাকায়া আছে শরীর অবশ।,Emergency,Immediately go to emergency department or call ambulance
গলায় সুপারি আটকে মুখ কালো হয়া গেছে বাচ্চার শরীর কাঁপতাছে বাতাস নিতে পারতাছে না।,Emergency,Immediately go to emergency department or call ambulance
মোটরসাইকেল এক্সিডেন্টে পা ভাইঙা ভেতরের সাদা হাড় চামড়া ফুঁড়ে বাইরে বাইর হয়া আইছে প্রচণ্ড রক্তপাত।,Emergency,Immediately go to emergency department or call ambulance
সারা শরীর খিঁচুনি দিয়া দাঁত লেগে গেছে মুখ দিয়া প্রচুর লালা আর ফেনা বাইর হইতাছে এখন।,Emergency,Immediately go to emergency department or call ambulance
এসিড চোখে ছিটকে পড়ার পর চোখ গলে যাওয়ার মতো অবস্থা তীব্র জ্বালায় রোগী চিৎকার করতাছে।,Emergency,Immediately go to emergency department or call ambulance
বাচ্চাটা নাকে প্লাস্টিকের খেলনা ঢুকায়া সম্পূর্ণ শ্বাসপথ বন্ধ কইরা ফেলছে দম নিতে পারতাছে না।,Emergency,Immediately go to emergency department or call ambulance
বিষাক্ত ফল খাওয়ার পর থেইকা একটানা রক্তবমি হইতাছে শরীর ফ্যাকাশে হয়া ঠান্ডা হয়া গেছে।,Emergency,Immediately go to emergency department or call ambulance
হঠাৎ কইরা চোখের দৃষ্টি সম্পূর্ণ চলে গেছে কোনো কারণ ছাড়াই মাথায় তীব্র যন্ত্রণায় ছটফট করতাছে।,Emergency,Immediately go to emergency department or call ambulance
প্রচণ্ড রোদের মধ্যে কাজ করতে করতে হঠাৎ উপুড় হয়া পইড়া অচেতন হয়া গেছে শরীর ১০৪ ডিগ্রি জ্বর।,Emergency,Immediately go to emergency department or call ambulance
পাতলা পায়খানা হইতে হইতে বাচ্চার চোখ গর্তে ঢুকে গেছে মাথার তালু দেবে গেছে একদম নিস্তেজ।,Emergency,Immediately go to emergency department or call ambulance
গলার ভেতর হঠাৎ ফুইলা গেছে আর নিশ্বাস নেওয়ার সময় বাঁশির মতো তীক্ষ্ণ শব্দ হইতাছে দম আটকে আসতাছে।,Emergency,Immediately go to emergency department or call ambulance
ডায়াবেটিস হঠাৎ কইরা অনেক কমে গেছে রোগী পুরোপুরি অচেতন আর শরীর বরফের মতো ঠান্ডা।,Emergency,Immediately go to emergency department or call ambulance
লাঠির আঘাত লাগার পর কিছুক্ষণ ভালো ছিল কিন্তু এখন একটানা বমি কইরা অজ্ঞান হয়া গেছে।,Emergency,Immediately go to emergency department or call ambulance
কানে জ্যান্ত বিষাক্ত পোকা ঢোকার পর থেইকা কান কামড়ায়া তাজা রক্ত বাইর হইতাছে ব্যথায় চিৎকার করতাছে।,Emergency,Immediately go to emergency department or call ambulance
গ্যাস সিলিন্ডার লিক হওয়া রুমে আধা ঘণ্টা থাকার পর দম বন্ধ হয়া রোগী অচেতন হয়া পইড়া আছে।,Emergency,Immediately go to emergency department or call ambulance
বাচ্চাটা ধারালো ব্লেড গিলে ফেলছে এখন মুখ আর গলা দিয়া গলগল কইরা রক্ত আসতাছে।,Emergency,Immediately go to emergency department or call ambulance
মলদ্বার দিয়া হঠাৎ কইরা ফিনকি দিয়া তাজা রক্ত পড়া শুরু হইছে রোগী ফ্যাকাশে আর দুর্বল হয়া গেছে।,Emergency,Immediately go to emergency department or call ambulance
পুরো শরীর হঠাৎ নীল হয়া গেছে কোনো অক্সিজেন পাইতাছে না নাড়ি পাওয়া যাইতেছে না একদম।,Emergency,Immediately go to emergency department or call ambulance
বিষাক্ত মাশরুম খাওয়ার পর পেট ফুইলা শক্ত হয়া গেছে আর রোগী জ্ঞান হারায়া পইড়া আছে।,Emergency,Immediately go to emergency department or call ambulance
হঠাৎ কইরা নিজের চেনা মানুষদের চিনতে পারতেছে না আর ধারালো বটি নিয়া সবাইকে কাটতে আসতাছে।,Emergency,Immediately go to emergency department or call ambulance
বুকের মাঝখানে এমন চাপ লাগতাছে মনে হচ্ছে কেউ গরম রড ঢুকায়া দিছে বাম হাত অবশ হয়া গেছে।,Emergency,Immediately go to emergency department or call ambulance
গাড়ি এক্সিডেন্টে বুক থেঁতলে গেছে রোগীর এখন গোঙানি দিতাছে নিশ্বাস তুলতে পারতাছে না।,Emergency,Immediately go to emergency department or call ambulance
হঠাৎ কইরা সারা শরীর অবশ হয়া আসতাছে আর প্রস্রাব পায়খানার নিয়ন্ত্রণ পুরোপুরি হারায়া ফেলছে।,Emergency,Immediately go to emergency department or call ambulance
জ্বরের ওষুধ খাওয়ার পর সারা শরীরে বড় বড় ফোসকা পইড়া চামড়া খসে লাল মাংস বাইর হয়া গেছে।,Emergency,Immediately go to emergency department or call ambulance
বাচ্চার খুব বেশি পাতলা পায়খানা হয়া শরীর নিথর হয়া গেছে নড়াচড়া করতাছে না চোখ খোলা।,Emergency,Immediately go to emergency department or call ambulance
বুকের মাঝখান থেইকা শুরু কইরা পুরো পিঠ আর চোয়াল পর্যন্ত তীব্র ব্যথা ছড়ায়া গেছে প্রচণ্ড ঘাম দিতাছে।,Emergency,Immediately go to emergency department or call ambulance
উঁচু ছাদ থেইকা পইড়া মেরুদণ্ড ভাইঙা গেছে পা নাড়াইতে পারতেছে না রোগী অজ্ঞান হয়া আছে।,Emergency,Immediately go to emergency department or call ambulance
হঠাৎ কইরা হার্টবিট এত বেড়ে গেছে যে রোগী বুকে হাত দিয়া সোফায় লুটায়ে পড়ছে নিশ্বাস নাই।,Emergency,Immediately go to emergency department or call ambulance
কেমিক্যাল ল্যাবে কাজ করার সময় বিষাক্ত গ্যাস শুঁকে ফেলার পর থেইকা অচেতন হয়া পইড়া আছে।,Emergency,Immediately go to emergency department or call ambulance
বাচ্চার শরীরে লালচে বেগুনি ছোপ ছোপ দাগ উইঠা জ্বর ১০৫ ডিগ্রি হয়া গেছে শরীর একদম নিথর।,Emergency,Immediately go to emergency department or call ambulance
হঠাৎ কইরা কথা বলা বন্ধ হয়া গেছে হাত পা কাঁপতাছে মুখ দিয়া লালা ঝরতাছে ডাকলে তাকায় না।,Emergency,Immediately go to emergency department or call ambulance
বাচ্চাটা লোহার ছোট বল নাকে ঢুকায়া সম্পূর্ণ নিশ্বাস বন্ধ কইরা ফেলছে মুখ নীল হইতাছে।,Emergency,Immediately go to emergency department or call ambulance
হঠাৎ করে রোগীর একটা চোখের মণি অনেক বড় হয়া গেছে আর সে অচেতন হয়া পড়ছে।,Emergency,Immediately go to emergency department or call ambulance
পেটে ছুরির আঘাত লাগার পর ভেতরের অঙ্গ বাইর হয়া আইছে প্রচুর রক্তক্ষরণে নিস্তেজ রোগী।,Emergency,Immediately go to emergency department or call ambulance
বাচ্চার গলায় চকোলেট আটকে মুখ কালো হয়া গেছে হাত পা ছুড়তাছে দম নিতে পারতাছে না।,Emergency,Immediately go to emergency department or call ambulance
পায়ের আঙুল পচে কালো কুচকুচে হয়া গেছে আর পচনশীল তীব্র দুর্গন্ধ ছড়াইতেছে চারদিকে।,Emergency,Immediately go to emergency department or call ambulance
হঠাৎ শ্বাস বন্ধ হয়া রোগী নীল হয়া গেছে বিছানায় নিথর হয়ে পইড়া আছে নাড়ি পাওয়া যাচ্ছে না।,Emergency,Immediately go to emergency department or call ambulance
অজ্ঞান হওয়ার পর হাত-পা শক্ত হয়া কাঁপতাছে আর মুখ দিয়া গলগল কইরা ফেনা বাইর হইতাছে।,Emergency,Immediately go to emergency department or call ambulance
বাচ্চাটা ভুল করে টয়লেট ক্লিনার খাইয়া ফেলছে মুখ পুইড়া গেছে আর দম আটকে আসতাছে।,Emergency,Immediately go to emergency department or call ambulance
হঠাৎ কইরা শরীরের একপাশ সম্পূর্ণ শক্তি হারায়া ফেলছে আর কথা বলতে গেলে শব্দ আটকে যাইতেছে।,Emergency,Immediately go to emergency department or call ambulance
গর্ভবতী মায়ের প্রস্রাবের রাস্তা দিয়া প্রচুর তাজা রক্ত আর বড় বড় চাকা যাইতাছে দুর্বল খুব।,Emergency,Immediately go to emergency department or call ambulance
বাচ্চার মাথায় গভীর ক্ষত হওয়ার পর সেখান থেইকা সাদা তরল বা মগজের মতো বাইর হইতাছে।,Emergency,Immediately go to emergency department or call ambulance
বিষাক্ত কালো সাপ কামড়ানোর পর রোগীর জিব বাইরে বাইর হয়া আসছে আর চোখ বুজে আসতাছে।,Emergency,Immediately go to emergency department or call ambulance
হঠাৎ কইরা পুরো পেট শক্ত হয়া ফুইলা গেছে ব্যথার চোটে রোগী নিশ্বাস নিতে পারতাছে না।,Emergency,Immediately go to emergency department or call ambulance
তীব্র অ্যালার্জির কারণে রোগীর জিব ফুইলা মুখ বন্ধ হয়া গেছে বাতাস নিতে পারতাছে না একদম।,Emergency,Immediately go to emergency department or call ambulance
বাচ্চার খুব উচ্চমাত্রার জ্বর আর সে চোখ উল্টে গোঙানির মতো শব্দ করতে করতে অজ্ঞান।,Emergency,Immediately go to emergency department or call ambulance
হঠাৎ কইরা বুকের মাঝখানে মনে হচ্ছে কেউ পাথর চাপা দিয়া রাখছে দম একদম বন্ধ।,Emergency,Immediately go to emergency department or call ambulance
বিদ্যুতের শট খাওয়ার পর রোগী ছিটকে পইড়া অচেতন হয়া আছে নিশ্বাস নিচ্ছে না।,Emergency,Immediately go to emergency department or call ambulance
বাচ্চার গলায় ছোট খেলনা আটকে গিয়ে দম বন্ধ হয়া আসছে আর মুখ লাল হয়া গেছে।,Emergency,Immediately go to emergency department or call ambulance
প্রচণ্ড ঠান্ডায় শরীরের তাপমাত্রা কমে গিয়ে রোগী কাঁপতে কাঁপতে নিস্তেজ হয়া গেছে।,Emergency,Immediately go to emergency department or call ambulance
বিষাক্ত পোকার কামড়ে সারা শরীর ফুইলা গিয়ে নিশ্বাস নিতে খুব কষ্ট হইতাছে রোগীর।,Emergency,Immediately go to emergency department or call ambulance
হঠাৎ করে রোগীর হৃৎপিণ্ড বন্ধ হওয়ার উপক্রম আর সে প্রচণ্ড ঘামতাছে অচেতন অবস্থা।,Emergency,Immediately go to emergency department or call ambulance
মাথায় সরাসরি আঘাতের পর রোগী কয়েক মিনিটের জন্য অজ্ঞান হয়া গিয়েছিল এখন বমি করতাছে।,Emergency,Immediately go to emergency department or call ambulance
অপারেশনের সেলাই খুলে গিয়ে ফিনকি দিয়ে রক্ত বের হইতাছে শরীর ফ্যাকাশে একদম।,Emergency,Immediately go to emergency department or call ambulance
হঠাৎ বুক ধড়ফড়ানি বেড়ে গিয়ে রোগী শ্বাস নিতে না পেরে মেঝেতে লুটায়ে পড়ছে।,Emergency,Immediately go to emergency department or call ambulance
বাচ্চার খিঁচুনি শুরু হইছে আর সে চোখ উল্টে গোঙানির মতো শব্দ করতাছে অনবরত।,Emergency,Immediately go to emergency department or call ambulance
গত দুইদিন ধইরা ডান দিকের তলপেটে অসহ্য মোচড়ানি ব্যথা আর পা সোজা করলেই বমি আসতাছে।,Urgent,Seek medical care within 24–48 hours
কানের ভেতর থেইকা হলদে পুঁজ আর কালচে তরল বাইর হইতাছে সাথে তীব্র মাথা দপদপানি ব্যথা।,Urgent,Seek medical care within 24–48 hours
পায়ের পুরনো ক্ষত ফুইলা লাল হয়া গেছে আর সেখান থেইকা দুর্গন্ধযুক্ত রস পড়তাছে হাঁটতে পারি না।,Urgent,Seek medical care within 24–48 hours
প্রচণ্ড জ্বরের সাথে প্রস্রাব করার সময় তীব্র ছ্যাকা লাগার মতো অনুভূতি আর তলপেটে কামড়ানি ব্যথা।,Urgent,Seek medical care within 24–48 hours
গত তিনদিন ধরে একটানা খুসখুসে কাশি আর কাশির সাথে সবুজ রঙের ঘন কফ বাইর হইতাছে।,Urgent,Seek medical care within 24–48 hours
বাচ্চার গত ৪ দিন ধরে একটানা উচ্চ তাপমাত্রা শরীর ম্যাজম্যাজ করতাছে কান্নাকাটি থামতাছেই না।,Urgent,Seek medical care within 24–48 hours
চোখের সাদা অংশ রক্তবর্ণ লাল হয়া গেছে আর চোখের কোণ থেইকা ঘন পুঁজ বাইর হইতাছে তাকাতে পারি না।,Urgent,Seek medical care within 24–48 hours
কোমর থেইকা শুরু কইরা ডান পা পর্যন্ত এমন তীব্র টান লাগতাছে যে এক কদমও হাঁটা যাইতেছে না।,Urgent,Seek medical care within 24–48 hours
হঠাৎ কইরা মাথা হালকা লাগতাছে আর চারপাশ ঘুরতাছে বিছানা থেইকা সোজা হয়া বসতে পারতেছি না।,Urgent,Seek medical care within 24–48 hours
বাচ্চার সবুজ রঙের জলের মতো পাতলা পায়খানা আর পেট ফাঁপার কারণে সে ব্যথায় ছটফট করতাছে।,Urgent,Seek medical care within 24–48 hours
গলার টনসিল পেকে সাদা পুঁজ দেখা যাইতাছে আর লালা গিলতে গেলেও তীব্র কসরত করতে হইতাছে।,Urgent,Seek medical care within 24–48 hours
হাঁটার সময় পা মচকে গিয়ে গোড়ালি কালো হয়া গেছে আর সেখানে হাত দেওয়াই যাইতেছে না ব্যথায়।,Urgent,Seek medical care within 24–48 hours
বাতের ব্যথার কারণে হাত আর পায়ের সব গিঁট ফুইলা লাল হয়া গরম হয়া আছে নড়াচড়া করা বন্ধ।,Urgent,Seek medical care within 24–48 hours
গত ১২ ঘণ্টা ধরে তীব্র পেট ব্যথার সাথে একটানা পিত্ত বা হলুদ রঙের বমি হইতাছে কিছু পেটে থাকে না।,Urgent,Seek medical care within 24–48 hours
কোমরের ঠিক পেছনে দুই পাশে তীব্র ব্যথা যা প্রস্রাবের জায়গার দিকে নাইমা আসতাছে শুতে পারতাছি না।,Urgent,Seek medical care within 24–48 hours
১০৩ ডিগ্রি জ্বরের সাথে সারা মাথায় তীব্র দপদপানি ব্যথা আর চোখের মণি নাড়াইতে কষ্ট হইতাছে।,Urgent,Seek medical care within 24–48 hours
চোখের ভেতর ধুলোবালি বা লোহার কণা ঢুকে চোখ একদম বন্ধ হয়া আছে তীব্র যন্ত্রণায় পানি পড়তাছে।,Urgent,Seek medical care within 24–48 hours
স্তনের বোঁটা থেইকা অস্বাভাবিক পুঁজ বা রক্তের মতো তরল বাইর হইতাছে জায়গাটা শক্ত হয়া গেছে।,Urgent,Seek medical care within 24–48 hours
বাচ্চার পিঠ আর পেটে জলভর্তি ছোট ছোট গুটি দেখা যাইতাছে আর সে চুলকানি আর ব্যথায় অস্থির।,Urgent,Seek medical care within 24–48 hours
উচ্চ রক্তচাপ হুট কইরা ১৬০/৯৫ হয়া গেছে আর ঘাড়ের রগ শক্ত হয়া টান লাগতাছে মাথা ঘুরতাছে।,Urgent,Seek medical care within 24–48 hours
হাতের কব্জির জয়েন্ট হঠাৎ লক হয়া গেছে আর হাত সোজা করতে গেলে তীব্র রগে টান লাগতাছে।,Urgent,Seek medical care within 24–48 hours
বুকে কফ জমার কারণে কাশির সাথে মাঝেমধ্যেই সুতোর মতো তাজা রক্ত দেখা যাইতাছে ভয় লাগতাছে খুব।,Urgent,Seek medical care within 24–48 hours
বাচ্চার কানে কোনো ছোট পোকা বা মশা ঢুকছে আর সে কান চেপে ধরে ব্যথায় একটানা কানতাছে।,Urgent,Seek medical care within 24–48 hours
গর্ভবতী মায়ের হালকা কোমরে ব্যথা আর তরল পানির মতো কালচে স্রাব নির্গত হইতাছে সারাদিন।,Urgent,Seek medical care within 24–48 hours
চোখের পাতা হঠাৎ ফুইলা মার্বেলের মতো হয়া গেছে আর চোখ মেলাই যাইতেছে না চুলকানি ও ব্যথায়।,Urgent,Seek medical care within 24–48 hours
রোদ থেইকা ফেরার পর সারা শরীর চাকা চাকা হয়া গেছে আর চামড়া পুইড়া যাওয়ার মতো জ্বলতাছে।,Urgent,Seek medical care within 24–48 hours
বাচ্চার মলদ্বার দিয়া লম্বা কৃমি বাইর হইতাছে আর সে চুলকানি আর ব্যথায় রাতে ঘুমাইতে পারতাছে না।,Urgent,Seek medical care within 24–48 hours
মেরুদণ্ডের নিচের দিকে তীব্র ব্যথার কারণে সোজা হয়া বসা বা বিছানায় শোয়া একবারে বন্ধ হয়া গেছে।,Urgent,Seek medical care within 24–48 hours
হঠাৎ রাতে ঘুম থেইকা উইঠা হাত-পা কাঁপতাছে আর শরীর অতিরিক্ত ঘেমে নিস্তেজ লাগতাছে খাড়া হইতে পারি না।,Urgent,Seek medical care within 24–48 hours
বাচ্চার প্রস্রাবের রং হঠাৎ কইরা ধোঁয়াটে বা চায়ের লিকারের মতো কালচে লাল হয়া গেছে প্রস্রাবে ব্যথা।,Urgent,Seek medical care within 24–48 hours
ঠোঁটের কোণে আর জিবের নিচে বড় ধরণের ইনফেকশন হয়া ঘা হয়া গেছে ঝাল কিছু খাওয়াই যাইতেছে না।,Urgent,Seek medical care within 24–48 hours
পায়ের গোড়ালি মচকে রগ ছিঁড়ে যাওয়ার মতো ব্যথায় পা একদম নাড়ানো যাইতেছে না ফুইলা লাল হয়া আছে।,Urgent,Seek medical care within 24–48 hours
গর্ভবতী নারীর হাত আর মুখ হঠাৎ অস্বাভাবিক ফুইলা গেছে আর চোখের দৃষ্টি কেমন জানি ঝাপসা লাগতাছে।,Urgent,Seek medical care within 24–48 hours
বিছা বা কোনো বিষাক্ত কালো পোকা কামড়ানোর পর জায়গাটা ফুইলা শক্ত হয়া গেছে টনটন করতাছে ব্যথা।,Urgent,Seek medical care within 24–48 hours
সারাদেহে তীব্র খোসপাঁচড়া উইঠা ঘা হয়া গেছে যা রাতের বেলা বিছানায় গেলে অসহ্য চুলকায় ও জ্বলে।,Urgent,Seek medical care within 24–48 hours
বাচ্চার পেট কামড়ানি ব্যথার কারণে সে পা দুটো পেটের দিকে গুটিয়ে একটানা চিৎকার কইরা কানতাছে।,Urgent,Seek medical care within 24–48 hours
হঠাৎ করে গলার থাইরয়েডের গ্রন্থি বা গলা ফুইলা ঢোল হয়া গেছে আর কথা বলতে তীব্র কষ্ট হইতাছে।,Urgent,Seek medical care within 24–48 hours
লোহার মরচে পড়া পেরেক গভীর হয়া পায়ে ঢুকে গেছে আর জায়গাটা নীল হয়া শক্ত হয়া আছে টনটন করে।,Urgent,Seek medical care within 24–48 hours
হঠাৎ শরীরের একপাশে লাল দানা উইঠা দপদপ করে জ্বলতাছে জামা কাপড় লাগলে ব্যথায় চিৎকার দিতাছি।,Urgent,Seek medical care within 24–48 hours
বাচ্চার প্রস্রাবে খুব দুর্গন্ধ আর সে করার সময় কোঁত পাড়ে আর অনেক কান্নাকাটি করে তলপেট শক্ত।,Urgent,Seek medical care within 24–48 hours
গত তিন দিন ধরে মলত্যাগ একবারে বন্ধ আর পেট ফুইলা শক্ত ড্রাম হয়া আছে ব্যথায় সোজা হওয়া যায় না।,Urgent,Seek medical care within 24–48 hours
কানের ভেতর সারাক্ষণ শোঁ শোঁ শব্দ হইতাছে আর একদিকের কান দিয়া শুনতে খুব সমস্যা হইতাছে ব্যথায়।,Urgent,Seek medical care within 24–48 hours
প্রস্রাবের সাথে মাঝে মাঝে সাদা পুঁজ আসতাছে আর করার সময় তীব্র জ্বালাপোড়ায় কান্দন চইলা আসে।,Urgent,Seek medical care within 24–48 hours
বগলে একটা শক্ত চাকা বা টিউমারের মতো অনুভব করতাছি যা চাপ দিলে তীব্র টনটনানি ব্যথা করতাছে।,Urgent,Seek medical care within 24–48 hours
বাচ্চার খাবারে একদম অরুচি আর তার শরীরের চামড়া দিন দিন ফ্যাকাশে হয়া সাদা হয়া যাইতেছে নিস্তেজ।,Urgent,Seek medical care within 24–48 hours
হুট কইরা সারা মুখ আর চোখ ফুইলা গেছে চোখ মেলা যাইতেছে না কোনো কারণ বুঝতে পারতাছি না।,Urgent,Seek medical care within 24–48 hours
বাচ্চার কাশির সাথে বুকের ভেতর শাঁ শাঁ আওয়াজ হইতাছে আর সে বুকের দুধ টানতে পারতাছে না ব্যথায়।,Urgent,Seek medical care within 24–48 hours
হঠাৎ কইরা খুব বেশি অবসাদ লাগতাছে আর হাত পা তোলার মতো কোনো শক্তি শরীরে পাইতাছি না বিছানায়।,Urgent,Seek medical care within 24–48 hours
তলপেটে প্রচণ্ড কামড়ানি ব্যথার কারণে রোগী সোজা হয়া দাঁড়াইতে পারতেছে না কুঁজো হয়া বসা সারাদিন।,Urgent,Seek medical care within 24–48 hours
মাথা ঘোরা আর কানে কম শোনার কারণে রোগী খুব অস্থির বোধ করতাছে উঠে দাঁড়ালেই পইড়া যাইতেছে।,Urgent,Seek medical care within 24–48 hours
পায়ের বুড়ো আঙুলের জয়েন্ট হঠাৎ ফুইলা লাল হয়া গেছে তীব্র ব্যথায় মেঝেতে পা ছোঁয়ানো যাইতেছে না।,Urgent,Seek medical care within 24–48 hours
হাতের চামড়া ফাইটা গর্ত হয়া রক্ত বাইর হইতাছে পানি লাগলেই তীব্র জ্বালায় কাজ করা বন্ধ হয়া গেছে।,Urgent,Seek medical care within 24–48 hours
বাচ্চার পিঠের রগে টান লেগে সে ঘাড় ঘুরাইতে পারতেছে না একপাশে শক্ত হয়া আছে কানতাছে খুব।,Urgent,Seek medical care within 24–48 hours
চোখের কোণ ফুইলা শক্ত মার্বেলের মতো দানা হয়া গেছে টিপ দিলে তীব্র যন্ত্রণায় চোখ বন্ধ হয়া আসে।,Urgent,Seek medical care within 24–48 hours
হঠাৎ কইরা সারা শরীরে বড় বড় চাকা উইঠা চুলকায়ে লাল হয়া গেছে চুলকাইলে চামড়া ছিলে রক্ত আসে।,Urgent,Seek medical care within 24–48 hours
কানের লতি ফুইলা পেকে পুঁজ জমছে শুইলে কানের ব্যথায় রাতে একবারও ঘুমাইতে পারি নাই গত কাল।,Urgent,Seek medical care within 24–48 hours
বাচ্চার গায়ের চামড়া অতিরিক্ত শুষ্ক হয়া গোল গোল লাল দাগ উইঠা গেছে সারাক্ষণ চুলকায় আর কান্দে।,Urgent,Seek medical care within 24–48 hours
ডান দিকের পাঁজরের নিচে তীব্র কামড়ানো ব্যথা যা পিঠের দিকে ছড়ায়া যাইতেছে সোজা হওয়া যায় না।,Urgent,Seek medical care within 24–48 hours
হঠাৎ কইরা হাত পায়ের আঙুলগুলা অবশ হয়া ঠান্ডা হয়া গেছে কোনো জিনিস হাত দিয়া ধরা যাইতেছে না।,Urgent,Seek medical care within 24–48 hours
গত তিন দিন ধরে কাশির সাথে ঘন হলদেটে কফ আর বুকে চাপ ধরা ব্যথা অনুভব করতাছি উঠতে পারি না।,Urgent,Seek medical care within 24–48 hours
হঠাৎ কইরা পুরো মাথা ভনভন কইরা ঘুরতাছে আর চোখে সব ঝাপসা দেইখা পইড়া যাওয়ার মতো অবস্থা।,Urgent,Seek medical care within 24–48 hours
পায়ের বাছুরের পেশি হঠাৎ শক্ত হয়া গেছে আর পা সোজা করতে গেলে তীব্র যন্ত্রণায় চিৎকার আসে।,Urgent,Seek medical care within 24–48 hours
বাচ্চার সারা শরীরে পানিভর্তি ছোট ছোট গুটি উইঠা গেছে চুলকানির চোটে সে অস্থির হয়া আছে।,Urgent,Seek medical care within 24–48 hours
হাত কাটার পর রক্ত বন্ধ হইছিল কিন্তু আজকে জায়গাটা ফুইলা পুঁজ জইমা টকটকে লাল হয়া আছে।,Urgent,Seek medical care within 24–48 hours
কোমর থেইকা শুরু কইরা দুই পা পর্যন্ত অবশ অবশ ভাব হাঁটতে গেলে পা কাঁপে সোজা থাকা যায় না।,Urgent,Seek medical care within 24–48 hours
বাচ্চার ১০২ ডিগ্রি জ্বরের সাথে পেটটা ড্রামের মতো ফুইলা শক্ত হয়া গেছে সে দুধ মুখে দিতাছে না।,Urgent,Seek medical care within 24–48 hours
হঠাৎ কইরা গলার স্বর সম্পূর্ণ বইসা গেছে ফিসফিস কইরা কথা বলতেও গলায় তীব্র টান লেগে ব্যথা করে।,Urgent,Seek medical care within 24–48 hours
পায়ের পাতার নিচে বড় কাঁচ ঢুকে কেটে গেছে ড্রেসিং করা দরকার পা মাটিতে ফেলা যাইতেছে না ব্যথায়।,Urgent,Seek medical care within 24–48 hours
সকালবেলা ঘুম থেইকা উঠলে হাত পায়ের সব জয়েন্ট শক্ত হয়া থাকে নড়াচড়া করতে ১ ঘণ্টা সময় লাগে।,Urgent,Seek medical care within 24–48 hours
বাচ্চার হাত আর পায়ের তালুতে ছোট ছোট লাল দানা উইঠা তীব্র ১০৩ ডিগ্রি জ্বর শরীর ম্যাজম্যাজ করে।,Urgent,Seek medical care within 24–48 hours
কাশি দিলে বুকের ভেতর ঘড়ঘড় আওয়াজ হইতাছে আর দম ফাটানো কাশিতে পিত্তি বাইর হয়া আসার অবস্থা।,Urgent,Seek medical care within 24–48 hours
চোখের সাদা অংশ হলুদ হয়া গেছে আর শরীর সারাদিন তীব্র চুলকানি ও বমি বমি ভাব খাইতে পারি না।,Urgent,Seek medical care within 24–48 hours
বিছানায় শুইলেই পিঠের রগে তীব্র কামড়ানি ব্যথা শুরু হয় সোজা হয়া শোয়া একবারে বন্ধ গত দুইদিন।,Urgent,Seek medical care within 24–48 hours
সুস্থ থাকার জন্য একজন প্রাপ্তবয়স্ক মানুষের দিনে কয় লিটার পানি খাওয়া উচিত?,General Query,"No immediate action required, informational response sufficient"
বাচ্চাদের কৃমির ওষুধ কয় মাস পর পর খাওয়ানো নিয়ম আর খালি পেটে খাওয়া ভালো না ভরা পেটে?,General Query,"No immediate action required, informational response sufficient"
রোদে গেলে সানস্ক্রিন মাখা কি খুব জরুরি নাকি ছাতা ব্যবহার করলেই হয়?,General Query,"No immediate action required, informational response sufficient"
হাড় মজবুত করতে কোন কোন খাবারে ক্যালসিয়াম বেশি পাওয়া যায় একটু জানাবেন?,General Query,"No immediate action required, informational response sufficient"
বাড়িতে কি নিয়মিত প্রেশার মাপার মেশিন রাখা ভালো নাকি মাসে একবার ফার্মেসিতে মাপলেই হয়?,General Query,"No immediate action required, informational response sufficient"
দাঁত সাদা করার জন্য ঘরোয়া কোনো উপায় আছে কি যা দিয়ে দাঁতের এনামেল নষ্ট হবে না?,General Query,"No immediate action required, informational response sufficient"
গর্ভবতী অবস্থায় কোন কোন ফল খাওয়া নিষেধ আর কোনগুলা বেশি খাইতে হয়?,General Query,"No immediate action required, informational response sufficient"
ব্যায়াম করার সঠিক সময় কখন সকালে না বিকেলে বেশি উপকার পাওয়া যায়?,General Query,"No immediate action required, informational response sufficient"
চুল পড়া কমানোর জন্য কোন ভিটামিন সবচেয়ে বেশি দরকার জানাবেন কি?,General Query,"No immediate action required, informational response sufficient"
ওজন কমানোর জন্য কি কার্বোহাইড্রেট একদম বন্ধ করে দেওয়া উচিত নাকি পরিমাণ কমাইলেই হবে?,General Query,"No immediate action required, informational response sufficient"
বুকের দুধ খাওয়ানো মায়েদের কি বাড়তি কোনো ভিটামিন সাপ্লিমেন্ট দরকার হয়?,General Query,"No immediate action required, informational response sufficient"
বাচ্চাদের প্রথম দাঁত ওঠার সময় কি কোনো বাড়তি যত্নের প্রয়োজন আছে?,General Query,"No immediate action required, informational response sufficient"
শীতকালে ঠোঁট ফাটা রোধ করতে ভ্যাসলিন ছাড়া আর কী কী ব্যবহার করা যায়?,General Query,"No immediate action required, informational response sufficient"
অফিসে একটানা বসে কাজ করলে কোমর ব্যথার ঝুঁকি কমানোর উপায় গুলা কী কী?,General Query,"No immediate action required, informational response sufficient"
ডায়াবেটিস না থাকলেও কি চিনি খাওয়া একদম কমিয়ে দেওয়া উচিত শরীর ভালো রাখতে?,General Query,"No immediate action required, informational response sufficient"
বাচ্চাদের ব্রেইন ডেভেলপমেন্টের জন্য কোন ধরনের খেলনা বা খাবার বেশি দরকার?,General Query,"No immediate action required, informational response sufficient"
মেদ কমানোর জন্য গরম পানির সাথে লেবু আর মধু খাওয়া কি আসলেই কাজ করে?,General Query,"No immediate action required, informational response sufficient"
মানসিক চাপ বা টেনশন কমানোর জন্য ঘরোয়া কোনো টেকনিক আছে কি?,General Query,"No immediate action required, informational response sufficient"
চোখের জ্যোতি ভালো রাখতে প্রতিদিন কোন সবজি বা শাক খাওয়া উচিত?,General Query,"No immediate action required, informational response sufficient"
খাওয়ার কতক্ষণ পর ঘুমানো উচিত যাতে হজমে কোনো সমস্যা না হয়?,General Query,"No immediate action required, informational response sufficient"
মুখে ব্রণের কালো দাগ দূর করতে প্রাকৃতিক কোনো প্যাক আছে কি?,General Query,"No immediate action required, informational response sufficient"
বাচ্চাদের কত বছর বয়স থেকে ব্রাশ করার অভ্যাস করানো উচিত?,General Query,"No immediate action required, informational response sufficient"
রান্নায় কোন তেল ব্যবহার করা হার্টের জন্য সবচেয়ে বেশি নিরাপদ?,General Query,"No immediate action required, informational response sufficient"
রক্তদান করলে কি শরীরের কোনো ক্ষতি হয় নাকি নতুন রক্ত তৈরি হয়?,General Query,"No immediate action required, informational response sufficient"
চা বা কফি অতিরিক্ত খেলে কি হাড়ের কোনো সমস্যা হইতে পারে?,General Query,"No immediate action required, informational response sufficient"
বয়স্কদের জন্য নিয়মিত হাঁটাচলা করা কেন জরুরি আর দিনে কতটুকু হাঁটা ভালো?,General Query,"No immediate action required, informational response sufficient"
নখ কাটার সঠিক নিয়ম কী যাতে নখকুনি হওয়ার ভয় না থাকে?,General Query,"No immediate action required, informational response sufficient"
ডায়াবেটিস মাপার জন্য গ্লুকোমিটার ব্যবহারের সঠিক নিয়ম একটু বুঝায়া বলবেন?,General Query,"No immediate action required, informational response sufficient"
রাতে দেরিতে খাবার খেলে কি ওজন বাড়ার সম্ভাবনা বেশি থাকে?,General Query,"No immediate action required, informational response sufficient"
ত্বকের আর্দ্রতা ধরে রাখতে কোন ধরনের লোশন বা ক্রিম ভালো কাজ করে?,General Query,"No immediate action required, informational response sufficient"
ওজন বাড়ানোর জন্য হেলদি ডায়েট চার্ট কেমন হওয়া উচিত?,General Query,"No immediate action required, informational response sufficient"
মাথা ঠান্ডা রাখতে আর মনোযোগ বাড়াইতে মেডিটেশন কি খুব দরকারি?,General Query,"No immediate action required, informational response sufficient"
রান্নায় অতিরিক্ত ঝাল বা মসলা খেলে কি লিভারের কোনো সমস্যা হয়?,General Query,"No immediate action required, informational response sufficient"
রক্তে কোলেস্টেরল কমানোর জন্য কোন কোন খাবার ডায়েটে রাখা জরুরি?,General Query,"No immediate action required, informational response sufficient"
গর্ভবতী মায়েদের কি রোজা রাখা নিরাপদ নাকি এতে বাচ্চার ক্ষতি হইতে পারে?,General Query,"No immediate action required, informational response sufficient"
কানের খৈল পরিষ্কার করার জন্য কি ইয়ারবাড ব্যবহার করা আসলেই ক্ষতিকর?,General Query,"No immediate action required, informational response sufficient"
শরীরে রোগ প্রতিরোধ ক্ষমতা বাড়ানোর জন্য কোন কোন ন্যাচারাল ড্রিংকস খাওয়া যায়?,General Query,"No immediate action required, informational response sufficient"
রক্তচাপ নিয়ন্ত্রণে রাখতে লবণের পরিমাণ কতটুকু হওয়া উচিত প্রতিদিনের খাবারে?,General Query,"No immediate action required, informational response sufficient"
চুল ঘন করার জন্য মাথায় তেল ম্যাসাজ করা কি নিয়মিত জরুরি?,General Query,"No immediate action required, informational response sufficient"
পায়ের গোড়ালি ফাটা রোধ করতে বাড়িতে কোন ধরনের যত্ন নেওয়া যায়?,General Query,"No immediate action required, informational response sufficient"
শরীরের টক্সিন বের করার জন্য ডিটক্স ওয়াটার কি আসলেই কার্যকর?,General Query,"No immediate action required, informational response sufficient"
বাচ্চাদের ভিটামিন এ ক্যাপসুল কত মাস অন্তর অন্তর খাওয়ানো নিয়ম?,General Query,"No immediate action required, informational response sufficient"
গরমকালে হিটস্ট্রোক থেইকা বাঁচতে বাইরের রোদে যাওয়ার আগে কী কী সতর্কতা দরকার?,General Query,"No immediate action required, informational response sufficient"
চিনি ছাড়া লাল চা খাওয়া কি হার্টের জন্য উপকারী নাকি দুধ চা?,General Query,"No immediate action required, informational response sufficient"
বাচ্চাদের কৃমির আক্রমণ থেইকা বাঁচাতে নখ কাটার গুরুত্ব কতটুকু?,General Query,"No immediate action required, informational response sufficient"
শরীরে ক্যালসিয়ামের ঘাটতি আছে কি না তা কোন টেস্টের মাধ্যমে বোঝা যায়?,General Query,"No immediate action required, informational response sufficient"
খাবারে ওমেগা-৩ ফ্যাটি এসিডের উৎস কী কী আর এটি ব্রেইনের জন্য কেন জরুরি?,General Query,"No immediate action required, informational response sufficient"
রোদে পোড়া দাগ দূর করতে অ্যালোভেরা জেল কি সরাসরি মুখে লাগানো যায়?,General Query,"No immediate action required, informational response sufficient"
উচ্চতা অনুযায়ী আইডিয়াল ওজন বা বিএমআই ক্যালকুলেট করার নিয়মটা কী?,General Query,"No immediate action required, informational response sufficient"
রাতে শোয়ার আগে দুধ খাওয়া কি স্বাস্থ্যের জন্য ভালো নাকি সকালে?,General Query,"No immediate action required, informational response sufficient"
মাথার খুশকি কমানোর জন্য লেবুর রস ব্যবহার করা কি ত্বকের জন্য নিরাপদ?,General Query,"No immediate action required, informational response sufficient"
খাবার খাওয়ার সাথে সাথে পানি খাওয়া কি হজমে ব্যাঘাত ঘটায়?,General Query,"No immediate action required, informational response sufficient"
বাচ্চাদের গরুর দুধ কত বছর বয়স থেইকা দেওয়া শুরু করা নিরাপদ?,General Query,"No immediate action required, informational response sufficient"
প্রস্রাবের রং হলুদ হওয়া কি সব সময় ডিহাইড্রেশনের লক্ষণ নাকি অন্য কিছু?,General Query,"No immediate action required, informational response sufficient"
অতিরিক্ত ঘুমালে কি শরীর অলস হয়া যায় আর মেজাজ খিটখিটে হয়?,General Query,"No immediate action required, informational response sufficient"
ত্বকের উজ্জ্বলতা বাড়ানোর জন্য প্রতিদিন কতটুকু সবজি খাওয়া দরকার?,General Query,"No immediate action required, informational response sufficient"
বাচ্চাদের কান পরিষ্কার করার জন্য ড্রপ ব্যবহার করা কি ঠিক হবে?,General Query,"No immediate action required, informational response sufficient"
শরীরের গিঁটে গিঁটে ব্যথা কমানোর জন্য গরম সেঁক ভালো না ঠান্ডা সেঁক?,General Query,"No immediate action required, informational response sufficient"
লিভার পরিষ্কার রাখতে কোন কোন খাবার ডায়েট থেইকা বাদ দেওয়া উচিত?,General Query,"No immediate action required, informational response sufficient"
বাচ্চাদের উচ্চতা বাড়ানোর জন্য কোন ধরনের ব্যায়াম বেশি কার্যকরী?,General Query,"No immediate action required, informational response sufficient"
অ্যানিমিয়া বা রক্তশূন্যতা দূর করতে কচু শাক খাওয়া কি সত্যিই কাজ করে?,General Query,"No immediate action required, informational response sufficient"
খাবারে বাড়তি লবণ খাওয়ার অভ্যাস কি রক্তচাপ বাড়িয়ে দেয় দ্রুত?,General Query,"No immediate action required, informational response sufficient"
চোখের নিচের কালো দাগ বা ডার্ক সার্কেল দূর করার ঘরোয়া সমাধান কী?,General Query,"No immediate action required, informational response sufficient"
বাচ্চাদের গুঁড়া দুধ খাওয়ানোর সময় পানির অনুপাত কেমন হওয়া উচিত?,General Query,"No immediate action required, informational response sufficient"
চুল পাকা রোধ করতে ন্যাচারাল কোনো ডাই বা ভেষজ কি ব্যবহার করা যায়?,General Query,"No immediate action required, informational response sufficient"
হাঁটু ব্যথা কমানোর জন্য ওমেগা-৩ সমৃদ্ধ খাবার কি ডায়েটে রাখা যায়?,General Query,"No immediate action required, informational response sufficient"
শরীরে হরমোনের ব্যালেন্স ঠিক রাখতে ঘুমের গুরুত্ব কতটুকু জানাবেন?,General Query,"No immediate action required, informational response sufficient"
খাবারে ফাইবার বা আঁশযুক্ত খাবারের গুরুত্ব কী আর এটি কি পেট পরিষ্কার রাখে?,General Query,"No immediate action required, informational response sufficient"
বাচ্চাদের বুদ্ধিমত্তা বাড়ানোর জন্য আখরোট বা বাদাম খাওয়ানো কি ভালো?,General Query,"No immediate action required, informational response sufficient"
শরীরের রোগ প্রতিরোধ ক্ষমতা বাড়াতে গ্রিন টি কতটুকু কার্যকর জানাবেন?,General Query,"No immediate action required, informational response sufficient"
বাচ্চাদের স্কুলে টিফিনে হেলদি খাবার হিসেবে কী কী দেওয়া যেতে পারে?,General Query,"No immediate action required, informational response sufficient"
খালি পেটে চা পান করলে কি এসিডিটির সমস্যা বেড়ে যাওয়ার সম্ভাবনা থাকে?,General Query,"No immediate action required, informational response sufficient"
গর্ভবতী অবস্থায় কত মাস পর্যন্ত লম্বা ভ্রমণ করা নিরাপদ জানাবেন কি?,General Query,"No immediate action required, informational response sufficient"
শরীরের জয়েন্টের পিচ্ছিলতা ধরে রাখতে কোন ধরনের খাবার বেশি দরকার?,General Query,"No immediate action required, informational response sufficient"
বাচ্চাদের নিয়মিত গোসল করানো কি ঠান্ডার সময় নিরাপদ নাকি স্পঞ্জ করা ভালো?,General Query,"No immediate action required, informational response sufficient"
চুল সিল্কি করার জন্য ন্যাচারাল কন্ডিশনার হিসেবে কী ব্যবহার করা যায়?,General Query,"No immediate action required, informational response sufficient"
মাথা ব্যথার সময় চা বা কফি খাওয়া কি সাময়িক আরাম দিতে পারে?,General Query,"No immediate action required, informational response sufficient"
রান্নায় ব্যবহৃত হলুদ কি এন্টিসেপটিক হিসেবে শরীরে কাজ করে জানাবেন?,General Query,"No immediate action required, informational response sufficient"
বাচ্চাদের স্মৃতিশক্তি বাড়ানোর জন্য যোগব্যায়াম কি আদৌ কোনো কাজে আসে?,General Query,"No immediate action required, informational response sufficient"
শরীরে ইউরিক এসিড কমানোর জন্য কোন কোন সবজি এড়িয়ে চলা উচিত?,General Query,"No immediate action required, informational response sufficient"
বাচ্চাদের শরীরে মালিশ করার জন্য সরিষার তেল ভালো না অলিভ অয়েল?,General Query,"No immediate action required, informational response sufficient"
গর্ভবতী মায়েদের কি অতিরিক্ত ক্যালরি দরকার হয় নাকি স্বাভাবিক খাবারই চলে?,General Query,"No immediate action required, informational response sufficient"
মাথার ত্বকের চুলকানি কমাতে নিম পাতার পানি ব্যবহার করা কি নিরাপদ?,General Query,"No immediate action required, informational response sufficient"
হাতের আঙুলের ডগায় চামড়া উঠে খসখসে হয়ে গেছে কিন্তু কোনো ব্যথা বা চুলকানি নেই।,Routine,Schedule a regular medical consultation
মাথার তালুতে অনেক দিন ধরে খুশকি জইমা আছে শ্যাম্পু করলেও পরিষ্কার হইতে চায় না।,Routine,Schedule a regular medical consultation
পায়ের পাতার নিচে ছোট একটা শক্ত কড়ার মতো হইছে হাঁটলে মাঝে মাঝে একটু অস্বস্তি লাগে।,Routine,Schedule a regular medical consultation
নখের কোণে একটু কালো দাগ দেখা যাইতেছে অনেক দিন ধইরা কিন্তু কোনো পুঁজ বা ব্যথা নাই।,Routine,Schedule a regular medical consultation
ঠোঁটের কোণ মাঝে মাঝে শুকায়া ফেটে যায় হাসলে একটু টান লাগে কিন্তু রক্ত বাইর হয় না।,Routine,Schedule a regular medical consultation
শরীরের চামড়া শীতকাল আসার আগেই অনেক বেশি খসখসে হয়া যাইতেছে কোনো লোশনে কাজ হচ্ছে না।,Routine,Schedule a regular medical consultation
চোখের নিচে হালকা ফোলা ভাব আর কালচে দাগ দেখা যাইতেছে মাসখানেক ধইরা নড়াচড়া করে না।,Routine,Schedule a regular medical consultation
হাতের তালু মাঝে মাঝে খুব চুলকায় আর লালচে হয়া থাকে কিন্তু কোনো গুটি বা ফোসকা নাই।,Routine,Schedule a regular medical consultation
দাঁতের মাড়ি থেইকা ব্রাশ করার সময় মাঝে মাঝে হালকা একটু লালচে পানি বের হয় ব্যথা নাই।,Routine,Schedule a regular medical consultation
পেটে মাঝে মাঝে গ্যাস জইমা পেটটা ফুইলা থাকে কিন্তু খাবার খাইলে কোনো সমস্যা হয় না।,Routine,Schedule a regular medical consultation
পায়ের গোড়ালির চামড়া অনেক মোটা হয়া শক্ত হয়া গেছে ফাটল নাই কিন্তু দেখতে খারাপ লাগে।,Routine,Schedule a regular medical consultation
শরীরের বিভিন্ন জায়গায় ছোট ছোট সাদা তিল বা দাগ দেখা যাইতেছে যা ধীরে ধীরে বাড়তেছে।,Routine,Schedule a regular medical consultation
চুলে প্রচুর জট লেগে যায় আর চুলের আগা ফাইটা ঝরঝরা হয়া যাইতেছে অনেক দিন ধইরা।,Routine,Schedule a regular medical consultation
মাঝে মাঝে ঘুম থেইকা উঠলে মুখটা একটু তেতো লাগে কিন্তু কিছুক্ষণ পর সব ঠিক হয়া যায়।,Routine,Schedule a regular medical consultation
কনুইয়ের চামড়া অনেক কালো আর খসখসে হয়া গেছে কোনো ক্রিমেই মরা চামড়া উঠতেছে না।,Routine,Schedule a regular medical consultation
নখের ওপর সাদা সাদা ছোপ দেখা যাইতেছে যা অনেক দিন ধইরা আছে কিন্তু কোনো ব্যথা নাই।,Routine,Schedule a regular medical consultation
জিহ্বার ওপর সাদা একটা আস্তরণ জইমা আছে যা ব্রাশ করলেও পুরোপুরি পরিষ্কার হয় না।,Routine,Schedule a regular medical consultation
শরীরের চামড়ায় মাঝে মাঝে গোল গোল চাকা হয় যা চুলকালে একটু লাল হয় কিন্তু আরাম লাগে।,Routine,Schedule a regular medical consultation
পায়ের আঙুলের ফাঁকে মাঝে মাঝে একটু সাদা সাদা মরা চামড়া জমে অস্বস্তি লাগে।,Routine,Schedule a regular medical consultation
মাথার চুলে অকালে পাক ধরতাছে আর চুলগুলা খুব পাতলা হয়া যাইতেছে অনেক দিন ধইরা।,Routine,Schedule a regular medical consultation
হাতের পিঠে অনেকগুলা ছোট ছোট তিল বা আঁচিল দেখা যাইতেছে যা ব্যথা করে না কিন্তু বাড়ছে।,Routine,Schedule a regular medical consultation
চোখের চারপাশ মাঝে মাঝে একটু ভার ভার লাগে কিন্তু দৃষ্টিতে কোনো সমস্যা নাই একদম।,Routine,Schedule a regular medical consultation
মুখের ভেতর মাঝে মাঝে ছোট সাদাটে দাগ হয় যা দুই তিন দিনের মধ্যে নিজে থেকেই সইরা যায়।,Routine,Schedule a regular medical consultation
শরীরের চামড়া মাঝে মাঝে কোনো কারণ ছাড়াই একটু ফ্যাকাসে হয়া যায় কিন্তু শরীর দুর্বল লাগে না।,Routine,Schedule a regular medical consultation
হাতের নখগুলা কেমন জানি বাঁকা হয়া যাইতেছে আর মাঝখানে গর্তের মতো দেখা যাইতেছে।,Routine,Schedule a regular medical consultation
পেছনের দাঁতে মাঝে মাঝে মিষ্টি খাইলে একটু শিরশির করে কিন্তু গরম বা ঠান্ডায় লাগে না।,Routine,Schedule a regular medical consultation
ঘাড়ের চামড়া অনেক দিন ধইরা কালো হয়া আছে মলে পরিষ্কার হয় না খসখসে লাগে একটু।,Routine,Schedule a regular medical consultation
বাচ্চার শরীরে মাঝে মাঝে ঘামাচির মতো ছোট দানা উঠে যা পাউডার দিলেই আবার চইলা যায়।,Routine,Schedule a regular medical consultation
পায়ের নখ অনেক বেশি শক্ত হয়া গেছে কাটার সময় খুব কষ্ট হয় আর হলুদ দেখা যায়।,Routine,Schedule a regular medical consultation
মাঝে মাঝে নাক বন্ধ হয়া থাকে বিশেষ কইরা সকালে উঠলে কিন্তু সারাদিন সব ঠিক থাকে।,Routine,Schedule a regular medical consultation
শরীরের চামড়ায় মাঝে মাঝে রোদে গেলে একটু লালচে ভাব হয় কিন্তু কিছুক্ষণ পর ঠিক হয়া যায়।,Routine,Schedule a regular medical consultation
হাতের আঙুলের জয়েন্টে মাঝে মাঝে একটু কড়কড় শব্দ হয় কিন্তু কোনো ব্যথা বা ফোলা নাই।,Routine,Schedule a regular medical consultation
দাঁতের ফাঁকে খাবার জইমা থাকে যা নিয়মিত ব্রাশ করলেও পুরোপুরি পরিষ্কার হইতে চায় না।,Routine,Schedule a regular medical consultation
পায়ের পাতায় মাঝে মাঝে ছোট ছোট গুটি উঠে যা পরে চামড়া উঠে শুকায়া যায় ব্যথা নাই।,Routine,Schedule a regular medical consultation
মাথার ত্বকে মাঝে মাঝে একটু ফুসকুড়ির মতো হয় যা চুলকালে মরা চামড়া উইঠা আসে।,Routine,Schedule a regular medical consultation
নখের চারপাশের চামড়া মাঝে মাঝে উঠে যায় নড়াচড়া করলে একটু টান লাগে কিন্তু রক্ত পড়ে না।,Routine,Schedule a regular medical consultation
শরীরের ওজন গত কয়েক মাস ধরে ধীরে ধীরে একটু বাড়তেছে কোনো বিশেষ কারণ ছাড়াই।,Routine,Schedule a regular medical consultation
হাতের তালু মাঝে মাঝে খুব বেশি ঘামে বিশেষ কইরা টেনশন করলে বা রোদে গেলে।,Routine,Schedule a regular medical consultation
পায়ের গোড়ালি মাঝে মাঝে একটু ভার ভার লাগে কিন্তু হাঁটাহাঁটি করলে আবার ঠিক হয়া যায়।,Routine,Schedule a regular medical consultation
শরীরের চামড়ায় মাঝে মাঝে আঁচড়ের মতো সাদা দাগ দেখা যায় যা হাত দিলে বোঝা যায়।,Routine,Schedule a regular medical consultation
মাঝে মাঝে খাবার খাওয়ার পর বুকটা একটু ভারি ভারি লাগে কিন্তু কোনো জ্বালাপোড়া নাই।,Routine,Schedule a regular medical consultation
পায়ের আঙুলের নখগুলা মাঝে মাঝে নিজ থেইকাই একটু একটু কইরা ভাইঙা যায় ব্যথা নাই।,Routine,Schedule a regular medical consultation
মুখের ত্বকে মাঝে মাঝে একটু বেশিই শুষ্কতা দেখা দেয় বিশেষ কইরা সাবান ব্যবহার করলে।,Routine,Schedule a regular medical consultation
হাতের আঙুল মাঝে মাঝে একটু আড়ষ্ট হয়া থাকে সকালে কিন্তু নড়াচড়া করলে ঠিক হয়া যায়।,Routine,Schedule a regular medical consultation
শরীরের বিভিন্ন জায়গায় মাঝে মাঝে একটু মশা কামড়ানোর মতো ফুইলা উঠে কিন্তু চুলকায় না।,Routine,Schedule a regular medical consultation
নখের কোণ মাঝে মাঝে একটু হলুদ হয়া যায় যা দেখতে খুব খারাপ লাগে কোনো ব্যথা নাই।,Routine,Schedule a regular medical consultation
মাথার ত্বকে মাঝে মাঝে একটু বেশিই চুলকানি হয় শ্যাম্পু করার একদিন পরেই আবার শুরু হয়।,Routine,Schedule a regular medical consultation
পায়ের তলায় মাঝে মাঝে চামড়া শক্ত হয়া গুটি গুটি হয়ে আছে কিন্তু হাঁটলে ব্যথা লাগে না।,Routine,Schedule a regular medical consultation
হাতের পিঠে মাঝে মাঝে একটু বেশিই রগ দেখা যায় যা আগে ছিল না কোনো সমস্যা নাই।,Routine,Schedule a regular medical consultation
নখের মাঝখানে লম্বা লম্বা দাগ দেখা যাইতেছে যা অনেক দিন ধইরা আছে ব্যথা করে না।,Routine,Schedule a regular medical consultation
শরীরের বিভিন্ন জায়গায় মাঝে মাঝে আঁচিল দেখা যাইতেছে যা ধীরে ধীরে সংখ্যায় বাড়ছে।,Routine,Schedule a regular medical consultation
মুখের চারপাশে মাঝে মাঝে একটু কালচে ছোপ দেখা যায় যা অনেক দিন ধইরা একই রকম।,Routine,Schedule a regular medical consultation
পায়ের পাতায় মাঝে মাঝে একটু ঝিনঝিনানি হয় যা এক দুই মিনিট পর আবার ঠিক হয়া যায়।,Routine,Schedule a regular medical consultation
শরীরের চামড়া মাঝে মাঝে একটু বেশিই উজ্জ্বলতা হারায়া ফ্যাকাসে দেখা যায় অনেক দিন ধইরা।,Routine,Schedule a regular medical consultation
হাতের আঙুলের নখগুলা অনেক দিন ধইরা একটু বেশিই নরম হয়া গেছে সহজে ভাইঙা যায়।,Routine,Schedule a regular medical consultation
মাথার চুলে মাঝে মাঝে খুশকির কারণে ছোট ছোট ফুসকুড়ি হয় যা টিপলে পানি বের হয়।,Routine,Schedule a regular medical consultation
শরীরের বিভিন্ন জায়গায় মাঝে মাঝে ছোট ছোট তিল দেখা যাইতেছে যা জন্মগত নয়।,Routine,Schedule a regular medical consultation
পায়ের গোড়ালির নিচে চামড়া ফেটে একটু গর্ত হইছে কিন্তু কোনো রক্ত বা ব্যথা নাই।,Routine,Schedule a regular medical consultation
হাতের নখ মাঝে মাঝে নিজ থেইকাই একটু ডেবে যায় যা অনেক দিন ধইরা আছে স্থির।,Routine,Schedule a regular medical consultation
শরীরের চামড়া মাঝে মাঝে সাবান দিলে বেশিই চুলকায় কিন্তু কিছুক্ষণ পর আবার ঠিক হয়া যায়।,Routine,Schedule a regular medical consultation
মাথার ত্বকে মাঝে মাঝে মরা চামড়া জইমা মাছের আঁশের মতো উইঠা আসে ব্যথাহীন।,Routine,Schedule a regular medical consultation
শরীরের বিভিন্ন জায়গায় মাঝে মাঝে ছোট ছোট চাকা হয় যা চুলকালে আরাম লাগে ব্যথা নাই।,Routine,Schedule a regular medical consultation
নখের ওপরে সাদা লম্বা দাগ দেখা যাইতেছে যা ধীরে ধীরে বড় হইতেছে কোনো ব্যথা নাই।,Routine,Schedule a regular medical consultation
মাথার ত্বকে মাঝে মাঝে একটু তৈলাক্ত ভাব বেশি হয় শ্যাম্পু করলেও পরিষ্কার হইতে চায় না।,Routine,Schedule a regular medical consultation
হাতের তালু মাঝে মাঝে নিজ থেইকাই একটু লালচে হয়া যায় কিছুক্ষণ পর আবার ঠিক হয়া যায়।,Routine,Schedule a regular medical consultation
নখের চারপাশের চামড়া মাঝে মাঝে নিজ থেইকাই একটু উইঠা ঝুলে থাকে টানলে একটু লাগে।,Routine,Schedule a regular medical consultation
শরীরের বিভিন্ন জায়গায় মাঝে মাঝে তিল দেখা যাইতেছে যা খুব ছোট আর কোনো ব্যথা নাই।,Routine,Schedule a regular medical consultation
মুখের ত্বকে মাঝে মাঝে একটু বেশিই মরা চামড়া জমে যা স্ক্রাব করলে পরিষ্কার হইতে চায় না।,Routine,Schedule a regular medical consultation
পায়ের গোড়ালি মাঝে মাঝে একটু শক্ত হয়া থাকে সকালে কিন্তু হাঁটলে ধীরে ধীরে কমে যায়।,Routine,Schedule a regular medical consultation
শরীরের চামড়া মাঝে মাঝে শীতকালে অনেক বেশি শুষ্ক হয়া যায় লোশন দিলেও কাজ হয় না।,Routine,Schedule a regular medical consultation
হাতের আঙুলের জয়েন্টে মাঝে মাঝে একটু জড়তা লাগে সকালে কিন্তু হাত নড়ালে ঠিক হয়।,Routine,Schedule a regular medical consultation
নখের কোণে মাঝে মাঝে একটু কালচে দাগ দেখা যায় যা অনেক দিন ধইরা একই রকম আছে।,Routine,Schedule a regular medical consultation
মাথার চুলে মাঝে মাঝে প্রচুর জট পড়ে আর চুলগুলা খুব রুক্ষ হয়া যাইতেছে অনেক দিন ধইরা।,Routine,Schedule a regular medical consultation
পায়ের পাতায় মাঝে মাঝে একটু বেশিই ঘাম হয় জুতা মোজা পরলে পা ভিজে থাকে সারা দিন।,Routine,Schedule a regular medical consultation
হাতের নখ মাঝে মাঝে নিজ থেইকাই একটু ভাইঙা যায় কোনো বিশেষ কারণ ছাড়াই ব্যথা নাই।,Routine,Schedule a regular medical consultation
শরীরের চামড়ায় মাঝে মাঝে রোদে গেলে একটু জ্বালাপোড়া করে পরে নিজ থেইকাই ঠিক হয়।,Routine,Schedule a regular medical consultation
নখের চারপাশ মাঝে মাঝে একটু ফুইলা থাকে কিন্তু কোনো রক্ত বা পুঁজ দেখা যায় না।,Routine,Schedule a regular medical consultation
মাথার ত্বকে মাঝে মাঝে খুশকির মতো ফুসকুড়ি হয় যা নখ দিয়ে খুঁচলে উঠে আসে ব্যথা নাই।,Routine,Schedule a regular medical consultation
পায়ের আঙুলের নখ মাঝে মাঝে নিজ থেইকাই মোটা হয়া যায় কাটতে একটু বেশি সময় লাগে।,Routine,Schedule a regular medical consultation
শরীরের বিভিন্ন জায়গায় মাঝে মাঝে ছোট ছোট সাদা ছোপ দেখা যায় যা অনেক দিন ধইরা আছে।,Routine,Schedule a regular medical consultation
মুখের চারপাশে মাঝে মাঝে একটু শুষ্কতা দেখা দেয় ক্রিম দিলেই সাময়িক ভালো থাকে।,Routine,Schedule a regular medical consultation
হাতের তালু মাঝে মাঝে একটু বেশিই ঘামে যার কারণে কলম ধরলে স্লিপ করে মাঝে মাঝে।,Routine,Schedule a regular medical consultation
নখের ওপরে ছোট ছোট গর্ত দেখা যাইতেছে যা অনেক দিন ধইরা একইভাবে আছে কোনো ব্যথা নাই।,Routine,Schedule a regular medical consultation
বাচ্চাটা ব্যাটারির পানি খেয়ে ফেলছে এখন তার গলা আর পেট জ্বইলা ছটফট করতাছে নিশ্বাস নিতে পারছে না।,Emergency,Immediately go to emergency department or call ambulance
অজ্ঞাত বিষধর কিছু কামড়ানোর পর রোগীর শরীর নীল হয়া গেছে আর সে কোনো সাড়া শব্দ দিতাছে না।,Emergency,Immediately go to emergency department or call ambulance
মাথার পেছনের হাড় ভাইঙা মগজ দেখা যাইতেছে প্রচুর রক্তক্ষরণে রোগী একদম নিস্তেজ হয়া পইড়া আছে।,Emergency,Immediately go to emergency department or call ambulance
হঠাৎ কইরা একদিকের হাত পা একবারে অবশ হয়া ঝুলে গেছে আর কথা বলতে গেলে শুধু গোঙানি আসতাছে।,Emergency,Immediately go to emergency department or call ambulance
আগুনে পুড়ে গায়ের চামড়া ঝুলতাছে আর রোগী ব্যথায় চিৎকার করতে করতে এখন নিথর হয়া গেছে।,Emergency,Immediately go to emergency department or call ambulance
গলায় ধারালো কিছু আটকে শ্বাসনালী বন্ধ হয়া গেছে রোগী অক্সিজেন না পেয়ে ছটফট করতে করতে নীল।,Emergency,Immediately go to emergency department or call ambulance
প্রচণ্ড রোদে কাজ করার সময় হঠাৎ মাথা ঘুরে পইড়া গেছে এখন শরীরের তাপমাত্রা ১০৬ ডিগ্রি আর সে অচেতন।,Emergency,Immediately go to emergency department or call ambulance
বাচ্চাটা কয়েন গিলে ফেলছে এখন তার দম আটকে চোখ মুখ কালো হয়া গেছে শরীর ঝুলে পড়ছে।,Emergency,Immediately go to emergency department or call ambulance
অপারেশনের সেলাই ফেটে গিয়ে পেটের নাড়িভুঁড়ি বের হয়ে আসার মতো অবস্থা প্রচুর রক্তক্ষরণ হচ্ছে।,Emergency,Immediately go to emergency department or call ambulance
গর্ভবতী মহিলার হঠাৎ চোখ উল্টে গিয়ে সারা শরীর কাঁপতে শুরু করছে মুখ দিয়ে ফেনা বের হচ্ছে।,Emergency,Immediately go to emergency department or call ambulance
তীব্র অ্যালার্জির কারণে গলার ভেতর ফুইলা বাতাস যাওয়া বন্ধ হয়া গেছে রোগী নিশ্বাস নিতে পারছে না।,Emergency,Immediately go to emergency department or call ambulance
উঁচু গাছ থেকে পড়ে বুকের পাঁজরের হাড় ফুসফুসে ঢুকে গেছে রোগী গোঙাচ্ছে আর মুখ দিয়ে রক্ত আসছে।,Emergency,Immediately go to emergency department or call ambulance
বিদ্যুতের শক খেয়ে হাত পুড়ে কয়লা হয়া গেছে আর হৃৎপিণ্ডের স্পন্দন পাওয়া যাচ্ছে না একদম।,Emergency,Immediately go to emergency department or call ambulance
বাচ্চাটা ভুল করে ঘুমের বড়ি খেয়ে ফেলেছে এখন তাকে কোনোভাবেই জাগানো যাচ্ছে না শরীর নিথর।,Emergency,Immediately go to emergency department or call ambulance
হঠাৎ করে রোগীর দৃষ্টিশক্তি চলে গেছে আর মাথায় এমন যন্ত্রণা হচ্ছে যে সে দেয়ালের সাথে মাথা ঠুকছে।,Emergency,Immediately go to emergency department or call ambulance
সাপ কামড়ানোর আধা ঘণ্টা পর রোগীর সারা শরীর অবশ হয়া চোখ বুজে আসছে আর সে নিস্তেজ হয়া পড়ছে।,Emergency,Immediately go to emergency department or call ambulance
বুকের মাঝখানে মনে হচ্ছে কেউ গরম লোহার রড ঢুকিয়ে দিচ্ছে ব্যথা চোয়াল আর বাম হাতে ছড়িয়ে গেছে।,Emergency,Immediately go to emergency department or call ambulance
পেটে ছুরির আঘাত লাগার পর প্রচুর রক্তক্ষরণ হয়ে মেঝে ভেসে গেছে রোগী অচেতন অবস্থায় পইড়া আছে।,Emergency,Immediately go to emergency department or call ambulance
বাচ্চাটা নাকে রাবার ঢুকিয়ে একদিকের নিশ্বাস পুরোপুরি বন্ধ করে ফেলেছে এখন সে ছটফট করছে খুব।,Emergency,Immediately go to emergency department or call ambulance
গলায় মাছের বড় কাঁটা বিঁধে শ্বাসনালী ছিঁড়ে রক্ত আসতাছে রোগী দম নিতে না পেরে নীল হয়া গেছে।,Emergency,Immediately go to emergency department or call ambulance
মাথায় ভারী ইটের আঘাত লাগার পর কান আর নাক দিয়ে সাদাটে তরল আর রক্ত বের হইতাছে রোগী অচেতন।,Emergency,Immediately go to emergency department or call ambulance
পেটে অসহ্য ব্যথার পর হঠাৎ রোগী বমি করে জ্ঞান হারিয়ে ফেলেছে পেট পাথরের মতো শক্ত হয়া আছে।,Emergency,Immediately go to emergency department or call ambulance
বাচ্চাটা হারপিক খেয়ে ফেলেছে এখন তার মুখ আর জিব পুড়ে সাদা হয়া গেছে সে নিশ্বাস নিতে পারছে না।,Emergency,Immediately go to emergency department or call ambulance
হঠাৎ করে কথা বলতে গিয়ে রোগীর মুখ একদিকে বেঁকে গেছে আর সে মেঝেতে ঢলে পড়েছে নিথর হয়ে।,Emergency,Immediately go to emergency department or call ambulance
গাড়ি দুর্ঘটনায় পা থেঁতলে গিয়ে আলাদা হয়ে গেছে প্রচুর রক্তক্ষরণে রোগীর পালস পাওয়া যাচ্ছে না।,Emergency,Immediately go to emergency department or call ambulance
গর্ভবতী মহিলার প্রস্রাবের রাস্তা দিয়ে প্রচুর পানি আর কালচে চাকা রক্ত যাচ্ছে সে প্রচণ্ড দুর্বল।,Emergency,Immediately go to emergency department or call ambulance
বাচ্চার খিঁচুনি শুরু হয়ে চোখ উল্টে গেছে আর হাত পা বরফ হয়া শক্ত হয়া গেছে ডাকলে সাড়া দিচ্ছে না।,Emergency,Immediately go to emergency department or call ambulance
বুকের ভেতর এমন ধড়ফড়ানি শুরু হইছে যে রোগী নিশ্বাস না পেয়ে বিছানা থেকে মেঝেতে পইড়া ছটফট করছে।,Emergency,Immediately go to emergency department or call ambulance
পোকা মারার ওষুধ খেয়ে রোগী বমি করতে করতে এখন পুরোপুরি অচেতন আর শরীর নীল হয়া গেছে।,Emergency,Immediately go to emergency department or call ambulance
গরম তেল বাচ্চার গায়ের ওপর পড়ে চামড়া পুড়ে হাড় দেখা যাচ্ছে বাচ্চাটা চিৎকার করতে করতে নিস্তেজ।,Emergency,Immediately go to emergency department or call ambulance
হঠাৎ করে রোগীর হৃদস্পন্দন থেমে যাওয়ার মতো অবস্থা আর সে প্রচুর ঘামছে একদম ফ্যাকাশে হয়ে।,Emergency,Immediately go to emergency department or call ambulance
পুকুরে ডুবে যাওয়ার পর পেট ফুলে একাকার শরীর বরফের মতো ঠান্ডা আর পালস নেই একদম।,Emergency,Immediately go to emergency department or call ambulance
তীব্র হাঁপানির টানে রোগী টানতে টানতে জ্ঞান হারিয়ে ফেলেছে ইনহেলার কোনো কাজই করছে না।,Emergency,Immediately go to emergency department or call ambulance
নিজের গলা কাটার পর প্রচুর রক্তক্ষরণ হয়ে রোগী মেঝেতে পইড়া গোঙাচ্ছে নিশ্বাস নিতে কষ্ট হচ্ছে।,Emergency,Immediately go to emergency department or call ambulance
বাচ্চাটা লোহার ছোট মার্বেল নাকে ঢুকিয়ে নিশ্বাস বন্ধ করে ফেলেছে এখন সে নেতিয়ে পড়ছে।,Emergency,Immediately go to emergency department or call ambulance
হঠাৎ করে রোগীর দৃষ্টি ঝাপসা হয়ে সে অজ্ঞান হয়া গেছে আর তার একটা হাত পা কাঁপছে খুব।,Emergency,Immediately go to emergency department or call ambulance
সাপ কামড়ানোর জায়গায় পচন ধরে কালো হয়া গেছে আর রোগীর শ্বাস নিতে তীব্র কষ্ট হচ্ছে এখন।,Emergency,Immediately go to emergency department or call ambulance
অপারেশনের সেলাই ছিঁড়ে গিয়ে গলগল করে রক্ত বের হচ্ছে রোগী প্রচণ্ড ব্যথায় অজ্ঞান হয়ে গেছে।,Emergency,Immediately go to emergency department or call ambulance
বাচ্চার ১০৫ ডিগ্রি জ্বরের সাথে শরীর শক্ত হয়া চোখ কপালে উঠে গেছে সে নিশ্বাস নিচ্ছে না।,Emergency,Immediately go to emergency department or call ambulance
হঠাৎ বুকের মাঝখানে পাথর চাপা দেওয়ার মতো ভারি লাগছে আর ঘাম দিয়ে রোগী অচেতন হয়ে পড়ছে।,Emergency,Immediately go to emergency department or call ambulance
বিদ্যুতের তারে জড়িয়ে হাত পুড়ে কালো হয়া গেছে আর রোগীর বুক ধড়ফড় করে নিস্তেজ হয়ে পড়ছে।,Emergency,Immediately go to emergency department or call ambulance
তীব্র রক্তবমি হয়ে ঘর রক্তে ভিজে গেছে রোগী এখন একদম ফ্যাকাশে আর দুর্বল হয়ে পইড়া আছে।,Emergency,Immediately go to emergency department or call ambulance
গর্ভবতী মহিলার পেটে লাথি লাগার পর প্রচুর রক্তক্ষরণ শুরু হইছে আর সে যন্ত্রণায় অচেতন।,Emergency,Immediately go to emergency department or call ambulance
ডান দিকের তলপেটে গত রাত থেকে অসহ্য মোচড়ানি ব্যথা আর পা সোজা করলেই বমি আসছে খুব।,Urgent,Seek medical care within 24–48 hours
কানের ভেতর থেকে কালচে রক্ত আর পুঁজ বের হচ্ছে সাথে তীব্র দপদপানি মাথায় যন্ত্রণা হচ্ছে।,Urgent,Seek medical care within 24–48 hours
পা মচকে গিয়ে গোড়ালি এমন ভাবে ফুইলা গেছে যে মেঝেতে পা ছোঁয়ানোই যাচ্ছে না ব্যথায়।,Urgent,Seek medical care within 24–48 hours
গত তিন দিন ধরে একটানা প্রস্রাবে জ্বালাপোড়া আর প্রস্রাবের সাথে হালকা রক্ত দেখা যাচ্ছে।,Urgent,Seek medical care within 24–48 hours
বাচ্চার ১০৩ ডিগ্রি জ্বরের সাথে সারা পিঠে লাল লাল বড় দানা উইঠা গেছে সে অস্থির হয়ে আছে।,Urgent,Seek medical care within 24–48 hours
গলার টনসিল পেকে সাদা পুঁজ দেখা যাচ্ছে আর কোনো কিছু গিলতে গেলেই তীব্র যন্ত্রণা হচ্ছে।,Urgent,Seek medical care within 24–48 hours
পায়ের পুরনো ডায়াবেটিক ঘা হঠাৎ করে কালো হয়া দুর্গন্ধ ছড়াতে শুরু করছে খুব ভয় লাগছে।,Urgent,Seek medical care within 24–48 hours
চোখের সাদা অংশ টকটকে লাল হয়া গেছে আর অনবরত হলদে রঙের পুঁজ বের হয়ে চোখ আটকে যাচ্ছে।,Urgent,Seek medical care within 24–48 hours
পিঠের নিচের দিকে তীব্র ব্যথা যা প্রস্রাবের জায়গার দিকে নেমে আসছে রোগী শুতে বসতে পারছে না।,Urgent,Seek medical care within 24–48 hours
বাচ্চার ৪ দিন ধরে জলের মতো পাতলা পায়খানা আর পেট ফাঁপার কারণে সে একটানা চিৎকার করে কাঁদছে।,Urgent,Seek medical care within 24–48 hours
স্তনের বোঁটা দিয়ে অস্বাভাবিক পুঁজ বের হচ্ছে আর জায়গাটা শক্ত চাকার মতো হয়া ব্যথা করছে।,Urgent,Seek medical care within 24–48 hours
রক্তচাপ হঠাৎ ১৮০/১০০ হয়া গেছে আর ঘাড়ের রগ শক্ত হয়া তীব্র মাথা ঘোরা শুরু হইছে রোগীর।,Urgent,Seek medical care within 24–48 hours
হঠাৎ করে পিঠের একপাশে ছোট ছোট ফোসকা উইঠা তীব্র জ্বালাপোড়া আর সুঁই ফোটানোর মতো ব্যথা হচ্ছে।,Urgent,Seek medical care within 24–48 hours
বাচ্চার কানের ভেতরে কোনো বিষাক্ত পোকা ঢুকে পাখা ঝাপটাচ্ছে আর সে ব্যথায় মেঝেতে গড়াগড়ি দিচ্ছে।,Urgent,Seek medical care within 24–48 hours
প্রস্রাব গত ১২ ঘণ্টা ধরে এক ফোঁটাও হচ্ছে না আর তলপেট ফুইলা শক্ত হয়া তীব্র অস্বস্তি হচ্ছে।,Urgent,Seek medical care within 24–48 hours
পায়ের বুড়ো আঙুলের নখ মাংসের ভেতর ঢুকে পেকে পুঁজ বের হচ্ছে জুতা পরা একবারে বন্ধ।,Urgent,Seek medical care within 24–48 hours
কা কাশির সাথে সুতোর মতো তাজা রক্ত বের হচ্ছে আর বুকে শ্বাস নেওয়ার সময় ব্যথা হচ্ছে খুব।,Urgent,Seek medical care within 24–48 hours
বাচ্চার পেটে তীব্র কামড়ানি ব্যথার কারণে সে পা দুটো গুটিয়ে শুধু গোঙাচ্ছে আর বমি করছে।,Urgent,Seek medical care within 24–48 hours
চোখের ভেতর ঝালাইয়ের কণা ঢুকে চোখ লাল হয়া গেছে আর অনবরত পানি পড়ছে তাকাতে পারছি না।,Urgent,Seek medical care within 24–48 hours
হঠাৎ করে সারা শরীরে চাকা চাকা উইঠা চুলকায়ে লাল হয়া গেছে আর দম নিতে একটু কষ্ট হচ্ছে।,Urgent,Seek medical care within 24–48 hours
বাচ্চার জিভে আর গালে বড় বড় সাদা ঘা হয়া গেছে সে কোনো কিছুই মুখে নিতে পারছে না ব্যথায়।,Urgent,Seek medical care within 24–48 hours
পায়খানার সাথে গত দুই দিন ধরে আলকাতরার মতো কুচকুচে কালো মল বের হচ্ছে পেট কামড়াচ্ছে খুব।,Urgent,Seek medical care within 24–48 hours
পায়ের বাছুরের রগে তীব্র টান লেগে পা অবশ হয়া গেছে আর হাঁটতে গেলে রগ ছিঁড়ে যাওয়ার ব্যথা।,Urgent,Seek medical care within 24–48 hours
গর্ভবতী মহিলার প্রস্রাব দিয়ে সাদা প্রোটিনের মতো যাচ্ছে আর হাত পা অস্বাভাবিক ফুইলা গেছে।,Urgent,Seek medical care within 24–48 hours
বাচ্চার প্রস্রাবে খুব কড়া গন্ধ আর সে প্রস্রাব করার সময় খুব কান্নাকাটি করে তলপেট চেপে ধরে।,Urgent,Seek medical care within 24–48 hours
হঠাৎ করে পিঠের হাড়ের জয়েন্টে এমন ব্যথা শুরু হইছে যে নড়াচড়া করা একবারে বন্ধ হয়া গেছে।,Urgent,Seek medical care within 24–48 hours
নাকের ভেতর থেকে সারাদিন ধরে পানির মতো পাতলা রক্ত আসছে কোনোভাবেই থামানো যাচ্ছে না।,Urgent,Seek medical care within 24–48 hours
পায়ের পুরনো ঘা থেকে পচা মাংসের গন্ধ বের হচ্ছে আর জায়গাটা নীল হয়া ফুইলা গেছে প্রচণ্ড।,Urgent,Seek medical care within 24–48 hours
বাচ্চার বুকের দুধ টানার শক্তি নাই সে নেতিয়ে পড়ছে আর তার শ্বাস নেওয়ার সময় শাঁ শাঁ শব্দ হচ্ছে।,Urgent,Seek medical care within 24–48 hours
সারা শরীরে তীব্র খোসপাঁচড়া উইঠা ঘা হয়া গেছে রাতের বেলা চুলকানির চোটে বিছানায় থাকা যায় না।,Urgent,Seek medical care within 24–48 hours
বাচ্চার খুব বেশি পাতলা পায়খানা হয়ে চোখ গর্তে ঢুকে গেছে আর সে একদম নড়াচড়া করছে না।,Urgent,Seek medical care within 24–48 hours
পায়ের জয়েন্ট হঠাৎ লক হয়া গেছে আর সোজা করতে গেলেই তীব্র টান লেগে হাড়ের ভেতর ব্যথা করছে।,Urgent,Seek medical care within 24–48 hours
গত ২৪ ঘণ্টা ধরে পায়খানা একবারে বন্ধ আর পেট ড্রামের মতো ফুইলা ব্যথায় নিশ্বাস নিতে কষ্ট হচ্ছে।,Urgent,Seek medical care within 24–48 hours
গলার ভেতরে বড় ধরণের ফোঁড়া হয়া নিশ্বাস নিতে সমস্যা হচ্ছে আর কথা একবারে জড়িয়ে গেছে।,Urgent,Seek medical care within 24–48 hours
বাচ্চার কপালে আর কানে ছোট ছোট পুঁজভর্তি দানা উইঠা ১০২ ডিগ্রি জ্বর হয়া শরীর ম্যাজম্যাজ করছে।,Urgent,Seek medical care within 24–48 hours
পায়ের নখ পেকে মাংসের ভেতর ঢুকে গেছে আর সেখান থেকে দুর্গন্ধযুক্ত রস বের হয়ে সকসকে ব্যথা।,Urgent,Seek medical care within 24–48 hours
তীব্র অ্যালার্জির কারণে ঠোঁট আর মুখ ফুইলা চোখ বন্ধ হয়া গেছে চুলকানি আর জ্বালায় অস্থির।,Urgent,Seek medical care within 24–48 hours
বাচ্চার তলপেটে চাপ দিলে সে ব্যথায় কুঁকড়ে যাচ্ছে আর গত দুই দিন ধরে তার প্রস্রাব খুব কম।,Urgent,Seek medical care within 24–48 hours
হঠাৎ করে হাত পায়ের আঙুলগুলা নীল হয়া গেছে আর সেখানে সুঁই ফোটানোর মতো তীব্র ব্যথা হচ্ছে।,Urgent,Seek medical care within 24–48 hours
পায়ুপথ দিয়ে ফিনকি দিয়ে তাজা রক্ত আসছে মলত্যাগের সময় রোগী প্রচণ্ড দুর্বল হয়ে পড়ছে।,Urgent,Seek medical care within 24–48 hours
বাচ্চার ঘাড়ের রগ শক্ত হয়া গেছে সে মাথা ঘুরাতে পারছে না আর তার খুব উচ্চমাত্রার জ্বর।,Urgent,Seek medical care within 24–48 hours
কোমর থেকে পা পর্যন্ত এমন ভাবে ঝিনঝিন করে অবশ হয়ে আসছে যে রোগী দাঁড়াতে পারছে না।,Urgent,Seek medical care within 24–48 hours
হাতের আঙুলের ডগায় চামড়া উইঠা খসখসে হয়া আছে কোনো ব্যথা নাই শুধু দেখতে খারাপ লাগে।,Routine,Schedule a regular medical consultation
মাথার তালুতে অনেক দিন ধইরা খুশকি জইমা আছে শ্যাম্পু দিলেও পুরোপুরি পরিষ্কার হইতে চায় না।,Routine,Schedule a regular medical consultation
পায়ের পাতার নিচে ছোট একটা শক্ত দানার মতো হইছে হাঁটলে মাঝে মাঝে একটু অস্বস্তি লাগে।,Routine,Schedule a regular medical consultation
ঠোঁটের কোণ মাঝে মাঝে শুকায়া ফেটে যায় হাসলে একটু টান লাগে কিন্তু রক্ত বের হয় না একদম।,Routine,Schedule a regular medical consultation
শরীরের চামড়া অনেক বেশি খসখসে হয়া যাইতেছে কোনো তেল বা লোশনে বিশেষ কাজ হচ্ছে না।,Routine,Schedule a regular medical consultation
চোখের নিচে হালকা ফোলা ভাব আর কালচে দাগ দেখা যাইতেছে অনেক দিন ধইরা নড়াচড়া করে না।,Routine,Schedule a regular medical consultation
পায়ের গোড়ালির চামড়া অনেক মোটা হয়া শক্ত হয়া গেছে ফাটল নাই কিন্তু ঘষলে গুড়া উঠে।,Routine,Schedule a regular medical consultation
জিহ্বার ওপর সাদা একটা আস্তরণ জইমা আছে যা ব্রাশ করলেও পুরোপুরি পরিষ্কার হয় না একদম।,Routine,Schedule a regular medical consultation
পায়ের আঙুলের ফাঁকে মাঝে মাঝে একটু সাদা সাদা মরা চামড়া জমে চুলকানি নাই অস্বস্তি লাগে।,Routine,Schedule a regular medical consultation
চোখের চারপাশ মাঝে মাঝে একটু ভার ভার লাগে কিন্তু দৃষ্টিতে কোনো সমস্যা নাই একদম ঠিক।,Routine,Schedule a regular medical consultation
পায়ের নখ অনেক বেশি শক্ত হয়া গেছে কাটার সময় খুব কষ্ট হয় আর হলুদ দেখা যায় নখটা।,Routine,Schedule a regular medical consultation
মাথার ত্বকে মাঝে মাঝে একটু ফুসকুড়ির মতো হয় যা চুলকালে মরা চামড়া উইঠা আসে ব্যথা নাই।,Routine,Schedule a regular medical consultation
শরীরের ওজন গত কয়েক মাস ধরে ধীরে ধীরে একটু বাড়তেছে কোনো বিশেষ কারণ ছাড়াই একদম।,Routine,Schedule a regular medical consultation
হাতের তালু মাঝে মাঝে খুব বেশি ঘামে বিশেষ কইরা টেনশন করলে বা রোদে গেলে ঘাম হয়।,Routine,Schedule a regular medical consultation
শরীরের চামড়ায় মাঝে মাঝে আঁচড়ের মতো সাদা দাগ দেখা যায় যা হাত দিলে বোঝা যায় খসখসে।,Routine,Schedule a regular medical consultation
সুস্থ থাকার জন্য একজন প্রাপ্তবয়স্ক মানুষের দিনে কয় লিটার পানি খাওয়া উচিত জানাবেন?,General Query,"No immediate action required, informational response sufficient"
বাচ্চাদের কৃমির ওষুধ কয় মাস পর পর খাওয়ানো নিয়ম আর এটি খালি পেটে খাওয়া ভালো?,General Query,"No immediate action required, informational response sufficient"
রোদে গেলে সানস্ক্রিন মাখা কি খুব জরুরি নাকি ছাতা ব্যবহার করলেই ত্বক ভালো থাকে?,General Query,"No immediate action required, informational response sufficient"
হাড় মজবুত করতে কোন কোন খাবারে ক্যালসিয়াম বেশি পাওয়া যায় একটু লিস্ট দিবেন?,General Query,"No immediate action required, informational response sufficient"
বাড়িতে কি নিয়মিত প্রেশার মাপার মেশিন রাখা ভালো নাকি মাসে একবার মাপলেই হয়?,General Query,"No immediate action required, informational response sufficient"
গর্ভবতী অবস্থায় কোন কোন ফল খাওয়া নিষেধ আর কোনগুলা বেশি খাইলে বাচ্চার ভালো?,General Query,"No immediate action required, informational response sufficient"
ব্যায়াম করার সঠিক সময় কখন সকালে না বিকেলে বেশি উপকার পাওয়া যায় শরীরের জন্য?,General Query,"No immediate action required, informational response sufficient"
চুল পড়া কমানোর জন্য কোন ভিটামিন সবচেয়ে বেশি দরকার জানাবেন কি দয়া করে?,General Query,"No immediate action required, informational response sufficient"
ওজন কমানোর জন্য কি কার্বোহাইড্রেট একবারে বন্ধ করা উচিত নাকি পরিমাণ কমাইলেই হয়?,General Query,"No immediate action required, informational response sufficient"
শীতকালে ঠোঁট ফাটা রোধ করতে ভ্যাসলিন ছাড়া আর কী কী ঘরোয়া পদ্ধতি ব্যবহার করা যায়?,General Query,"No immediate action required, informational response sufficient"
রাতে কয় ঘণ্টা ঘুমালে শরীর ফ্রেশ থাকে আর মগজ ভালো কাজ করে সারাদিন জানাবেন?,General Query,"No immediate action required, informational response sufficient"
আয়োডিনযুক্ত লবণ খাওয়ার উপকারিতা কী আর এটি কি রান্নার পরে দেওয়া ভালো জানাবেন?,General Query,"No immediate action required, informational response sufficient"
অফিসে একটানা বসে কাজ করলে কোমর ব্যথার ঝুঁকি কমানোর উপায় গুলা কী কী জানাবেন?,General Query,"No immediate action required, informational response sufficient"
বাচ্চাদের ব্রেইন ডেভেলপমেন্টের জন্য কোন ধরনের খেলনা বা খাবার বেশি দরকারি?,General Query,"No immediate action required, informational response sufficient"
মেদ কমানোর জন্য গরম পানির সাথে লেবু আর মধু খাওয়া কি আসলেই কাজ করে কি না?,General Query,"No immediate action required, informational response sufficient"
চোখের জ্যোতি ভালো রাখতে প্রতিদিন কোন সবজি বা শাক খাওয়া সবচেয়ে বেশি উচিত?,General Query,"No immediate action required, informational response sufficient"
শরীরে হিমোগ্লোবিন বাড়ানোর জন্য সবচেয়ে কার্যকরী ঘরোয়া খাবার কোনগুলা জানাবেন?,General Query,"No immediate action required, informational response sufficient"
মুখের ব্রণের কালো দাগ দূর করতে প্রাকৃতিক কোনো প্যাক বা উপায় আছে কি না?,General Query,"No immediate action required, informational response sufficient"
রান্নায় কোন তেল ব্যবহার করা হার্টের জন্য সবচেয়ে বেশি নিরাপদ আর স্বাস্থ্যকর?,General Query,"No immediate action required, informational response sufficient"
রক্তদান করলে কি শরীরের কোনো ক্ষতি হয় নাকি নতুন রক্ত তৈরি হয়ে ভালো হয়?,General Query,"No immediate action required, informational response sufficient"
চুল ঘন করার জন্য মাথায় তেল ম্যাসাজ করা কি নিয়মিত জরুরি নাকি দরকার নাই?,General Query,"No immediate action required, informational response sufficient"
পায়ের গোড়ালি ফাটা রোধ করতে বাড়িতে কোন ধরনের ক্রিম বা যত্ন নেওয়া যায়?,General Query,"No immediate action required, informational response sufficient"
বাচ্চাদের ভিটামিন এ ক্যাপসুল কত মাস অন্তর অন্তর খাওয়ানো নিয়ম একটু জানাবেন?,General Query,"No immediate action required, informational response sufficient"
গরমকালে হিটস্ট্রোক থেইকা বাঁচতে বাইরের রোদে যাওয়ার আগে কী সতর্কতা দরকার?,General Query,"No immediate action required, informational response sufficient"
শরীরে ক্যালসিয়ামের ঘাটতি আছে কি না তা কোন টেস্টের মাধ্যমে বোঝা যায় জানাবেন?,General Query,"No immediate action required, informational response sufficient"
রোদে পোড়া দাগ দূর করতে অ্যালোভেরা জেল কি সরাসরি মুখে লাগানো নিরাপদ হবে?,General Query,"No immediate action required, informational response sufficient"
উচ্চতা অনুযায়ী আইডিয়াল ওজন বা বিএমআই ক্যালকুলেট করার নিয়মটা একটু বলবেন?,General Query,"No immediate action required, informational response sufficient"
রাতে শোয়ার আগে দুধ খাওয়া কি স্বাস্থ্যের জন্য ভালো নাকি সকালে খাওয়া উচিত?,General Query,"No immediate action required, informational response sufficient"
বাচ্চাদের গরুর দুধ কত বছর বয়স থেইকা দেওয়া শুরু করা একবারে নিরাপদ জানাবেন?,General Query,"No immediate action required, informational response sufficient"
প্রস্রাবের রং হলুদ হওয়া কি সব সময় ডিহাইড্রেশনের লক্ষণ নাকি অন্য কিছু জানাবেন?,General Query,"No immediate action required, informational response sufficient"
ত্বকের উজ্জ্বলতা বাড়ানোর জন্য প্রতিদিন কতটুকু পরিমাণ সবজি খাওয়া দরকার জানাবেন?,General Query,"No immediate action required, informational response sufficient"
লিভার পরিষ্কার রাখতে কোন কোন খাবার ডায়েট থেইকা একবারে বাদ দেওয়া উচিত জানাবেন?,General Query,"No immediate action required, informational response sufficient"
অ্যানিমিয়া বা রক্তশূন্যতা দূর করতে কচু শাক খাওয়া কি সত্যিই কাজ করে কি না?,General Query,"No immediate action required, informational response sufficient"
খাবারে বাড়তি লবণ খাওয়ার অভ্যাস কি রক্তচাপ বাড়িয়ে দেয় খুব দ্রুত জানাবেন?,General Query,"No immediate action required, informational response sufficient"
চোখের নিচের কালো দাগ বা ডার্ক সার্কেল দূর করার ঘরোয়া সমাধান কী আছে জানাবেন?,General Query,"No immediate action required, informational response sufficient"
বাচ্চাদের গুঁড়া দুধ খাওয়ানোর সময় পানির অনুপাত ঠিক কেমন হওয়া উচিত জানাবেন?,General Query,"No immediate action required, informational response sufficient"
শরীরে আয়রনের শোষণের জন্য লেবু বা টক জাতীয় খাবার কি খাওয়া খুবই জরুরি?,General Query,"No immediate action required, informational response sufficient"
চুল পাকা রোধ করতে ন্যাচারাল কোনো ডাই বা ভেষজ পদ্ধতি কি ব্যবহার করা যায়?,General Query,"No immediate action required, informational response sufficient"
বাচ্চাদের সর্দি কাশির সময় মধু আর তুলসী পাতা খাওয়ানো কি নিরাপদ হবে কি না?,General Query,"No immediate action required, informational response sufficient"
দাঁতের সেনসিটিভিটি বা শিরশিরানি কমানোর ঘরোয়া সহজ উপায়গুলা কী কী জানাবেন?,General Query,"No immediate action required, informational response sufficient"
বাচ্চাদের স্মৃতিশক্তি বাড়ানোর জন্য যোগব্যায়াম কি কোনো কাজে আসে জানাবেন কি?,General Query,"No immediate action required, informational response sufficient"
খাওয়ার পর দাঁত ব্রাশ করা কেন জরুরি আর দিনে ঠিক কতবার করা ভালো জানাবেন?,General Query,"No immediate action required, informational response sufficient"
মুখের চামড়া ইদানীং খুব পাতলা হয়া গেছে আর রোদে গেলেই গাল দুইটা লাল হয়া থাকে।,Routine,Schedule a regular medical consultation
পায়ের কনিষ্ঠ আঙুলের নখটা দিন দিন মোটা আর বাঁকা হয়া যাইতেছে কাটতে খুব অসুবিধা হয়।,Routine,Schedule a regular medical consultation
মাথার সামনের দিকের চুল খুব বেশি পাতলা হয়া স্ক্যাল্প দেখা যাইতেছে অনেক দিন ধইরা।,Routine,Schedule a regular medical consultation
হাতের কবজিতে ছোট একটা হাড়ের মতো শক্ত ঢিবি হইছে যা নাড়াচড়া করলে মাঝে মাঝে টের পাওয়া যায়।,Routine,Schedule a regular medical consultation
জিহ্বার নিচে ছোট একটা মাংসপিণ্ড দেখা যাইতেছে যা কোনো ব্যথা করে না কিন্তু সইরা যায় না।,Routine,Schedule a regular medical consultation
পায়ের তালুর চামড়া উইঠা একদম লাল হয়া আছে কিন্তু কোনো চুলকানি বা জ্বালাপোড়া নাই।,Routine,Schedule a regular medical consultation
নখের চারপাশের চামড়া কুঁচকায়া কালচে হয়া গেছে অনেক দিন ধইরা কোনো ক্রিমেই ঠিক হয় না।,Routine,Schedule a regular medical consultation
মাঝে মাঝে দীর্ঘক্ষণ টাইপ করলে হাতের আঙুলের ডগা অবশ লাগে কিন্তু ঝাড়া দিলে ঠিক হয়।,Routine,Schedule a regular medical consultation
দাঁতের গোড়া একটু নিচের দিকে নাইমা গেছে যার কারণে দাঁত লম্বা দেখা যায় কিন্তু নড়ে না।,Routine,Schedule a regular medical consultation
হাতের কনুই আর হাঁটু অনেক বেশি কালো হয়া গেছে চামড়া ঘষলে মরা চামড়া উঠে প্রচুর।,Routine,Schedule a regular medical consultation
মাথার ত্বকে মাঝে মাঝে ছোট দানার মতো হয় যা চিরুনি দিয়ে আঁচড়ালে খইসা পড়ে যায়।,Routine,Schedule a regular medical consultation
পায়ের আঙুলের ফাঁকে কাদা লেগে চামড়া একটু সাদাটে হয়া আছে কিন্তু কোনো চুলকানি নাই।,Routine,Schedule a regular medical consultation
শরীরের বিভিন্ন জায়গায় ছোট ছোট লাল তিল দেখা যাইতেছে যা টিপলে কোনো ব্যথা লাগে না।,Routine,Schedule a regular medical consultation
নখের ওপরের অংশ অনেক বেশি অমসৃণ আর খসখসে হয়া আছে মাস ছয়েক ধইরা।,Routine,Schedule a regular medical consultation
হাতের পিঠে রগগুলা ইদানীং অনেক বেশি স্পষ্ট হয়া দেখা যাচ্ছে যা আগে তেমন ছিল না।,Routine,Schedule a regular medical consultation
চোখের পাতা ইদানীং খুব ঘন ঘন লাফাচ্ছে যা কাজ করার সময় একটু বিরক্তি তৈরি করে।,Routine,Schedule a regular medical consultation
পায়ের পাতা খুব বেশি ঘামে যার কারণে মোজা পরলে পা ভিজে দুর্গন্ধ হয়ে যায় সারাক্ষণ।,Routine,Schedule a regular medical consultation
মুখের ভেতর গালের পাশে কালো একটা ছোট তিল বা দাগ দেখা যাইতেছে যা অনেক দিন ধইরা আছে।,Routine,Schedule a regular medical consultation
শরীরের ওজন বাড়ার সাথে সাথে গলায় অনেকগুলা ছোট ছোট আঁচিল বা গুটলি উইঠা ভইরা গেছে।,Routine,Schedule a regular medical consultation
হাতের আঙুলের চামড়া মাঝেমধ্যে খুব খসখসে হয়া যায় যার কারণে কলম ধরতে অসুবিধা হয়।,Routine,Schedule a regular medical consultation
পায়ের গোড়ালির নিচে ছোট একটা গর্তের মতো দেখা যাইতেছে যা অনেক দিন ধইরা একই রকম।,Routine,Schedule a regular medical consultation
নখ কাটার সময় নখগুলা মাঝখান থেইকা ডেবে যাইতেছে যা দেখতে একটু অস্বাভাবিক লাগে।,Routine,Schedule a regular medical consultation
শরীরের চামড়া মাঝেমধ্যে খুব টানটান লাগে বিশেষ কইরা শীতকাল ছাড়া অন্য সময়ও।,Routine,Schedule a regular medical consultation
দাঁতের ভেতর পাশে কালো পাথর জইমা গেছে ব্রাশ করলে কোনোভাবেই পরিষ্কার হইতে চায় না।,Routine,Schedule a regular medical consultation
হাতের নখ অনেক বেশি স্বচ্ছ হয়া গেছে আর নিচের রক্তাভ ভাবটা একবারে কম দেখা যায়।,Routine,Schedule a regular medical consultation
মাঝে মাঝে ঘুম থেকে উঠলে হাতের আঙুলগুলা একটু শক্ত লাগে কিন্তু কিছুক্ষণ পর নড়াচড়া করলে ঠিক।,Routine,Schedule a regular medical consultation
চোখের নিচে ছোট সাদা দানার মতো হইছে যা টিপলে শক্ত লাগে কিন্তু কোনো পুঁজ বের হয় না।,Routine,Schedule a regular medical consultation
পায়ের নখের কোণ দিয়ে চামড়া বারবার উইঠা যায় যার কারণে মোজা পরলে একটু টান লাগে।,Routine,Schedule a regular medical consultation
শরীরের বিভিন্ন ভাঁজে চামড়া একটু বেশিই ঘামে আর সেখান থেইকা হালকা দুর্গন্ধ ছড়ায়।,Routine,Schedule a regular medical consultation
মাথার পেছনের দিকে ছোট একটা ফোলা ভাব আছে যা টিপলে ব্যথা করে না অনেক বছর ধইরা।,Routine,Schedule a regular medical consultation
হাতের তালু মাঝেমধ্যে একটু বেশিই হলদেটে দেখা যায় কিন্তু প্রস্রাব বা চোখের রং ঠিক আছে।,Routine,Schedule a regular medical consultation
নখের ওপর খুব ছোট ছোট গর্ত দেখা যাইতেছে যা দূর থেইকা বোঝা যায় না কাছে নিলে বোঝা যায়।,Routine,Schedule a regular medical consultation
দাঁতের মাড়ির রং মাঝেমধ্যে একটু বেশি লালচে দেখা যায় বিশেষ কইরা সকালে ঘুম থেইকা উঠলে।,Routine,Schedule a regular medical consultation
মাথার সামনের দিকের চুল খুব বেশি তৈলাক্ত হয়া থাকে শ্যাম্পু করার একদিন পরেই জট লেগে যায়।,Routine,Schedule a regular medical consultation
হাতের আঙুলের গিঁটগুলা ইদানীং একটু মোটা দেখা যাইতেছে কিন্তু কোনো হাড়ের ব্যথা নাই।,Routine,Schedule a regular medical consultation
নখের চারপাশের নখকুনি মাঝে মাঝে লাল হয়া থাকে কিন্তু কোনো রক্ত বা পুঁজ বের হয় না।,Routine,Schedule a regular medical consultation
শরীরের চামড়ায় মাঝেমধ্যে একটু চুলকানি হয় বিশেষ কইরা সিন্থেটিক কাপড় পরলে বেশি হয়।,Routine,Schedule a regular medical consultation
চোখের ওপরের পাতায় ছোট একটা দানার মতো হইছে যা দেখতে মেচতার মতো লাগে কিন্তু স্থির।,Routine,Schedule a regular medical consultation
পায়ের নখ কাটার সময় খুব সহজে ভাইঙা গুড়া হয়া যায় যা আগে অনেক বেশি শক্ত ছিল।,Routine,Schedule a regular medical consultation
মাঝে মাঝে খাবার খাওয়ার পর পেটে একটু ভুটভাট শব্দ হয় কিন্তু কোনো ব্যথা বা অস্বস্তি নাই।,Routine,Schedule a regular medical consultation
হাতের তালুর চামড়া পাতলা হয়া রগগুলা দেখা যাইতেছে যা দেখতে একটু অস্বস্তিকর লাগে।,Routine,Schedule a regular medical consultation
শরীরের বিভিন্ন জায়গায় মাঝেমধ্যে একটু বেশিই আঁচিল দেখা যাইতেছে যা ধীরে ধীরে বাড়তেছে।,Routine,Schedule a regular medical consultation
"আজ সকালে উঠে দেখি মাথায় হালকা চাপ লাগে, কিন্তু কাজ করতে পারছি",Routine,Schedule a regular medical consultation
"কয়েকদিন ধরে কপাল আর মাথার তালু একটু শুষ্ক লাগছে, শ্যাম্পু বদলানোর পর থেকে শুরু হয়েছে",Routine,Schedule a regular medical consultation
"স্ক্যাল্পে চুলকানি হয় মাঝে মাঝে, রাতে বেশি লাগে কিন্তু এখনো ঘা হয়নি",Routine,Schedule a regular medical consultation
"গালে ছোট একটা দাগ আছে অনেকদিন, আগে পিম্পল ছিল এখন শুধু দাগ হয়ে আছে",Routine,Schedule a regular medical consultation
"চোয়াল নড়ালে মাঝে মাঝে কটকট শব্দ হয়, কিন্তু ব্যথা নেই",Routine,Schedule a regular medical consultation
"থুতনির নিচে ছোট গুটি আছে, অনেকদিন ধরে একই আছে, ব্যথা করে না",Routine,Schedule a regular medical consultation
"রোদে বের হলে কপাল আর গাল শুকিয়ে যায়, পানি দিলেও খুব একটা কমে না",Routine,Schedule a regular medical consultation
"মুখে ছোট ছোট ব্রণ ওঠে, স্ট্রেস থাকলে বেশি হয়",Routine,Schedule a regular medical consultation
"গত তিন দিন ধরে মাথার একপাশে ব্যথা হচ্ছে, কাজ করলে আরও বাড়ে, চোখেও চাপ লাগে",Urgent,Seek medical care within 24–48 hours
"কপালে হঠাৎ বড় ফোলা হয়েছে, ছুঁলেই ব্যথা লাগে আর লাল হয়ে আছে",Urgent,Seek medical care within 24–48 hours
"স্ক্যাল্পে চুলকাতে চুলকাতে এখন ঘা হয়ে গেছে, কিছু জায়গা থেকে পানি বের হচ্ছে",Urgent,Seek medical care within 24–48 hours
"মুখের একপাশে ব্যথা আর ফুলে গেছে, খেতে গেলে আরও কষ্ট হয়",Urgent,Seek medical care within 24–48 hours
"গালের ভেতরে ঘা হয়ে গেছে, দুই দিন ধরে কিছু খেতে পারছি না ঠিকমতো",Urgent,Seek medical care within 24–48 hours
চোয়াল খুলতে গেলে ব্যথা লাগে আর মাঝে মাঝে আটকে যায়,Urgent,Seek medical care within 24–48 hours
"থুতনির নিচে ব্যথাযুক্ত ফোলা হয়েছে, মাথা নাড়ালেও টান লাগে",Urgent,Seek medical care within 24–48 hours
গতকাল থেকে মাথায় আঘাতের পর মাথা ঘুরছে আর বমি বমি লাগছে,Urgent,Seek medical care within 24–48 hours
"মুখে ইনফেকশনের মতো পুঁজ বের হচ্ছে, জায়গাটা গরম আর ফুলে আছে",Urgent,Seek medical care within 24–48 hours
"কপালে ফোড়া হয়ে গেছে, ব্যথায় রাতে ঘুমাতে পারি নাই",Urgent,Seek medical care within 24–48 hours
"আজ সকালে হঠাৎ করে আব্বার মুখের একপাশ একটু বেঁকে গেছে, কথা বলতেও জড়তা হচ্ছে",Emergency,Immediately go to emergency department or call ambulance
মাথায় শক্ত কিছু দিয়ে আঘাত লাগার পর লোকটা অচেতন হয়ে গেছে আর রক্ত বের হচ্ছে,Emergency,Immediately go to emergency department or call ambulance
"মুখের একপাশ হঠাৎ অবশ হয়ে গেছে, হাসতে গেলেও একপাশ নড়ছে না",Emergency,Immediately go to emergency department or call ambulance
"কেমিক্যাল মুখে পড়ে চামড়া পুড়ে গেছে, তীব্র জ্বালা করছে আর সহ্য হচ্ছে না",Emergency,Immediately go to emergency department or call ambulance
গলায় আর চোয়ালে গুরুতর আঘাত লেগে প্রচুর রক্ত পড়ছে,Emergency,Immediately go to emergency department or call ambulance
মাথায় আঘাতের পর বারবার বমি করছে আর চোখ খুলতে পারছে না,Emergency,Immediately go to emergency department or call ambulance
"মুখে আগুনে পুড়ে গেছে, চামড়া উঠে যাচ্ছে আর ব্যক্তি শক অবস্থায় আছে",Emergency,Immediately go to emergency department or call ambulance
হঠাৎ করে কথা জড়িয়ে যাচ্ছে আর মুখের একপাশ ঝুলে পড়ছে,Emergency,Immediately go to emergency department or call ambulance
মাথা ব্যথা হলে কি বেশি পানি খাওয়া উচিত নাকি বিশ্রাম দরকার?,General Query,"No immediate action required, informational response sufficient"
কোন ফেসওয়াশ মুখের জন্য ভালো হবে আর কতবার ব্যবহার করা উচিত?,General Query,"No immediate action required, informational response sufficient"
চুল পড়া কমানোর জন্য কী ধরনের খাবার খাওয়া ভালো?,General Query,"No immediate action required, informational response sufficient"
"মুখে ব্রণ কেন হয় বারবার, এটা কমানোর উপায় কী?",General Query,"No immediate action required, informational response sufficient"
রোদে গেলে মুখ কালো হয়ে যায় কেন এবং কীভাবে আটকানো যায়?,General Query,"No immediate action required, informational response sufficient"
সানস্ক্রিন কত SPF হলে ভালো হয় দৈনন্দিন ব্যবহারের জন্য?,General Query,"No immediate action required, informational response sufficient"
গাল ফর্সা করার কোনো নিরাপদ উপায় আছে কি?,General Query,"No immediate action required, informational response sufficient"
"চোয়ালে কটকট শব্দ কেন হয়, এটা কি স্বাভাবিক?",General Query,"No immediate action required, informational response sufficient"
থুতনিতে ব্রণ বেশি হয় কেন?,General Query,"No immediate action required, informational response sufficient"
স্ক্যাল্পে খুশকি কমানোর সবচেয়ে ভালো পদ্ধতি কী?,General Query,"No immediate action required, informational response sufficient"
"স্ক্যাল্পে শুষ্কতা আছে, মাঝে মাঝে চুলকায় কিন্তু খুব বেশি না",Routine,Schedule a regular medical consultation
"মুখে হালকা অ্যালার্জি হয়েছে, নতুন ক্রিম ব্যবহার করার পর থেকে",Routine,Schedule a regular medical consultation
"গালে ছোট পিম্পল দাগ আছে, নতুন কিছু হচ্ছে না",Routine,Schedule a regular medical consultation
চোয়ালে মাঝে মাঝে হালকা ব্যথা লাগে কিন্তু খাওয়া বন্ধ হয়নি,Routine,Schedule a regular medical consultation
মাথার পাশে চাপ অনুভব হয় বিশেষ করে রাতে,Routine,Schedule a regular medical consultation
মুখ ধোয়ার পর টান টান লাগে ত্বক,Routine,Schedule a regular medical consultation
কানে ময়লা পরিষ্কার করার নিরাপদ পদ্ধতি এবং কটন বাড ব্যবহারের ঝুঁকি সম্পর্কে জানতে চাই।,General Query,"No immediate action required, informational response sufficient"
"বাচ্চার কানে ছোট একটা পুঁতি ঢুকে গেছে, এখন কান দিয়ে রক্ত বের হচ্ছে আর ও খুব চিল্লাইতেছে।",Emergency,Immediately go to emergency department or call ambulance
"তিনদিন ধইরা গলার ভেতর খুসখুস করে আর হালকা কাশি হয়, কিন্তু জ্বর নাই।",Routine,Schedule a regular medical consultation
"নাক দিয়ে হঠাৎ কইরা ফিনকি দিয়া রক্ত ছুটছে, কোনোভাবেই রক্ত পড়া থামানো যাইতেছে না।",Emergency,Immediately go to emergency department or call ambulance
"গলার ভেতর প্রচণ্ড ব্যথা আর ফুলে গেছে, পানি পর্যন্ত গিলতে পারতাছি না আর অনেক জ্বর।",Urgent,Seek medical care within 24–48 hours
সাইনাসের সাধারণ সমস্যা এবং এর থেকে মুক্তি পাওয়ার উপায়গুলো সম্পর্কে জানা দরকার।,General Query,"No immediate action required, informational response sufficient"
হঠাৎ কইরা নাক আর মুখ দিয়া প্রচুর ফেনা বের হইতাছে আর লোকটা খিঁচুনি দিয়া অজ্ঞান হয়া গেছে।,Emergency,Immediately go to emergency department or call ambulance
কানের লতি ফুঁড়ানোর পর জায়গাটা লাল হয়া ফুইলা গেছে আর ওখান থেইকা পুঁজ বের হইতাছে।,Urgent,Seek medical care within 24–48 hours
"নাক দিয়া সবসময় পানি ঝরে আর খুব হাঁচি হয়, এলার্জি কমানোর সাধারণ পরামর্শ চাই।",General Query,"No immediate action required, informational response sufficient"
কানের পর্দা ফেটে যাওয়ার লক্ষণ এবং প্রতিরোধের উপায় সম্পর্কে সচেতনতামূলক তথ্য দরকার।,General Query,"No immediate action required, informational response sufficient"
হঠাৎ কইরা মাথা ঘুরায় পইড়া গেছি আর এখন কান দিয়া স্বচ্ছ পানির মতো কী জানি বের হইতাছে।,Emergency,Immediately go to emergency department or call ambulance
"নাকের ভেতর ছোট ফুসকুড়ি হইছে, হাত লাগলে খুব টনটন করে আর নাকটা লাল হয়া আছে।",Urgent,Seek medical care within 24–48 hours
টনসিল অপারেশনের সুবিধা-অসুবিধা এবং পরবর্তী সতর্কতা সংক্রান্ত গাইডলাইন প্রয়োজন।,General Query,"No immediate action required, informational response sufficient"
"কানের ভেতর পোকা ঢুকছে মনে হয়, খুব শব্দ হইতাছে আর কামড়ানি দিয়া কান ঝা ঝা করতাছে।",Urgent,Seek medical care within 24–48 hours
গলার স্বর একদম বইসা গেছে আর কথা বলতে গেলে কোনো শব্দই বের হইতাছে না।,Urgent,Seek medical care within 24–48 hours
নাক ডাকার সমস্যা কেন হয় এবং এটা কমানোর উপায়গুলো সম্পর্কে সাধারণ তথ্য জানতে চাই। search,General Query,"No immediate action required, informational response sufficient"
"মুখের একপাশ অবশ হয়া গেছে আর কান দিয়া শোঁ শোঁ শব্দ হইতাছে, মুখ বাঁকা হয়া যাইতেছে।",Emergency,Immediately go to emergency department or call ambulance
"কানের পেছনে একটা ছোট ফোড়া হইছে, টিপ দিলে ব্যথা লাগে কিন্তু পুঁজ বের হয় নাই।",Routine,Schedule a regular medical consultation
কানের খইল পরিষ্কার করার জন্য ড্রপ ব্যবহারের সাধারণ নিয়মাবলী জানা দরকার।,General Query,"No immediate action required, informational response sufficient"
"নাক দিয়া খুব বাজে গন্ধ আসে আর সবসময় সর্দি সর্দি লাগে, কপালও ভারী হয়া থাকে।",Urgent,Seek medical care within 24–48 hours
"গলায় কী জানি একটা আটকা আছে মনে হয় সবসময়, কিন্তু খাইতে বা গিলতে কোনো সমস্যা হয় না।",Routine,Schedule a regular medical consultation
"হঠাৎ কইরা জিহ্বা আর গলা ফুইলা ঢোল হয়া গেছে, লোকটা শ্বাস নিতে পারতাছে না।",Emergency,Immediately go to emergency department or call ambulance
কান চুলকানোর পর থেইকা কানটা বন্ধ হয়া আছে আর হালকা ব্যথা করতাছে।,Routine,Schedule a regular medical consultation
শিশুদের কানের ইনফেকশন চেনার উপায় এবং প্রাথমিক যত্ন সম্পর্কে তথ্য প্রয়োজন।,General Query,"No immediate action required, informational response sufficient"
নাকের ওপরের চামড়া শুষ্ক হয়া উইঠা যাইতেছে আর রোদে গেলে খুব লাল হয়া যায়।,Routine,Schedule a regular medical consultation
গলার ভেতরে মাংস বেড়ে যাওয়ার কারণ এবং এর দীর্ঘমেয়াদী প্রভাব সম্পর্কে জানতে আগ্রহী।,General Query,"No immediate action required, informational response sufficient"
মাথায় আঘাত পাওয়ার পর থেইকা নাক দিয়া রক্ত আর পানি মিশানো কী জানি বের হইতাছে।,Emergency,Immediately go to emergency department or call ambulance
কান দিয়া মাঝেমধ্যে পাতলা পুঁজ বের হয় কিন্তু কোনো ব্যথা বা চুলকানি নাই।,Routine,Schedule a regular medical consultation
গলার ভেতর বিচির মতো কী জানি হইছে যেটা হাত দিয়া ধরা যায় না কিন্তু অনুভব করা যায়।,Routine,Schedule a regular medical consultation
কানের শোনার ক্ষমতা বাড়ানোর জন্য কি কোনো বিশেষ ব্যায়াম বা খাদ্যতালিকা আছে?,General Query,"No immediate action required, informational response sufficient"
হঠাৎ কইরা নাক আর কান দিয়া রক্ত আসতেছে আর প্রচণ্ড মাথা ব্যথায় মানুষটা চিৎকার করতাছে।,Emergency,Immediately go to emergency department or call ambulance
নাকের এলার্জি প্রতিরোধের জন্য মাস্ক ব্যবহারের গুরুত্ব এবং সঠিক নিয়ম জানতে চাই।,General Query,"No immediate action required, informational response sufficient"
কানের ভেতর খুব খচখচ করে আর মনে হয় কিছু একটা নড়াচড়া করতাছে সারাক্ষণ।,Urgent,Seek medical care within 24–48 hours
গলার বাইরে থেকে একটা শক্ত মাংসপিণ্ড দেখা যায় যেটা সময়ের সাথে সাথে বাড়ছে।,Routine,Schedule a regular medical consultation
"সিঁড়ি উঠলে বুক একটু চাপ লাগে, বিশ্রাম নিলে ঠিক হয়ে যায়",Routine,Schedule a regular medical consultation
"বুকে হালকা জ্বালাপোড়া লাগে, বিশেষ করে খাওয়ার পর",Routine,Schedule a regular medical consultation
কিছুদিন ধরে বুক ভার ভার লাগে কিন্তু কাজ চালাতে পারছি,Routine,Schedule a regular medical consultation
শীতের সময় হালকা কাশি হয় আর বুক একটু খুসখুস করে,Routine,Schedule a regular medical consultation
দৌড়ালে বুক একটু দ্রুত ধড়ফড় করে কিন্তু থেমে গেলে ঠিক হয়,Routine,Schedule a regular medical consultation
গ্যাস হলে বুকের মধ্যে অস্বস্তি লাগে আর ঢেঁকুর আসে,Routine,Schedule a regular medical consultation
স্ট্রেস থাকলে বুকটা টাইট টাইট লাগে,Routine,Schedule a regular medical consultation
হালকা সর্দির সাথে বুক একটু খুসখুস করছে,Routine,Schedule a regular medical consultation
ঘুম কম হলে বুক ভারী লাগে সকালে,Routine,Schedule a regular medical consultation
"গত দুই দিন ধরে বুকের মাঝখানে ব্যথা হচ্ছে, চাপ দিলে আরও বাড়ে",Urgent,Seek medical care within 24–48 hours
শ্বাস নিতে কষ্ট হচ্ছে আর বুক টাইট হয়ে আসছে,Urgent,Seek medical care within 24–48 hours
বুকে হঠাৎ জ্বালাপোড়া শুরু হয়েছে আর ঘাম হচ্ছে,Urgent,Seek medical care within 24–48 hours
বুকের এক পাশে ব্যথা হচ্ছে আর গভীর শ্বাস নিতে কষ্ট হচ্ছে,Urgent,Seek medical care within 24–48 hours
বুকে চাপ লাগে আর সাথে মাথা ঘুরছে,Urgent,Seek medical care within 24–48 hours
সর্দির পর বুক কফে ভরে গেছে আর শ্বাস নিতে কষ্ট হচ্ছে,Urgent,Seek medical care within 24–48 hours
বুকে ব্যথা করে আর ব্যথা কাঁধের দিকে যাচ্ছে,Urgent,Seek medical care within 24–48 hours
কাশির সাথে হালকা রক্ত আসছে আর বুক ব্যথা করছে,Urgent,Seek medical care within 24–48 hours
হঠাৎ করে বুকের মাঝখানে তীব্র ব্যথা শুরু হয়েছে আর ঘাম ঝরছে,Emergency,Immediately go to emergency department or call ambulance
"শ্বাস একদম নিতে পারছি না, বুক টাইট হয়ে গেছে",Emergency,Immediately go to emergency department or call ambulance
বুকে প্রচণ্ড চাপ লাগছে আর ব্যথা বাম হাতে ছড়িয়ে যাচ্ছে,Emergency,Immediately go to emergency department or call ambulance
অজ্ঞান হয়ে যাওয়ার মতো লাগছে আর বুক ধড়ফড় করছে খুব দ্রুত,Emergency,Immediately go to emergency department or call ambulance
বুকে আঘাত লেগে শ্বাস বন্ধ হওয়ার মতো অবস্থা,Emergency,Immediately go to emergency department or call ambulance
হঠাৎ করে শ্বাস নিতে পারছি না আর ঠোঁট নীল হয়ে যাচ্ছে,Emergency,Immediately go to emergency department or call ambulance
বুকে তীব্র ব্যথার সাথে বমি হচ্ছে আর শরীর ঠান্ডা হয়ে যাচ্ছে,Emergency,Immediately go to emergency department or call ambulance
চোখ অন্ধকার হয়ে আসছে আর বুক খুব চাপ দিচ্ছে,Emergency,Immediately go to emergency department or call ambulance
বুকে কিছু আটকে গেছে মনে হচ্ছে আর শ্বাস নিতে পারছি না,Emergency,Immediately go to emergency department or call ambulance
দম বন্ধ হয়ে আসছে আর কথা বলতে পারছি না,Emergency,Immediately go to emergency department or call ambulance
বুক ব্যথা হলে কি সবসময় হার্টের সমস্যা হয়?,General Query,"No immediate action required, informational response sufficient"
গ্যাসের কারণে বুক ব্যথা হয় কি?,General Query,"No immediate action required, informational response sufficient"
শ্বাসকষ্ট কমানোর উপায় কী?,General Query,"No immediate action required, informational response sufficient"
কোন ব্যায়াম করলে বুক ভালো থাকে?,General Query,"No immediate action required, informational response sufficient"
বুক ধড়ফড় করলে কখন চিন্তা করা উচিত?,General Query,"No immediate action required, informational response sufficient"
কাশি কতদিন থাকলে ডাক্তার দেখানো উচিত?,General Query,"No immediate action required, informational response sufficient"
বুকের জ্বালাপোড়া কেন হয়?,General Query,"No immediate action required, informational response sufficient"
অ্যাসিডিটির কারণে বুক ভারী লাগে কেন?,General Query,"No immediate action required, informational response sufficient"
শ্বাসকষ্ট কি মানসিক চাপ থেকেও হতে পারে?,General Query,"No immediate action required, informational response sufficient"
বুকের ব্যথা কখন বিপজ্জনক হয়?,General Query,"No immediate action required, informational response sufficient"
আজ সারাদিন বুক একটু ভারী লাগছে কিন্তু কাজ করছি,Routine,Schedule a regular medical consultation
হালকা কাশি আছে কিন্তু জ্বর নেই,Routine,Schedule a regular medical consultation
গ্যাস হলে বুক টাইট লাগে,Routine,Schedule a regular medical consultation
ঘুম কম হলে বুক ধড়ফড় করে,Routine,Schedule a regular medical consultation
স্ট্রেস থাকলে বুক অস্বস্তি লাগে,Routine,Schedule a regular medical consultation
ঠান্ডা লাগলে বুক খুসখুস করে,Routine,Schedule a regular medical consultation
হালকা শ্বাসকষ্ট হয় দৌড়ালে,Routine,Schedule a regular medical consultation
চোখের যত্নে ভিটামিন এ সমৃদ্ধ খাবার এবং নিয়মিত পরিচর্যা সংক্রান্ত সাধারণ নির্দেশাবলী জানা প্রয়োজন।,General Query,"No immediate action required, informational response sufficient"
"কয়েকদিন ধইরা চোখের কোণাডা হালকা লাল হইয়া আছে, মাঝে মাঝে একটু চুলকায় আর পানি আসে।",Routine,Schedule a regular medical consultation
কোনো আঘাত লাগে নাই কিন্তু হঠাৎ কইরা ডান চোখের নিচের অর্ধেক অংশ অন্ধকার দেখতাছি।,Emergency,Immediately go to emergency department or call ambulance
চোখের পাতাটা একটু ফুইলা ভারী হইয়া আছে কিন্তু কোনো পুঁজ বা তীব্র ব্যথা নাই।,Routine,Schedule a regular medical consultation
ডায়াবেটিস অনেক বেশি থাকার কারণে ইদানীং মাঝেমধ্যে চোখের সামনে সব ঝাপসা লাগে।,Emergency,Immediately go to emergency department or call ambulance
"কাল রাত থেইকা চোখের ভেতর খচখচানি বাড়ছে আর লাল হইয়া রস বের হইতাছে, তাকাতেই পারতাছি না।",Urgent,Seek medical care within 24–48 hours
চোখ ওঠা রোগের লক্ষণ এবং ঘরোয়াভাবে সুরক্ষিত থাকার উপায়সমূহ জানতে আগ্রহী।,General Query,"No immediate action required, informational response sufficient"
"হঠাৎ কইরা চোখের সামনে সব ধোঁয়া ধোঁয়া লাগতাছে, একটু আগের পরিষ্কার জিনিসও দেখতে পারতাছি না।",Emergency,Immediately go to emergency department or call ambulance
ভ্রুর গোড়ায় একটু চামড়া উইঠা খুশকির মতো হইছে আর মাঝে মাঝে হালকা চুলকায়।,Routine,Schedule a regular medical consultation
চোখে ড্রপ দেওয়ার পর চোখ একটু লাল হইছে কিন্তু কোনো ব্যথা বা ভিশন প্রবলেম নাই।,Routine,Schedule a regular medical consultation
ডান চোখের কোণা দিয়া অনবরত ঘন হলদেটে পুঁজ বের হইতাছে আর চোখটা ব্যথার চোটে খুলাই যাইতেছে না।,Urgent,Seek medical care within 24–48 hours
চোখের ছানি অপারেশনের পরবর্তী যত্ন এবং লেন্সের স্থায়িত্ব সংক্রান্ত তথ্য বিবরণী প্রয়োজন।,General Query,"No immediate action required, informational response sufficient"
"কাজের চাপের কারণে চোখ দুইটা খুব ক্লান্ত আর শুকনো লাগে, একটু পানি দিলে আরাম পাই।",Routine,Schedule a regular medical consultation
চোখের মণি দুইটা দুই দিকে চইলা গেছে হঠাৎ আর আপা সোজা হইয়া দাঁড়াইতে পারতাছে না।,Emergency,Immediately go to emergency department or call ambulance
চোখের পাতা উল্টায়া গেছে মনে হইতাছে আর চোখের মণিতে অনবরত ঘষা লাইগা পানি পড়তেছে।,Urgent,Seek medical care within 24–48 hours
কম্পিউটার স্ক্রিনের ক্ষতিকর আলো থেইকা চোখ বাঁচানোর উপায় এবং ব্লু কাট লেন্সের তথ্য জানা দরকার।,General Query,"No immediate action required, informational response sufficient"
"ভ্রুর ওপর একটা ছোট ফোড়া হইয়া লাল হইয়া আছে, টিপ দিলে প্রচণ্ড টনটন করে আর কপাল কামড়ায়।",Urgent,Seek medical care within 24–48 hours
চোখের কোণা চুলকাইতে চুলকাইতে ফুইলা লাল হইয়া গেছে আর নখ লাগার কারণে চামড়া ছিলে রস পড়তেছে।,Urgent,Seek medical care within 24–48 hours
"বাচ্চা ইদানীং চোখ কুচকায়ে তাকায় দূর থেকে, এই বিষয়ে সাধারণ পরামর্শ দরকার।",General Query,"No immediate action required, informational response sufficient"
"চোখের ভেতর ছোট পোকা ঢোকার পর চোখ ডইলা লাল বানায় ফেলছি, এখন চোখ খুলতে গেলে পানি পড়ে।",Urgent,Seek medical care within 24–48 hours
"চোখের সাদা অংশে ছোট্ট একটা কালচে দাগ আছে ছোটবেলা থেইকাই, ব্যথা বা চুলকানি নাই।",Routine,Schedule a regular medical consultation
ডিজিটাল স্ক্রিন ব্যবহারের কারণে চোখের ক্লান্তি দূর করার সাধারণ স্বাস্থ্য টিপস জানা দরকার।,General Query,"No immediate action required, informational response sufficient"
চোখের পাতায় মেকআপ ব্যবহারের নিয়ম এবং অ্যালার্জি প্রতিরোধের উপায় সম্পর্কে বিস্তারিত তথ্য চাই।,General Query,"No immediate action required, informational response sufficient"
"চোখের ওপরের পাতায় চর্বির মতো ছোট ছোট হলুদ দানা দেখা যাইতেছে, ব্যথা নাই।",Routine,Schedule a regular medical consultation
"চোখে এসিড ছিটকা পড়ছে, পুরা চোখ জ্বইলা কয়লা হয়া যাইতেছে, মানুষটা যন্ত্রণায় জ্ঞান হারাইছে।",Emergency,Immediately go to emergency department or call ambulance
"চোখের কোণায় মাংস বাড়ছে মনে হয়, যেটা ধীরে ধীরে মণির দিকে আগায় আসতেছে।",Urgent,Seek medical care within 24–48 hours
চোখের ভ্রু ইদানীং খুব বেশিই ঝইরা যাইতেছে আর জায়গাটা পাতলা হইয়া গেছে।,Routine,Schedule a regular medical consultation
"চোখের ভেতর লোহা বা কাঁচের গুঁড়া ঢুকছে মনে হয়, খুব রক্ত পড়তেছে আর চোখ খুলাই যাচ্ছে না।",Emergency,Immediately go to emergency department or call ambulance
বাচ্চা সবসময় চোখ কচলায় আর চোখের কোণা দুইটা কাঁচা লাল হইয়া থাকে।,Urgent,Seek medical care within 24–48 hours
চোখের ড্রপ দেওয়ার পর হঠাৎ সারা শরীর চুলকানো শুরু হইছে আর মুখ ফুইলা যাইতেছে।,Emergency,Immediately go to emergency department or call ambulance
রোদে গেলে চোখ দিয়া অনবরত পানি পড়ে আর তাকাতে খুব কষ্ট হয়।,Urgent,Seek medical care within 24–48 hours
বার্ধক্যজনিত চোখের দৃষ্টি কমার কারণ এবং এর প্রতিকার নিয়ে সাধারণ স্বাস্থ্য আলোচনা দরকার।,General Query,"No immediate action required, informational response sufficient"
"হঠাৎ কইরা ডান চোখ দিয়া সব ডাবল দেখতাছি, মাথাটা খুব ঘুরতাছে আর বমি ভাব লাগতাছে।",Emergency,Immediately go to emergency department or call ambulance
চোখের মণি একদম রক্তবর্ণ হইয়া আছে আর মনে হইতাছে চোখটা ফেটে যাবে ব্যথায়।,Urgent,Seek medical care within 24–48 hours
শীতকালে চোখের চারপাশের চামড়া খুব বেশি শুষ্ক হইয়া টান লাগে।,Routine,Schedule a regular medical consultation
কানে মাঝে মাঝে হালকা শব্দ হয় কিন্তু ব্যথা নেই,Routine,Schedule a regular medical consultation
কানের ভেতর সামান্য চুলকানি লাগে বিশেষ করে রাতে,Routine,Schedule a regular medical consultation
কানের লতিতে ছোট একটা গুটি আছে অনেকদিন ধরে,Routine,Schedule a regular medical consultation
ঠান্ডা লাগলে কানে চাপ অনুভব হয়,Routine,Schedule a regular medical consultation
কানে হেডফোন বেশি ব্যবহার করলে অস্বস্তি লাগে,Routine,Schedule a regular medical consultation
কানের ভেতর মাঝে মাঝে পানি ঢোকার মতো অনুভূতি হয়,Routine,Schedule a regular medical consultation
কানের লতি হালকা লাল হয়ে গেছে কিন্তু ব্যথা নেই,Routine,Schedule a regular medical consultation
কথা শোনার সময় মাঝে মাঝে একটু কম শোনা যায়,Routine,Schedule a regular medical consultation
কানে বাতাস লাগলে হালকা অস্বস্তি লাগে,Routine,Schedule a regular medical consultation
গত দুই দিন ধরে কানে ব্যথা হচ্ছে আর চাপ লাগছে,Urgent,Seek medical care within 24–48 hours
কানের ভেতর থেকে দুর্গন্ধযুক্ত পানি বের হচ্ছে,Urgent,Seek medical care within 24–48 hours
কানে কিছু ঢুকে গেছে মনে হচ্ছে আর ব্যথা করছে,Urgent,Seek medical care within 24–48 hours
কানের লতি ফুলে গেছে আর ছুঁলেই ব্যথা লাগে,Urgent,Seek medical care within 24–48 hours
কানে তীব্র চুলকানি আর সাথে হালকা রক্ত আসছে,Urgent,Seek medical care within 24–48 hours
হঠাৎ কানে কম শুনতে পাচ্ছি আর ভেতরটা বন্ধ মনে হচ্ছে,Urgent,Seek medical care within 24–48 hours
কানের ভেতর পুঁজ জমে আছে আর কষ্ট হচ্ছে,Urgent,Seek medical care within 24–48 hours
কানের লতি কেটে গেছে আর ফুলে যাচ্ছে,Urgent,Seek medical care within 24–48 hours
হঠাৎ কানে কিছুই শুনতে পারছি না এক পাশ দিয়ে,Emergency,Immediately go to emergency department or call ambulance
কানে মারাত্মক আঘাত লেগে রক্ত বের হচ্ছে,Emergency,Immediately go to emergency department or call ambulance
কানে কেমিক্যাল ঢুকে তীব্র জ্বালা শুরু হয়েছে,Emergency,Immediately go to emergency department or call ambulance
কানে কিছু ফেটে গেছে মনে হচ্ছে আর প্রচুর রক্ত পড়ছে,Emergency,Immediately go to emergency department or call ambulance
হঠাৎ কানে শব্দ বন্ধ হয়ে গেছে আর ভারসাম্য হারাচ্ছি,Emergency,Immediately go to emergency department or call ambulance
কানে তীব্র ইনফেকশনের সাথে জ্বর খুব বেশি,Emergency,Immediately go to emergency department or call ambulance
কানের ভেতর ফুলে গিয়ে বন্ধ হয়ে গেছে,Emergency,Immediately go to emergency department or call ambulance
কানে আঘাতের পর মাথা ঘুরছে আর রক্ত পড়ছে,Emergency,Immediately go to emergency department or call ambulance
কানে ব্যথা হলে কি সবসময় ইনফেকশন হয়?,General Query,"No immediate action required, informational response sufficient"
কানে হেডফোন ব্যবহার কতক্ষণ করা উচিত?,General Query,"No immediate action required, informational response sufficient"
কানে পানি ঢুকলে কী করা উচিত?,General Query,"No immediate action required, informational response sufficient"
কানে শব্দ হওয়া কি বিপজ্জনক?,General Query,"No immediate action required, informational response sufficient"
শোনার ক্ষমতা কমে গেলে কী সমস্যা হতে পারে?,General Query,"No immediate action required, informational response sufficient"
কানের লতিতে গুটি কেন হয়?,General Query,"No immediate action required, informational response sufficient"
কানে চুলকানি কেন হয় বারবার?,General Query,"No immediate action required, informational response sufficient"
কানে চাপ লাগার কারণ কী হতে পারে?,General Query,"No immediate action required, informational response sufficient"
কানে হালকা চাপ লাগে কিন্তু কাজ করতে পারছি,Routine,Schedule a regular medical consultation
কানে মাঝে মাঝে শব্দ হয় কিন্তু সমস্যা না,Routine,Schedule a regular medical consultation
কানের লতিতে পুরনো দাগ আছে,Routine,Schedule a regular medical consultation
কানে হালকা শুষ্কতা আছে,Routine,Schedule a regular medical consultation
কানে খুব বেশি ময়লা জমে না,Routine,Schedule a regular medical consultation
কানে হালকা চুলকানি মাঝে মাঝে হয়,Routine,Schedule a regular medical consultation
কানে শব্দ কম শোনা যায় মাঝে মাঝে,Routine,Schedule a regular medical consultation
কানের লতি একটু মোটা হয়ে আছে,Routine,Schedule a regular medical consultation
নাকের হাড় বাঁকা হওয়ার লক্ষণ এবং এর দীর্ঘমেয়াদী প্রভাব সম্পর্কে বিস্তারিত চিকিৎসা তথ্য প্রয়োজন।,General Query,"No immediate action required, informational response sufficient"
নাকের পাশে ছোট ছোট কালো দাগ বা ব্ল্যাকহেডস দূর করার নিরাপদ উপায়গুলো জানতে আগ্রহী।,General Query,"No immediate action required, informational response sufficient"
"নাকের ভেতরে প্রচণ্ড ব্যথা আর ফুলে লাল হয়ে আছে, হাত দিলেই মনে হয় টনটন করছে।",Urgent,Seek medical care within 24–48 hours
নাক ডাকার কারণ এবং এটি প্রতিরোধের সাধারণ স্বাস্থ্য নির্দেশিকা অনুসন্ধান করছি।,General Query,"No immediate action required, informational response sufficient"
হঠাৎ করে নাক ও মুখ দিয়ে রক্ত ও ফেনা বের হচ্ছে এবং মানুষটা খিঁচুনি দিয়ে অজ্ঞান হয়ে গেছে।,Emergency,Immediately go to emergency department or call ambulance
"নাকের ওপরের চামড়া শুষ্ক হয়ে সাদা হয়ে উঠে যাচ্ছে, কোনো অস্বস্তি বা ব্যথা নেই।",Routine,Schedule a regular medical consultation
সাইনাস সমস্যার প্রাথমিক ঘরোয়া প্রতিকার এবং সর্দি কমানোর সাধারণ পদ্ধতিসমূহ জানা দরকার।,General Query,"No immediate action required, informational response sufficient"
নাকের ভেতর ধারালো কিছু ঢুকে প্রচুর রক্তক্ষরণ হচ্ছে এবং নাকটা ফুলে নীল হয়ে গেছে।,Emergency,Immediately go to emergency department or call ambulance
"নাক বন্ধ থাকার কারণে রাতে মুখ দিয়ে শ্বাস নিতে হয়, যার ফলে সকালবেলা গলা শুকিয়ে থাকে।",Urgent,Seek medical care within 24–48 hours
"নাক দিয়ে সবসময় পানি ঝরে এবং হাঁচি হয়, এলার্জি প্রতিরোধের সাধারণ নিয়মাবলী প্রয়োজন।",General Query,"No immediate action required, informational response sufficient"
"নাকের পাশে একটা ছোট ফোঁড়া হয়েছে যা পেকে হলুদ হয়ে আছে, চাপ দিলে প্রচণ্ড ব্যথা লাগে।",Urgent,Seek medical care within 24–48 hours
নাকের ছিদ্রের আশেপাশে চামড়া একটু ছিলে গেছে আর জ্বালাপোড়া করছে।,Routine,Schedule a regular medical consultation
নাকের পলিপাস অপারেশনের সুবিধা-অসুবিধা এবং খরচ সংক্রান্ত সাধারণ তথ্য বিবরণী চাই।,General Query,"No immediate action required, informational response sufficient"
"হঠাৎ করে নাক মুখ ফুলে ঢোল হয়ে গেছে আর দম নিতে পারছে না, কথা বলাও অসম্ভব।",Emergency,Immediately go to emergency department or call ambulance
নাক দিয়ে সর্দি বের হওয়ার সময় মাঝেমধ্যে রক্তের ছিটে দেখা যায় কিন্তু ব্যথা নেই।,Routine,Schedule a regular medical consultation
নাকের ড্রপ একটানা কতদিন ব্যবহার করা যায় এবং এর পার্শ্বপ্রতিক্রিয়া সম্পর্কে জানতে চাই।,General Query,"No immediate action required, informational response sufficient"
"নাকের ভেতর ছোট পোকা বা ফরেন বডি ঢুকেছে মনে হয়, খুব অস্বস্তি আর ব্যথা লাগছে।",Urgent,Seek medical care within 24–48 hours
বাচ্চার নাক দিয়ে পচা গন্ধযুক্ত পুঁজ বের হচ্ছে আর এক নাক সবসময় বন্ধ থাকে।,Urgent,Seek medical care within 24–48 hours
নাকের প্লাস্টিক সার্জারি বা রাইনোপ্লাস্টি সম্পর্কে প্রাথমিক ধারণা এবং সতর্কতা জানা প্রয়োজন।,General Query,"No immediate action required, informational response sufficient"
নাক দিয়ে অনবরত কালো বা গাঢ় রঙের রক্ত বের হচ্ছে আর রোগী ফ্যাকাশে হয়ে যাচ্ছে।,Emergency,Immediately go to emergency department or call ambulance
"নাকের ভেতরটা খুব শুকনো লাগে, মাঝেমধ্যে টান লেগে রক্ত বের হয় শীতকালে।",Routine,Schedule a regular medical consultation
শীতকালে নাক বন্ধ হওয়া কমানোর জন্য মেন্থল বা ভ্যাপার নেওয়ার সঠিক নিয়ম জানা দরকার।,General Query,"No immediate action required, informational response sufficient"
"নাকের হাড় ফেটে গেছে মনে হচ্ছে এক্সিডেন্টের পর, পুরো নাক বাঁকা হয়ে ঝুলে আছে।",Emergency,Immediately go to emergency department or call ambulance
"নাকের ছিদ্রের পাশে একটা বিচির মতো হয়েছে, কোনো ব্যথা নেই কিন্তু ওটা বড় হচ্ছে।",Routine,Schedule a regular medical consultation
তীব্র মাথাব্যথার সাথে নাক বন্ধ এবং চোখের ওপর চাপ অনুভব করছি গত দুইদিন ধরে।,Urgent,Seek medical care within 24–48 hours
নাক দিয়ে দুর্গন্ধযুক্ত হলদেটে সর্দি বের হচ্ছে আর কপালে হাত দিলে প্রচণ্ড ব্যথা লাগছে।,Urgent,Seek medical care within 24–48 hours
"নাকের অগ্রভাগ বা ডগা মাঝেমধ্যে লাল হয়ে থাকে, অন্য কোনো সমস্যা নেই।",Routine,Schedule a regular medical consultation
নাজাল স্প্রে ব্যবহারের সঠিক পদ্ধতি এবং এটি ব্যবহারের সময় সাবধানতা সংক্রান্ত তথ্য চাই।,General Query,"No immediate action required, informational response sufficient"
হঠাৎ নাক মুখ দিয়ে প্রচণ্ড রক্ত বমি হচ্ছে এবং মানুষটা নিস্তেজ হয়ে পড়ছে।,Emergency,Immediately go to emergency department or call ambulance
নাকের ভেতর চুলকাতে চুলকাতে ঘা হয়ে গেছে আর এখন সেখান থেকে রস বের হচ্ছে।,Urgent,Seek medical care within 24–48 hours
বাচ্চাদের নাক পরিষ্কার করার জন্য সাধারণ নিয়ম এবং সেফটি মেজারস সম্পর্কে জানা দরকার।,General Query,"No immediate action required, informational response sufficient"
"নাকের ওপর অনেকদিন ধরে একটা কালো আঁচিল আছে, কোনো পরিবর্তন বা ব্যথা নেই।",Routine,Schedule a regular medical consultation
"নাক দিয়ে অনবরত হাঁচি আর পানির মতো সর্দি ঝরছে, চোখের কোণাও লাল হয়ে আছে।",Urgent,Seek medical care within 24–48 hours
নাকের ছিদ্র বড় হয়ে যাওয়ার কারণ এবং এর কি কোনো স্থায়ী সমাধান আছে?,General Query,"No immediate action required, informational response sufficient"
নাকের গোড়ায় প্রচণ্ড আঘাতের পর দৃষ্টি ঝাপসা হয়ে আসছে আর কান দিয়ে ভোঁ ভোঁ শব্দ হচ্ছে।,Emergency,Immediately go to emergency department or call ambulance
"নাকের পাশে সাদাটে ছোপ ছোপ দাগ দেখা যাচ্ছে, মাঝেমধ্যে চুলকায়।",Routine,Schedule a regular medical consultation
ইনফ্লুয়েঞ্জা বা সাধারণ সর্দি-জ্বর প্রতিরোধের উপায় ও টিকার তথ্য সম্পর্কে জানতে আগ্রহী।,General Query,"No immediate action required, informational response sufficient"
নাক দিয়ে নিঃশ্বাস নেওয়ার সময় বাঁশির মতো শব্দ হয় কিন্তু অন্য কোনো অসুবিধা নেই।,Routine,Schedule a regular medical consultation
নাকের ভেতর থেকে কালো রক্ত বের হচ্ছে আর মাথার তালু প্রচণ্ড গরম হয়ে আছে।,Emergency,Immediately go to emergency department or call ambulance
নাক দিয়ে শ্বাস নিতে গেলে হালকা বাধা লাগে কিন্তু খুব সমস্যা না,Routine,Schedule a regular medical consultation
নাকের ভেতর শুকনো লাগছে বিশেষ করে এয়ার কন্ডিশনে থাকলে,Routine,Schedule a regular medical consultation
নাকের পাশে চাপ দিলে একটু ব্যথা লাগে কিন্তু নিজে থেকে নয়,Routine,Schedule a regular medical consultation
সকালে ঘুম থেকে উঠে নাক বন্ধ থাকে কিছুক্ষণ,Routine,Schedule a regular medical consultation
নাক দিয়ে মাঝে মাঝে হাঁচি আসে ধুলা লাগলে,Routine,Schedule a regular medical consultation
নাকের ভেতর ছোট খোসার মতো জমে থাকে শীতকালে,Routine,Schedule a regular medical consultation
নাকের ডগা মাঝে মাঝে লাল হয়ে যায় ঠান্ডা লাগলে,Routine,Schedule a regular medical consultation
নাক দিয়ে শ্বাস নিতে একটু কষ্ট হয় শুয়ে থাকলে,Routine,Schedule a regular medical consultation
নাকের ভেতর চুলকানি হয় কিন্তু রক্ত বা ব্যথা নেই,Routine,Schedule a regular medical consultation
নাক দিয়ে হলুদ ঘন সর্দি বের হচ্ছে আর গন্ধও খারাপ লাগছে,Urgent,Seek medical care within 24–48 hours
নাকের ভেতর চাপ ও ব্যথা বাড়ছে দুই দিন ধরে,Urgent,Seek medical care within 24–48 hours
নাক বন্ধ আর মাথায় ভার অনুভব হচ্ছে,Urgent,Seek medical care within 24–48 hours
নাকের পাশ ফুলে গেছে আর স্পর্শ করলে ব্যথা লাগে,Urgent,Seek medical care within 24–48 hours
নাকের ভেতর থেকে হালকা রক্ত মিশ্রিত সর্দি বের হচ্ছে,Urgent,Seek medical care within 24–48 hours
নাকের এক পাশ পুরোপুরি বন্ধ হয়ে গেছে,Urgent,Seek medical care within 24–48 hours
নাকের ভেতর জ্বালা আর ব্যথা একসাথে অনুভব হচ্ছে,Urgent,Seek medical care within 24–48 hours
নাকের পাশে ছোট ফোঁড়া বড় হয়ে যাচ্ছে,Urgent,Seek medical care within 24–48 hours
নাক বন্ধ আর গলার ভেতর কফ জমছে,Urgent,Seek medical care within 24–48 hours
হঠাৎ নাক দিয়ে এক পাশ থেকে প্রচুর রক্ত পড়ছে,Emergency,Immediately go to emergency department or call ambulance
নাকে আঘাত লেগে বিকৃতি হয়ে গেছে আর শ্বাস নিতে পারছি না,Emergency,Immediately go to emergency department or call ambulance
নাক দিয়ে শ্বাস বন্ধ হয়ে গেছে হঠাৎ করে,Emergency,Immediately go to emergency department or call ambulance
নাকে কেমিক্যাল লাগার পর তীব্র জ্বালা শুরু হয়েছে,Emergency,Immediately go to emergency department or call ambulance
নাকের ভেতর থেকে রক্ত জমাট বেঁধে বের হচ্ছে,Emergency,Immediately go to emergency department or call ambulance
নাক ফুলে গিয়ে চোখের নিচ পর্যন্ত ছড়িয়ে গেছে,Emergency,Immediately go to emergency department or call ambulance
নাকে আঘাতের পর মাথা ঘুরছে আর দুর্বল লাগছে,Emergency,Immediately go to emergency department or call ambulance
নাকের ভেতর কিছু ফেটে গেছে মনে হচ্ছে আর ব্যথা তীব্র,Emergency,Immediately go to emergency department or call ambulance
নাক দিয়ে রক্ত পড়ার সাথে শ্বাসকষ্ট হচ্ছে,Emergency,Immediately go to emergency department or call ambulance
নাক বন্ধ হয়ে মুখ দিয়ে শ্বাস নিতে পারছি না,Emergency,Immediately go to emergency department or call ambulance
নাক বন্ধ হলে কোন ঘরোয়া উপায় কাজ করে?,General Query,"No immediate action required, informational response sufficient"
নাকের এলার্জি কমাতে কী করা উচিত?,General Query,"No immediate action required, informational response sufficient"
নাক ডাকা বন্ধ করার সহজ উপায় কী?,General Query,"No immediate action required, informational response sufficient"
নাক দিয়ে রক্ত পড়লে কখন চিন্তা করা উচিত?,General Query,"No immediate action required, informational response sufficient"
নাক বন্ধ হলে ব্যায়াম কি সাহায্য করে?,General Query,"No immediate action required, informational response sufficient"
নাকের ইনফেকশন প্রতিরোধের উপায় কী?,General Query,"No immediate action required, informational response sufficient"
নাক দিয়ে শ্বাস নিতে মাঝে মাঝে সমস্যা হয়,Routine,Schedule a regular medical consultation
নাকের ডগা মাঝে মাঝে সেনসিটিভ লাগে,Routine,Schedule a regular medical consultation
নাকের ভেতর হালকা চাপ লাগে কিন্তু ব্যথা না,Routine,Schedule a regular medical consultation
নাক দিয়ে হালকা সর্দি মাঝে মাঝে আসে,Routine,Schedule a regular medical consultation
দাঁত ব্রাশ করার সঠিক নিয়ম এবং মাড়ি সুস্থ রাখার সাধারণ উপায়গুলো সম্পর্কে জানতে চাই।,General Query,"No immediate action required, informational response sufficient"
"খাবার খাওয়ার সময় হঠাৎ দাঁত ভেঙে গেছে আর প্রচণ্ড রক্ত পড়ছে, যন্ত্রণায় অস্থির লাগছে।",Emergency,Immediately go to emergency department or call ambulance
জিহ্বার ওপর সাদা আস্তরণ পড়ছে আর মুখটা কেমন জানি তেতো হয়ে থাকে সবসময়।,Routine,Schedule a regular medical consultation
"মাড়ি ফুলে লাল হয়ে আছে আর ব্রাশ করার সময় রক্ত বের হয়, কিন্তু ব্যথা নেই।",Routine,Schedule a regular medical consultation
মুখের ক্যান্সারের প্রাথমিক লক্ষণ এবং তামাকজাত পণ্যের ক্ষতিকর প্রভাব সংক্রান্ত তথ্য বিবরণী প্রয়োজন।,General Query,"No immediate action required, informational response sufficient"
"হঠাৎ করে মুখ আর জিহ্বা ফুলে ঢোল হয়ে গেছে, লোকটা শ্বাস নিতে পারছে না।",Emergency,Immediately go to emergency department or call ambulance
"জিহ্বার নিচে একটা ছোট ঘা হয়েছে অনেকদিন ধরে, কিছু খেলেই খুব জ্বালাপোড়া করে।",Urgent,Seek medical care within 24–48 hours
ঠোঁটের কোণা ফেটে গেছে আর হাসলে বা মুখ বড় করলে চামড়া ছিঁড়ে রক্ত বের হয়।,Routine,Schedule a regular medical consultation
দাঁতের স্কেলিং করার উপকারিতা এবং এর কোনো পার্শ্বপ্রতিক্রিয়া আছে কি না জানতে চাই।,General Query,"No immediate action required, informational response sufficient"
মুখের ভেতর থেকে অনবরত রক্ত চুইয়ে পড়ছে আর গলার ভেতরটা ফুলে শক্ত হয়ে গেছে।,Emergency,Immediately go to emergency department or call ambulance
"দাঁতের গোড়ায় প্রচণ্ড ব্যথা আর মুখটা একপাশে ফুলে গেছে, ব্যথার চোটে ঘুমাতে পারছি না।",Urgent,Seek medical care within 24–48 hours
"তালুতে গরম চা লেগে ছ্যাঁকা লেগেছে, এখন চামড়া উঠে গিয়ে খুব জ্বলছে।",Urgent,Seek medical care within 24–48 hours
দাঁতের ক্যাভিটি বা ক্ষয়রোগ প্রতিরোধের সাধারণ স্বাস্থ্য টিপস এবং সচেতনতা দরকার।,General Query,"No immediate action required, informational response sufficient"
"এক্সিডেন্টের পর উপরের পাটির সব দাঁত নড়ে গেছে আর চোয়ালটা আটকে আছে, নড়াতে পারছি না।",Emergency,Immediately go to emergency department or call ambulance
ঠোঁটের ওপর ছোট ছোট পানির মতো ফুসকুড়ি হয়েছে যা খুব চুলকায় আর মাঝেমধ্যে জ্বলে।,Routine,Schedule a regular medical consultation
জিহ্বার একপাশ কেটে গিয়ে গভীর ক্ষত হয়েছে আর রক্ত পড়া কোনোভাবেই থামছে না।,Emergency,Immediately go to emergency department or call ambulance
মাড়ি দিয়ে পুঁজ বের হচ্ছে আর মুখ থেকে খুব বাজে দুর্গন্ধ আসে সবসময়।,Urgent,Seek medical care within 24–48 hours
মুখের তালুতে একটা শক্ত হাড়ের মতো উঁচু পিণ্ড হয়েছে যা দিন দিন বড় হচ্ছে।,Routine,Schedule a regular medical consultation
"হঠাৎ করে দাঁত শিরশির করা শুরু হয়েছে, ঠান্ডা বা গরম কিছু মুখে দিলেই ছ্যাঁত করে ওঠে।",Routine,Schedule a regular medical consultation
বাচ্চাদের দাঁত ওঠার সময় সাধারণ সমস্যা এবং মাড়ির যত্ন নেওয়ার পদ্ধতিগুলো জানা দরকার।,General Query,"No immediate action required, informational response sufficient"
ঠোঁট কালো হয়ে যাওয়ার কারণ এবং এটি প্রতিকারের সাধারণ প্রাকৃতিক উপায়গুলো জানতে আগ্রহী।,General Query,"No immediate action required, informational response sufficient"
জিহ্বার নিচে নীলচে হয়ে ফুলে আছে আর জায়গাটা প্রচণ্ড টনটন করছে।,Urgent,Seek medical care within 24–48 hours
দাঁত তোলার পর রক্ত পড়া বন্ধ হচ্ছে না আর প্রচণ্ড জ্বর এসেছে সাথে।,Urgent,Seek medical care within 24–48 hours
হঠাৎ করে গলার ভেতরে আর জিহ্বায় প্রচণ্ড জ্বালাপোড়া শুরু হয়েছে আর মুখ নীল হয়ে যাচ্ছে।,Emergency,Immediately go to emergency department or call ambulance
ঠোঁটের পাশে একটা তিল ছিল যেটা হঠাৎ করে বড় হচ্ছে আর চারপাশ লাল হয়ে আছে।,Routine,Schedule a regular medical consultation
"দাঁতের মাড়ি থেকে মাংস আলাদা হয়ে যাচ্ছে মনে হয়, দাঁতগুলো সব নড়বড়ে হয়ে গেছে।",Urgent,Seek medical care within 24–48 hours
মুখের ভেতর মাছের কাঁটা ফুটে আছে আর জায়গাটা লাল হয়ে প্রচুর ফুলে গেছে।,Urgent,Seek medical care within 24–48 hours
"দাঁতের ভেতরে প্রচণ্ড গর্ত হয়ে গেছে, খাবার ঢুকলে খুব ব্যথা করে আর মাথা কামড়ায়।",Urgent,Seek medical care within 24–48 hours
আক্কেল দাঁত ওঠার লক্ষণ এবং এর ফলে হওয়া ব্যথা কমানোর সাধারণ উপায়গুলো জানা দরকার।,General Query,"No immediate action required, informational response sufficient"
জিহ্বার ওপর ছোট ছোট লাল দানা দেখা যাচ্ছে কিন্তু কোনো ব্যথা বা অস্বস্তি নেই।,Routine,Schedule a regular medical consultation
দাঁতের কৃত্রিম ক্যাপ বা ক্রাউন লাগানোর পদ্ধতি এবং স্থায়িত্ব সম্পর্কে সাধারণ তথ্য চাই।,General Query,"No immediate action required, informational response sufficient"
"জিহ্বা কামড় লেগে অনেকখানি কেটে গেছে আর প্রচুর রক্ত বের হচ্ছে, মুখ হা করতে পারছি না।",Emergency,Immediately go to emergency department or call ambulance
তালুর ভেতরে ঘা হয়ে গেছে যার কারণে ঝাল বা লবণাক্ত কিছু খেতেই পারছি না।,Urgent,Seek medical care within 24–48 hours
ঠোঁট ফেটে গিয়ে গভীর ক্ষত হয়েছে আর সেখান থেকে অনবরত রস ঝরছে।,Urgent,Seek medical care within 24–48 hours
দাঁতের গোড়া ক্ষয় হওয়ার কারণ এবং এটি রোধ করার আধুনিক চিকিৎসা ব্যবস্থা সম্পর্কে তথ্য প্রয়োজন।,General Query,"No immediate action required, informational response sufficient"
"জিহ্বা মাঝেমধ্যে কামড়ায় বা জ্বালাপোড়া করে, বিশেষ করে রাতে ঘুমানোর আগে।",Routine,Schedule a regular medical consultation
মাড়ির ওপর দিয়ে অতিরিক্ত মাংস বাড়ছে যা দেখতে খুব অদ্ভুত লাগে কিন্তু ব্যথা নেই।,Routine,Schedule a regular medical consultation
দাঁতের ফিলিং করার পর ব্যথা হওয়া স্বাভাবিক কি না সেই বিষয়ে সাধারণ পরামর্শ চাই।,General Query,"No immediate action required, informational response sufficient"
মুখের ভেতর কালো বা গাঢ় বেগুনি রঙের ছোপ ছোপ দাগ দেখা যাচ্ছে হঠাৎ করে।,Urgent,Seek medical care within 24–48 hours
দাঁতের ব্যথায় পুরো গাল আর গলা ফুলে গেছে আর শ্বাস নিতে খুব কষ্ট হচ্ছে।,Emergency,Immediately go to emergency department or call ambulance
ব্রাশ ছাড়াই দাঁত পরিষ্কার রাখার বিকল্প পদ্ধতি এবং ফ্লসিং এর গুরুত্ব জানতে চাই।,General Query,"No immediate action required, informational response sufficient"
মাড়ি কামড়ে ধরলে কানের পাশে প্রচণ্ড ব্যথা লাগে আর মুখ বড় করতে পারি না।,Urgent,Seek medical care within 24–48 hours
ঠোঁট অনেক শুকিয়ে ফেটে যাচ্ছে শীতকালে,Routine,Schedule a regular medical consultation
ঠোঁটের কোণে ছোট ক্ষত আছে কিন্তু ব্যথা কম,Routine,Schedule a regular medical consultation
জিহ্বায় হালকা সাদা আস্তরণ পড়েছে সকালে ঘুম থেকে উঠে,Routine,Schedule a regular medical consultation
মাড়ি ব্রাশ করলে সামান্য রক্ত আসে কিন্তু ব্যথা নেই,Routine,Schedule a regular medical consultation
দাঁতে হালকা হলদে দাগ পড়েছে অনেকদিন ধরে,Routine,Schedule a regular medical consultation
তালুতে হালকা গরম খাবার লাগলে একটু জ্বালা লাগে,Routine,Schedule a regular medical consultation
জিহ্বার ডগায় মাঝে মাঝে চুলকানি হয়,Routine,Schedule a regular medical consultation
মাড়ি একটু ফুলে থাকে কিন্তু ব্যথা নেই,Routine,Schedule a regular medical consultation
দাঁতে তীব্র ব্যথা হচ্ছে আর রাতে ঘুমাতে পারছি না,Urgent,Seek medical care within 24–48 hours
মাড়ি ফুলে গেছে আর চাপ দিলে ব্যথা লাগে,Urgent,Seek medical care within 24–48 hours
জিহ্বায় ঘা হয়েছে আর খেতে কষ্ট হচ্ছে,Urgent,Seek medical care within 24–48 hours
ঠোঁট কেটে গেছে আর ফোলা বাড়ছে,Urgent,Seek medical care within 24–48 hours
মুখের ভেতর পুঁজ বের হচ্ছে আর দুর্গন্ধ হচ্ছে,Urgent,Seek medical care within 24–48 hours
তালুতে ঘা হয়েছে আর খাবার খেতে পারছি না,Urgent,Seek medical care within 24–48 hours
মাড়ি থেকে বারবার রক্ত পড়ছে,Urgent,Seek medical care within 24–48 hours
জিহ্বা ফুলে গেছে আর কথা বলতে সমস্যা হচ্ছে,Urgent,Seek medical care within 24–48 hours
দাঁত নড়ছে আর ব্যথা বাড়ছে,Urgent,Seek medical care within 24–48 hours
হঠাৎ করে মুখের ভেতর পুরোটা ফুলে গেছে আর শ্বাস নিতে কষ্ট হচ্ছে,Emergency,Immediately go to emergency department or call ambulance
ঠোঁট ও মুখ লাল হয়ে ফুলে গেছে আর দম বন্ধ লাগছে,Emergency,Immediately go to emergency department or call ambulance
জিহ্বা এত ফুলে গেছে যে কথা বলতে পারছি না,Emergency,Immediately go to emergency department or call ambulance
দাঁত ভেঙে গেছে আর প্রচুর রক্ত পড়ছে,Emergency,Immediately go to emergency department or call ambulance
মুখের ভেতর কেমিক্যাল ঢুকে তীব্র জ্বালা করছে,Emergency,Immediately go to emergency department or call ambulance
তালু পুড়ে গেছে আর চামড়া উঠে যাচ্ছে,Emergency,Immediately go to emergency department or call ambulance
ঠোঁট কেটে গিয়ে রক্ত বন্ধ হচ্ছে না,Emergency,Immediately go to emergency department or call ambulance
মাড়ি থেকে প্রচুর রক্ত আর মাথা ঘুরছে,Emergency,Immediately go to emergency department or call ambulance
মুখের ভেতর আঘাত লেগে শ্বাস নিতে কষ্ট হচ্ছে,Emergency,Immediately go to emergency department or call ambulance
মাড়ি ফোলা কমানোর ঘরোয়া উপায় কী?,General Query,"No immediate action required, informational response sufficient"
ঠোঁট ফাটা রোধ করার উপায় কী?,General Query,"No immediate action required, informational response sufficient"
দাঁত পরিষ্কার রাখার সঠিক নিয়ম কী?,General Query,"No immediate action required, informational response sufficient"
মুখের দুর্গন্ধ কেন হয়?,General Query,"No immediate action required, informational response sufficient"
তালুর ঘা কি বিপজ্জনক?,General Query,"No immediate action required, informational response sufficient"
মাড়ি থেকে রক্ত পড়া কেন হয়?,General Query,"No immediate action required, informational response sufficient"
ঠোঁট একটু শুকনো কিন্তু সমস্যা না,Routine,Schedule a regular medical consultation
জিহ্বায় হালকা দাগ আছে কিন্তু ব্যথা নেই,Routine,Schedule a regular medical consultation
দাঁতে হালকা সেনসিটিভিটি আছে,Routine,Schedule a regular medical consultation
মুখের ভেতর মাঝে মাঝে অস্বস্তি লাগে,Routine,Schedule a regular medical consultation
তালুতে হালকা গরম লাগে,Routine,Schedule a regular medical consultation
জিহ্বা মাঝে মাঝে শুষ্ক লাগে,Routine,Schedule a regular medical consultation
দাঁতে হালকা দাগ আছে অনেকদিন,Routine,Schedule a regular medical consultation
ঘাড়ের ব্যথার জন্য কি বিশেষ কোনো বালিশ বা ঘুমানোর পজিশন আছে? সাধারণ তথ্য দরকার।,General Query,"No immediate action required, informational response sufficient"
"গলার ভেতর বড় কিছু একটা আটকে আছে আর লোকটা নীল হয়ে যাচ্ছে, দম নিতে পারছে না।",Emergency,Immediately go to emergency department or call ambulance
"টনসিলের জায়গায় দুইদিন ধরে হালকা খচখচ করছে, কুসুম গরম পানি খেলে আরাম লাগে।",Routine,Schedule a regular medical consultation
"ঘাড়ের পেছনে একটা শক্ত হাড়ের মতো উঁচু হয়ে আছে অনেকদিন ধরে, তবে কোনো ব্যথা নেই।",Routine,Schedule a regular medical consultation
গলার স্বর পরিবর্তন হওয়ার প্রধান কারণ এবং এটি প্রতিরোধের সাধারণ উপায়গুলো জানতে চাই।,General Query,"No immediate action required, informational response sufficient"
উঁচু থেকে পড়ার পর ঘাড় একদম নাড়াতে পারছি না আর হাত-পা সব অবশ হয়ে আসছে।,Emergency,Immediately go to emergency department or call ambulance
ঘাড়ের একপাশে একটা ছোট গুটি হয়েছে যা টিপ দিলে নড়ে কিন্তু ব্যথা লাগে না।,Routine,Schedule a regular medical consultation
থাইরয়েড সমস্যার সাধারণ লক্ষণ এবং রক্ত পরীক্ষার নিয়মাবলী সম্পর্কে বিস্তারিত তথ্য প্রয়োজন।,General Query,"No immediate action required, informational response sufficient"
গলায় ধারালো কিছু দিয়ে আঘাত লেগে ফিনকি দিয়ে রক্ত বের হচ্ছে আর লোকটা নিস্তেজ হয়ে পড়ছে।,Emergency,Immediately go to emergency department or call ambulance
"গলার ভেতরে মাছের কাঁটা বিঁধে আছে, অনেক চেষ্টা করেও নামানো যাচ্ছে না আর খুব জ্বলে।",Urgent,Seek medical care within 24–48 hours
টনসিল অপারেশনের আধুনিক পদ্ধতি এবং এর পরবর্তী সতর্কতা সংক্রান্ত সাধারণ ধারণা চাই।,General Query,"No immediate action required, informational response sufficient"
হঠাৎ করে গলা আর মুখমণ্ডল অস্বাভাবিক ফুলে গেছে আর শ্বাস নিতে খুব কষ্ট হচ্ছে।,Emergency,Immediately go to emergency department or call ambulance
"গলায় গরম কিছু লেগে ভেতরে ছ্যাঁকা লেগেছে, এখন ঢোক গিলতে গেলে প্রচণ্ড জ্বালাপোড়া করে।",Urgent,Seek medical care within 24–48 hours
ঘাড়ের ব্যথার জন্য ঘরোয়াভাবে ফিজিওথেরাপি বা ব্যায়াম করার সঠিক নিয়ম জানতে আগ্রহী।,General Query,"No immediate action required, informational response sufficient"
গলার সামনে থাইরয়েড গ্রন্থিটা হঠাৎ অনেক বড় হয়ে গেছে আর কথা বলতে গেলে বাধা লাগে।,Urgent,Seek medical care within 24–48 hours
ঘাড়ের পেছনে অনেকদিন ধরে একটা কালো তিল আছে যা ইদানীং একটু বড় হচ্ছে মনে হয়।,Routine,Schedule a regular medical consultation
গলার ভেতর দিয়ে রক্ত বের হচ্ছে আর মানুষটা অনবরত বমি করে ফ্যাকাশে হয়ে যাচ্ছে।,Emergency,Immediately go to emergency department or call ambulance
টনসিল বারবার বড় হওয়া বা ইনফেকশন হওয়ার কারণ ও প্রতিকার সম্পর্কে সচেতনতা প্রয়োজন।,General Query,"No immediate action required, informational response sufficient"
"ঘাড়ের জয়েন্টে কটকট শব্দ হয় নাড়ালে, মাঝেমধ্যে হাত পর্যন্ত ঝিঁঝিঁ ধরে যায়।",Urgent,Seek medical care within 24–48 hours
গলার নিচে কলার বোনের কাছে একটা নরম মাংসপিণ্ড হয়েছে যা দিন দিন সাইজে বাড়ছে।,Routine,Schedule a regular medical consultation
হঠাৎ করে গলার স্বর একদম বন্ধ হয়ে গেছে আর দম নিতে গেলে বাঁশির মতো শব্দ হচ্ছে।,Emergency,Immediately go to emergency department or call ambulance
ঘাড়ের পেছনে রোদে পোড়া দাগ দূর করার সাধারণ কোনো টিপস বা ক্রিম আছে কি?,General Query,"No immediate action required, informational response sufficient"
ঘাড়ের ডানে বা বামে তাকাতে গেলে শিরদাঁড়ায় প্রচণ্ড টান লাগে আর খুব ব্যথা করে।,Routine,Schedule a regular medical consultation
বিষাক্ত কিছু পান করার পর গলা পুড়ে কয়লা হয়ে যাচ্ছে আর মানুষটা জ্ঞান হারিয়েছে।,Emergency,Immediately go to emergency department or call ambulance
"ঘাড়ের পেছনে একটা বড় ফোঁড়া হয়েছে যা পেকে লাল হয়ে আছে, প্রচণ্ড জ্বর সাথে।",Urgent,Seek medical care within 24–48 hours
গলার ভেতর সবসময় কিছু একটা আটকে আছে মনে হয় কিন্তু পরীক্ষা করলে কিছু পাওয়া যায় না।,Routine,Schedule a regular medical consultation
টনসিলের জায়গায় খাবার আটকে গিয়ে পচে দুর্গন্ধ বের হচ্ছে আর জায়গাটা লাল হয়ে আছে।,Urgent,Seek medical care within 24–48 hours
"ঘাড়ের পেছনে মাংস জমে উঁচু হয়ে গেছে যাকে হাম্প বলে, এটা কি ব্যায়ামে কমানো সম্ভব?",General Query,"No immediate action required, informational response sufficient"
গলার ভেতরে প্রচণ্ড জ্বালাপোড়া আর বুক জ্বালাপোড়া একসাথে হচ্ছে গত কয়েকদিন ধরে।,Routine,Schedule a regular medical consultation
হঠাৎ করে গলার একপাশ ফুলে শক্ত হয়ে গেছে আর লোকটার মুখ দিয়ে লালা পড়ছে।,Emergency,Immediately go to emergency department or call ambulance
টনসিলের ফোলা এতো বেড়েছে যে খাবার গিলতে পারছি না আর রাতে শ্বাস আটকে যাচ্ছে।,Urgent,Seek medical care within 24–48 hours
গলায় ওড়না বা রশি দিয়ে ফাঁস লাগার পর মানুষটা জ্ঞান হারিয়েছে আর জিহ্বা বের হয়ে আছে।,Emergency,Immediately go to emergency department or call ambulance
ঘাড়ের হাড়ের কোনো সমস্যা থাকলে কি মাথা ব্যথা হতে পারে? এই বিষয়ে বিস্তারিত জানা দরকার।,General Query,"No immediate action required, informational response sufficient"
গলায় কী জানি একটা শক্ত বিচির মতো অনুভব করি যেটা ঢোক গিললে ওপর-নিচ করে।,Routine,Schedule a regular medical consultation
টনসিলের ইনফেকশনের পর থেকে গলার স্বর পুরোপুরি বদলে গেছে আর অনবরত কাশি হচ্ছে।,Urgent,Seek medical care within 24–48 hours
"ঘাড়ের পেছনে একটা চর্বির চাকা বা লাইপোমা হয়েছে, এটা অপারেশন করা কি খুব জরুরি?",General Query,"No immediate action required, informational response sufficient"
হঠাৎ করে গলার ভেতরে প্রচণ্ড টান লেগে সব কিছু অবশ হয়ে আসছে আর কথা বলতে পারছি না।,Emergency,Immediately go to emergency department or call ambulance
ঘাড়ের পেছনের অংশে অনেকদিন ধরে একজিমা বা চর্মরোগ আছে যা কিছুতেই সারছে না।,Routine,Schedule a regular medical consultation
গলা ব্যথা কমানোর জন্য কুসুম গরম পানি আর লবণের গার্গল করার সঠিক নিয়ম জানা দরকার।,General Query,"No immediate action required, informational response sufficient"
ঘাড়ের নিচের দিকে প্রচণ্ড আঘাতের পর হাত-পায়ের আঙ্গুলগুলো কাঁপছে আর চোখে ঝাপসা দেখছি।,Emergency,Immediately go to emergency department or call ambulance
টনসিল ফুলে যাওয়ার কারণে কানের পর্দা বন্ধ হয়ে আছে মনে হয় আর কানে কম শুনছি।,Urgent,Seek medical care within 24–48 hours
"বুকের মাঝখানে প্রচণ্ড চাপ আর পাথর দিয়ে চেপে ধরার মতো ব্যথা হচ্ছে, যেটা বাম হাত আর চোয়ালে ছড়িয়ে যাচ্ছে।",Emergency,Immediately go to emergency department or call ambulance
ফুসফুস ভালো রাখার জন্য গভীর শ্বাসপ্রশ্বাসের ব্যায়াম এবং ধুমপান ত্যাগের সাধারণ উপায়গুলো জানতে চাই।,General Query,"No immediate action required, informational response sufficient"
"পাঁজরের নিচে মাঝেমধ্যে হালকা চিনচিন করে ব্যথা হয়, বিশেষ করে ঝাল খাবার খেলে।",Routine,Schedule a regular medical consultation
শ্বাস নিতে গেলে বুকের ভেতর শাঁ শাঁ শব্দ হচ্ছে আর মনে হচ্ছে কেউ গলা টিপে ধরেছে।,Emergency,Immediately go to emergency department or call ambulance
বুকে কফ জমার সাধারণ লক্ষণ এবং ঘরোয়া পদ্ধতিতে কফ পরিষ্কার করার নিয়মাবলী জানা প্রয়োজন।,General Query,"No immediate action required, informational response sufficient"
"সিঁড়ি দিয়ে ওপরে উঠলে বুক ধড়ফড় করে আর খুব হাঁপিয়ে যাই, কিন্তু কিছুক্ষণ বসলে ঠিক হয়ে যায়।",Routine,Schedule a regular medical consultation
"হঠাৎ করে প্রচণ্ড বুক ব্যথার সাথে শরীর ঘামছে আর বমি বমি ভাব হচ্ছে, মানুষটা নিস্তেজ হয়ে পড়ছে।",Emergency,Immediately go to emergency department or call ambulance
বুকের এক্স-রে করার নিয়ম এবং এর মাধ্যমে ফুসফুসের কী কী রোগ ধরা পড়ে তা জানতে আগ্রহী।,General Query,"No immediate action required, informational response sufficient"
কাশি দিলে কাশির সাথে তাজা লাল রক্ত বের হচ্ছে আর শ্বাস নিতে খুব কষ্ট হচ্ছে।,Emergency,Immediately go to emergency department or call ambulance
"বুকের ঠিক মাঝখানে জ্বালাপোড়া করে আর টক ঢেকুর ওঠে, মনে হয় ভেতরটা পুড়ে যাচ্ছে।",Routine,Schedule a regular medical consultation
খাবার খেতে গেলে বুকের মাঝখানে আটকে যায় আর প্রচণ্ড ব্যথা শুরু হয়।,Urgent,Seek medical care within 24–48 hours
অ্যাজমা বা হাঁপানি রোগীদের জন্য ইনহেলার ব্যবহারের সঠিক নিয়ম এবং সাধারণ সতর্কতা দরকার।,General Query,"No immediate action required, informational response sufficient"
বুকের পাঁজরে সরাসরি বড় কোনো আঘাত লেগেছে এবং এখন শ্বাস নিতে গেলেই হাড় ঘষার মতো শব্দ হচ্ছে।,Emergency,Immediately go to emergency department or call ambulance
বুকের দুধের ভেতরে শক্ত চাকা বা বিচির মতো অনুভব করছি যা দিন দিন বড় হচ্ছে।,Urgent,Seek medical care within 24–48 hours
ফুসফুসের ক্যান্সার স্ক্রিনিং করার জন্য সাধারণ গাইডলাইন এবং ঝুঁকি সম্পর্কে তথ্য চাই।,General Query,"No immediate action required, informational response sufficient"
হঠাৎ বুক ধড়ফড়ানি শুরু হয়েছে আর মনে হচ্ছে হার্টবিট খুব দ্রুত বা অনিয়মিতভাবে চলছে।,Urgent,Seek medical care within 24–48 hours
"বুকের পাজরের হাড়ের ওপর ছোট একটা ফোড়া হয়েছে, লাল হয়ে আছে আর ব্যথা করে।",Routine,Schedule a regular medical consultation
"দীর্ঘদিনের পুরনো কাশি যেটা কিছুতেই সারছে না, সাথে বিকেলের দিকে হালকা জ্বর আসে।",Urgent,Seek medical care within 24–48 hours
বুকের ছাতি বা চেস্ট ক্যাভিটি প্রশস্ত করার জন্য কি কোনো বিশেষ ব্যায়াম আছে? সাধারণ তথ্য চাই।,General Query,"No immediate action required, informational response sufficient"
বুকের চামড়ায় সাদাটে দাগ দেখা যাচ্ছে যা মাঝেমধ্যে চুলকায় কিন্তু অন্য কোনো সমস্যা নেই।,Routine,Schedule a regular medical consultation
হঠাৎ করে বুকের একপাশে প্রচণ্ড সুঁই ফোটানো ব্যথা শুরু হয়েছে আর কথা বলতে পারছি না।,Emergency,Immediately go to emergency department or call ambulance
নিউমোনিয়া প্রতিরোধের জন্য ভ্যাকসিনের নাম এবং এটি নেওয়ার সঠিক সময় সম্পর্কে জানতে চাই।,General Query,"No immediate action required, informational response sufficient"
বুকের মাঝখানে অনেকদিন ধরে একটা ব্যথা আছে যা শুয়ে থাকলে বাড়ে কিন্তু হাঁটলে কমে যায়।,Routine,Schedule a regular medical consultation
হঠাৎ করে অনেকগুলো বিষাক্ত গ্যাসের ধোঁয়া পেটে গেছে আর এখন বুক জ্বলছে আর দম আটকে আসছে।,Emergency,Immediately go to emergency department or call ambulance
বুকের হাড়ের ওপর একটা শক্ত পিণ্ড হয়েছে যা টিপলে নড়ে না এবং দিন দিন শক্ত হচ্ছে।,Urgent,Seek medical care within 24–48 hours
বুকের পেশি টান লাগলে বা স্প্যাজম হলে প্রাথমিক চিকিৎসার সাধারণ উপায়গুলো জানা দরকার।,General Query,"No immediate action required, informational response sufficient"
বুকের বাঁপাশে মাঝেমধ্যে চিনচিনে ব্যথা হয় যা কয়েক সেকেন্ড থেকে আবার চলে যায়।,Routine,Schedule a regular medical consultation
ঠান্ডা লাগার পর থেকে বুকের ভেতরে শোঁ শোঁ শব্দ হয় আর রাতে ঘুমানো যায় না।,Urgent,Seek medical care within 24–48 hours
হার্টের ব্লকেজ বা করোনারি আর্টারি ডিজিজ সম্পর্কে সাধারণ ধারণা এবং এর ঝুঁকিগুলো জানতে আগ্রহী।,General Query,"No immediate action required, informational response sufficient"
"বুকের ভেতরটা খুব ভারী লাগছে আর মনে হচ্ছে কেউ পাথর দিয়ে চেপে ধরছে, শ্বাস নিতে পারছি না।",Emergency,Immediately go to emergency department or call ambulance
বুকের খাঁচার নিচে হাত দিলে একটা বিচির মতো লাগে যেটা মাঝেমধ্যে একটু ব্যথা করে।,Routine,Schedule a regular medical consultation
কাশি দিলে পাঁজরে প্রচণ্ড টান লাগে আর মনে হয় হাড়গুলো ভেঙে যাচ্ছে।,Urgent,Seek medical care within 24–48 hours
সিওপিডি (COPD) রোগীদের সাধারণ জীবনযাপন পদ্ধতি এবং শ্বাসকষ্ট কমানোর টিপস জানা প্রয়োজন।,General Query,"No immediate action required, informational response sufficient"
বুকের ওপরের দিকে একপাশে অনেকগুলো ছোট লাল দানা উঠেছে যা খুব জ্বলে।,Routine,Schedule a regular medical consultation
বুকের ব্যথার জন্য কি কোনো বিশেষ ডায়েট বা খাবার আছে? এই বিষয়ে সাধারণ তথ্য চাই।,General Query,"No immediate action required, informational response sufficient"
হঠাৎ করে ফুসফুসের এলাকাটা একদম জমে গেছে মনে হচ্ছে আর কাশলে মুখ দিয়ে ফেনা আসছে।,Emergency,Immediately go to emergency department or call ambulance
পাঁজরের হাড়ের নিচে মাঝেমধ্যে গ্যাস্ট্রিকের মতো ব্যথা হয় যা পিঠের দিকে চলে যায়।,Routine,Schedule a regular medical consultation
ইসিজি (ECG) করার প্রয়োজনীয়তা এবং এটি করার মাধ্যমে কী কী হৃদরোগ ধরা পড়ে তা জানতে চাই।,General Query,"No immediate action required, informational response sufficient"
বুকের মাঝখানে কাঁচ দিয়ে কাটার মতো প্রচণ্ড ব্যথা হচ্ছে আর রোগী যন্ত্রণায় চিৎকার করছে।,Emergency,Immediately go to emergency department or call ambulance
বুকের পাঁজরের পাশে একটা টিউমারের মতো হয়েছে যা ব্যথাহীন কিন্তু দেখতে খারাপ লাগে।,Routine,Schedule a regular medical consultation
বুকের ভেতরে কেমন জানি খালি খালি লাগে আর সবসময় একটা ভয় ভয় ভাব কাজ করে।,Routine,Schedule a regular medical consultation
যক্ষ্মা বা টিবি রোগের সাধারণ লক্ষণ এবং সরকারি চিকিৎসা কেন্দ্র সম্পর্কে তথ্য দরকার।,General Query,"No immediate action required, informational response sufficient"
হঠাৎ করে হার্টবিট বন্ধ হয়ে গেছে মনে হচ্ছে আর মানুষটা নীল হয়ে মেঝেতে পড়ে আছে।,Emergency,Immediately go to emergency department or call ambulance
বুকের মাঝখানে প্রচণ্ড চাপ আর মোচড় দিয়ে ব্যথা হচ্ছে যা ঘাড় আর বাম চোয়ালে ছড়িয়ে যাচ্ছে।,Emergency,Immediately go to emergency department or call ambulance
হার্টের সুস্থতা বজায় রাখার জন্য প্রয়োজনীয় খাদ্যাভ্যাস এবং ব্যায়ামের সাধারণ নির্দেশিকা জানতে চাই।,General Query,"No immediate action required, informational response sufficient"
"বাম দিকের বুকের ভেতরে মাঝেমধ্যে সুঁই ফোটানোর মতো ব্যথা হয়, যা কয়েক সেকেন্ড পরেই চলে যায়।",Routine,Schedule a regular medical consultation
বুকের মাঝখানে পাথর দিয়ে চেপে ধরার মতো অসহ্য ব্যথার সাথে রোগী অনবরত ঘামছে আর বমি করছে।,Emergency,Immediately go to emergency department or call ambulance
উচ্চ রক্তচাপ বা হাইপারটেনশন নিয়ন্ত্রণের উপায় এবং এর দীর্ঘমেয়াদী ঝুঁকি সম্পর্কে তথ্য প্রয়োজন।,General Query,"No immediate action required, informational response sufficient"
হঠাৎ করে হার্টবিট খুব বেড়ে গেছে আর বুকের ভেতরে ধড়ফড়ানি অনুভব করছি যা থামছে না।,Urgent,Seek medical care within 24–48 hours
বুকের বাম পাশে হাত দিলে মাঝেমধ্যে একটা চিনচিনে ব্যথা হয় যা শুয়ে থাকলে বেড়ে যায়।,Routine,Schedule a regular medical consultation
হার্ট অ্যাটাকের পূর্বলক্ষণ এবং এমন অবস্থায় প্রাথমিক করণীয় সম্পর্কে সাধারণ ধারণা ও তথ্য চাই।,General Query,"No immediate action required, informational response sufficient"
হঠাৎ করে বুকের মাঝখানে কাঁপন শুরু হয়েছে আর মানুষটা নীল হয়ে মাটিতে লুটিয়ে পড়েছে।,Emergency,Immediately go to emergency department or call ambulance
বুকের বাম পাশের পাঁজরের নিচে মাঝেমধ্যে গ্যাসের মতো ব্যথা হয় যা পিঠের দিকে চলে যায়।,Routine,Schedule a regular medical consultation
"কাজের চাপে থাকলে বুক ধড়ফড় করে আর হাত-পা কাঁপতে থাকে, একটু বিশ্রাম নিলে ঠিক হয়।",Routine,Schedule a regular medical consultation
ইকোকার্ডিওগ্রাম (ECHO) এবং ইটিটি (ETT) পরীক্ষার প্রয়োজনীয়তা ও নিয়ম সম্পর্কে বিস্তারিত তথ্য চাই।,General Query,"No immediate action required, informational response sufficient"
বুকের মাঝখানে প্রচণ্ড চাপের সাথে শ্বাস নিতে একদম পারছেন না আর শরীর বরফের মতো ঠান্ডা হয়ে যাচ্ছে।,Emergency,Immediately go to emergency department or call ambulance
"বুকের বাম পাশে একটা ভারী ভাব অনুভূত হয় সবসময়, মনে হয় কিছু একটা আটকে আছে।",Urgent,Seek medical care within 24–48 hours
"হঠাৎ করে হার্টবিট বন্ধ হয়ে গেছে মনে হচ্ছে আর রোগী কথা বলতে পারছে না, চোখে ঝাপসা দেখছে।",Emergency,Immediately go to emergency department or call ambulance
হার্টে ব্লকেজ থাকলে কী কী শারীরিক অসুবিধা হতে পারে তার একটি সাধারণ বিবরণী প্রয়োজন।,General Query,"No immediate action required, informational response sufficient"
বুকের মাঝখান থেকে ব্যথাটা পিঠের দিকে চলে যাচ্ছে আর বুকটা খুব জ্বালাপোড়া করছে।,Urgent,Seek medical care within 24–48 hours
হার্টের রিং বা স্টেন্ট বসানোর পরবর্তী নিয়মকানুন এবং সতর্কতা সম্পর্কে সাধারণ তথ্য চাই।,General Query,"No immediate action required, informational response sufficient"
বাম পাশের বুকে একটা বিচির মতো অনুভূত হচ্ছে যা টিপ দিলে একটু ব্যথা করে।,Routine,Schedule a regular medical consultation
অল্প পরিশ্রমেই হাঁপিয়ে যাওয়া এবং বুক ধড়ফড় করা কি হার্টের সমস্যার লক্ষণ? সাধারণ তথ্য চাই।,General Query,"No immediate action required, informational response sufficient"
বুকের মাঝখানে অনেকক্ষণ ধরে দপদপ করছে আর মাথা খুব ঝিমঝিম করছে।,Urgent,Seek medical care within 24–48 hours
হার্ট ফেইলিওর এর সাধারণ লক্ষণ এবং এর প্রতিকারের উপায়গুলো সম্পর্কে সচেতনতা প্রয়োজন।,General Query,"No immediate action required, informational response sufficient"
বুকের মাঝখানে অস্থির লাগে আর মনে হয় হার্টটা বড় হয়ে গেছে বা জায়গা নিচ্ছে না।,Routine,Schedule a regular medical consultation
রাতে ঘুমানোর সময় বুকের বাম দিকে চাপ অনুভব করি আর মাঝেমধ্যে দম আটকে আসে।,Urgent,Seek medical care within 24–48 hours
বুকের মাঝখানে বিদ্যুতের ঝটকা লাগার মতো অনুভূতি হচ্ছে আর মানুষটা অজ্ঞান হয়ে যাচ্ছে।,Emergency,Immediately go to emergency department or call ambulance
রক্তে কোলেস্টেরল বাড়লে হার্টের কী ক্ষতি হয় এবং এটি কমানোর সাধারণ উপায়গুলো জানতে চাই।,General Query,"No immediate action required, informational response sufficient"
বুকের বাম পাশের চামড়ায় ছোট ছোট ফুসকুড়ি হয়েছে যা খুব জ্বলে আর মাঝে মাঝে চুলকায়।,Routine,Schedule a regular medical consultation
বুকের ভেতরটা সবসময় ধুকপুক করে আর মনে হয় হার্টবিট খুব ধীরগতিতে চলছে।,Urgent,Seek medical care within 24–48 hours
বুকের মাঝখানে প্রচণ্ড ব্যথার সাথে বাম হাত একদম অবশ হয়ে গেছে আর নাড়াতে পারছি না।,Emergency,Immediately go to emergency department or call ambulance
বুকের বাম পাশে চিনচিন করে ব্যথাটা মাঝেমধ্যে কানের কাছে বা চোয়ালে চলে যায়।,Urgent,Seek medical care within 24–48 hours
হৃৎপিণ্ডের রক্ত সঞ্চালন বাড়ানোর প্রাকৃতিক উপায় এবং সাধারণ জীবনযাত্রা সম্পর্কে তথ্য চাই।,General Query,"No immediate action required, informational response sufficient"
হঠাৎ করে বুকের মাঝখানে খুব খালি খালি লাগছে আর হাত-পা একদম অবশ হয়ে আসছে।,Emergency,Immediately go to emergency department or call ambulance
বুকের বাম দিকে অনেকদিন ধরে একটা হালকা ব্যথা আছে যা ভারী কাজ করলে বাড়ে।,Routine,Schedule a regular medical consultation
বুকের মাঝখানে ফোলা অনুভব করছি আর মনে হচ্ছে ভেতরে পানি জমেছে।,Urgent,Seek medical care within 24–48 hours
বুকের ভেতর হঠাৎ করে গরম রক্তের স্রোত বয়ে যাওয়ার মতো অনুভূত হচ্ছে আর শ্বাস বন্ধ হয়ে আসছে।,Emergency,Immediately go to emergency department or call ambulance
পেশি বা হাড়ের ব্যথার সাথে হার্টের ব্যথার পার্থক্য বোঝার সাধারণ উপায়গুলো কী কী?,General Query,"No immediate action required, informational response sufficient"
বুকের মাঝখানে একটা অস্বস্তি যা খাওয়ার পর বাড়ে কিন্তু কিছুক্ষণ হাঁটলে কমে যায়।,Routine,Schedule a regular medical consultation
বুকের ভেতর কামড় দিয়ে ধরার মতো প্রচণ্ড ব্যথা আর রক্তবমি হচ্ছে সাথে।,Emergency,Immediately go to emergency department or call ambulance
হার্ট রিদমে সমস্যা বা এরিথমিয়া প্রতিরোধের সাধারণ নিয়মাবলী ও চিকিৎসা পদ্ধতি জানতে আগ্রহী।,General Query,"No immediate action required, informational response sufficient"
বুকের বাম পাশে হঠাৎ করে শিরশিরানি শুরু হয়েছে আর পিঠের দিকটা অবশ হয়ে গেছে।,Urgent,Seek medical care within 24–48 hours
বুকের মাঝখানে সরাসরি কোনো ভারী বস্তু পড়ে হাড় ভেঙে গেছে মনে হচ্ছে আর রক্তক্ষরণ হচ্ছে।,Emergency,Immediately go to emergency department or call ambulance
পেটের ডান পাশে নিচে প্রচণ্ড ব্যথা যা নাভির চারপাশ থেকে শুরু হয়ে এখন অসহ্য হয়ে গেছে।,Emergency,Immediately go to emergency department or call ambulance
"তলপেটে মাঝেমধ্যে হালকা কামড় দিয়ে ব্যথা হয়, বিশেষ করে ভারি কিছু তুললে।",Routine,Schedule a regular medical consultation
পেট একদম শক্ত হয়ে গেছে আর অসহ্য ব্যথার সাথে রোগী অনবরত বমি করছে আর মলত্যাগ করতে পারছে না।,Emergency,Immediately go to emergency department or call ambulance
বাম পাশের পেটে মাঝেমধ্যে চিনচিনে ব্যথা হয় যা খাওয়ার পর কিছুক্ষণ থাকে আবার চলে যায়।,Routine,Schedule a regular medical consultation
পেটের আলসার বা ক্ষত হওয়ার কারণ এবং এর প্রতিকারের সাধারণ চিকিৎসা পদ্ধতি সম্পর্কে জানতে আগ্রহী।,General Query,"No immediate action required, informational response sufficient"
পেটের উপরের দিকে প্রচণ্ড ব্যথার সাথে শরীর হলুদ হয়ে যাচ্ছে আর প্রস্রাব খুব গাঢ় রঙের হচ্ছে।,Urgent,Seek medical care within 24–48 hours
হঠাৎ করে পেটে কোনো ধারালো অস্ত্র ঢুকে গভীর ক্ষত হয়েছে আর নাড়িভুঁড়ি বের হয়ে আসছে।,Emergency,Immediately go to emergency department or call ambulance
তলপেটে প্রচণ্ড চাপ অনুভব করছি আর প্রস্রাব করতে গেলে খুব জ্বালাপোড়া করে।,Urgent,Seek medical care within 24–48 hours
নাভির ভেতরে খুব চুলকায় আর মাঝেমধ্যে সাদাটে দুর্গন্ধযুক্ত রস বের হয়।,Routine,Schedule a regular medical consultation
গলব্লাডারে পাথর হওয়ার লক্ষণ এবং এর আধুনিক চিকিৎসা পদ্ধতি বা অপারেশন সম্পর্কে সাধারণ তথ্য চাই।,General Query,"No immediate action required, informational response sufficient"
"পেট হঠাৎ করে বেলুনের মতো ফুলে গেছে আর রোগী দম নিতে পারছে না, কথা বলতে কষ্ট হচ্ছে।",Emergency,Immediately go to ambulance
"ডান পাশের পাঁজরের নিচে মাঝেমধ্যে কামড়ে ধরে থাকে, বিশেষ করে তৈলাক্ত খাবার খাওয়ার পর।",Urgent,Seek medical care within 24–48 hours
নাভির ওপরের দিকে একটা শক্ত চাকার মতো অনুভূত হয় যা টিপলে নড়ে না কিন্তু ব্যথা করে।,Urgent,Seek medical care within 24–48 hours
পেট ফাঁপা বা ব্লটিং কমানোর সাধারণ উপায় এবং ডায়েট চার্ট সম্পর্কে বিস্তারিত তথ্য প্রয়োজন।,General Query,"No immediate action required, informational response sufficient"
বাম পাশের পেটে অনেকদিন ধরে একটা হালকা অস্বস্তি আছে যা খালি পেটে থাকলে বাড়ে।,Routine,Schedule a regular medical consultation
তলপেটে মেয়েদের মাসিক চলাকালীন অতিরিক্ত ব্যথার কারণ ও ঘরোয়া প্রতিকার সম্পর্কে তথ্য চাই।,General Query,"No immediate action required, informational response sufficient"
পেটের ভেতরে মোচড় দিয়ে প্রচণ্ড ব্যথা আর সাথে অনবরত রক্ত আমাশয় হচ্ছে।,Urgent,Seek medical care within 24–48 hours
লিভারের যত্ন এবং ফ্যাটি লিভার প্রতিরোধের সাধারণ উপায়সমূহ সম্পর্কে সচেতনতা প্রয়োজন।,General Query,"No immediate action required, informational response sufficient"
গাড়ি দুর্ঘটনার পর পেটের বাম পাশে প্রচণ্ড ব্যথা আর মানুষটা যন্ত্রণায় কুঁকড়ে আছে।,Emergency,Immediately go to emergency department or call ambulance
তলপেটে ভারী ভারী লাগে আর মনে হয় ভেতরে কোনো চাকা বা টিউমার হয়েছে।,Urgent,Seek medical care within 24–48 hours
পেটের ডান পাশে নিচ থেকে ব্যথা পা পর্যন্ত ছড়িয়ে যাচ্ছে আর পা নাড়াতে পারছি না।,Emergency,Immediately go to emergency department or call ambulance
নাভির চারপাশের চামড়ায় চুলকানি আর ছোট ছোট ফুসকুড়ি দেখা যাচ্ছে অনেকদিন ধরে।,Routine,Schedule a regular medical consultation
পেটের কৃমি দূর করার সাধারণ ওষুধ এবং স্বাস্থ্যবিধি সম্পর্কে প্রাথমিক তথ্য প্রয়োজন।,General Query,"No immediate action required, informational response sufficient"
পেটের বাম পাশে মাঝেমধ্যে বিদ্যুতের ঝটকার মতো ব্যথা অনুভূত হয় যা কয়েক সেকেন্ড থাকে।,Routine,Schedule a regular medical consultation
নাভির নিচে প্রস্রাব থলিতে প্রচণ্ড ব্যথা আর মনে হচ্ছে প্রস্রাব আটকে আছে।,Urgent,Seek medical care within 24–48 hours
হার্নিয়া রোগের কারণ এবং এর সাধারণ লক্ষণগুলো সম্পর্কে বিস্তারিত তথ্য জানতে আগ্রহী।,General Query,"No immediate action required, informational response sufficient"
পেট দিয়ে অনবরত পানি আর রক্ত যাচ্ছে এবং রোগী যন্ত্রণায় জ্ঞান হারিয়েছে।,Emergency,Immediately go to emergency department or call ambulance
তলপেটে একটানা অনেকদিন ধরে ব্যথা আর ওজন হঠাৎ করেই অনেক কমে গেছে।,Urgent,Seek medical care within 24–48 hours
পেটের চর্বি বা ভুঁড়ি কমানোর সহজ ব্যায়াম এবং খাবারের তালিকা সম্পর্কে সাধারণ ধারণা চাই।,General Query,"No immediate action required, informational response sufficient"
হঠাৎ করে পেটের ভেতরে প্রচণ্ড কামড় দিয়ে কালো রঙের মল বের হচ্ছে আর রোগী নিস্তেজ হয়ে পড়ছে।,Emergency,Immediately go to emergency department or call ambulance
পেটের বাম পাশে অনেকদিন ধরে একটা ব্যথা আছে যা খাওয়ার পর বেড়ে যায়।,Urgent,Seek medical care within 24–48 hours
কিডনিতে পাথর হওয়ার প্রাথমিক সিম্পটম এবং পানি পানের সঠিক নিয়মাবলী সম্পর্কে তথ্য প্রয়োজন।,General Query,"No immediate action required, informational response sufficient"
পেটের মাঝখানে প্রচণ্ড জ্বালাপোড়া আর তার সাথে বুকে খুব চাপ অনুভব করছি।,Urgent,Seek medical care within 24–48 hours
নাভির পাশে একটা আঁচিলের মতো হয়েছে যেটা ঘষা লাগলে রক্ত বের হয়।,Routine,Schedule a regular medical consultation
আইবিএস (IBS) রোগীদের জন্য সাধারণ খাবারের নিয়ম এবং লাইফস্টাইল সম্পর্কে টিপস চাই।,General Query,"No immediate action required, informational response sufficient"
ডান পাশের পেটে প্রচণ্ড ব্যথার সাথে অনেক বেশি জ্বর আর কাঁপুনি আসছে গত রাত থেকে।,Urgent,Seek medical care within 24–48 hours
তলপেটে একটা অস্বস্তি যা প্রস্রাব করলে কিছুটা কমে যায় কিন্তু আবার ফিরে আসে।,Routine,Schedule a regular medical consultation
পেটের ভেতরে কিছু একটা নড়াচড়া করছে মনে হয় আর সবসময় একটা অস্বস্তি লাগে।,Routine,Schedule a regular medical consultation
এন্ডোস্কোপি এবং কোলোনস্কোপি পরীক্ষার প্রয়োজনীয়তা ও সতর্কতা সম্পর্কে সাধারণ তথ্য চাই।,General Query,"No immediate action required, informational response sufficient"
পেটে প্রচণ্ড চাপের পর হঠাৎ করে সব অবশ হয়ে গেছে আর নাড়িভুঁড়ি নড়ছে না মনে হচ্ছে।,Emergency,Immediately go to emergency department or call ambulance
তলপেটের চামড়ায় সাদা সাদা দাগ দেখা যাচ্ছে যা রোদে গেলে খুব চুলকায়।,Routine,Schedule a regular medical consultation
নাভির চারপাশে প্রচণ্ড কামড় দিয়ে ধরে আছে আর বারবার বমি হচ্ছে কিন্তু পেট পরিষ্কার হচ্ছে না।,Urgent,Seek medical care within 24–48 hours
অ্যাপেন্ডিসাইটিস হওয়ার প্রধান কারণ এবং এর অপারেশন পরবর্তী যত্ন সম্পর্কে জানতে আগ্রহী।,General Query,"No immediate action required, informational response sufficient"
পেটের বাম পাশে পাঁজরের নিচে প্রচণ্ড আঘাতের পর শ্বাস নিতে খুব কষ্ট হচ্ছে।,Emergency,Immediately go to emergency department or call ambulance
তলপেটে একটানা ভারী ভাব আর প্রস্রাবের রং মাঝেমধ্যে ঘোলাটে দেখা যায়।,Urgent,Seek medical care within 24–48 hours
কোষ্ঠকাঠিন্য দূর করার সাধারণ প্রাকৃতিক উপায় এবং ইসবগুলের ভুষি খাওয়ার নিয়ম জানা দরকার।,General Query,"No immediate action required, informational response sufficient"
পেটের ওপরের মাঝখানে হঠাৎ করে কাঁচ দিয়ে কাটার মতো প্রচণ্ড ব্যথা শুরু হয়েছে।,Emergency,Immediately go to emergency department or call ambulance
পেটের ডান পাশে মাঝেমধ্যে চিনচিন করে যা বিশ্রাম নিলে আবার কমে যায়।,Routine,Schedule a regular medical consultation
পেটের যেকোনো সার্জারির পর ক্ষতস্থানের সাধারণ যত্ন এবং ইনফেকশন প্রতিরোধের তথ্য চাই।,General Query,"No immediate action required, informational response sufficient"
পেটের মাঝখানে হাত দিলে একটা পিণ্ড অনুভূত হয় যেটা হার্টবিটের মতো লাফাচ্ছে।,Emergency,Immediately go to emergency department or call ambulance
নাভির পাশে একটা লালচে ছোপ যা মাঝেমধ্যে শুকনো হয়ে চামড়া উঠে যায়।,Routine,Schedule a regular medical consultation
পেটের ডান পাশে হাড়ের নিচে কামড়ে ধরে আছে যা পিঠের ডানেও ছড়িয়ে পড়ছে।,Urgent,Seek medical care within 24–48 hours
পেটের গ্যাস কমানোর জন্য যোয়ান বা আদা খাওয়ার বৈজ্ঞানিক ভিত্তি সম্পর্কে সাধারণ তথ্য চাই।,General Query,"No immediate action required, informational response sufficient"
পেটের ভেতরে গরম অনুভব করি আর মনে হয় অ্যাসিড ওপরের দিকে উঠে আসছে।,Routine,Schedule a regular medical consultation
হঠাৎ পেটে প্রচণ্ড ব্যথার সাথে শরীর ঠান্ডা হয়ে নীল হয়ে যাচ্ছে আর নাড়ি পাওয়া যাচ্ছে না।,Emergency,Immediately go to emergency department or call ambulance
তলপেটের বাম পাশে একটা টান অনুভূত হয় যা জোরে হাঁটলে বা দৌড়ালে বেড়ে যায়।,Routine,Schedule a regular medical consultation
পেটের হাড় বা পাজর যেখানে শেষ হয়েছে সেখানে একটা উঁচু পিণ্ড দেখা যাচ্ছে।,Urgent,Seek medical care within 24–48 hours
প্যানক্রিয়াটাইটিস বা অগ্ন্যাশয়ের প্রদাহের সাধারণ লক্ষণ এবং এর ভয়াবহতা সম্পর্কে তথ্য চাই।,General Query,"No immediate action required, informational response sufficient"
পেটের মাঝখানে হঠাৎ করে নাড়ি ছিঁড়ে যাওয়ার মতো প্রচণ্ড ব্যথা শুরু হয়েছে আর রোগী ফ্যাকাশে হয়ে ঘামছে।,Emergency,Immediately go to emergency department or call ambulance
পেটের মেদ কমানোর জন্য ইন্টারমিটেন্ট ফাস্টিং বা নির্দিষ্ট সময় উপোস থাকার বৈজ্ঞানিক নিয়মাবলী জানতে চাই।,General Query,"No immediate action required, informational response sufficient"
নাভির ডান পাশে মাঝেমধ্যে একটা চিনচিনে ব্যথা হয় যা প্রস্রাব করার সময় বেড়ে যায়।,Routine,Schedule a regular medical consultation
পেটে প্রচণ্ড আঘাত পাওয়ার পর থেকে পেট দিন দিন বড় হয়ে যাচ্ছে আর শ্বাস নিতে খুব কষ্ট হচ্ছে।,Emergency,Immediately go to emergency department or call ambulance
লিভার সিরোসিস রোগের প্রাথমিক লক্ষণ এবং এর ঝুঁকি কমানোর সাধারণ উপায়গুলো সম্পর্কে তথ্য প্রয়োজন।,General Query,"No immediate action required, informational response sufficient"
পেটের বাম পাশে পাঁজরের ঠিক নিচে একটা ভারি পিণ্ড অনুভব করছি যা টিপলে ব্যথা লাগে না।,Urgent,Seek medical care within 24–48 hours
তলপেটে মাঝেমধ্যে সুঁই ফোটানোর মতো ব্যথা হয় যা মাসিক চক্রের সাথে সম্পর্কিত মনে হয়।,Routine,Schedule a regular medical consultation
পাকস্থলীর ক্যান্সার স্ক্রিনিং এবং এন্ডোস্কোপি করার সঠিক সময় সম্পর্কে সাধারণ স্বাস্থ্য তথ্য চাই।,General Query,"No immediate action required, informational response sufficient"
পেটের ভেতর হঠাৎ করে প্রচণ্ড জ্বালাপোড়া আর তার সাথে অনবরত রক্তবমি হচ্ছে।,Emergency,Immediately go to emergency department or call ambulance
"ডান পাশের পেটে ব্যথার সাথে প্রচণ্ড জ্বর আর বমি বমি ভাব, মনে হচ্ছে ভেতরে কিছু ফেটে গেছে।",Emergency,Immediately go to emergency department or call ambulance
নাভির চারপাশে ছোট ছোট লাল ছোপ দেখা যাচ্ছে যা খুব চুলকায় আর মাঝেমধ্যে চামড়া ওঠে।,Routine,Schedule a regular medical consultation
পেটের এক্স-রে বা সিটি স্ক্যান করার আগে সাধারণ প্রস্তুতি এবং সতর্কতা সম্পর্কে বিস্তারিত জানতে চাই।,General Query,"No immediate action required, informational response sufficient"
তলপেটে প্রচণ্ড ব্যথার কারণে সোজা হয়ে দাঁড়াতে পারছি না আর তলপেট খুব শক্ত হয়ে আছে।,Urgent,Seek medical care within 24–48 hours
পেটের বাম পাশে অনেকদিন ধরে একটা ব্যথা যা পিঠের দিকে কোমরের কাছে চলে যায়।,Urgent,Seek medical care within 24–48 hours
হঠাৎ করে পেটে তীব্র কামড় দিয়ে পানির মতো মলত্যাগ হচ্ছে আর রোগী জ্ঞান হারিয়ে ফেলেছে।,Emergency,Immediately go to emergency department or call ambulance
পেটের গ্যাস্ট্রিকের ব্যথার সাথে কি হার্ট অ্যাটাকের ব্যথার কোনো মিল আছে? সাধারণ তথ্য চাই।,General Query,"No immediate action required, informational response sufficient"
নাভির ওপরের অংশে হাত দিলে নাড়ির স্পন্দনের মতো দপদপ অনুভব করি সবসময়।,Urgent,Seek medical care within 24–48 hours
পেটের চামড়া খুব ঢিলে হয়ে গেছে আর জায়গায় জায়গায় ফাটা দাগ বা স্ট্রেচ মার্ক দেখা যাচ্ছে।,Routine,Schedule a regular medical consultation
"খাবার খাওয়ার সাথে সাথেই পেটে প্রচণ্ড মোচড় দিয়ে পায়খানায় যেতে হয়, এটি কিসের লক্ষণ?",Urgent,Seek medical care within 24–48 hours
পেটের সুস্থতার জন্য প্রোবায়োটিক খাবার বা দই খাওয়ার উপকারিতা সম্পর্কে সাধারণ তথ্য প্রয়োজন।,General Query,"No immediate action required, informational response sufficient"
পেটের ডান পাশে সরাসরি বড় কোনো আঘাত লেগেছে আর এখন নড়াচড়া করলেই চিৎকার করছি।,Emergency,Immediately go to emergency department or call ambulance
তলপেটে প্রস্রাবের থলির কাছে একটা শক্ত হাড়ের মতো পিণ্ড হয়েছে যা দিন দিন বড় হচ্ছে।,Urgent,Seek medical care within 24–48 hours
নাভির গোড়া দিয়ে রক্ত মিশ্রিত পানি বের হচ্ছে আর প্রচণ্ড দুর্গন্ধ আসছে গত কয়েকদিন ধরে।,Urgent,Seek medical care within 24–48 hours
পেটের সার্জারির পর সেলাইয়ের জায়গা লাল হয়ে পুঁজ বের হচ্ছে আর প্রচণ্ড জ্বর।,Emergency,Immediately go to emergency department or call ambulance
নাভির নিচে একপাশে মাঝেমধ্যে টোকা দেওয়ার মতো একটা অনুভূতি হয় যা অস্বস্তি তৈরি করে।,Routine,Schedule a regular medical consultation
খাবারের বিষক্রিয়া বা ফুড পয়জনিং হলে প্রাথমিক ঘরোয়া চিকিৎসা এবং সতর্কতা সম্পর্কে জানতে চাই।,General Query,"No immediate action required, informational response sufficient"
"পেট একদম ফুলে শক্ত হয়ে আছে আর কোনোভাবেই বায়ু ত্যাগ করা যাচ্ছে না, প্রচণ্ড অস্থিরতা।",Emergency,Immediately go to emergency department or call ambulance
পাকস্থলীর ওপরের দিকে প্রচণ্ড ব্যথার সাথে টক ঢেকুর উঠছে আর মনে হচ্ছে ভেতরটা পুড়ে যাচ্ছে।,Routine,Schedule a regular medical consultation
মলদ্বার বা পায়ুপথের যত্ন এবং সাধারণ পরিচ্ছন্নতা বজায় রাখার উপায়গুলো সম্পর্কে জানতে চাই।,General Query,"No immediate action required, informational response sufficient"
মলত্যাগের সময় ফিনকি দিয়ে তাজা লাল রক্ত বের হচ্ছে কিন্তু কোনো ব্যথা নেই।,Urgent,Seek medical care within 24–48 hours
হঠাৎ করে পেটের ভেতরে প্রচণ্ড মোচড় দিয়ে কালো রঙের আলকাতরার মতো মল বের হচ্ছে আর রোগী নিস্তেজ।,Emergency,Immediately go to emergency department or call ambulance
পাকস্থলীর আলসার বা গ্যাস্ট্রিক দূর করার প্রাকৃতিক প্রতিকার ও খাদ্যাভ্যাস সম্পর্কে তথ্য প্রয়োজন।,General Query,"No immediate action required, informational response sufficient"
মলদ্বার দিয়ে সাদা রঙের পুঁজের মতো আঠালো পদার্থ বের হচ্ছে আর জায়গাটা ভিজে থাকে সবসময়।,Urgent,Seek medical care within 24–48 hours
পাকস্থলীর এলাকায় প্রচণ্ড জ্বালাপোড়া যা পিঠের দিকে চলে যাচ্ছে আর সাথে অনবরত বমি হচ্ছে।,Urgent,Seek medical care within 24–48 hours
মলদ্বার দিয়ে নাড়ি বের হয়ে আসছে মনে হচ্ছে আর প্রচণ্ড ব্যথায় মানুষটা সোজা হতে পারছে না।,Emergency,Immediately go to emergency department or call ambulance
পায়ুপথের চারপাশে খুব চুলকায় আর মাঝেমধ্যে র্যাশ বা ছোট ছোট ফুসকুড়ি দেখা যায়।,Routine,Schedule a regular medical consultation
পাকস্থলীর এসিডিটি পরীক্ষা বা এন্ডোস্কোপি করার আগে কী কী নিয়ম মানতে হয় তা জানতে চাই।,General Query,"No immediate action required, informational response sufficient"
মলত্যাগের পর প্রচণ্ড জ্বালাপোড়া করে যা কয়েক ঘণ্টা পর্যন্ত স্থায়ী হয় আর জায়গাটা ফুলে থাকে।,Urgent,Seek medical care within 24–48 hours
পাকস্থলী এলাকায় কোনো ভারি বস্তু দিয়ে সরাসরি আঘাত লেগেছে আর এখন রক্তবমি হচ্ছে।,Emergency,Immediately go to emergency department or call ambulance
পায়ুপথের ফিস্টুলা বা ভগন্দর রোগের লক্ষণ এবং এর আধুনিক চিকিৎসা পদ্ধতি সম্পর্কে তথ্য চাই।,General Query,"No immediate action required, informational response sufficient"
পাকস্থলীর ঠিক মাঝখানে হাত দিলে একটা দপদপানি অনুভব করি যা খাওয়ার পর বেড়ে যায়।,Routine,Schedule a regular medical consultation
মলদ্বারের আশেপাশে ছোট ছোট আঁচিল বা গোটা হয়েছে যা দিন দিন সংখ্যায় বাড়ছে।,Routine,Schedule a regular medical consultation
পাইলস বা অর্শ্ব রোগের ঘরোয়া প্রতিকার এবং লাইফস্টাইল পরিবর্তন সম্পর্কে সাধারণ ধারণা চাই।,General Query,"No immediate action required, informational response sufficient"
পায়ুপথ দিয়ে কেঁচো বা কৃমি বের হচ্ছে আর পেটে প্রচণ্ড মোচড় দিয়ে ব্যথা হচ্ছে।,Urgent,Seek medical care within 24–48 hours
মলদ্বার দিয়ে কিছু একটা বের হয়ে এসেছে যা হাত দিয়ে ভেতরে ঢুকিয়ে দিতে হয়।,Urgent,Seek medical care within 24–48 hours
পাকস্থলীর ক্যান্সার বা গ্যাস্ট্রিক ম্যালিগন্যান্সি কেন হয় এবং এর ঝুঁকি সম্পর্কে জানতে চাই।,General Query,"No immediate action required, informational response sufficient"
পাকস্থলীর জায়গায় প্রচণ্ড খিল ধরা ব্যথা আর সাথে শ্বাস নিতে খুব কষ্ট হচ্ছে।,Emergency,Immediately go to emergency department or call ambulance
"মলত্যাগের বেগ সবসময় থাকে কিন্তু পায়খানায় গেলে কিছুই হয় না, শুধু আঠালো আম যায়।",Urgent,Seek medical care within 24–48 hours
আইবিএস (IBS) ও কোলাইটিস রোগের মধ্যে পার্থক্য এবং সাধারণ চিকিৎসা পদ্ধতি সম্পর্কে তথ্য চাই।,General Query,"No immediate action required, informational response sufficient"
পাকস্থলী ফুলে একদম শক্ত হয়ে আছে আর বুক ধড়ফড় করছে সাথে খুব অস্থির লাগছে।,Urgent,Seek medical care within 24–48 hours
পায়ুপথের মুখে একটা ফোড়া হয়েছে যা খুব টনটন করছে আর বসতে গেলে কষ্ট হয়।,Urgent,Seek medical care within 24–48 hours
মলদ্বারের চামড়া কুঁচকে কালো হয়ে গেছে আর জায়গাটা খুব শক্ত অনুভব হয়।,Routine,Schedule a regular medical consultation
পাকস্থলীর এলাকায় হাত দিলে একটা গোল চাকা অনুভূত হয় যা টিপলে পেটে টান লাগে।,Urgent,Seek medical care within 24–48 hours
হঠাৎ করে পেটের ভেতরে গরম কিছু ফেটে যাওয়ার মতো অনুভূতি আর মলদ্বার দিয়ে রক্ত যাচ্ছে।,Emergency,Immediately go to emergency department or call ambulance
পায়ুপথ দিয়ে দুর্গন্ধযুক্ত রস বের হচ্ছে যা অন্তর্বাসে দাগ ফেলে দেয় আর খুব অস্বস্তি লাগে।,Urgent,Seek medical care within 24–48 hours
মলদ্বারে প্রচণ্ড চুলকানির জন্য সাধারণ কোনো মলম বা ঘরোয়া টিপস আছে কি না জানতে চাই।,General Query,"No immediate action required, informational response sufficient"
পাকস্থলীর মাঝখানে সুঁই ফোটানোর মতো ব্যথা যা পিঠের ডানে বা বামে ছড়িয়ে যাচ্ছে।,Routine,Schedule a regular medical consultation
মলদ্বার দিয়ে পচা গন্ধযুক্ত মাংসের টুকরোর মতো কিছু বের হয়ে আসছে আর সাথে প্রচণ্ড জ্বর।,Emergency,Immediately go to emergency department or call ambulance
পায়ুপথের ক্যান্সার বা রেকটাল গ্রোথ এর প্রাথমিক উপসর্গগুলো সম্পর্কে সচেতনতা প্রয়োজন।,General Query,"No immediate action required, informational response sufficient"
পাকস্থলী বা নাভির ওপরের অংশে সবসময় একটা কামড়ানি থাকে যা কোনোভাবেই সারছে না।,Urgent,Seek medical care within 24–48 hours
মলত্যাগের সময় ভেতরে প্রচণ্ড চাপ লাগে আর মনে হয় পায়ুপথ আটকে গেছে।,Urgent,Seek medical care within 24–48 hours
পেটে বিষাক্ত কিছু ছিটকে পড়ার পর থেকে পাকস্থলী আর মলদ্বার প্রচণ্ড জ্বলছে।,Emergency,Immediately go to emergency department or call ambulance
পাকস্থলী ঠান্ডা রাখার সাধারণ উপায় এবং ভেষজ চা বা পানীয়ের গুরুত্ব জানতে আগ্রহী।,General Query,"No immediate action required, informational response sufficient"
মলদ্বারে সরিষার তেল বা নারিকেল তেল ব্যবহার করা কি নিরাপদ? সাধারণ তথ্য চাই।,General Query,"No immediate action required, informational response sufficient"
পাকস্থলী বা লিভারের সমস্যায় কি শরীর নীল হয়ে যেতে পারে? এই বিষয়ে তথ্য দিন।,General Query,"No immediate action required, informational response sufficient"
হঠাৎ করে তলপেট আর মলদ্বার একদম অবশ হয়ে গেছে আর মলত্যাগের নিয়ন্ত্রণ হারিয়েছি।,Emergency,Immediately go to emergency department or call ambulance
কিডনি সুস্থ রাখার জন্য প্রতিদিন পানি পানের সঠিক পরিমাণ এবং খাদ্যাভ্যাস সম্পর্কে সাধারণ তথ্য জানতে চাই।,General Query,"No immediate action required, informational response sufficient"
প্রস্রাব করার সময় প্রচণ্ড জ্বালাপোড়া হয় আর প্রস্রাবের রং খুব গাঢ় বা লালচে দেখা যাচ্ছে।,Urgent,Seek medical care within 24–48 hours
হঠাৎ করে প্রস্রাব একদম বন্ধ হয়ে গেছে আর তলপেট ফুলে শক্ত হয়ে অসহ্য ব্যথা করছে।,Emergency,Immediately go to emergency department or call ambulance
"কিডনির পাশে মাঝেমধ্যে হালকা চিনচিন করে ব্যথা হয়, যা বিশ্রাম নিলে কমে যায় কিন্তু হাঁটলে বাড়ে।",Routine,Schedule a regular medical consultation
কিডনিতে পাথর হওয়ার সাধারণ লক্ষণ এবং এটি নির্ণয়ের জন্য কী কী পরীক্ষা করতে হয় তা জানতে আগ্রহী।,General Query,"No immediate action required, informational response sufficient"
প্রস্রাবের রাস্তায় কোনো ধারালো বস্তু ঢুকে রক্তক্ষরণ হচ্ছে আর মানুষটা ব্যথায় জ্ঞান হারিয়েছে।,Emergency,Immediately go to emergency department or call ambulance
রাতে বারবার প্রস্রাবের বেগ হওয়া এবং এর সাধারণ কারণগুলো সম্পর্কে বিস্তারিত তথ্য চাই।,General Query,"No immediate action required, informational response sufficient"
"প্রস্রাবের রং ধোয়ার মতো ঘোলাটে আর খুব দুর্গন্ধ আসছে, সাথে তলপেটে অস্বস্তি।",Urgent,Seek medical care within 24–48 hours
কিডনি বিকল বা ডায়ালাইসিস করার প্রয়োজনীয়তা কেন দেখা দেয় সে সম্পর্কে সাধারণ সচেতনতা প্রয়োজন।,General Query,"No immediate action required, informational response sufficient"
"হঠাৎ করে সারা শরীর ফুলে গেছে আর প্রস্রাবের পরিমাণ একদম কমে গেছে, শ্বাস নিতে খুব কষ্ট হচ্ছে।",Emergency,Immediately go to emergency department or call ambulance
প্রস্রাবের রাস্তার মুখে চুলকানি আর সাদাটে র্যাশ দেখা যাচ্ছে যা খুব অস্বস্তি তৈরি করে।,Routine,Schedule a regular medical consultation
কিডনি প্যানেল টেস্ট বা সিরাম ক্রিয়েটিনিন পরীক্ষার স্বাভাবিক মাত্রা সম্পর্কে সাধারণ তথ্য চাই।,General Query,"No immediate action required, informational response sufficient"
মূত্রথলি এলাকায় একটা টনটনানি ব্যথা যা প্রস্রাব করার ঠিক পরেই শুরু হয়।,Routine,Schedule a regular medical consultation
"প্রস্রাব নিয়ন্ত্রণ করতে পারছি না, হাঁচি বা কাশি দিলেই প্রস্রাব বের হয়ে যাচ্ছে।",Routine,Schedule a regular medical consultation
প্রস্রাবের সাথে ছোট ছোট পাথরের মতো দানা বের হচ্ছে আর প্রস্রাবের রাস্তা প্রচণ্ড জ্বলছে।,Urgent,Seek medical care within 24–48 hours
কিডনি ট্রান্সপ্ল্যান্ট বা প্রতিস্থাপন করার সাধারণ প্রক্রিয়া এবং পরবর্তী সতর্কতা সম্পর্কে তথ্য প্রয়োজন।,General Query,"No immediate action required, informational response sufficient"
তলপেটে সরাসরি বড় কোনো আঘাত লেগেছে আর এখন প্রস্রাব দিয়ে শুধু রক্ত আসছে।,Emergency,Immediately go to emergency department or call ambulance
কিডনির পাশের অংশে হাত দিলে মাংসপেশিতে টান লাগার মতো একটা অনুভূতি হয় সবসময়।,Routine,Schedule a regular medical consultation
প্রস্রাবের রাস্তা দিয়ে পুঁজ বা আঠালো তরল বের হচ্ছে যা অন্তর্বাসে দাগ ফেলে দিচ্ছে।,Urgent,Seek medical care within 24–48 hours
হঠাৎ প্রস্রাব আটকে গিয়ে তলপেট ফেটে যাওয়ার মতো অবস্থা আর মানুষটা ছটফট করছে।,Emergency,Immediately go to emergency department or call ambulance
কিডনির পাশের চামড়ায় পানি জমার মতো ফোলা ভাব দেখা যাচ্ছে আর টিপলে গর্ত হয়ে থাকছে।,Urgent,Seek medical care within 24–48 hours
মূত্রথলির ইনফেকশন হলে কি কোমর ব্যথা হতে পারে? এই বিষয়ে সাধারণ তথ্য চাই।,General Query,"No immediate action required, informational response sufficient"
প্রস্রাবের রাস্তায় ছোট আঁচিল বা গোটা হয়েছে যা প্রস্রাবের প্রবাহে বাধা দিচ্ছে।,Routine,Schedule a regular medical consultation
হঠাৎ করে গলার ভেতর আর মুখমণ্ডল ফুলে গেছে আর প্রস্রাব একদম কফি রঙের হচ্ছে।,Emergency,Immediately go to emergency department or call ambulance
মূত্রথলির পেশি শিথিল করার ব্যায়াম বা পেলভিক ফ্লোর এক্সারসাইজ সম্পর্কে তথ্য প্রয়োজন।,General Query,"No immediate action required, informational response sufficient"
প্রস্রাব শুরু করতে অনেক সময় লাগে আর প্রস্রাবের ধারা খুব দুর্বল হয়ে গেছে।,Routine,Schedule a regular medical consultation
কিডনির পাশে কামড়ে ধরার মতো ব্যথা যা নড়াচড়া করলে বা শ্বাস নিলে বেড়ে যায়।,Urgent,Seek medical care within 24–48 hours
মূত্রাশয় বা ব্লাডার ক্যান্সার প্রতিরোধের উপায় এবং ঝুঁকি সম্পর্কে সাধারণ তথ্য চাই।,General Query,"No immediate action required, informational response sufficient"
প্রস্রাবের রাস্তায় সাবান বা কেমিক্যাল লেগে প্রচণ্ড জ্বালাপোড়া আর লাল হয়ে ফুলে গেছে।,Urgent,Seek medical care within 24–48 hours
কিডনির পাশের অংশে অনেকদিন ধরে একটা ভোঁতা ব্যথা যা রাতে ঘুমানোর সময় বাড়ে।,Routine,Schedule a regular medical consultation
হঠাৎ করে কোমরের দুই পাশে প্রচণ্ড মোচড় দিয়ে ব্যথা শুরু হয়েছে আর রোগী জ্ঞান হারিয়েছে।,Emergency,Immediately go to emergency department or call ambulance
মূত্রথলি বা প্রস্রাবের রাস্তার পাথর অপারেশন ছাড়া বের করার কোনো সাধারণ উপায় আছে কি?,General Query,"No immediate action required, informational response sufficient"
প্রস্রাবের বেগ হলে তলপেটে অসহ্য মোচড় দেয় কিন্তু টয়লেটে গেলে খুব অল্প প্রস্রাব হয়।,Urgent,Seek medical care within 24–48 hours
কিডনির পাশে কোনো পোকা কামড়ানোর পর জায়গাটা কালো হয়ে ফুলে শক্ত হয়ে গেছে।,Urgent,Seek medical care within 24–48 hours
মূত্রথলির ফোলা কমানোর জন্য গরম পানির সেঁক দেওয়া কি নিরাপদ? সাধারণ তথ্য চাই।,General Query,"No immediate action required, informational response sufficient"
প্রস্রাবের রাস্তায় প্রচণ্ড চুলকানির জন্য সাধারণ কোনো লোশন বা ওষুধের নাম জানতে চাই।,General Query,"No immediate action required, informational response sufficient"
স্তনের ভেতর শক্ত চাকা বা পিণ্ড অনুভব করছি যা নড়াচড়া করে না এবং দিন দিন বড় হচ্ছে।,Urgent,Seek medical care within 24–48 hours
গর্ভাবস্থায় সাধারণ পুষ্টি এবং ব্যায়ামের নির্দেশিকা সম্পর্কে বিস্তারিত তথ্য জানতে চাই।,General Query,"No immediate action required, informational response sufficient"
যোনিপথে অস্বাভাবিক চুলকানি এবং দুর্গন্ধযুক্ত সাদা স্রাব হচ্ছে গত কয়েকদিন ধরে।,Routine,Schedule a regular medical consultation
স্তনের বোঁটা দিয়ে রক্ত বা পুঁজের মতো তরল বের হচ্ছে আর চারপাশটা খুব শক্ত হয়ে আছে।,Urgent,Seek medical care within 24–48 hours
যৌনবাহিত রোগ (STD) প্রতিরোধের সাধারণ উপায় এবং সচেতনতা সম্পর্কে তথ্য প্রয়োজন।,General Query,"No immediate action required, informational response sufficient"
পুরুষাঙ্গের মাথায় ছোট ছোট লাল দানা বা ঘা হয়েছে যা প্রস্রাবের সময় খুব জ্বালাপোড়া করে।,Urgent,Seek medical care within 24–48 hours
অণ্ডকোষের থলিতে একটা পিণ্ড অনুভূত হয় যা টিপলে ব্যথা লাগে না কিন্তু ভারী লাগে।,Routine,Schedule a regular medical consultation
হঠাৎ করে যৌনাঙ্গ দিয়ে প্রচুর পরিমাণে রক্তক্ষরণ হচ্ছে আর মানুষটা জ্ঞান হারিয়ে ফেলেছে।,Emergency,Immediately go to emergency department or call ambulance
স্তনের আকার পরিবর্তন বা চামড়া কুঁচকে যাওয়ার কারণ ও সাধারণ লক্ষণসমূহ জানতে আগ্রহী।,General Query,"No immediate action required, informational response sufficient"
মাসিক বা পিরিয়ড অনিয়মিত হওয়ার সাধারণ কারণ এবং ঘরোয়া প্রতিকার সম্পর্কে তথ্য চাই।,General Query,"No immediate action required, informational response sufficient"
অণ্ডকোষে সরাসরি জোরে আঘাত লেগেছে আর এখন প্রস্রাব করতে খুব কষ্ট হচ্ছে।,Emergency,Immediately go to emergency department or call ambulance
"পুরুষাঙ্গের চামড়া আটকে গেছে আর কোনোভাবেই আগের অবস্থায় ফিরছে না, প্রচণ্ড ব্যথা।",Emergency,Immediately go to emergency department or call ambulance
স্তনের বোঁটার চারপাশে ছোট ছোট ফুসকুড়ি হয়েছে যা খুব চুলকায় কিন্তু অন্য সমস্যা নেই।,Routine,Schedule a regular medical consultation
যোনিপথের ভেতরে প্রচণ্ড জ্বালাপোড়া আর মনে হচ্ছে ভেতরটা শুকিয়ে শক্ত হয়ে আছে।,Routine,Schedule a regular medical consultation
পুরুষাঙ্গ দিয়ে পুঁজ বা আঠালো তরল বের হচ্ছে যা অন্তর্বাসে দাগ ফেলে দিচ্ছে।,Urgent,Seek medical care within 24–48 hours
অণ্ডকোষের শিরার মতো ফুলে যাওয়া বা ভ্যারিকোসিল সম্পর্কে সাধারণ চিকিৎসা পদ্ধতি জানতে চাই।,General Query,"No immediate action required, informational response sufficient"
স্তনের ভেতর হঠাৎ প্রচণ্ড ব্যথা আর সাথে অনেক বেশি জ্বর ও শরীর কাঁপানি আসছে।,Urgent,Seek medical care within 24–48 hours
যৌনাঙ্গে ধারালো কিছু দিয়ে আঘাত লেগেছে আর রক্ত থামানো যাচ্ছে না।,Emergency,Immediately go to emergency department or call ambulance
মাসিকের সময় অতিরিক্ত রক্তক্ষরণ এবং পেটে অসহ্য মোচড় দেওয়ার ঘরোয়া প্রতিকার চাই।,Urgent,Seek medical care within 24–48 hours
পুরুষাঙ্গের গোড়ায় একটা শক্ত হাড়ের মতো পিণ্ড হয়েছে যা দিন দিন বড় হচ্ছে।,Urgent,Seek medical care within 24–48 hours
ব্রেস্ট সেলফ এক্সামিনেশন বা নিজে নিজে স্তন পরীক্ষার সঠিক নিয়মাবলী জানতে আগ্রহী।,General Query,"No immediate action required, informational response sufficient"
যোনিপথের পিএইচ (pH) ব্যালেন্স ঠিক রাখার সাধারণ স্বাস্থ্যবিধি সম্পর্কে তথ্য দিন।,General Query,"No immediate action required, informational response sufficient"
স্তনের বোঁটা ভেতরের দিকে ঢুকে যাচ্ছে আর চারপাশের চামড়া খসখসে হয়ে গেছে।,Urgent,Seek medical care within 24–48 hours
যৌনাঙ্গে ছোট ছোট আঁচিল বা গোটা হয়েছে যা ঘষা লাগলে রক্ত বের হয়।,Routine,Schedule a regular medical consultation
পুরুষাঙ্গ শক্ত করতে প্রচণ্ড ব্যথা অনুভব করি আর জায়গাটা বেঁকে যাচ্ছে মনে হয়।,Urgent,Seek medical care within 24–48 hours
স্থায়ী জন্মনিয়ন্ত্রণ পদ্ধতি এবং এর ঝুঁকি বা সুবিধা সম্পর্কে সাধারণ ধারণা প্রয়োজন।,General Query,"No immediate action required, informational response sufficient"
প্রসবের পর যৌনাঙ্গ দিয়ে দুর্গন্ধযুক্ত রস বের হচ্ছে আর প্রচণ্ড জ্বর আসছে।,Emergency,Immediately go to emergency department or call ambulance
অণ্ডকোষের থলির চামড়ায় অনেকদিন ধরে একজিমা বা চুলকানি যা কিছুতেই সারছে না।,Routine,Schedule a regular medical consultation
স্তনের ওপর লালচে ভাব আর মনে হচ্ছে ভেতরটা খুব গরম হয়ে আছে।,Urgent,Seek medical care within 24–48 hours
পুরুষাঙ্গে কোনো কামড় লাগার পর জায়গাটা নীল হয়ে ফুলে গেছে আর প্রস্রাব বন্ধ।,Emergency,Immediately go to emergency department or call ambulance
বন্ধ্যাত্ব বা কনসিভ করতে সমস্যা হওয়ার সাধারণ কারণসমূহ সম্পর্কে জানতে চাই।,General Query,"No immediate action required, informational response sufficient"
যোনিপথে মিলনের সময় প্রচণ্ড ব্যথা হওয়া কি কোনো রোগের লক্ষণ? তথ্য চাই।,General Query,"No immediate action required, informational response sufficient"
অণ্ডকোষের নিচে একটা ফোঁড়া হয়েছে যা পেকে লাল হয়ে আছে আর বসতে কষ্ট হয়।,Urgent,Seek medical care within 24–48 hours
স্তনের বোঁটা সবসময় চুলকায় আর মাঝেমধ্যে সাদাটে চামড়া উঠে আসে।,Routine,Schedule a regular medical consultation
পুরুষাঙ্গের চামড়া খুব টাইট হওয়ার কারণে মলত্যাগের সময় টান লাগে।,Routine,Schedule a regular medical consultation
গর্ভাবস্থার প্রথম দিকে ব্লিডিং হলে প্রাথমিক করণীয় সম্পর্কে সাধারণ তথ্য চাই।,Urgent,Seek medical care within 24–48 hours
অণ্ডকোষের থলি থেকে একটা অস্বস্তি যা পেটের ভেতর পর্যন্ত ছড়িয়ে যাচ্ছে।,Routine,Schedule a regular medical consultation
স্তনের নিচে ঘামাচির মতো ছোট ছোট দানা হয়েছে যা প্রচণ্ড চুলকায়।,Routine,Schedule a regular medical consultation
যোনিপথ দিয়ে হঠাৎ কোনো মাংসপিণ্ড বা জরায়ু বের হয়ে আসার মতো অনুভূতি হচ্ছে।,Emergency,Immediately go to emergency department or call ambulance
স্তন স্ক্রিনিং বা ম্যামোগ্রাম করার সঠিক বয়স এবং নিয়ম সম্পর্কে বিস্তারিত জানতে চাই।,General Query,"No immediate action required, informational response sufficient"
অণ্ডকোষের একপাশ অন্য পাশের চেয়ে অনেক ছোট হয়ে যাচ্ছে মনে হয়।,Routine,Schedule a regular medical consultation
পুরুষাঙ্গের কোনো শিরার ভেতর দপদপানি অনুভব করি যা মাঝে মাঝে ব্যথা করে।,Routine,Schedule a regular medical consultation
স্তনের বোঁটা থেকে হলদে রঙের পুঁজ বের হচ্ছে যা টিপলে ব্যথা লাগে।,Urgent,Seek medical care within 24–48 hours
কোমরের নিচের দিকে প্রচণ্ড ব্যথার সাথে হঠাৎ প্রস্রাব-পায়খানার নিয়ন্ত্রণ হারিয়ে ফেলেছি।,Emergency,Immediately go to emergency department or call ambulance
মেরুদণ্ড সুস্থ রাখার জন্য শোয়ার সঠিক পজিশন এবং বসার নিয়মাবলী সম্পর্কে তথ্য জানতে চাই।,General Query,"No immediate action required, informational response sufficient"
পিঠের মাঝখানে মাঝেমধ্যে একটা চিনচিনে ব্যথা হয় যা দীর্ঘক্ষণ বসে কাজ করলে বেড়ে যায়।,Routine,Schedule a regular medical consultation
পিঠের ওপর সরাসরি বড় কোনো আঘাত লেগেছে এবং এখন দুই পা একদম নাড়াতে পারছি না।,Emergency,Immediately go to emergency department or call ambulance
কোমর থেকে একটা তীব্র ব্যথা ইলেকট্রিক শকের মতো ডান পায়ের আঙুল পর্যন্ত নেমে যাচ্ছে।,Urgent,Seek medical care within 24–48 hours
পিঠের মেরুদণ্ডের হাড়ের ওপর একটা শক্ত পিণ্ড বা চাকা হয়েছে যা টিপলে খুব ব্যথা লাগে।,Urgent,Seek medical care within 24–48 hours
হঠাৎ করে পিঠের হাড় মট করে শব্দ হয়ে প্রচণ্ড ব্যথা শুরু হয়েছে আর রোগী নিস্তেজ হয়ে পড়ছে।,Emergency,Immediately go to emergency department or call ambulance
মেরুদণ্ডের নিচের দিকে জ্বালাপোড়া করে আর মনে হয় ভেতরটা সবসময় গরম হয়ে আছে।,Routine,Schedule a regular medical consultation
কোমরের একপাশে প্রচণ্ড কামড়ানো ব্যথা যা কিডনির ব্যথার মতো মনে হচ্ছে আর জ্বর আসছে।,Urgent,Seek medical care within 24–48 hours
পিঠের চামড়ায় অনেকগুলো ছোট লাল দানা উঠেছে যা খুব জ্বলে এবং পাজরের একপাশ দিয়ে ছড়িয়েছে।,Urgent,Seek medical care within 24–48 hours
গাড়ি দুর্ঘটনায় পিঠে আঘাত পাওয়ার পর থেকে শ্বাস নিতে খুব কষ্ট হচ্ছে আর শরীর নীল হয়ে যাচ্ছে।,Emergency,Immediately go to emergency department or call ambulance
"কোমরের ঠিক মাঝখানে মেরুদণ্ডের হাড়টা একটু উঁচু হয়ে আছে মনে হয়, নড়াচড়া করলে শব্দ হয়।",Urgent,Seek medical care within 24–48 hours
পিঠের পেশিতে টান লাগলে প্রাথমিক চিকিৎসার সাধারণ ঘরোয়া উপায়গুলো জানতে আগ্রহী।,General Query,"No immediate action required, informational response sufficient"
কোমর থেকে পা পর্যন্ত অবশ হয়ে আসছে আর মনে হচ্ছে পায়ে কোনো শক্তি পাচ্ছি না।,Urgent,Seek medical care within 24–48 hours
পিঠের বাম পাশে পাঁজরের নিচে মাঝেমধ্যে একটা ভোঁতা ব্যথা হয় যা শুয়ে থাকলে কমে।,Routine,Schedule a regular medical consultation
মেরুদণ্ডের বাঁকা হওয়া বা স্কোলিওসিস রোগের সাধারণ লক্ষণ ও প্রতিকার সম্পর্কে তথ্য চাই।,General Query,"No immediate action required, informational response sufficient"
কোমরের হাড়ের ভেতর দপদপানি অনুভব করি যা রাতের বেলা অনেক বেড়ে যায়।,Urgent,Seek medical care within 24–48 hours
কোমর ব্যথার বেল্ট ব্যবহার করা কি নিয়মিত ঠিক? এই বিষয়ে সাধারণ পরামর্শ প্রয়োজন।,General Query,"No immediate action required, informational response sufficient"
মেরুদণ্ডের নিচের হাড় বা কক্সিক্স (Tailbone) এ বসলে খুব ব্যথা লাগে গত কয়েকদিন ধরে।,Routine,Schedule a regular medical consultation
"পিঠের মাঝখানে একটা জ্বালাপোড়া ভাব যা ঘাড় পর্যন্ত ছড়িয়ে যায়, বিশেষ করে দুশ্চিন্তা করলে।",Routine,Schedule a regular medical consultation
কোমর ব্যথার সাথে প্রস্রাবে খুব জ্বালাপোড়া আর দুর্গন্ধযুক্ত প্রস্রাব হচ্ছে গত দুইদিন।,Urgent,Seek medical care within 24–48 hours
অস্টিওপরোসিস বা হাড়ের ক্ষয় রোগ প্রতিরোধের উপায় এবং ডায়েট চার্ট সম্পর্কে তথ্য চাই।,General Query,"No immediate action required, informational response sufficient"
হঠাৎ করে পিঠ আর বুক একসাথে চেপে ধরার মতো ব্যথা হচ্ছে আর রোগী ঘামছে।,Emergency,Immediately go to emergency department or call ambulance
কোমরের পেছনে একটা নরম টিউমারের মতো হয়েছে যা চাপ দিলে ভেতরে ঢুকে যায়।,Routine,Schedule a regular medical consultation
মেরুদণ্ডের ব্যথার জন্য ফিজিওথেরাপি নেওয়ার সঠিক নিয়ম এবং সময় সম্পর্কে জানতে আগ্রহী।,General Query,"No immediate action required, informational response sufficient"
কোমরে চোট পাওয়ার পর থেকে পায়ের পাতা বা আঙুলগুলো আর ওপরের দিকে তুলতে পারছি না।,Urgent,Seek medical care within 24–48 hours
পিঠের চামড়া মাঝেমধ্যে খুব চুলকায় আর সাদা হয়ে চামড়া উঠতে থাকে।,Routine,Schedule a regular medical consultation
ভারী কাজ করার পর কোমরে প্রচণ্ড টান লেগেছে আর এখন নড়াচড়া করলেই মেরুদণ্ডে শব্দ হয়।,Urgent,Seek medical care within 24–48 hours
ভিটামিন ডি এবং হাড়ের স্বাস্থ্যের সম্পর্ক নিয়ে সাধারণ কিছু তথ্য জানতে চাই।,General Query,"No immediate action required, informational response sufficient"
পিঠের মাঝখানে অনেকদিন ধরে একটা ব্যথা যা বিকেলের দিকে জ্বর আসার সাথে বাড়ে।,Urgent,Seek medical care within 24–48 hours
হঠাৎ পিঠের পেশিগুলো জমে শক্ত হয়ে গেছে আর মানুষটা শ্বাস নিতে পারছে না।,Emergency,Immediately go to emergency department or call ambulance
কোমরের হাড়ের জয়েন্টে মাঝেমধ্যে খটখট শব্দ হয় কিন্তু কোনো ব্যথা নেই।,Routine,Schedule a regular medical consultation
মেরুদণ্ডের যক্ষ্মা বা পটস ডিজিজ (Pott's disease) এর লক্ষণ সম্পর্কে সচেতনতা প্রয়োজন।,General Query,"No immediate action required, informational response sufficient"
পিঠের পাঁজরের হাড়ের নিচে কামড়ে ধরার মতো ব্যথা যা নিশ্বাস নিলে তীব্র হয়।,Urgent,Seek medical care within 24–48 hours
কোমরের পাশে একটা বড় ফোঁড়া হয়েছে যা লাল হয়ে ফুলে আছে আর খুব জ্বর এসেছে।,Urgent,Seek medical care within 24–48 hours
দীর্ঘদিন ধরে কুঁজো হয়ে হাঁটার কারণে কি মেরুদণ্ড স্থায়ীভাবে বেঁকে যেতে পারে? তথ্য চাই।,General Query,"No immediate action required, informational response sufficient"
পিঠের মাঝখানে কোনো কেমিক্যাল পড়ে চামড়া পুড়ে গেছে আর প্রচণ্ড জ্বালা করছে।,Emergency,Immediately go to emergency department or call ambulance
কোমরের হাড় সরে গিয়ে স্নায়ুতে চাপ লাগলে কী কী সমস্যা হয় তার সাধারণ বিবরণ চাই।,General Query,"No immediate action required, informational response sufficient"
মেরুদণ্ডের ওপর হাত দিলে মনে হয় হাড়গুলো একটা আরেকটার সাথে ঘষা খাচ্ছে।,Urgent,Seek medical care within 24–48 hours
হঠাৎ করে পিঠ অবশ হয়ে গিয়ে রোগী মেঝেতে পড়ে গেছে আর কথা বলতে পারছে না।,Emergency,Immediately go to emergency department or call ambulance
কোমরের পেছনে নাভির বরাবর একটা টান অনুভূত হয় যা শুধু ঝুলে থাকলে কমে।,Routine,Schedule a regular medical consultation
মেরুদণ্ডে ইনজেকশন বা এপিডুরাল দেওয়ার ঝুঁকি ও সুবিধা সম্পর্কে সাধারণ তথ্য চাই।,General Query,"No immediate action required, informational response sufficient"
হাতের নখ সুস্থ রাখার উপায় এবং নখকুনি বা ফাঙ্গাস ইনফেকশন প্রতিরোধের সাধারণ তথ্য চাই।,General Query,"No immediate action required, informational response sufficient"
"হাতের তালু সারাক্ষণ ঘামে আর মাঝেমধ্যে খুব চুলকায়, এটি কোনো রোগের লক্ষণ কি না জানতে চাই।",Routine,Schedule a regular medical consultation
কনুইতে প্রচণ্ড আঘাত পাওয়ার পর থেকে আঙুলগুলো একদম অবশ হয়ে গেছে আর নাড়াতে পারছি না।,Emergency,Immediately go to emergency department or call ambulance
কাঁধের মাংসপেশিতে টানের জন্য কি গরম সেঁক দেওয়া ভালো? সাধারণ পরামর্শ প্রয়োজন।,General Query,"No immediate action required, informational response sufficient"
আঙুলের মাথায় ছোট একটা ক্ষত হয়ে জায়গাটা কালো হয়ে গেছে আর প্রচণ্ড পচা গন্ধ আসছে।,Urgent,Seek medical care within 24–48 hours
কবজি বা হাতের তালু দিয়ে প্রচুর রক্তপাত হচ্ছে যা চেপে ধরেও থামানো যাচ্ছে না।,Emergency,Immediately go to emergency department or call ambulance
ফ্রোজেন শোল্ডার বা কাঁধ জমে যাওয়ার লক্ষণ এবং এর সাধারণ ব্যায়ামগুলো সম্পর্কে জানতে চাই।,General Query,"No immediate action required, informational response sufficient"
কনুইয়ের হাড়ের জয়েন্টে মাঝেমধ্যে খটখট শব্দ হয় আর ভারী কিছু তুললে চিনচিন করে ব্যথা লাগে।,Routine,Schedule a regular medical consultation
হাতের বাহুর চামড়ায় অনেকগুলো লাল ছোপ উঠেছে যা প্রচণ্ড জ্বলে আর চুলকায়।,Urgent,Seek medical care within 24–48 hours
কার্পাল টানেল সিনড্রোম এবং এর আধুনিক চিকিৎসা পদ্ধতি সম্পর্কে সাধারণ তথ্য প্রয়োজন।,General Query,"No immediate action required, informational response sufficient"
হঠাৎ করে বাম কাঁধ আর বাহু চেপে ধরার মতো প্রচণ্ড ব্যথা হচ্ছে যা চোয়ালের দিকে যাচ্ছে।,Emergency,Immediately go to emergency department or call ambulance
আঙুলের গিঁটগুলো সকালে ঘুম থেকে উঠলে শক্ত হয়ে থাকে আর নাড়াতে গেলে খুব ব্যথা লাগে।,Urgent,Seek medical care within 24–48 hours
হাতের তালুর চামড়া উঠে যাচ্ছে আর জায়গাটা খুব খসখসে হয়ে লাল হয়ে আছে।,Routine,Schedule a regular medical consultation
টেনিস এলবো বা কনুইয়ের ব্যথার জন্য কি কোনো বিশেষ ব্যান্ডেজ বা ব্রেস ব্যবহার করা দরকার?,General Query,"No immediate action required, informational response sufficient"
হাতের আঙুল কোনো যন্ত্রে ঢুকে কেটে আলাদা হয়ে গেছে আর প্রচুর রক্তক্ষরণ হচ্ছে।,Emergency,Immediately go to emergency department or call ambulance
বাহুর ভেতরের দিকে একটা চর্বির চাকার মতো অনুভূত হয় যা টিপলে নড়ে কিন্তু ব্যথা নেই।,Routine,Schedule a regular medical consultation
আঙুল মটকানোর অভ্যাস কি হাড়ের জন্য ক্ষতিকর? এই বিষয়ে সাধারণ তথ্য চাই।,General Query,"No immediate action required, informational response sufficient"
কাঁধের জয়েন্টে সুঁই ফোটানোর মতো ব্যথা যা ঘাড়ের পেছনের দিকে ছড়িয়ে যাচ্ছে।,Routine,Schedule a regular medical consultation
হঠাৎ কোনো বিষাক্ত পোকা হাতে কামড়ানোর পর সারা হাত ফুলে নীল হয়ে গেছে।,Emergency,Immediately go to emergency department or call ambulance
হাতের কবজি মচকে গেলে ঘরোয়াভাবে প্রাথমিক চিকিৎসা করার সঠিক নিয়ম জানতে আগ্রহী।,General Query,"No immediate action required, informational response sufficient"
আঙুলের হাড় সরে গেছে মনে হচ্ছে আর আঙুলটা অদ্ভুতভাবে বাঁকা হয়ে আছে।,Urgent,Seek medical care within 24–48 hours
হাতের তালু সবসময় গরম হয়ে থাকে আর মাঝেমধ্যে বিদ্যুতের ঝটকার মতো অনুভূতি হয়।,Routine,Schedule a regular medical consultation
বাহুর পেশিতে দপদপানি অনুভব করি যা ভারী কাজ করার পর অনেক বেড়ে যায়।,Routine,Schedule a regular medical consultation
"আঙুলের নখগুলো চামচ বা বাটির মতো গর্ত হয়ে যাচ্ছে, এটি কেন হয় তা জানতে চাই।",Routine,Schedule a regular medical consultation
হাতের তালুতে কোনো কেমিক্যাল পড়ার পর চামড়া পুড়ে সাদা হয়ে গেছে আর প্রচণ্ড জ্বালা করছে।,Emergency,Immediately go to emergency department or call ambulance
ইউরিক অ্যাসিড বাড়লে কি হাতের আঙুলের জয়েন্ট ফুলে যায়? সাধারণ তথ্য প্রয়োজন।,General Query,"No immediate action required, informational response sufficient"
কনুইয়ের চামড়ায় কালো খসখসে দাগ হয়েছে যা খুব চুলকায় আর মাঝেমধ্যে ফেটে রক্ত বের হয়।,Urgent,Seek medical care within 24–48 hours
কবজিতে একটা শিরার মতো ফুলে আছে যা পালস বা স্পন্দনের সাথে দপদপ করে।,Routine,Schedule a regular medical consultation
হঠাৎ করে দুই হাত একদম অবশ হয়ে গেছে আর কথা বলতে তোতলামি হচ্ছে।,Emergency,Immediately go to emergency department or call ambulance
আঙুলের ডগাগুলো হঠাৎ করে সাদা বা নীল হয়ে যাচ্ছে যখন খুব ঠান্ডা পানিতে হাত দেই।,Urgent,Seek medical care within 24–48 hours
হাতের কবজিতে সরাসরি প্রচণ্ড আঘাতের পর কবজিটা অদ্ভুতভাবে ঝুলে পড়েছে।,Emergency,Immediately go to emergency department or call ambulance
নখ কাটার সময় নখকুনি হলে কি এন্টিসেপটিক ব্যবহার করা নিরাপদ? সাধারণ তথ্য চাই।,General Query,"No immediate action required, informational response sufficient"
হাতের তালু দিয়ে মাঝেমধ্যে গরম ভাপ বের হওয়ার মতো অনুভূতি হয় যা খুব অস্বস্তিকর।,Routine,Schedule a regular medical consultation
কনুইয়ের পেছনের হাড়টা খুব বেশি উঁচু হয়ে আছে আর হাত সোজা করতে গেলে টান লাগে।,Urgent,Seek medical care within 24–48 hours
পেশি তৈরির জন্য হাতে স্টেরয়েড ইনজেকশন নেওয়ার ঝুঁকি সম্পর্কে সাধারণ তথ্য জানতে চাই।,General Query,"No immediate action required, informational response sufficient"
কাঁধের ওপর একটা কালো তিল যা ইদানীং খুব দ্রুত বড় হচ্ছে আর চুলকাচ্ছে।,Urgent,Seek medical care within 24–48 hours
হাতের তালুতে ছোট ছোট পানিপূর্ণ ফুসকুড়ি যা ফাটলে খুব জ্বালাপোড়া করে।,Routine,Schedule a regular medical consultation
"আঙুলের নখ থেকে রক্ত বের হচ্ছে কিন্তু কোনো আঘাত লাগেনি, এটি কিসের লক্ষণ?",Urgent,Seek medical care within 24–48 hours
হাতের হাড় ভেঙে গেলে প্লাস্টার করার পরবর্তী নিয়মকানুন সম্পর্কে সাধারণ তথ্য প্রয়োজন।,General Query,"No immediate action required, informational response sufficient"
হাতের কবজিতে হঠাৎ প্রচণ্ড বৈদ্যুতিক শকের মতো ব্যথা যা আঙুলের ডগা পর্যন্ত ঝিলিক দিচ্ছে।,Urgent,Seek medical care within 24–48 hours
কাঁধের জয়েন্ট থেকে হাড় পুরোপুরি বেরিয়ে এসেছে আর চামড়ার নিচে হাড়ের মাথা উঁচু হয়ে আছে।,Emergency,Immediately go to emergency department or call ambulance
হাতের নখের কোণ দিয়ে মাংস বেড়ে যাচ্ছে আর সেখানে প্রচণ্ড পুঁজ হয়ে দপদপ করছে।,Urgent,Seek medical care within 24–48 hours
ভারী ব্যাগ বহন করার পর থেকে বাহুর পেশিতে সারাক্ষণ একটা কামড়ানো ব্যথা লেগেই থাকে।,Routine,Schedule a regular medical consultation
"হাতের তালু একদম সাদা হয়ে গেছে আর কোনো পালস বা স্পন্দন পাওয়া যাচ্ছে না, হাত খুব ঠান্ডা।",Emergency,Immediately go to emergency department or call ambulance
আঙুলের মাথায় ছোট ছোট কালো দাগ দেখা যাচ্ছে যা মনে হচ্ছে চামড়ার নিচ থেকে আসছে।,Urgent,Seek medical care within 24–48 hours
হাতের বাহুতে কামড়ে ধরার মতো ব্যথা যা বুকের বাম পাশ থেকে শুরু হয়ে হাতের দিকে নামছে।,Emergency,Immediately go to emergency department or call ambulance
কাঁধের ওপর হাত দিলে মনে হয় ভেতরের হাড়গুলো বালুর মতো ঘষা খাচ্ছে আর শব্দ হচ্ছে।,Urgent,Seek medical care within 24–48 hours
হাতের আঙুলগুলো হঠাৎ করে ফুলে কলাগাছের মতো মোটা হয়ে গেছে আর খুব চুলকাচ্ছে।,Urgent,Seek medical care within 24–48 hours
ডায়াবেটিস রোগীদের হাতের তালুতে জ্বালাপোড়া কমানোর সাধারণ উপায়গুলো সম্পর্কে জানতে চাই।,General Query,"No immediate action required, informational response sufficient"
কনুইয়ের ওপর বড় কোনো ওজন পড়ার পর হাত একদম বেঁকে গেছে আর প্রচুর রক্ত বের হচ্ছে।,Emergency,Immediately go to emergency department or call ambulance
হাতের কবজিতে একটা রগ ফুলে দড়ির মতো শক্ত হয়ে আছে যা নাড়াচড়া করলে খুব টানে।,Routine,Schedule a regular medical consultation
আঙুলের নখগুলো খুব সহজেই ভেঙে যাচ্ছে আর নখের ওপর সাদা সাদা দাগ দেখা যাচ্ছে।,Routine,Schedule a regular medical consultation
আঙুলের গিঁটে গিঁটে ছোট ছোট গুটি হয়েছে যা শীতকাল আসলে অনেক বেশি ব্যথা করে।,Routine,Schedule a regular medical consultation
হাতের তালুতে কোনো বিষাক্ত রাসায়নিক পড়ে ফোসকা পড়ে গেছে আর চামড়া উঠে যাচ্ছে।,Emergency,Immediately go to emergency department or call ambulance
কনুই সোজা করতে গেলে মনে হয় ভেতরের রগগুলো ছিঁড়ে যাচ্ছে এমন তীব্র টান লাগে।,Urgent,Seek medical care within 24–48 hours
বাহুর মাঝখানে একটা লাল দাগ যা গোল হয়ে বড় হচ্ছে আর মাঝখানটা ফ্যাকাশে দেখাচ্ছে।,Routine,Schedule a regular medical consultation
হাতে প্লাস্টার করার পর আঙুলগুলো নীল হয়ে গেছে আর প্রচণ্ড ব্যথায় চিৎকার করছি।,Emergency,Immediately go to emergency department or call ambulance
কাঁধের জয়েন্টে স্টেরয়েড ইনজেকশন দেওয়ার উপকারিতা এবং পার্শ্বপ্রতিক্রিয়া সম্পর্কে জানতে চাই।,General Query,"No immediate action required, informational response sufficient"
হাতের কবজিতে গ্যাংলিয়ন সিস্ট বা পানির টিউমার হলে অপারেশন ছাড়া কি নিরাময় সম্ভব?,General Query,"No immediate action required, informational response sufficient"
"আঙুলের ডগা দিয়ে মাঝেমধ্যে রক্ত বের হয় কিন্তু কোনো আঘাতের চিহ্ন নেই, এটি কেন হয়?",Urgent,Seek medical care within 24–48 hours
"হাতের তালুতে সবসময় একটা তেলতেলে ভাব থাকে আর দুর্গন্ধ হয়, এটি কমানোর উপায় চাই।",General Query,"No immediate action required, informational response sufficient"
কাঁধের ওপর সরাসরি বড় কোনো গাছ বা খুঁটি পড়ে হাড় গুঁড়ো হয়ে গেছে আর প্রচুর রক্তপাত।,Emergency,Immediately go to emergency department or call ambulance
"কবজির পাশে একটা হাড় একটু বেশি উঁচু হয়ে আছে যা জন্ম থেকেই এমন, এটি কি ক্ষতিকর?",General Query,"No immediate action required, informational response sufficient"
আঙুলের নখগুলো পচে গর্ত হয়ে গেছে আর নখের চারপাশ দিয়ে হলুদ রঙের পুঁজ বের হচ্ছে।,Urgent,Seek medical care within 24–48 hours
হাতের বাহুতে কোনো পোকা কামড়ানোর পর জায়গাটা আগুনের মতো জ্বলছে আর শ্বাসকষ্ট হচ্ছে।,Emergency,Immediately go to emergency department or call ambulance
কনুইয়ের পেছনের চামড়া খুব মোটা হয়ে কালো হয়ে গেছে আর মাছের আঁশের মতো চামড়া উঠছে।,Routine,Schedule a regular medical consultation
হাতের কবজিতে ব্যথার জন্য কি ল্যাপটপ বা কিবোর্ড ব্যবহারের পজিশন পরিবর্তন করা জরুরি?,General Query,"No immediate action required, informational response sufficient"
হঠাৎ করে হাত পা কাঁপতে শুরু করেছে আর হাতের তালু একদম বরফের মতো ঠান্ডা।,Emergency,Immediately go to emergency department or call ambulance
কনুই মচকে যাওয়ার পর ব্যান্ডেজ কতদিন বেঁধে রাখা উচিত সে বিষয়ে তথ্য প্রয়োজন।,General Query,"No immediate action required, informational response sufficient"
"হাতে ছুরি লেগে রগ কেটে গেছে আর রক্ত থামানো যাচ্ছে না, হাত নাড়ানো যাচ্ছে না।",Emergency,Immediately go to emergency department or call ambulance
আঙুলের নখ হঠাৎ করেই মাঝখান থেকে ফেটে দুই ভাগ হয়ে গেছে আর খুব ব্যথা করছে।,Urgent,Seek medical care within 24–48 hours
"কবজিতে ব্যথার কারণে রাতে ঘুমাতে পারছি না, হাতটা ঝুলালে ব্যথা একটু কমে।",Urgent,Seek medical care within 24–48 hours
কাঁধের হাড়ের ক্যান্সারের প্রাথমিক উপসর্গগুলো কী কী হতে পারে তার সাধারণ তথ্য চাই।,General Query,"No immediate action required, informational response sufficient"
বাহুর হাড়ের ওপর কোনো বড় পিণ্ড যা ইদানীং খুব শক্ত হয়ে গেছে আর শরীরের ওজন কমছে।,Urgent,Seek medical care within 24–48 hours
কনুইয়ের ব্যথার জন্য কি কোনো মলম বা ঘরোয়া তেল মালিশ করা নিরাপদ? তথ্য চাই।,General Query,"No immediate action required, informational response sufficient"
পায়ের নখ সুস্থ রাখার উপায় এবং নখকুনি বা ফাঙ্গাস ইনফেকশন প্রতিরোধের সাধারণ তথ্য চাই।,General Query,"No immediate action required, informational response sufficient"
হাঁটুর নিচে পায়ের মাংসে প্রচণ্ড টান লেগেছে আর জায়গাটা নীল হয়ে ফুলে শক্ত হয়ে গেছে।,Urgent,Seek medical care within 24–48 hours
হাঁটু ব্যথা বা লিগামেন্টে চোট পেলে ঘরোয়াভাবে বরফ নাকি গরম পানির সেঁক দেব? সাধারণ তথ্য চাই।,General Query,"No immediate action required, informational response sufficient"
গোড়ালিতে একটা ছোট শক্ত পিণ্ড হয়েছে যা হাঁটলে ব্যথা লাগে কিন্তু বসে থাকলে ঠিক থাকে।,Routine,Schedule a regular medical consultation
পায়ের নখের নিচে পুঁজ জমে অনেক ফুলে আছে আর টনটনানি ব্যথায় পা মাটিতে ফেলতে পারছি না।,Urgent,Seek medical care within 24–48 hours
হঠাৎ করে বাম পায়ের উরু আর বাছুর মাংস প্রচণ্ড ফুলে লাল হয়ে গেছে আর খুব গরম লাগছে।,Emergency,Immediately go to emergency department or call ambulance
হাঁটুর বাটি বা প্যাটেল স্থানচ্যুত হলে প্রাথমিক চিকিৎসার সাধারণ নিয়মাবলী জানতে আগ্রহী।,General Query,"No immediate action required, informational response sufficient"
"পায়ের পাতা একদম সাদা হয়ে গেছে আর কোনো পালস বা স্পন্দন পাওয়া যাচ্ছে না, পা খুব ঠান্ডা।",Emergency,Immediately go to emergency department or call ambulance
ভ্যারিকোজ ভেইন বা পায়ের নীল শিরা ফুলে যাওয়া প্রতিকারের আধুনিক চিকিৎসা পদ্ধতি সম্পর্কে তথ্য প্রয়োজন।,General Query,"No immediate action required, informational response sufficient"
পায়ের পাতায় কোনো বিষাক্ত পোকা কামড়ানোর পর সারা পা ফুলে নীল হয়ে গেছে আর বুক ধড়ফড় করছে।,Emergency,Immediately go to emergency department or call ambulance
পায়ের আঙুলের গিঁটগুলো সকালে ঘুম থেকে উঠলে শক্ত হয়ে থাকে আর পা ফেলতে খুব কষ্ট হয়।,Urgent,Seek medical care within 24–48 hours
পায়ের কোনো আঙুল যন্ত্রে ঢুকে কেটে আলাদা হয়ে গেছে আর প্রচুর রক্তক্ষরণ হচ্ছে।,Emergency,Immediately go to emergency department or call ambulance
উরুর মাংসে একটা চর্বির চাকার মতো অনুভূত হয় যা টিপলে নড়ে কিন্তু কোনো ব্যথা নেই।,Routine,Schedule a regular medical consultation
পায়ের পাতার নিচে একটা শক্ত তিল বা ঘা হয়েছে যা দিন দিন গর্ত হয়ে যাচ্ছে (ডায়াবেটিক ফুট)।,Urgent,Seek medical care within 24–48 hours
"হাঁটু থেকে পায়ের পাতা পর্যন্ত পা একদম অবশ হয়ে ঝুলে আছে, মনে হচ্ছে কোনো শক্তি নেই।",Urgent,Seek medical care within 24–48 hours
উরুর সন্ধিস্থলে (কুঁচকি) একটা ফোলা যা কাশি দিলে বড় হয় আর শুয়ে থাকলে কমে যায়।,Urgent,Seek medical care within 24–48 hours
হঠাৎ কোনো ধারালো লোহা পায়ে ঢুকে গেছে আর জায়গাটা নীল হয়ে ফুলে গেছে।,Emergency,Immediately go to emergency department or call ambulance
পায়ের নখ কাটার সময় নখকুনি হলে কি এন্টিসেপটিক ব্যবহার করা নিরাপদ? সাধারণ তথ্য চাই।,General Query,"No immediate action required, informational response sufficient"
পায়ের আঙুলের নখগুলো খুব সহজেই ভেঙে যাচ্ছে আর নখের ওপর কালো কালো দাগ দেখা যাচ্ছে।,Routine,Schedule a regular medical consultation
হাঁটুর ব্যথার জন্য কি কোনো বিশেষ জুতো বা ইনসোল ব্যবহার করা দরকার? সাধারণ পরামর্শ চাই।,General Query,"No immediate action required, informational response sufficient"
পায়ের তালু সবসময় খুব গরম হয়ে থাকে আর মাঝেমধ্যে বিদ্যুতের ঝটকার মতো অনুভূতি হয়।,Routine,Schedule a regular medical consultation
উরুর পেশিতে সারাক্ষণ দপদপানি অনুভব করি যা দীর্ঘক্ষণ দাঁড়িয়ে থাকলে অনেক বেড়ে যায়।,Routine,Schedule a regular medical consultation
পায়ের আঙুলে ছোট ছোট পানিপূর্ণ ফুসকুড়ি যা ফাটলে খুব জ্বালাপোড়া করে আর রস বের হয়।,Routine,Schedule a regular medical consultation
হঠাৎ করে দুই পা একদম অবশ হয়ে গেছে আর প্রস্রাব-পায়খানার নিয়ন্ত্রণ হারিয়ে ফেলেছি।,Emergency,Immediately go to emergency department or call ambulance
ইউরিক অ্যাসিড বাড়লে কি পায়ের বুড়ো আঙুলের জয়েন্ট ফুলে যায়? সাধারণ তথ্য প্রয়োজন।,General Query,"No immediate action required, informational response sufficient"
পায়ের পাতার হাড়ের ওপর হাত দিলে মনে হয় হাড়টা অসমতল বা উঁচু-নিচু হয়ে আছে।,Urgent,Seek medical care within 24–48 hours
গোড়ালিতে ব্যথার কারণে সকালে ঘুম থেকে উঠে প্রথম কয়েক কদম একদম হাঁটা যায় না।,Urgent,Seek medical care within 24–48 hours
পায়ের হাড় ভেঙে গেলে প্লাস্টার করার পর পায়ের আঙুল নীল হয়ে গেছে আর খুব ব্যথা।,Emergency,Immediately go to emergency department or call ambulance
হাঁটুর হাড়ের ক্ষয় বা অস্টিওআর্থ্রাইটিস কমানোর সাধারণ খাবার ও ব্যায়াম সম্পর্কে জানতে চাই।,General Query,"No immediate action required, informational response sufficient"
উরুতে কোনো গরম তরল পড়ে চামড়া পুড়ে সাদা হয়ে গেছে আর প্রচণ্ড জ্বালা করছে।,Emergency,Immediately go to emergency department or call ambulance
পায়ের গোড়ালির রগ (Achilles tendon) ছিঁড়ে যাওয়ার লক্ষণগুলো কী কী? সাধারণ তথ্য চাই।,General Query,"No immediate action required, informational response sufficient"
পায়ের পাতার মাঝখানে একটা শিরার স্পন্দন খুব জোরে অনুভূত হয় যা বাইরে থেকে দেখা যায়।,Routine,Schedule a regular medical consultation
হাঁটুর ওপর হাত দিলে মনে হয় ভেতরের হাড়গুলো বালুর মতো ঘষা খাচ্ছে আর শব্দ হচ্ছে।,Urgent,Seek medical care within 24–48 hours
পায়ের ব্যথার জন্য কি কোনো বিশেষ তেল মালিশ করা নিরাপদ? তথ্য ও পরামর্শ চাই।,General Query,"No immediate action required, informational response sufficient"
পায়ের আঙুলে রিং বা সুতো আটকে গিয়ে আঙুল নীল হয়ে ফুলে গেছে আর প্রচণ্ড ব্যথা।,Emergency,Immediately go to ambulance or call hospital
পায়ের গোড়ালি বা হিল স্পার (Heel Spur) অপারেশন ছাড়া নিরাময়ের উপায় সম্পর্কে জানতে চাই।,General Query,"No immediate action required, informational response sufficient"
হঠাৎ পা কাঁপতে শুরু করেছে আর পায়ের পাতা একদম বরফের মতো ঠান্ডা হয়ে অসাড় লাগছে।,Emergency,Immediately go to emergency department or call ambulance
পায়ের আঙুলের মাথায় বরফ জমে গিয়ে আঙুল একদম কালো হয়ে গেছে আর কোনো সাড়া নেই (Frostbite)।,Emergency,Immediately go to emergency department or call ambulance
পায়ের পাতায় গজাল বা তিলা (Corn) হওয়ার কারণ এবং এর সাধারণ ঘরোয়া চিকিৎসা জানতে চাই।,General Query,"No immediate action required, informational response sufficient"
উরুর ভেতরে একটা গোল চাকা যা টিপলে প্রচণ্ড ব্যথা লাগে আর জ্বর আসছে গত দুইদিন।,Urgent,Seek medical care within 24–48 hours
হাঁটুর জয়েন্ট থেকে পানি বের করার প্রক্রিয়া এবং এর ঝুঁকি সম্পর্কে সাধারণ তথ্য প্রয়োজন।,General Query,"No immediate action required, informational response sufficient"
পায়ের গোড়ালি দিয়ে প্রস্রাবের মতো দুর্গন্ধযুক্ত রস বের হচ্ছে আর জায়গাটা পচে যাচ্ছে মনে হয়।,Emergency,Immediately go to emergency department or call ambulance
পায়ের পাতার চামড়া খুব খসখসে হয়ে মাছের আঁশের মতো উঠছে আর প্রচুর চুলকাচ্ছে।,Routine,Schedule a regular medical consultation
হাঁটুর পেছনে একটা শিরার মতো ফুলে দড়ির মতো শক্ত হয়ে আছে যা নাড়াচড়া করলে খুব টানে।,Routine,Schedule a regular medical consultation
দীর্ঘক্ষণ বসে থাকলে পা ফুলে যায় কেন এবং এটি কমানোর সাধারণ উপায়গুলো কী কী?,General Query,"No immediate action required, informational response sufficient"
পায়ের উরুতে কোনো রাসায়নিক ছিিটকে পড়ার পর জায়গাটা গভীর ক্ষত হয়ে গেছে।,Emergency,Immediately go to emergency department or call ambulance
পায়ের পাতার নিচে সুঁই ফোটানোর মতো ব্যথা যা হাঁটলে সারা পায়ে ছড়িয়ে যায়।,Routine,Schedule a regular medical consultation
হঠাৎ করে পায়ের পাতা ফুলে লাল হয়ে গেছে আর রোগী ব্যথায় একদম সোজা হতে পারছে না।,Emergency,Immediately go to emergency department or call ambulance
পায়ের আঙুলের নখ সাদা হয়ে পুরো নখটাই আলগা হয়ে উঠে আসছে।,Urgent,Seek medical care within 24–48 hours
গোড়ালিতে ইনজেকশন দেওয়ার সুবিধা এবং অসুবিধা সম্পর্কে বিস্তারিত জানতে আগ্রহী।,General Query,"No immediate action required, informational response sufficient"
উরুর হাড়ের ওপর হাত দিলে মনে হয় হাড়টা ভেতরে কোনোভাবে ভেঙে দুই ভাগ হয়ে আছে।,Emergency,Immediately go to emergency department or call ambulance
হাঁটুর জয়েন্টে স্টেরয়েড ইনজেকশন দেওয়ার সঠিক নিয়ম এবং সতর্কতা সম্পর্কে তথ্য চাই।,General Query,"No immediate action required, informational response sufficient"
পায়ের নখ কাটার পর সেই জায়গাটা কালো হয়ে গেছে আর হাত দিলে একদম ঠান্ডা লাগে।,Emergency,Immediately go to emergency department or call ambulance
পায়ের পাতার হাড়ের ওপর কোনো বড় পিণ্ড যা ইদানীং খুব শক্ত হয়ে গেছে আর ওজন কমছে।,Urgent,Seek medical care within 24–48 hours
পায়ের আঙুল নীল হয়ে ফুলে গেছে আর মনে হচ্ছে পচন (Gangrene) ধরছে।,Emergency,Immediately go to emergency department or call ambulance
উরুর চামড়ায় লাল জালের মতো শিরা দেখা যাচ্ছে যা রোদে গেলে জ্বালাপোড়া করে।,Routine,Schedule a regular medical consultation
পায়ের পাতার তলায় জ্বালাপোড়া কমানোর জন্য কি ঠান্ডা পানির সেঁক দেওয়া নিরাপদ?,General Query,"No immediate action required, informational response sufficient"
হাঁটুর হাড়ের যক্ষ্মা বা ইনফেকশন হলে কী কী শারীরিক সমস্যা দেখা দিতে পারে? তথ্য চাই।,General Query,"No immediate action required, informational response sufficient"
হঠাৎ করে উরুর রগ ছিঁড়ে যাওয়ার মতো প্রচণ্ড শব্দ হয়েছে আর পা একদম অবশ।,Emergency,Immediately go to emergency department or call ambulance
পায়ের পাতার আর্চ বা খিলান কমে গিয়ে ফ্ল্যাট ফুট (Flat Foot) হলে করণীয় কী?,General Query,"No immediate action required, informational response sufficient"
গোড়ালির পাশে একটা শিরার স্পন্দন খুব জোরে অনুভূত হয় যা বাইরে থেকে দেখা যায়।,Routine,Schedule a regular medical consultation
উরুর ব্যথার জন্য কি কোনো মলম বা ঘরোয়া তেল মালিশ করা নিরাপদ? তথ্য চাই।,General Query,"No immediate action required, informational response sufficient"
পায়ের পাতার নিচে শক্ত গোটা হয়েছে যা হাঁটলে সুঁইয়ের মতো বিঁধে।,Routine,Schedule a regular medical consultation
পায়ের গোড়ালি থেকে পা পর্যন্ত প্রচণ্ড দপদপানি ব্যথা যা রাতে ঘুমাতে দেয় না।,Urgent,Seek medical care within 24–48 hours
"পায়ের নখ নড়াচড়া করলে খুব ব্যথা করে কিন্তু কোনো আঘাত লাগেনি, এটি কিসের লক্ষণ?",Urgent,Seek medical care within 24–48 hours
হঠাৎ পায়ের পেশিগুলো জমে শক্ত হয়ে গেছে আর মানুষটা ব্যথায় নড়তে পারছে না।,Urgent,Seek medical care within 24–48 hours
পায়ের আঙুলের ডগায় কালো ছোপ পড়া কি কোনো গুরুতর রোগের লক্ষণ? তথ্য চাই।,General Query,"No immediate action required, informational response sufficient"
উরুর পাশে বড় একটা ফোঁড়া হয়েছে যা লাল হয়ে ফুলে আছে আর খুব জ্বর এসেছে।,Urgent,Seek medical care within 24–48 hours
হাঁটুর হাড়ের জয়েন্টে পিচ্ছিল ভাব বা সাইনোভিয়াল ফ্লুইড কমে গেলে করণীয় কী?,General Query,"No immediate action required, informational response sufficient"
পায়ের পাতায় সরাসরি কামড় লাগার পর পা নীল হয়ে গেছে আর প্রস্রাব বন্ধ হয়ে গেছে।,Emergency,Immediately go to emergency department or call ambulance
পায়ের নখ কাটার সময় খুব সতর্ক থাকতে হয় কি ডায়াবেটিস রোগীদের জন্য? সাধারণ তথ্য চাই।,General Query,"No immediate action required, informational response sufficient"
সারা শরীরের চামড়া হঠাৎ লাল হয়ে ফুলে গেছে এবং শ্বাস নিতে প্রচণ্ড কষ্ট হচ্ছে।,Emergency,Immediately go to emergency department or call ambulance
ত্বকের যত্নে সানস্ক্রিন ব্যবহারের সঠিক নিয়ম এবং এসপিএফ (SPF) এর গুরুত্ব সম্পর্কে জানতে চাই।,General Query,"No immediate action required, informational response sufficient"
বগলে একটা ছোট লাল ফুসকুড়ি হয়েছে যা খুব চুলকায় এবং ঘামলে জ্বালাপোড়া করে।,Routine,Schedule a regular medical consultation
কুঁচকির ভাঁজে মাঝেমধ্যে সাদাটে দাগ দেখা যায় যা চুলকালে কষ বা রস বের হয়।,Routine,Schedule a regular medical consultation
শরীরের চামড়ায় সরাসরি অ্যাসিড বা ক্ষতিকারক কেমিক্যাল পড়ে গভীর ক্ষত তৈরি হয়েছে।,Emergency,Immediately go to emergency department or call ambulance
ব্রণ বা একনি প্রতিরোধের সাধারণ উপায় এবং ঘরোয়া প্রতিকার সম্পর্কে তথ্য প্রয়োজন।,General Query,"No immediate action required, informational response sufficient"
চামড়ার নিচে একটা শক্ত চাকা যা দিন দিন বড় হচ্ছে এবং উপরের চামড়া কুঁচকে কালচে হয়ে যাচ্ছে।,Urgent,Seek medical care within 24–48 hours
ত্বকের ভাঁজে কালো ছোপ পড়া (Acanthosis Nigricans) কি ডায়াবেটিসের লক্ষণ? তথ্য চাই।,General Query,"No immediate action required, informational response sufficient"
হঠাৎ করে সারা শরীর চুলকে চাকা চাকা হয়ে ফুলে গেছে আর ঠোঁট ও চোখ ফুলে যাচ্ছে।,Emergency,Immediately go to emergency department or call ambulance
"রোদে গেলে চামড়া লাল হয়ে যায় এবং ফোস্কা পড়ে, এর প্রতিকারে সাধারণ পরামর্শ কী?",General Query,"No immediate action required, informational response sufficient"
বগলের নিচে একটা বড় ফোঁড়া হয়েছে যা লাল হয়ে ফুলে আছে আর হাত নাড়াতে খুব ব্যথা লাগে।,Urgent,Seek medical care within 24–48 hours
চামড়ায় ছোট ছোট পানির মতো দানা উঠেছে যা প্রচণ্ড চুলকায় আর চুলকালে রক্ত বের হয়।,Routine,Schedule a regular medical consultation
পায়ের বা বাহুর চামড়া হঠাৎ লাল হয়ে গরম হয়ে ফুলে গেছে আর খুব জ্বর আসছে।,Urgent,Seek medical care within 24–48 hours
বগলের চামড়া খুব খসখসে হয়ে কালো হয়ে গেছে আর সেখান থেকে দুর্গন্ধ বের হয়।,Routine,Schedule a regular medical consultation
ত্বকের উজ্জ্বলতা বাড়ানোর জন্য স্টেরয়েড ক্রিম ব্যবহারের ঝুঁকি সম্পর্কে তথ্য জানতে চাই।,General Query,"No immediate action required, informational response sufficient"
সারা শরীরের চামড়া মাছের আঁশের মতো উঠে যাচ্ছে আর প্রচণ্ড জ্বালাপোড়া করছে।,Urgent,Seek medical care within 24–48 hours
শরীরের কোনো তিল থেকে হঠাৎ রক্ত পড়ছে এবং তিলের চারপাশটা আঁকাবাঁকা হয়ে বড় হচ্ছে।,Urgent,Seek medical care within 24–48 hours
শীতকালে ত্বক অতিরিক্ত ফেটে যাওয়া রোধে ময়শ্চারাইজার ব্যবহারের সাধারণ নিয়মাবলী কী?,General Query,"No immediate action required, informational response sufficient"
বগলে ছোট ছোট আঁচিল বা মাংসের টুকরো (Skin Tag) হওয়া কি কোনো ভয়ের কারণ?,General Query,"No immediate action required, informational response sufficient"
চামড়ার নিচে পোকা হাঁটার মতো সুড়সুড়ি অনুভূতি হয় এবং রাতে চুলকানি বাড়ে।,Routine,Schedule a regular medical consultation
হঠাৎ করে সারা শরীরে বড় বড় ফোসকা পড়ছে এবং মুখ ও চোখের চামড়া উঠে যাচ্ছে।,Emergency,Immediately go to emergency department or call ambulance
একজিমা বা দীর্ঘস্থায়ী চর্মরোগ নিয়ন্ত্রণে রাখার সাধারণ খাবার ও অভ্যাস সম্পর্কে তথ্য চাই।,General Query,"No immediate action required, informational response sufficient"
পায়ের আঙুলের ফাঁকে পচন ধরেছে এবং চামড়া একদম কালো হয়ে পচা গন্ধ আসছে।,Emergency,Immediately go to emergency department or call ambulance
ত্বকের স্ট্রেচ মার্ক বা ফাটা দাগ কমানোর কি কোনো কার্যকরী সাধারণ উপায় আছে?,General Query,"No immediate action required, informational response sufficient"
শরীরের চামড়ায় সরাসরি গরম তেল বা পানি পড়ে ফোসকা গলে গিয়ে ঘা হয়ে গেছে।,Urgent,Seek medical care within 24–48 hours
বগলে ঘামাচির মতো ছোট ছোট লাল দানা যা গরমে অনেক বাড়ে আর জ্বালা করে।,Routine,Schedule a regular medical consultation
ত্বকের বায়োপসি পরীক্ষা কেন করা হয় এবং এর সাধারণ প্রক্রিয়া সম্পর্কে জানতে চাই।,General Query,"No immediate action required, informational response sufficient"
হঠাৎ করে নখের চারপাশের চামড়া ফুলে লাল হয়ে গেছে আর টিপলে পুঁজ বের হচ্ছে।,Urgent,Seek medical care within 24–48 hours
শরীরের যেকোনো অংশে সাদা দাগ বা ভিটিলিগো হওয়ার কারণ ও প্রতিকার সম্পর্কে তথ্য দিন।,General Query,"No immediate action required, informational response sufficient"
কুঁচকির ভাঁজে ছোট ছোট গোটা হয়েছে যা টিপলে শক্ত লাগে কিন্তু ব্যথা নেই।,Routine,Schedule a regular medical consultation
বগলের নিচে লসিকা গ্রন্থি বা গ্ল্যান্ড ফুলে মটরদানার মতো বড় হয়ে আছে।,Urgent,Seek medical care within 24–48 hours
চামড়া কুঁচকে যাওয়া বা বলিরেখা কমানোর জন্য কি অ্যান্টি-এজিং ক্রিম কাজ করে?,General Query,"No immediate action required, informational response sufficient"
"হঠাৎ সারা শরীর হলুদ হয়ে গেছে, এমনকি হাতের তালু ও চোখের চামড়াও।",Urgent,Seek medical care within 24–48 hours
শরীরের চামড়া ফেটে গভীর ক্ষত হয়ে রক্ত বের হচ্ছে কিন্তু কোনো আঘাত লাগেনি।,Urgent,Seek medical care within 24–48 hours
রোদে পোড়া বা সানবার্ন হলে প্রাথমিক ঘরোয়া চিকিৎসার সাধারণ উপায়গুলো কী কী?,General Query,"No immediate action required, informational response sufficient"
বগলে অতিরিক্ত ঘাম হওয়া কমানোর জন্য কি বিশেষ কোনো পাউডার বা ওষুধ আছে?,General Query,"No immediate action required, informational response sufficient"
পায়ের পাতায় মোজা পরলে চামড়া ভিজে সাদা হয়ে যায় এবং খুব চুলকায়।,Routine,Schedule a regular medical consultation
ত্বকের অ্যালার্জি টেস্ট করার নিয়ম এবং এটি কখন করা জরুরি সে বিষয়ে তথ্য চাই।,General Query,"No immediate action required, informational response sufficient"
চামড়ার ওপর ছুলি বা সাদা ছোপ হওয়ার কারণ ও সাধারণ মলম সম্পর্কে জানতে চাই।,General Query,"No immediate action required, informational response sufficient"
হঠাৎ শরীরের একপাশ (বাম হাত ও বাম পা) একদম অবশ হয়ে গেছে এবং মুখ একদিকে বেঁকে যাচ্ছে।,Emergency,Immediately go to emergency department or call ambulance
হাতে সারাক্ষণ ঝিনঝিনি লাগলে বা হাত অবশ হয়ে থাকলে কোন ধরনের ভিটামিন খাওয়া উচিত?,General Query,"No immediate action required, informational response sufficient"
"দীর্ঘক্ষণ এক জায়গায় বসে থাকলে পা ঝিনঝিন করে, এটি কমানোর জন্য কি কোনো ব্যায়াম আছে?",General Query,"No immediate action required, informational response sufficient"
হঠাৎ দুই পা একদম অবশ হয়ে গেছে আর প্রস্রাব-পায়খানার কোনো নিয়ন্ত্রণ নেই।,Emergency,Immediately go to emergency department or call ambulance
স্নায়ুর দুর্বলতা বা নিউরোপ্যাথি কেন হয় এবং এর আধুনিক চিকিৎসা পদ্ধতি সম্পর্কে জানতে চাই।,General Query,"No immediate action required, informational response sufficient"
হাতের আঙুলের ডগাগুলো সবসময় অবশ লাগে আর কোনো সূক্ষ্ম কাজ যেমন বোতাম লাগানো যাচ্ছে না।,Urgent,Seek medical care within 24–48 hours
"পায়ের তালুতে জ্বালাপোড়া করে আর মনে হয় আগুনের ওপর দিয়ে হাঁটছি, বিশেষ করে রাতে বাড়ে।",Urgent,Seek medical care within 24–48 hours
হাতের কোনো একটা আঙুল হঠাৎ করে অবশ হয়ে গেছে আর সেখানে কোনো সাড়া পাচ্ছি না।,Routine,Schedule a regular medical consultation
ডায়াবেটিস রোগীদের পা অবশ হয়ে যাওয়ার ঝুঁকি এবং পায়ের যত্নে সাধারণ নিয়মাবলী কী?,General Query,"No immediate action required, informational response sufficient"
"পায়ের নিচে মনে হয় তুলোর ওপর দিয়ে হাঁটছি, মাটি বা মেঝের স্পর্শ ঠিকমতো বুঝতে পারছি না।",Urgent,Seek medical care within 24–48 hours
হাত-পা কামড়ানো এবং ঝিনঝিনি কমানোর ঘরোয়া উপায় ও খাবারের তালিকা জানতে আগ্রহী।,General Query,"No immediate action required, informational response sufficient"
মাথার পেছনে তীব্র ব্যথার সাথে হাত-পা কাঁপছে আর চোখে ঝাপসা দেখছি।,Emergency,Immediately go to emergency department or call ambulance
সারা শরীরের চামড়া শিরশির করে আর মাঝেমধ্যে বিদ্যুতের শকের মতো ঝটকা লাগে।,Routine,Schedule a regular medical consultation
কোমরের হাড় সরে গিয়ে পায়ের দিকে তীব্র ব্যথার সাথে পা অবশ হয়ে আসছে (Sciatica)।,Urgent,Seek medical care within 24–48 hours
পায়ের আঙুলের ডগা নীল হয়ে গেছে আর সেখানে কোনো স্পর্শ অনুভব করছি না।,Emergency,Immediately go to emergency department or call ambulance
ঘাড় বা পিঠের স্নায়ুর ব্যায়াম করার সঠিক নিয়ম সম্পর্কে ভিডিও বা তথ্য পেতে চাই।,General Query,"No immediate action required, informational response sufficient"
হঠাৎ সারা শরীর অবশ হয়ে আসছে আর রোগী জ্ঞান হারিয়ে ফেলছে।,Emergency,Immediately go to emergency department or call ambulance
হাতে কোনো ভারী বস্তু বহন করার পর থেকে বাহুর স্নায়ুতে একটা চিনচিনে ব্যথা লেগেই থাকে।,Routine,Schedule a regular medical consultation
পায়ের বাছুর পেশিতে প্রচণ্ড ব্যথার সাথে পা ঠান্ডা হয়ে অবশ হয়ে যাচ্ছে।,Emergency,Immediately go to emergency department or call ambulance
সারাদিন কম্পিউটারে কাজ করার পর আঙুলগুলো কেমন যেন অসাড় লাগে আর ঝিনঝিন করে।,Routine,Schedule a regular medical consultation
স্নায়ু রোগ বিশেষজ্ঞ দেখানোর আগে কী কী পরীক্ষা করা যেতে পারে? সাধারণ তথ্য চাই।,General Query,"No immediate action required, informational response sufficient"
মুখের একপাশ হঠাৎ অবশ হয়ে গেছে আর কুলি করতে গেলে মুখ থেকে পানি পড়ে যাচ্ছে।,Emergency,Immediately go to emergency department or call ambulance
হাতের পেশিগুলো মাঝেমধ্যে একা একাই লাফাতে থাকে যা খুব অস্বস্তি তৈরি করে।,Routine,Schedule a regular medical consultation
গর্ভাবস্থায় হাত-পা ঝিনঝিন করা কি সাধারণ সমস্যা নাকি কোনো দুশ্চিন্তার বিষয়?,General Query,"No immediate action required, informational response sufficient"
হাত বা পায়ের স্নায়ু সরাসরি কেটে গেছে আর সেই জায়গাটা একদম নিথর হয়ে আছে।,Emergency,Immediately go to emergency department or call ambulance
দীর্ঘদিন ধরে ঘাড়ের ব্যথায় হাতের আঙুলগুলো অবশ হয়ে যাওয়া কি অপারেশনের লক্ষণ?,General Query,"No immediate action required, informational response sufficient"
পায়ের পাতার মাঝখানে সুঁই ফোটানোর মতো ব্যথা যা হাঁটলে পায়ের পাতা পর্যন্ত যায়।,Routine,Schedule a regular medical consultation
হঠাৎ করে হাত-পা কাঁপতে শুরু করেছে আর শ্বাস নিতে খুব কষ্ট হচ্ছে।,Emergency,Immediately go to emergency department or call ambulance
স্নায়ুর সুস্থতায় বি-ভিটামিন (Vitamin B Complex) এর ভূমিকা সম্পর্কে জানতে চাই।,General Query,"No immediate action required, informational response sufficient"
"হাতের কবজিতে প্রচণ্ড ব্যথার সাথে হাত একদম দুর্বল হয়ে গেছে, মুঠি করা যাচ্ছে না।",Urgent,Seek medical care within 24–48 hours
স্ট্রোকের লক্ষণ চেনার উপায় (FAST) সম্পর্কে সাধারণ তথ্য এবং সচেতনতা প্রয়োজন।,General Query,"No immediate action required, informational response sufficient"
পায়ের গোড়ালির পাশে হাত দিলে মনে হয় বিদ্যুতের শকের মতো সারা পায়ে ঝিলিক দেয়।,Routine,Schedule a regular medical consultation
স্নায়বিক সমস্যার কারণে কি স্মৃতিশক্তি কমে যেতে পারে? সাধারণ তথ্য চাই।,General Query,"No immediate action required, informational response sufficient"
হাতের আঙুলের সন্ধিস্থলে দপদপানি অনুভূতি যা হাত ঝুলালে আরও বেড়ে যায়।,Routine,Schedule a regular medical consultation
কোমর থেকে নিচের অংশ একদম নিথর হয়ে গেছে এবং নাড়ানোর কোনো ক্ষমতা নেই।,Emergency,Immediately go to emergency department or call ambulance
পায়ের নখ কাটার পর সেই জায়গাটা অবশ হয়ে গেছে আর পচন ধরার মতো কালচে দাগ পড়ছে।,Emergency,Immediately go to emergency department or call ambulance
হাতের কবজির নার্ভে ইনজেকশন দেওয়ার উপকারিতা ও ঝুঁকি সম্পর্কে জানতে চাই।,General Query,"No immediate action required, informational response sufficient"
হঠাৎ পা অবশ হয়ে রোগী মেঝেতে পড়ে গেছে আর উল্টোপাল্টা কথা বলছে।,Emergency,Immediately go to emergency department or call ambulance
পায়ের পাতা থেকে শুরু করে ধীরে ধীরে উপরের দিকে অবশতা ছড়িয়ে যাচ্ছে।,Urgent,Seek medical care within 24–48 hours
সিঁড়ি দিয়ে উঠতে গেলে পায়ের পেশি একদম দুর্বল হয়ে যায় আর মনে হয় শরীর ধপ করে পড়ে যাবে।,Urgent,Seek medical care within 24–48 hours
সারাদিন টাইপিং করার পর হাতের আঙুলে শক্তি পাচ্ছি না আর কবজিটা ঝুলে পড়ছে।,Routine,Schedule a regular medical consultation
মাংসপেশির দুর্বলতা কমানোর জন্য প্রোটিন পাউডার বা সাপ্লিমেন্ট কি কার্যকর? তথ্য চাই।,General Query,"No immediate action required, informational response sufficient"
হঠাৎ সারা শরীর এত দুর্বল লাগছে যে কথা বলার শক্তিও পাচ্ছি না আর প্রচুর ঘামছি।,Emergency,Immediately go to emergency department or call ambulance
ঘুম থেকে উঠলে হাত-পা একদম অবশ থাকে কিন্তু হাত-পা ঝাড়া দিলে ১০ মিনিট পর ঠিক হয়ে যায়।,General Query,"No immediate action required, informational response sufficient"
পায়ের পাতায় চিমটি কাটলে কোনো ব্যথা অনুভব করছি না কিন্তু পা ঠিকই নাড়াতে পারছি।,Urgent,Seek medical care within 24–48 hours
বার্ধক্যে হাত-পা কাপা কমানোর আধুনিক ওষুধ এবং পার্কিনসন রোগ সম্পর্কে তথ্য চাই।,General Query,"No immediate action required, informational response sufficient"
শরীরের একদিকের হাত ও পা অবশ হয়ে গেছে এবং প্রচণ্ড মাথাব্যথা ও বমি হচ্ছে।,Emergency,Immediately go to emergency department or call ambulance
পায়ের বুড়ো আঙুলে কোনো সাড়া নেই আর আঙুলটা নড়াচড়া করতে পারছি না।,Routine,Schedule a regular medical consultation
হঠাৎ করে শরীরে পক্ষাঘাত বা প্যারালাইসিসের মতো অনুভূতি হচ্ছে আর দম বন্ধ হয়ে আসছে।,Emergency,Immediately go to emergency department or call ambulance
ডায়াবেটিস রোগীদের পায়ের স্নায়ু মরে যাওয়া (Neuropathy) রোধে কী কী করা উচিত?,General Query,"No immediate action required, informational response sufficient"
হাতের বাহুতে রগ লাফানো এবং মাংসপেশির খিঁচুনি কমানোর ব্যায়াম সম্পর্কে তথ্য প্রয়োজন।,General Query,"No immediate action required, informational response sufficient"
পায়ের গোড়ালিতে তীব্র ব্যথার সাথে গোড়ালি থেকে পায়ের পাতা পর্যন্ত অবশ হয়ে আছে।,Urgent,Seek medical care within 24–48 hours
হঠাৎ হাত-পা ঠান্ডা হয়ে আসছে আর রোগী নীল হয়ে জ্ঞান হারাচ্ছে।,Emergency,Immediately go to emergency department or call ambulance
স্নায়ু রোগের চিকিৎসায় ফিজিওথেরাপির ভূমিকা এবং কতদিন ফিজিওথেরাপি নিতে হয়?,General Query,"No immediate action required, informational response sufficient"
হাতের আঙুলের মাঝে ঝিনঝিনি আর কবজির কাছে টিপলে ইলেকট্রিক শকের মতো অনুভূতি।,Urgent,Seek medical care within 24–48 hours
দীর্ঘক্ষণ বসে থাকলে কোমরে যে চিনচিনে ব্যথা হয় তা কি মেরুদণ্ডের স্নায়ুর সমস্যা?,General Query,"No immediate action required, informational response sufficient"
হঠাৎ পায়ের পাতায় প্রচণ্ড খিঁচুনি লেগে পা বেঁকে গেছে আর সোজা করা যাচ্ছে না।,Urgent,Seek medical care within 24–48 hours
শরীরের যেকোনো অংশে পক্ষাঘাতের প্রাথমিক লক্ষণগুলো কী কী? সাধারণ তথ্য চাই।,General Query,"No immediate action required, informational response sufficient"
অপারেশনের পর পা অবশ হয়ে থাকা কি স্বাভাবিক বিষয়? তথ্য ও পরামর্শ চাই।,General Query,"No immediate action required, informational response sufficient"
হঠাৎ করে দৃষ্টিশক্তি কমে যাওয়ার সাথে এক হাত একদম অবশ ও নিস্তেজ হয়ে গেছে।,Emergency,Immediately go to emergency department or call ambulance
পায়ের পাতার নিচে গজাল বা কড়া পড়লে কি নার্ভে চাপ পড়ার সম্ভাবনা থাকে?,General Query,"No immediate action required, informational response sufficient"
স্নায়ুর সুস্থতায় ওমেগা-৩ বা ফিশ অয়েল খাওয়ার উপকারিতা সম্পর্কে জানতে আগ্রহী।,General Query,"No immediate action required, informational response sufficient"
হঠাৎ করে সারা শরীর কাঁপতে কাঁপতে দাঁত লেগে যাচ্ছে আর রোগী নিস্তেজ হয়ে পড়ছে।,Emergency,Immediately go to emergency department or call ambulance
পায়ের বুড়ো আঙুলের জয়েন্টে প্রচণ্ড ব্যথার সাথে আঙুলটা অবশ হয়ে নীল হয়ে আছে।,Urgent,Seek medical care within 24–48 hours
স্নায়বিক সমস্যার জন্য কি যোগব্যায়াম বা মেডিটেশন কার্যকরী? পরামর্শ চাই।,General Query,"No immediate action required, informational response sufficient"
"হাতের তালু দিয়ে কিছু লিখতে গেলে কলম হাত থেকে বারবার পড়ে যায়, জোর পাচ্ছি না।",Urgent,Seek medical care within 24–48 hours
পায়ের শিরায় টান লেগে পা ভাঁজ করতে পারছি না আর জায়গাটা খুব গরম হয়ে আছে।,Urgent,Seek medical care within 24–48 hours
স্নায়ু রোগের চিকিৎসায় লেজার থেরাপির ব্যবহার এবং এর পার্শ্বপ্রতিক্রিয়া সম্পর্কে তথ্য দিন।,General Query,"No immediate action required, informational response sufficient"
হঠাৎ করে শরীরের হাড়কাঁপানো ব্যথার সাথে দুই হাত অবশ হয়ে নীল হয়ে গেছে।,Emergency,Immediately go to emergency department or call ambulance
কবজির নার্ভ কম্প্রেস বা কার্পাল টানেল সিনড্রোম কি কোনো অপারেশন ছাড়া সারে?,General Query,"No immediate action required, informational response sufficient"
পায়ের পাতার নিচে কামড়ানোর মতো ব্যথা যা পায়ের গোড়ালি থেকে কোমর পর্যন্ত ছড়িয়ে যায়।,Routine,Schedule a regular medical consultation
হঠাৎ করে রোগী কথা বলতে বলতে তোতলাচ্ছে আর এক হাত দিয়ে কিছু ধরতে পারছে না।,Emergency,Immediately go to emergency department or call ambulance
"স্নায়ুর দুর্বলতা দূর করতে প্রাকৃতিক খাবারের (যেমন বাদাম, সামুদ্রিক মাছ) প্রভাব কী?",General Query,"No immediate action required, informational response sufficient"
হাতের পেশিগুলো শুকিয়ে যাচ্ছে এবং হাতের আঙুলগুলো সরু ও দুর্বল হয়ে পড়ছে।,Urgent,Seek medical care within 24–48 hours
পায়ের পাতার নিচে সবসময় শিরশির করে মনে হয় ছোট কোনো পোকা হাঁটছে।,Routine,Schedule a regular medical consultation
স্নায়বিক সমস্যার কারণে কি ঘুমের মধ্যে হাত-পা ছিটকানো বা লাফানো হতে পারে?,General Query,"No immediate action required, informational response sufficient"
হঠাৎ মাথার একপাশে প্রচণ্ড ঝনঝনানি ব্যথার সাথে পুরো শরীর অবশ হয়ে আসছে।,Emergency,Immediately go to emergency department or call ambulance
"হাতের আঙুলে রিং পরলে আঙুল অবশ হয়ে যায়, এটি কি নার্ভের সমস্যার লক্ষণ?",General Query,"No immediate action required, informational response sufficient"
স্নায়ু রোগের সাধারণ ইনভেস্টিগেশন বা পরীক্ষাগুলোর খরচ সম্পর্কে তথ্য প্রয়োজন।,General Query,"No immediate action required, informational response sufficient"
হঠাৎ প্রস্রাব বন্ধ হয়ে যাওয়ার সাথে দুই পা একদম নিথর ও ঠান্ডা হয়ে গেছে।,Emergency,Immediately go to emergency department or call ambulance
হাতের তালু খুব ঘামছে এবং মাঝেমধ্যে আঙুলগুলো হঠাৎ করে অবশ হয়ে যায়।,Routine,Schedule a regular medical consultation
কোমর থেকে নিচের অংশ হঠাৎ করে এমন অবশ হয়েছে যে আর দাঁড়াতে পারছি না।,Emergency,Immediately go to emergency department or call ambulance
প্রচণ্ড জ্বরের সাথে শ্বাস নিতে খুব কষ্ট হচ্ছে এবং বুক ধড়ফড় করছে।,Emergency,Immediately go to emergency department or call ambulance
শরীরের তাপমাত্রা ১০২ ডিগ্রি হলে সাধারণ নাপা বা প্যারাসিটামল খাওয়ার নিয়ম কী?,General Query,"No immediate action required, informational response sufficient"
হঠাৎ করে সারা শরীর কাঁপছে আর শ্বাস নিতে গেলে মনে হচ্ছে বাতাস ভেতরে যাচ্ছে না।,Emergency,Immediately go to emergency department or call ambulance
দীর্ঘদিন ধরে ক্লান্তি এবং শরীরে সবসময় একটা হালকা জ্বর জ্বর ভাব থাকার কারণ কী?,General Query,"No immediate action required, informational response sufficient"
প্রচণ্ড শীত দিয়ে জ্বর আসার পর শরীর নীল হয়ে গেছে আর রোগী অসংলগ্ন কথা বলছে।,Emergency,Immediately go to emergency department or call ambulance
ডেঙ্গু জ্বরের সময় ক্লান্তি কমাতে ডাব বা স্যালাইন খাওয়ার উপকারিতা সম্পর্কে জানতে চাই।,General Query,"No immediate action required, informational response sufficient"
হঠাৎ অজ্ঞান হয়ে যাওয়ার পর রোগীর পালস বা নাড়স্পন্দন পাওয়া যাচ্ছে না।,Emergency,Immediately go to emergency department or call ambulance
"সারা শরীরে প্রচণ্ড ব্যথা এবং ক্লান্তি, গত তিনদিন ধরে কোনো কাজ করা যাচ্ছে না।",Urgent,Seek medical care within 24–48 hours
জ্বরের সাথে শরীরে লাল লাল র‍্যাশ বা ছোপ দেখা যাচ্ছে যা খুব দ্রুত ছড়িয়ে পড়ছে।,Urgent,Seek medical care within 24–48 hours
টাইফয়েড জ্বর প্রতিরোধের উপায় এবং খাবার-দাবারের নিয়ম সম্পর্কে তথ্য দিন।,General Query,"No immediate action required, informational response sufficient"
শরীরের সব জয়েন্টে প্রচণ্ড ব্যথার সাথে উচ্চমাত্রার জ্বর এবং কাঁপুনি আসছে।,Urgent,Seek medical care within 24–48 hours
হঠাৎ করে খুব ক্লান্তি লাগছে এবং দাঁড়িয়ে থাকতে গেলে মাথা ঘুরে পড়ে যাচ্ছি।,Urgent,Seek medical care within 24–48 hours
জ্বর ঠোসা বা জ্বরের পর মুখে ঘা হওয়ার সাধারণ কারণ ও ঘরোয়া প্রতিকার কী?,General Query,"No immediate action required, informational response sufficient"
হঠাৎ করে দুর্বল লাগছে আর মনে হচ্ছে চোখ উল্টে অজ্ঞান হয়ে যাব।,Urgent,Seek medical care within 24–48 hours
শ্বাসকষ্ট কমানোর জন্য কি শ্বাস-প্রশ্বাসের বিশেষ কোনো ব্যায়াম কার্যকরী? তথ্য চাই।,General Query,"No immediate action required, informational response sufficient"
শরীরের তাপমাত্রা ৯৬ ডিগ্রির নিচে নেমে গেছে আর রোগী কোনো সাড়া দিচ্ছে না।,Emergency,Immediately go to emergency department or call ambulance
জ্বরের সাথে প্রস্রাবে খুব জ্বালাপোড়া এবং কোমরের দুই পাশে প্রচণ্ড ব্যথা।,Urgent,Seek medical care within 24–48 hours
শরীরে ভিটামিনের অভাব হলে কি খুব বেশি ক্লান্তি ও অবসাদ অনুভূত হতে পারে?,General Query,"No immediate action required, informational response sufficient"
অজ্ঞান হওয়ার পর রোগীর জিহ্বা কামড় লেগে প্রচুর রক্ত বের হচ্ছে।,Emergency,Immediately go to emergency department or call ambulance
হঠাৎ সারা শরীরে প্রচণ্ড কাঁপুনি দিয়ে জ্বর আসছে কিন্তু শরীর একদম ঠান্ডা।,Urgent,Seek medical care within 24–48 hours
অ্যাজমা বা হাঁপানি রোগীদের জন্য ইনহেলার ব্যবহারের সঠিক নিয়ম সম্পর্কে তথ্য চাই।,General Query,"No immediate action required, informational response sufficient"
জ্বরের পর মুখে তিতকুটে ভাব এবং অরুচি দূর করার সাধারণ উপায় কী কী?,General Query,"No immediate action required, informational response sufficient"
শরীরের দুর্বলতার সাথে যদি বুক ধড়ফড়ানি বাড়ে তবে করণীয় কী?,Urgent,Seek medical care within 24–48 hours
অজ্ঞান হওয়ার আগে কানে ভোঁ ভোঁ শব্দ হওয়া কি উচ্চ রক্তচাপের লক্ষণ?,General Query,"No immediate action required, informational response sufficient"
শরীরের ব্যথা কমানোর জন্য কি গরম পানির সেঁক দেওয়া নিরাপদ? সাধারণ তথ্য দিন।,General Query,"No immediate action required, informational response sufficient"
জ্বরের সাথে একটানা বমি হচ্ছে আর রোগী একদম নিস্তেজ হয়ে গেছে।,Urgent,Seek medical care within 24–48 hours
সারাদিন ঘুম ঘুম ভাব এবং মারাত্মক ক্লান্তি কি থাইরয়েড সমস্যার লক্ষণ?,General Query,"No immediate action required, informational response sufficient"
জ্বরের সময় ঘাম দিয়ে জ্বর নামা কি ভালো লক্ষণ নাকি কোনো ঝুঁকি আছে?,General Query,"No immediate action required, informational response sufficient"
হঠাৎ করে দুই পা ফুলে গেছে এবং রাতে শুতে গেলে শ্বাসকষ্ট হচ্ছে।,Urgent,Seek medical care within 24–48 hours
শ্বাসকষ্টের সাথে সাথে যদি কাশির সাথে রক্ত বের হয় তবে করণীয় কী?,Emergency,Immediately go to emergency department or call ambulance
অজ্ঞান হয়ে যাওয়ার প্রাথমিক চিকিৎসা বা ফার্স্ট এইড সম্পর্কে সচেতনতা প্রয়োজন।,General Query,"No immediate action required, informational response sufficient"
জ্বরের সাথে যদি পাতলা পায়খানা এবং পানিশূন্যতা দেখা দেয় তবে কী করা উচিত?,Urgent,Seek medical care within 24–48 hours
শরীরের রোগ প্রতিরোধ ক্ষমতা বাড়াতে প্রাকৃতিকভাবে কী কী করা যেতে পারে?,General Query,"No immediate action required, informational response sufficient"
জ্বরের সাথে কি কানের ইনফেকশনের সম্পর্ক থাকতে পারে? তথ্য চাই।,General Query,"No immediate action required, informational response sufficient"
হঠাৎ শ্বাসকষ্টের সাথে গলার স্বর বসে গেছে এবং কথা বলতে পারছি না।,Emergency,Immediately go to emergency department or call ambulance
শরীরে দীর্ঘস্থায়ী ব্যথার জন্য কি আকুপাংচার পদ্ধতি কার্যকরী? তথ্য দিন।,General Query,"No immediate action required, informational response sufficient"
হঠাৎ সারা শরীর এত দুর্বল লাগছে যে দাঁড়িয়ে থাকার শক্তি নেই এবং চোখে অন্ধকার দেখছি।,Emergency,Immediately go to emergency department or call ambulance
শরীরের ক্লান্তির সাথে হাত-পা জ্বালাপোড়া করলে কোন পরীক্ষা করা জরুরি?,General Query,"No immediate action required, informational response sufficient"
একটানা ১০৪ ডিগ্রি জ্বর এবং মাথায় প্রচণ্ড ব্যথার সাথে বমি হচ্ছে।,Emergency,Immediately go to emergency department or call ambulance
শরীর ব্যথা কমানোর জন্য কি ব্যথানাশক মলম প্রতিদিন লাগানো নিরাপদ?,General Query,"No immediate action required, informational response sufficient"
জ্বর পরবর্তী ক্লান্তি দূর করার জন্য কী কী পুষ্টিকর খাবার খাওয়া উচিত?,General Query,"No immediate action required, informational response sufficient"
বুকের ভেতর হঠাৎ শাঁ শাঁ শব্দ হচ্ছে এবং জোরে শ্বাস নিতে হচ্ছে।,Urgent,Seek medical care within 24–48 hours
অজ্ঞান হওয়ার প্রবণতা কমানোর জন্য কি রক্তে শর্করার মাত্রা পরীক্ষা করা দরকার?,General Query,"No immediate action required, informational response sufficient"
সারা দিন খুব দুর্বল লাগে আর মনে হয় সারাক্ষণ শুয়ে থাকি।,Routine,Schedule a regular medical consultation
জ্বরের সাথে যদি বুকের মাঝখানে ব্যথা হয় তবে কি সেটি নিউমোনিয়া? তথ্য দিন।,General Query,"No immediate action required, informational response sufficient"
শারীরিক দুর্বলতা কাটাতে গ্লুকোজ বা এনার্জি ড্রিংক খাওয়া কি ঠিক?,General Query,"No immediate action required, informational response sufficient"
পায়ের শিরায় টান লেগে প্রচণ্ড ব্যথার সাথে পা অবশ হয়ে যাচ্ছে।,Urgent,Seek medical care within 24–48 hours
জ্বর হলে মাথায় জলপট্টি দেওয়ার সঠিক নিয়ম সম্পর্কে জানতে চাই।,General Query,"No immediate action required, informational response sufficient"
হঠাৎ সারা শরীর কাঁপতে কাঁপতে দাঁত লেগে গেছে আর জ্ঞান হারিয়েছে।,Emergency,Immediately go to emergency department or call ambulance
শরীরে মেদ বাড়লে কি ক্লান্তি বা অবসাদ বেশি অনুভব হতে পারে?,General Query,"No immediate action required, informational response sufficient"
দম বন্ধ হয়ে আসা এবং গলার কাছে কিছু আটকে আছে এমন অনুভূতির প্রতিকার কী?,Urgent,Seek medical care within 24–48 hours
জ্বরের সাথে কি দাঁতের ব্যথা বা মাড়ি ফোলা যুক্ত থাকতে পারে?,General Query,"No immediate action required, informational response sufficient"
সারা শরীরের পেশিতে সুঁই ফোটানোর মতো ব্যথা যা কাজ করলে বেড়ে যায়।,Routine,Schedule a regular medical consultation
শারীরিক ক্লান্তির সাথে অনিদ্রার সম্পর্ক এবং ঘুমের ওষুধের ঝুঁকি কী?,General Query,"No immediate action required, informational response sufficient"
জ্বরের সময় শরীর স্পঞ্জিং করার সঠিক তাপমাত্রা কত হওয়া উচিত?,General Query,"No immediate action required, informational response sufficient"
অজ্ঞান হওয়ার পর রোগী কিছুক্ষণ চিনতে পারছে না এবং অসংলগ্ন কথা বলছে।,Urgent,Seek medical care within 24–48 hours
শরীরের সব রগে বা টেন্ডনে টান লেগে প্রচণ্ড ব্যথা অনুভব করছি।,Routine,Schedule a regular medical consultation
শ্বাসকষ্টের সময় অক্সিমিটার দিয়ে পালস চেক করার সঠিক নিয়ম কী?,General Query,"No immediate action required, informational response sufficient"
ক্লান্তি দূর করতে কি আয়রন বা বি-ভিটামিন সাপ্লিমেন্ট নেওয়া নিরাপদ?,General Query,"No immediate action required, informational response sufficient"
হঠাৎ করে দুর্বল লাগছে আর হাত-পা একদম বরফের মতো ঠান্ডা হয়ে গেছে।,Urgent,Seek medical care within 24–48 hours
জ্বরের সাথে কি শরীরের ওজন দ্রুত কমে যাওয়ার কোনো সম্পর্ক আছে?,General Query,"No immediate action required, informational response sufficient"
অজ্ঞান হওয়ার পর রোগীর কথা জড়িয়ে যাচ্ছে আর এক হাত অবশ মনে হচ্ছে।,Emergency,Immediately go to emergency department or call ambulance
সারা শরীরের চামড়া জ্বালাপোড়া করা এবং ক্লান্তি কমানোর উপায় কী?,Routine,Schedule a regular medical consultation
শ্বাসকষ্টের রোগীদের কি মাস্ক পরা বাধ্যতামূলক? সাধারণ স্বাস্থ্যবিধি জানতে চাই।,General Query,"No immediate action required, informational response sufficient"
জ্বরের সাথে চোখের মনি হলুদ হয়ে গেছে আর শরীর খুব চুলকাচ্ছে।,Urgent,Seek medical care within 24–48 hours
অজ্ঞান হওয়ার ভয়ে একা বাইরে যেতে ভয় পাওয়া কি কোনো মানসিক সমস্যা?,General Query,"No immediate action required, informational response sufficient"
হঠাৎ করে শ্বাসকষ্টের সাথে বুক ধড়ফড় করছে আর নাড়ি খুব দ্রুত চলছে।,Emergency,Immediately go to emergency department or call ambulance
জ্বরের সময় কি কুসুম গরম পানি দিয়ে গোসল করা নিরাপদ? তথ্য চাই।,General Query,"No immediate action required, informational response sufficient"
শ্বাসকষ্টের জন্য কি নেবুলাইজার ব্যবহার করা বাসায় নিরাপদ? নিয়মাবলী কী?,General Query,"No immediate action required, informational response sufficient"
জ্বরের সাথে কানে তালা লেগে যাওয়া এবং মাথা ঘোরার কারণ কী হতে পারে?,General Query,"No immediate action required, informational response sufficient"
অজ্ঞান হওয়ার সাথে সাথে রোগীর যদি বমি হয় তবে কী করা উচিত?,Emergency,Immediately go to emergency department or call ambulance
শরীরের ক্লান্তি কাটাতে ডার্ক চকলেট বা কফি কি ভূমিকা রাখে? তথ্য চাই।,General Query,"No immediate action required, informational response sufficient"
জ্বর এবং কাঁপুনি কমানোর জন্য কি বরফ জল ব্যবহার করা বিজ্ঞানসম্মত?,General Query,"No immediate action required, informational response sufficient"
"হঠাৎ করে মনে হচ্ছে মারা যাব, বুক ধড়ফড় করছে আর নিঃশ্বাস বন্ধ হয়ে আসছে।",Emergency,Immediately go to emergency department or call ambulance
অযথা দুশ্চিন্তা কমানোর জন্য কি কোনো ঘরোয়া উপায় বা শ্বাস-প্রশ্বাসের ব্যায়াম আছে?,General Query,"No immediate action required, informational response sufficient"
অ্যাংজাইটি বা উদ্বেগের কারণে কি রক্তচাপ বেড়ে যেতে পারে? তথ্য ও পরামর্শ চাই।,General Query,"No immediate action required, informational response sufficient"
"মনে হচ্ছে জীবন রেখে লাভ নেই, বারবার নিজের ক্ষতি করার ইচ্ছা জাগছে।",Emergency,Immediately go to emergency department or call ambulance
সামাজিক অনুষ্ঠানে গেলে খুব ভয় লাগে আর মানুষের সামনে কথা বলতে হাত-পা কাঁপে।,Urgent,Seek medical care within 24–48 hours
দুশ্চিন্তা দূর করার জন্য কি প্রতিদিন মেডিটেশন করা কার্যকরী? নিয়ম জানতে চাই।,General Query,"No immediate action required, informational response sufficient"
"হঠাৎ হাত-পা ঠান্ডা হয়ে আসছে, ঘামছি আর মনে হচ্ছে পাগল হয়ে যাব।",Emergency,Immediately go to emergency department or call ambulance
"পরীক্ষার কথা ভাবলে বুক কাঁপতে শুরু করে আর পেট খারাপ হয়ে যায়, কী করা উচিত?",Routine,Schedule a regular medical consultation
প্যানিক অ্যাটাক বা হঠাত আতঙ্কের সময় তাৎক্ষণিক করণীয় কী? সচেতনতা প্রয়োজন।,General Query,"No immediate action required, informational response sufficient"
"সবসময় অস্থির লাগে, এক জায়গায় শান্ত হয়ে বসে থাকতে পারি না, মন ছটফট করে।",Urgent,Seek medical care within 24–48 hours
গত কয়েকদিন ধরে একা থাকলে খুব ভয় লাগে আর মনে হয় কেউ আমার ওপর নজর রাখছে।,Urgent,Seek medical care within 24–48 hours
মানসিক চাপ বা স্ট্রেস কমানোর জন্য খাবারের তালিকায় কী কী পরিবর্তন আনা দরকার?,General Query,"No immediate action required, informational response sufficient"
অবসেসিভ কমপালসিভ ডিজঅর্ডার (OCD) বা বারবার হাত ধোয়ার সমস্যা কি স্নায়বিক?,General Query,"No immediate action required, informational response sufficient"
উদ্বেগের কারণে কি হাত-পা ঝিনঝিন করতে পারে? বিস্তারিত জানতে চাই।,General Query,"No immediate action required, informational response sufficient"
"মাঝরাতে হঠাৎ ঘুম ভেঙে যায় আর খুব ভয় লাগে, মনে হয় ঘরে কেউ আছে।",Routine,Schedule a regular medical consultation
প্যানিক অ্যাটাক কমানোর জন্য কি কোনো নিরাপদ ভেষজ চা বা পানীয় আছে?,General Query,"No immediate action required, informational response sufficient"
অযথা সব বিষয়ে সন্দেহ জাগে আর কারো সাথেই মিশতে ইচ্ছা করে না।,Urgent,Seek medical care within 24–48 hours
কাউন্সেলিং বা থেরাপি নেওয়ার আগে কীভাবে মানসিকভাবে প্রস্তুতি নিতে হয়?,General Query,"No immediate action required, informational response sufficient"
বাইরে বের হওয়ার কথা ভাবলে বুক ধড়ফড়ানি শুরু হয় আর বমি বমি ভাব লাগে।,Routine,Schedule a regular medical consultation
দুশ্চিন্তার কারণে কি শরীরের রোগ প্রতিরোধ ক্ষমতা কমে যেতে পারে?,General Query,"No immediate action required, informational response sufficient"
"হঠাৎ করে মনে হচ্ছে আমি আমার শরীরের মধ্যে নেই, সব কিছু স্বপ্নের মতো লাগছে।",Urgent,Seek medical care within 24–48 hours
মানসিক রোগের চিকিৎসায় সাইকিয়াট্রিস্ট এবং সাইকোলজিস্টের মধ্যে পার্থক্য কী?,General Query,"No immediate action required, informational response sufficient"
একটানা কয়েকদিন ধরে খুব উত্তেজিত বোধ করছি আর মোটেও ঘুমাতে পারছি না।,Urgent,Seek medical care within 24–48 hours
বারবার একই দুশ্চিন্তা মাথায় ঘুরপাক খাওয়া (Overthinking) বন্ধ করার উপায় কী?,General Query,"No immediate action required, informational response sufficient"
অচেনা জায়গায় গেলে শ্বাস নিতে কষ্ট হয় আর মনে হয় হার্ট অ্যাটাক হবে।,Emergency,Immediately go to emergency department or call ambulance
বাচ্চাদের মধ্যে অতিমাত্রায় অস্থিরতা বা দুশ্চিন্তার লক্ষণগুলো কী কী?,General Query,"No immediate action required, informational response sufficient"
শরীরে কাঁপুনির সাথে যদি খুব বেশি আতঙ্ক লাগে তবে কি তা থাইরয়েডের সমস্যা?,General Query,"No immediate action required, informational response sufficient"
মানসিক প্রশান্তি পেতে কোনো বিশেষ ধর্মীয় বা আধ্যাত্মিক চর্চার উপকারিতা আছে কি?,General Query,"No immediate action required, informational response sufficient"
দুশ্চিন্তার ওষুধ খাওয়ার পার্শ্বপ্রতিক্রিয়া সম্পর্কে বিস্তারিত তথ্য চাই।,General Query,"No immediate action required, informational response sufficient"
অ্যাংজাইটির কারণে খাবারে অরুচি বা ওজন কমে যাওয়ার প্রতিকার কী?,General Query,"No immediate action required, informational response sufficient"
সবসময় মনে হয় আমি অসুস্থ বা আমার কোনো বড় রোগ হয়েছে (Health Anxiety)।,Routine,Schedule a regular medical consultation
মনে হচ্ছে কেউ আমার মাথার ভেতর কথা বলছে আর আমাকে নিয়ন্ত্রণ করছে।,Emergency,Immediately go to emergency department or call ambulance
খুব সামান্য কারণে মেজাজ খিটখিটে হয়ে যাচ্ছে আর প্রিয় মানুষদের ওপর রাগ উঠছে।,Routine,Schedule a regular medical consultation
মানসিক অবসাদ কাটানোর জন্য নিয়মিত ব্যায়ামের ভূমিকা কতটুকু?,General Query,"No immediate action required, informational response sufficient"
ঘুমের মধ্যে দুঃস্বপ্ন দেখে চিৎকার করে ওঠা এবং পুরো শরীর ঘাম দিয়ে ভেজা।,Routine,Schedule a regular medical consultation
অ্যাংজাইটি অ্যাটাক এবং হার্ট অ্যাটাকের লক্ষণের পার্থক্য কীভাবে বুঝব?,General Query,"No immediate action required, informational response sufficient"
ভালো ঘুমের জন্য রাতে ঘুমানোর আগে কী কী নিয়ম মেনে চলা উচিত (Sleep Hygiene)?,General Query,"No immediate action required, informational response sufficient"
নিজেকে খুব অপরাধী মনে হয় আর মনে হয় আমি সবার জন্য বোঝা।,Urgent,Seek medical care within 24–48 hours
"হঠাৎ করে মনে হচ্ছে আমি নিজেকে শেষ করে ফেলব, হাতের কাছে ধারালো কিছু খুঁজছি।",Emergency,Immediately go to emergency department or call ambulance
সারাদিন খুব ক্লান্তি লাগে কিন্তু রাতে বিছানায় গেলে আর ঘুম আসে না।,Routine,Schedule a regular medical consultation
ডিপ্রেশন বা বিষণ্ণতার সাধারণ লক্ষণ এবং এর প্রতিকার সম্পর্কে তথ্য চাই।,General Query,"No immediate action required, informational response sufficient"
রাতে বারবার ঘুম ভেঙে যাওয়া এবং পুনরায় ঘুমাতে সমস্যা হওয়ার কারণ কী?,General Query,"No immediate action required, informational response sufficient"
খুব বেশি মন খারাপ থাকলে কি শরীরের রোগ প্রতিরোধ ক্ষমতা কমে যায়?,General Query,"No immediate action required, informational response sufficient"
সবসময় নিজেকে গুটিয়ে রাখি আর কারো সাথে কথা বলতে বা বাইরে যেতে ইচ্ছা করে না।,Routine,Schedule a regular medical consultation
স্মৃতিশক্তি কমে যাওয়া কি অতিরিক্ত মন খারাপ বা ডিপ্রেশনের লক্ষণ হতে পারে?,General Query,"No immediate action required, informational response sufficient"
রাত্রিবেলা পা ঝিনঝিন করে আর এই অস্বস্তিতে মোটেও ঘুমাতে পারছি না (RLS)।,Routine,Schedule a regular medical consultation
মানসিক চাপ কমানোর জন্য কি ডার্ক চকলেট বা গ্রিন টি কার্যকরী?,General Query,"No immediate action required, informational response sufficient"
সারাদিন অতিরিক্ত ঘুমানো এবং কাজকর্মে অনীহা কি কোনো বড় রোগের লক্ষণ?,General Query,"No immediate action required, informational response sufficient"
নিজের চেহারা বা শরীরের গঠন নিয়ে খুব হীনম্মন্যতায় ভুগছি আর মন খারাপ থাকে।,Routine,Schedule a regular medical consultation
হঠাৎ খুব খুশি হওয়া আর পরক্ষণেই প্রচণ্ড মন খারাপ হওয়া (Mood Swing) কি বাইপোলার?,Urgent,Seek medical care within 24–48 hours
ভালো ঘুমের জন্য শোবার ঘরের পরিবেশ কেমন হওয়া উচিত? সাধারণ টিপস দিন।,General Query,"No immediate action required, informational response sufficient"
মানসিক চাপের কারণে কি মেয়েদের পিরিয়ড বা ঋতুচক্র অনিয়মিত হতে পারে?,General Query,"No immediate action required, informational response sufficient"
বিছানায় শুয়ে দীর্ঘক্ষণ চিন্তা করা বন্ধ করার কোনো টেকনিক আছে কি?,General Query,"No immediate action required, informational response sufficient"
সকালে ঘুম থেকে ওঠার পর সারা শরীর খুব ভারী লাগে আর মন বিষণ্ণ থাকে।,Routine,Schedule a regular medical consultation
মানসিক আঘাত বা ট্রমা কাটিয়ে ওঠার উপায় সম্পর্কে সাধারণ পরামর্শ চাই।,General Query,"No immediate action required, informational response sufficient"
কাজের জায়গায় মনোযোগ দিতে পারি না আর সবসময় মেজাজ খারাপ থাকে।,Routine,Schedule a regular medical consultation
অন্ধকারে একা থাকলে মনে হয় দেয়ালগুলো আমার দিকে এগিয়ে আসছে আর দম বন্ধ লাগে।,Urgent,Seek medical care within 24–48 hours
ঘুমের মধ্যে কথা বলা বা হাঁটা (Sleepwalking) রোধ করার উপায় কী?,General Query,"No immediate action required, informational response sufficient"
খুব প্রিয় কোনো জিনিসের ওপর থেকেও আগ্রহ হারিয়ে ফেলেছি আর জীবন শূন্য মনে হয়।,Urgent,Seek medical care within 24–48 hours
মানসিক অবসাদ দূর করার জন্য ভিটামিন ডি-এর গুরুত্ব সম্পর্কে জানতে চাই।,General Query,"No immediate action required, informational response sufficient"
রাতে শোবার সাথে সাথেই দুশ্চিন্তা শুরু হয় আর বুক ধড়ফড় করে।,Routine,Schedule a regular medical consultation
শরীরে ব্যথার সাথে মন খারাপের সম্পর্ক কী? তথ্য দিয়ে সাহায্য করুন।,General Query,"No immediate action required, informational response sufficient"
রাতের পর রাত জেগে থাকা কি আমার মস্তিষ্কের কোনো ক্ষতি করতে পারে?,General Query,"No immediate action required, informational response sufficient"
অনিদ্রার কারণে কি সারাদিন মাথা ঝিমঝিম করতে পারে? পরামর্শ চাই।,General Query,"No immediate action required, informational response sufficient"
সারাদিন মোবাইল ফোনের ব্যবহার কি আমার উদ্বেগ ও ঘুমের সমস্যা বাড়াচ্ছে?,General Query,"No immediate action required, informational response sufficient"
হঠাৎ করে মনে হচ্ছে আমার চারপাশের কেউ আমাকে ভালোবাসে না আর আমি গুরুত্বহীন।,Routine,Schedule a regular medical consultation
ঘুমের ঘোরে হাত-পা নাড়াতে না পারা (Sleep Paralysis) কি ভয়ের কিছু?,General Query,"No immediate action required, informational response sufficient"
নিজের ওপর আত্মবিশ্বাস একদম হারিয়ে ফেলেছি আর ঘর থেকে বের হতে ভয় পাই।,Routine,Schedule a regular medical consultation
মন ভালো করার জন্য গান শোনা বা বই পড়ার বৈজ্ঞানিক উপকারিতা কী?,General Query,"No immediate action required, informational response sufficient"
শিশুর বয়স মাত্র দুই মাস এবং তার শরীরের তাপমাত্রা ১০০.৪ ডিগ্রির বেশি।,Emergency,Immediately go to emergency department or call ambulance
শিশুর জ্বরের সাথে সারা শরীরে লালচে দানা বা র‍্যাশ দেখা দিচ্ছে যা চাপ দিলে সাদা হচ্ছে না।,Emergency,Immediately go to emergency department or call ambulance
বাচ্চার কাশির শব্দটা অনেকটা ঘেউ ঘেউ করার মতো (Croup) আর শ্বাস নিতে গেলে শব্দ হচ্ছে।,Emergency,Immediately go to emergency department or call ambulance
বাচ্চার প্রচণ্ড জ্বরের সাথে ঘাড় শক্ত হয়ে গেছে আর সে অনেক বেশি কান্নাকাটি করছে।,Emergency,Immediately go to emergency department or call ambulance
ঠান্ডা-কাশির সময় শিশুকে মধু বা তুলসি পাতার রস খাওয়ানো কি নিরাপদ? তথ্য চাই।,General Query,"No immediate action required, informational response sufficient"
শিশুর কাশির সাথে বুকের খাঁচা নিচের দিকে দেবে যাচ্ছে আর নিঃশ্বাস খুব দ্রুত নিচ্ছে।,Emergency,Immediately go to emergency department or call ambulance
জ্বরের জন্য শিশুকে প্যারাসিটামল সিরাপ দেওয়ার সঠিক ডোজ বা মাত্রা কীভাবে হিসাব করব?,General Query,"No immediate action required, informational response sufficient"
বাচ্চা জ্বরের ঘোরে একদম নিস্তেজ হয়ে আছে আর ডাকলে সাড়া দিচ্ছে না।,Emergency,Immediately go to emergency department or call ambulance
শিশুর বুকে কফ জমে শাঁ শাঁ শব্দ হলে ঘরোয়াভাবে নেবুলাইজ করা কি ঠিক?,General Query,"No immediate action required, informational response sufficient"
জ্বরের সাথে বাচ্চার হাত-পা শক্ত হয়ে কাঁপছে আর চোখ উল্টে যাচ্ছে (Febrile Seizure)।,Emergency,Immediately go to emergency department or call ambulance
বাচ্চার দীর্ঘদিনের কাশি (দুই সপ্তাহের বেশি) কি যক্ষ্মা বা অ্যাজমার লক্ষণ হতে পারে?,Urgent,Seek medical care within 24–48 hours
শিশুর রোগ প্রতিরোধ ক্ষমতা বাড়াতে প্রাকৃতিকভাবে কী কী খাবার খাওয়ানো যেতে পারে?,General Query,"No immediate action required, informational response sufficient"
শিশুর কাশির সাথে মুখ দিয়ে নীলচে ফেনা বের হচ্ছে এবং সে নিস্তেজ হয়ে পড়েছে।,Emergency,Immediately go to emergency department or call ambulance
হালকা জ্বর ও সর্দি থাকলে কি শিশুকে গোসল করানো যাবে নাকি শুধু শরীর মুছে দেব?,General Query,"No immediate action required, informational response sufficient"
শিশুর নাকে সর্দি জমে নাক বন্ধ হয়ে থাকলে ন্যাসাল ড্রপ ব্যবহারের নিয়ম কী?,General Query,"No immediate action required, informational response sufficient"
জ্বরের সাথে শিশুর কানের ভেতরে ব্যথা হচ্ছে আর সে বারবার কান টানছে।,Urgent,Seek medical care within 24–48 hours
শিশুর নিউমোনিয়ার প্রাথমিক লক্ষণগুলো কী কী? সচেতনতার জন্য তথ্য প্রয়োজন।,General Query,"No immediate action required, informational response sufficient"
বাচ্চার প্রচণ্ড কাশির সাথে বমি হয়ে যাচ্ছে আর চেহারা লাল হয়ে যাচ্ছে।,Urgent,Seek medical care within 24–48 hours
জ্বরের পর বাচ্চার জিহ্বায় সাদা স্তর পড়েছে আর সে কিছু গিলতে পারছে না।,Routine,Schedule a regular medical consultation
"বাচ্চার কাশির সাথে রক্ত দেখা গেছে, এখন আমাদের দ্রুত কী করা উচিত?",Emergency,Immediately go to emergency department or call ambulance
শিশুদের জন্য ফ্লু ভ্যাকসিন বা ইনফ্লুয়েঞ্জা টিকা দেওয়া কি জরুরি? তথ্য দিন।,General Query,"No immediate action required, informational response sufficient"
জ্বরের সাথে বাচ্চার প্রস্রাব খুব কমে গেছে আর চোখ গর্তে ঢুকে গেছে।,Urgent,Seek medical care within 24–48 hours
বাচ্চার গলার স্বর বসে গেছে আর সে একদম কথা বলতে বা শব্দ করতে পারছে না।,Urgent,Seek medical care within 24–48 hours
শিশুর টনসিল বড় হয়ে গেলে কি অপারেশন করানোই একমাত্র সমাধান? তথ্য চাই।,General Query,"No immediate action required, informational response sufficient"
হালকা জ্বরের সাথে শিশুর চোখে পিঁচুটি পড়ছে আর চোখ লাল হয়ে আছে।,Routine,Schedule a regular medical consultation
শিশুর জন্য অ্যান্টিবায়োটিক সিরাপ ব্যবহারের আগে কী কী সতর্কতা অবলম্বন করা উচিত?,General Query,"No immediate action required, informational response sufficient"
জ্বরের সাথে শিশুর মাথার তালু (Fontanelle) যদি ফুলে ওঠে তবে করণীয় কী?,Emergency,Immediately go to emergency department or call ambulance
বাচ্চার কাশির জন্য কি ওভার-দ্য-কাউন্টার কাশির সিরাপ খাওয়ানো নিরাপদ?,General Query,"No immediate action required, informational response sufficient"
শিশুর জ্বরের তাপমাত্রা যদি ১০৪ ডিগ্রি ছাড়িয়ে যায় তবে কি সরাসরি হাসপাতালে যাব?,Emergency,Immediately go to emergency department or call ambulance
"বাচ্চার সারা শরীরে চুলকানির সাথে হালকা জ্বর, এটি কি চিকেন পক্সের লক্ষণ?",Urgent,Seek medical care within 24–48 hours
শিশুর সর্দি-কাশি ঘনঘন হওয়ার সাথে কি অ্যালার্জির কোনো সম্পর্ক আছে?,General Query,"No immediate action required, informational response sufficient"
"বাচ্চার নাভি লাল হয়ে ফুলে গেছে আর জ্বর আসছে, এটি কি ইনফেকশন?",Urgent,Seek medical care within 24–48 hours
বাচ্চার কাশির সাথে খুব দুর্গন্ধযুক্ত কফ বের হচ্ছে এবং সে খুব দুর্বল।,Urgent,Seek medical care within 24–48 hours
শিশুর টাইফয়েড বা ম্যালেরিয়া জ্বরের প্রধান লক্ষণগুলো সম্পর্কে তথ্য চাই।,General Query,"No immediate action required, informational response sufficient"
জ্বরের সময় কি শিশুকে স্যালাইন পানি খাওয়ানো যাবে? সাধারণ পরামর্শ চাই।,General Query,"No immediate action required, informational response sufficient"
বাচ্চার মাথায় প্রচণ্ড আঘাত পাওয়ার পর থেকে সে বমি করছে আর জ্বর এসেছে।,Emergency,Immediately go to emergency department or call ambulance
শিশুর খুসখুসে কাশির জন্য কি লবঙ্গ বা গরম পানি ব্যবহার করা ঠিক হবে?,General Query,"No immediate action required, informational response sufficient"
বাচ্চার জ্বরের সাথে যদি পেট ফুলে যায় তবে কি সেটি ভয়ের কিছু?,Urgent,Seek medical care within 24–48 hours
বাচ্চার হঠাৎ প্রচণ্ড জ্বর আর সে শরীরের ভারসাম্য হারিয়ে পড়ে যাচ্ছে।,Emergency,Immediately go to emergency department or call ambulance
শিশুর ঘুমের মধ্যে নাক বন্ধ হয়ে শ্বাস নিতে কষ্ট হওয়া কি এডিনয়েডের সমস্যা?,General Query,"No immediate action required, informational response sufficient"
বাচ্চা গত ১২ ঘণ্টা ধরে একদম কিছু খাচ্ছে না এবং পানিও গিলতে পারছে না।,Urgent,Seek medical care within 24–48 hours
শিশুর মুখে সাদা ঘা (Thrush) হয়েছে যার কারণে সে দুধ টানতে গেলে কান্নাকাটি করছে।,Routine,Schedule a regular medical consultation
বাচ্চার খাবারের অরুচি দূর করার জন্য কি কোনো মাল্টিভিটামিন সিরাপ দেওয়া যাবে?,General Query,"No immediate action required, informational response sufficient"
বাচ্চার বয়স অনুযায়ী সঠিক ওজন ও উচ্চতা কত হওয়া উচিত? চার্ট সম্পর্কে তথ্য চাই।,General Query,"No immediate action required, informational response sufficient"
"বাচ্চা খাবার দেখলে ভয় পায় আর জোর করে খাওয়ালে বমি করে দেয়, প্রতিকার কী?",Routine,Schedule a regular medical consultation
শিশুর কৃমির সমস্যা হলে কখন এবং কত মাস পরপর ওষুধ খাওয়ানো উচিত?,General Query,"No immediate action required, informational response sufficient"
বাচ্চার চামড়া হলুদ হয়ে যাচ্ছে আর প্রস্রাব খুব গাঢ় রঙের হচ্ছে (Jaundice)।,Urgent,Seek medical care within 24–48 hours
ফর্মুলা দুধ তৈরির সঠিক নিয়ম এবং ফিডার পরিষ্কার রাখার উপায় সম্পর্কে জানতে চাই।,General Query,"No immediate action required, informational response sufficient"
"বাচ্চা মাটির দেয়াল বা নোংরা জিনিস মুখে দেয় (Pica), এটি কি আয়রনের অভাব?",Routine,Schedule a regular medical consultation
বাচ্চার পেট কামড়ানোর ব্যথার সাথে পেট একদম শক্ত হয়ে আছে এবং সে অস্থির।,Urgent,Seek medical care within 24–48 hours
"বাচ্চার খুব বেশি পাতলা পায়খানা হচ্ছে এবং তালু দেবে গেছে, চোখও কোটরাগত।",Emergency,Immediately go to emergency department or call ambulance
ছয় মাস পূর্ণ হওয়ার পর শিশুকে প্রথম কোন শক্ত খাবার দিয়ে শুরু করা ভালো?,General Query,"No immediate action required, informational response sufficient"
শিশুর বুদ্ধি বিকাশের জন্য ওমেগা-৩ বা মাছের তেলের উপকারিতা কতটুকু?,General Query,"No immediate action required, informational response sufficient"
"বাচ্চা সারাদিন ঝিমিয়ে থাকে আর একদম খেলাধুলা করতে চায় না, খুব দুর্বল লাগে।",Routine,Schedule a regular medical consultation
শিশুর কান পরিষ্কার করার জন্য কি ইয়ার বাড ব্যবহার করা নিরাপদ? নিয়ম কী?,General Query,"No immediate action required, informational response sufficient"
বাচ্চার পেট ফাঁপা এবং গ্যাসের সমস্যা দূর করার সহজ ঘরোয়া উপায়গুলো কী?,General Query,"No immediate action required, informational response sufficient"
বাচ্চা হঠাৎ করে খাবার গিলতে পারছে না আর তার লালা গড়িয়ে পড়ছে।,Urgent,Seek medical care within 24–48 hours
শিশুর ওজনের তুলনায় দুধ কম খেলে কি তার মস্তিস্কের বিকাশে প্রভাব পড়বে?,General Query,"No immediate action required, informational response sufficient"
বাচ্চার পায়খানা খুব কড়া আর পায়খানার রাস্তায় ফেটে রক্ত বের হচ্ছে।,Urgent,Seek medical care within 24–48 hours
শিশুর নখ কামড়ানোর অভ্যাস দূর করার জন্য কী কী করা যেতে পারে?,General Query,"No immediate action required, informational response sufficient"
বাচ্চার পেটে প্রচণ্ড ব্যথার সাথে সাথে সে বমি করে একদম সাদা হয়ে যাচ্ছে।,Emergency,Immediately go to emergency department or call ambulance
"বাচ্চার জিহ্বায় কালো ছোপ ছোপ দাগ দেখা যাচ্ছে, এটি কি কোনো রোগের লক্ষণ?",Routine,Schedule a regular medical consultation
শিশুকে বাড়তি খাবার দেওয়ার সময় লবণ বা চিনি যোগ করা কি উচিত? তথ্য দিন।,General Query,"No immediate action required, informational response sufficient"
শিশুর মাথার খুশকি বা ক্র্যাডল ক্যাপ দূর করার নিরাপদ উপায় কী?,General Query,"No immediate action required, informational response sufficient"
শিশুর জন্য গরুর দুধের চেয়ে ছাগলের দুধ কি বেশি পুষ্টিকর? পরামর্শ চাই।,General Query,"No immediate action required, informational response sufficient"
বাচ্চা লোহার তৈরি কোনো ধারালো জিনিস মুখে দিয়েছে আর সেখান থেকে রক্ত বের হচ্ছে।,Emergency,Immediately go to emergency department or call ambulance
শিশুর জন্য কি আলাদা কোনো শ্যাম্পু বা সাবান ব্যবহার করা জরুরি? তথ্য চাই।,General Query,"No immediate action required, informational response sufficient"
শিশুর পেটে কৃমি হলে কি বাচ্চার ঘুমের ব্যাঘাত ঘটতে পারে? তথ্য দিন।,General Query,"No immediate action required, informational response sufficient"
শিশুর কথা বলতে দেরি হওয়া বা স্পিচ ডিলের কারণ ও প্রতিকার কী?,General Query,"No immediate action required, informational response sufficient"
বাচ্চা কিছু খেলেই তার সারা শরীরে এলার্জি বা চাকা হয়ে যাচ্ছে।,Urgent,Seek medical care within 24–48 hours
শিশুর জন্য প্লাস্টিকের ফিডার ব্যবহার করা কি স্বাস্থ্যের জন্য ক্ষতিকর?,General Query,"No immediate action required, informational response sufficient"
বাচ্চার দুই পা ফ্যাকাশে সাদা হয়ে গেছে আর সে একদম নড়ছে না।,Emergency,Immediately go to emergency department or call ambulance
শিশুর শারীরিক বৃদ্ধিতে ডিম বা দুধের ভূমিকা সম্পর্কে সাধারণ তথ্য জানতে চাই।,General Query,"No immediate action required, informational response sufficient"
স্মৃতিশক্তি বাড়ানোর জন্য বয়স্কদের কি বিশেষ কোনো ব্যায়াম বা সুডোকু খেলা কি কার্যকরী?,General Query,"No immediate action required, informational response sufficient"
বাবা হঠাৎ আমাদের কাউকে চিনতে পারছেন না এবং খুব আক্রমণাত্মক আচরণ করছেন।,Emergency,Immediately go to emergency department or call ambulance
বয়স্কদের হাঁটার সময় ভারসাম্য রক্ষার জন্য কোন ধরণের লাঠি বা ওয়াকার ব্যবহার করা ভালো?,General Query,"No immediate action required, informational response sufficient"
দাদা গত কয়েকদিন ধরে কথা বলতে বলতে খেই হারিয়ে ফেলছেন আর পরিচিত রাস্তা ভুলে যাচ্ছেন।,Urgent,Seek medical care within 24–48 hours
আলঝেইমার বা ডিমেনশিয়া রোগের প্রাথমিক লক্ষণগুলো কী কী? সচেতনতার জন্য তথ্য চাই।,General Query,"No immediate action required, informational response sufficient"
হঠাৎ করে পা টেনে টেনে হাঁটছেন আর প্রস্রাবের নিয়ন্ত্রণ হারিয়ে ফেলেছেন।,Emergency,Immediately go to emergency department or call ambulance
বয়স্কদের রাতের বেলা ঘুম না হওয়া বা ইনসোমনিয়া দূর করার নিরাপদ উপায় কী?,General Query,"No immediate action required, informational response sufficient"
মাঝে মাঝেই মাথা ঘুরে পড়ে যাচ্ছেন কিন্তু সেন্স বা জ্ঞান হারাচ্ছেন না।,Urgent,Seek medical care within 24–48 hours
বয়স্কদের হাড় মজবুত রাখতে ক্যালসিয়াম ও ভিটামিন ডি-র ডোজ সম্পর্কে জানতে চাই।,General Query,"No immediate action required, informational response sufficient"
"স্মৃতিভ্রমের কারণে বাবা ভুলে ওষুধ খেয়ে ফেলছেন, এটি রোধ করার উপায় কী?",Routine,Schedule a regular medical consultation
হাঁটতে গেলে পায়ের পেশিতে প্রচণ্ড টান লাগছে আর পা অবশ হয়ে আসছে।,Urgent,Seek medical care within 24–48 hours
হঠাৎ করে চোখে ঝাপসা দেখছেন আর হাঁটার সময় ভারসাম্য রাখতে পারছেন না।,Emergency,Immediately go to emergency department or call ambulance
বয়স্কদের কোষ্ঠকাঠিন্য দূর করার জন্য খাবারে কী কী পরিবর্তন আনা জরুরি?,General Query,"No immediate action required, informational response sufficient"
বাবা রাতে শোবার পর ছটফট করেন আর অদ্ভুত সব দুঃস্বপ্ন দেখে চিৎকার করেন।,Routine,Schedule a regular medical consultation
বয়স্কদের কানে কম শোনার সাথে কি স্মৃতিভ্রমের কোনো সম্পর্ক আছে? তথ্য চাই।,General Query,"No immediate action required, informational response sufficient"
অজ্ঞান হয়ে যাওয়ার পর থেকে রোগী একদম অসংলগ্ন কথা বলছেন আর কাউকে চিনছেন না।,Emergency,Immediately go to emergency department or call ambulance
"হাঁটার সময় দম বন্ধ হয়ে আসছে আর বুক ধড়ফড় করছে, ৫ মিনিটও হাঁটতে পারছেন না।",Urgent,Seek medical care within 24–48 hours
বয়স্কদের বিষণ্ণতা বা ডিপ্রেশন কাটানোর উপায় এবং একাকীত্ব দূর করার পরামর্শ চাই।,General Query,"No immediate action required, informational response sufficient"
হঠাৎ করে হাত থেকে জিনিস পড়ে যাচ্ছে আর হাতের জোর কমে গেছে মনে হচ্ছে।,Urgent,Seek medical care within 24–48 hours
"হাঁটার সময় মনে হচ্ছে মেঝের ওপর দিয়ে নয়, তুলোর ওপর দিয়ে হাঁটছেন।",Routine,Schedule a regular medical consultation
দাঁতের সমস্যার কারণে বয়স্কদের খাওয়ার অনীহা দূর করার উপায় কী?,General Query,"No immediate action required, informational response sufficient"
বয়স্কদের প্রস্টেট সমস্যার সাধারণ লক্ষণ এবং প্রতিকার সম্পর্কে জানতে চাই।,General Query,"No immediate action required, informational response sufficient"
বাবা সারাদিন ঝিমিয়ে থাকেন আর হাঁটতে বললে খুব বিরক্ত হন।,Routine,Schedule a regular medical consultation
বয়স্কদের প্রস্রাবের ইনফেকশন হলে কি তারা মানসিক ভারসাম্য হারিয়ে ফেলতে পারেন?,General Query,"No immediate action required, informational response sufficient"
হাঁটতে গেলে হিপ জয়েন্টে প্রচণ্ড ব্যথা আর মনে হয় হাড় মড়মড় করছে।,Urgent,Seek medical care within 24–48 hours
বয়স্কদের জন্য নিয়মিত কতক্ষণ হাঁটা বা শারীরিক পরিশ্রম করা নিরাপদ?,General Query,"No immediate action required, informational response sufficient"
হঠাৎ করে সব কিছু দুটো দেখছেন (Double Vision) আর মাথা ঘুরে পড়ে যাচ্ছেন।,Emergency,Immediately go to emergency department or call ambulance
বয়স্কদের ত্বকের যত্নে বা চুলকানি দূর করতে কোন ধরণের লোশন ভালো?,General Query,"No immediate action required, informational response sufficient"
স্মৃতিশক্তি হারিয়ে যাওয়ায় বাবা নিজের নাম বা ঠিকানা বলতে পারছেন না।,Urgent,Seek medical care within 24–48 hours
বয়স্কদের হার্ট অ্যাটাকের লক্ষণগুলো কি যুবকদের চেয়ে আলাদা হতে পারে?,General Query,"No immediate action required, informational response sufficient"
হাঁটার সময় হঠাৎ পা লক হয়ে যাচ্ছে আর সোজা করা যাচ্ছে না।,Routine,Schedule a regular medical consultation
স্মৃতিভ্রম রোধে ওমেগা-৩ বা ফিশ অয়েল খাওয়ার বৈজ্ঞানিক ভিত্তি কী?,General Query,"No immediate action required, informational response sufficient"
বয়স্কদের ঘরোয়া দুর্ঘটনার ঝুঁকি কমাতে বাথরুম বা মেঝেতে কী পরিবর্তন আনা উচিত?,General Query,"No immediate action required, informational response sufficient"
হাঁটার সময় গোড়ালি ফুলে যাচ্ছে আর জুতা পরতে কষ্ট হচ্ছে।,Routine,Schedule a regular medical consultation
স্মৃতিশক্তি পরীক্ষার জন্য এমআরআই (MRI) করা কি জরুরি? তথ্য চাই।,General Query,"No immediate action required, informational response sufficient"
মা গত কয়েকদিন ধরে অহেতুক সন্দেহ করছেন যে কেউ তার ওষুধে বিষ মিশিয়েছে।,Urgent,Seek medical care within 24–48 hours
বয়স্কদের রক্তাল্পতা বা অ্যানিমিয়া হলে কি হাঁটার ক্ষমতা কমে যেতে পারে?,General Query,"No immediate action required, informational response sufficient"
হঠাৎ বুক ধড়ফড়ানি আর শ্বাসকষ্টের কারণে রোগী শুয়ে থাকতে পারছেন না।,Emergency,Immediately go to emergency department or call ambulance
বয়স্কদের জন্য উচ্চ প্রোটিন ডায়েট কি কিডনির জন্য ক্ষতিকর হতে পারে?,General Query,"No immediate action required, informational response sufficient"
কিছুক্ষণ আগে হালকা দুর্বল লাগে এবং কি করবো বুঝতে পারছি না,Routine,Schedule a regular medical consultation
"মাঝে মাঝে মাথা ব্যথা হয়, কি করবো বুঝতে পারছি না",Routine,Schedule a regular medical consultation
"কিছুক্ষণ আগে বুঝলাম, দুই দিন ধরে মাথা ভারী লাগছে",Urgent,Visit a doctor within 24 hours
"হঠাৎ এমন হয়েছে, কিছুক্ষণ আগে শ্বাস নিতে খুব কষ্ট হচ্ছে, সাহায্য দরকার",Emergency,Immediately go to emergency department or call ambulance
"অনেক চিন্তায় আছি, হঠাৎ প্রচণ্ড দুর্বল লাগছে",Emergency,Immediately go to emergency department or call ambulance
আজ শ্বাস নিতে গেলে মনে হচ্ছে বন্ধ হয়ে যাবে এবং,Emergency,Immediately go to emergency department or call ambulance
হালকা দুর্বল লাগে. অনেক অস্বস্তি হচ্ছে,Routine,Schedule a regular medical consultation
"কি করা উচিত, এটা কি স্বাভাবিক",General Query,"No immediate action required, informational response sufficient"
গত কয়েকদিন ধরে ঘাড় শক্ত লাগে,Routine,Schedule a regular medical consultation
"ডাক্তার, এটা কি বড় সমস্যা, কি করবো বুঝতে পারছি না",General Query,"No immediate action required, informational response sufficient"
সকাল থেকে ঘুমাতে পারছি না এবং দয়া করে বলবেন,Urgent,Visit a doctor within 24 hours
"রাত থেকে শরীর ঠিক লাগছে না, এটা কি বিপজ্জনক",Urgent,Visit a doctor within 24 hours
"অনেকদিন ধরে হঠাৎ বুকের মাঝখানে তীব্র ব্যথা শুরু হয়েছে, কি করবো বুঝতে পারছি না",Emergency,Immediately go to emergency department or call ambulance
"আজকে বুঝতে পারলাম, হালকা জ্বর আসে, ভয় লাগছে",Routine,Schedule a regular medical consultation
"স্যার, ডাক্তার দেখানো দরকার কি, দয়া করে বলবেন",General Query,"No immediate action required, informational response sufficient"
"একটু সাহায্য দরকার, রাত থেকে মাথা ঘোরে মাঝে মাঝে",Urgent,Visit a doctor within 24 hours
"হঠাৎ কোন বিভাগে দেখাবো, অনেক অস্বস্তি হচ্ছে",General Query,"No immediate action required, informational response sufficient"
"রাত থেকে শরীর গরম লাগছে, কি করবো বুঝতে পারছি না",Urgent,Visit a doctor within 24 hours
"গতকাল থেকে লক্ষ্য করছি, শরীর ক্লান্ত লাগে",Routine,Schedule a regular medical consultation
"স্যার, শরীর ভেঙে যাচ্ছে, সাহায্য দরকার",Urgent,Visit a doctor within 24 hours
"আজকে বুঝতে পারলাম, এটা কি বিপজ্জনক",General Query,"No immediate action required, informational response sufficient"
"গতকাল থেকে লক্ষ্য করছি, চিকিৎসা কি হতে পারে, সাহায্য দরকার",General Query,"No immediate action required, informational response sufficient"
মাথা ঘোরে মাঝে মাঝে. খুব চিন্তায় আছি,Urgent,Visit a doctor within 24 hours
"একটু সাহায্য দরকার, এটা কেন হচ্ছে, অনেক অস্বস্তি হচ্ছে",General Query,"No immediate action required, informational response sufficient"
"একটা বিষয় নিয়ে চিন্তায় আছি, আজ মাথা অনেক ব্যথা করছে",Urgent,Visit a doctor within 24 hours
"একটু সাহায্য দরকার, অনেকদিন ধরে বুকের ভেতরে চাপ দিয়ে ধরছে, সাহায্য দরকার",Emergency,Immediately go to emergency department or call ambulance
"একটু সাহায্য দরকার, ঘাড়ে অস্বস্তি লাগে, এটা নিয়ে চিন্তা হচ্ছে",Routine,Schedule a regular medical consultation
কিছুক্ষণ আগে হালকা জ্বর আসে এবং কি করবো বুঝতে পারছি না,Routine,Schedule a regular medical consultation
"হঠাৎ এমন হয়েছে, কিছুক্ষণ আগে এটা কি বিপজ্জনক, সাহায্য দরকার",General Query,"No immediate action required, informational response sufficient"
"একটু সাহায্য দরকার, সকাল থেকে হালকা কাশি আছে",Routine,Schedule a regular medical consultation
"একটু সাহায্য দরকার, সকাল থেকে এই অবস্থায় কি করবো",General Query,"No immediate action required, informational response sufficient"
"আজকে বুঝতে পারলাম, দুই দিন ধরে মাথা ভারী লাগছে, সাহায্য দরকার",Urgent,Visit a doctor within 24 hours
"একটু সাহায্য দরকার, রাত থেকে কোন বিভাগে দেখাবো",General Query,"No immediate action required, informational response sufficient"
"৩ দিন ধরে কিভাবে ঠিক হবে, দয়া করে বলবেন",General Query,"No immediate action required, informational response sufficient"
"অনেক চিন্তায় আছি, ঘুমাতে পারছি না",Urgent,Visit a doctor within 24 hours
"হঠাৎ এমন হয়েছে, দাঁড়িয়ে থাকতে পারছি না, দয়া করে বলবেন",Emergency,Immediately go to emergency department or call ambulance
চোখে জ্বালা করে. কি করবো বুঝতে পারছি না,Routine,Schedule a regular medical consultation
"অনেক চিন্তায় আছি, কিছুটা অস্বস্তি লাগে, এটা কি বিপজ্জনক",Routine,Schedule a regular medical consultation
"আজ মাথা একটু ভারী লাগে, স্বাভাবিক লাগছে না",Routine,Schedule a regular medical consultation
"চিকিৎসা কি হতে পারে, কি করা উচিত",General Query,"No immediate action required, informational response sufficient"
আজ কিছুটা অস্বস্তি লাগে,Routine,Schedule a regular medical consultation
৩ দিন ধরে কথা বলতে সমস্যা হচ্ছে এবং কি করবো বুঝতে পারছি না,Emergency,Immediately go to emergency department or call ambulance
হঠাৎ কিভাবে ঠিক হবে এবং,General Query,"No immediate action required, informational response sufficient"
"হঠাৎ এমন হয়েছে, আজ শরীর ঠিক লাগছে না, সাহায্য দরকার",Urgent,Visit a doctor within 24 hours
"একটা বিষয় নিয়ে চিন্তায় আছি, শ্বাস নিতে গেলে মনে হচ্ছে বন্ধ হয়ে যাবে,",Emergency,Immediately go to emergency department or call ambulance
"স্যার, আজ গ্যাসের সমস্যা হচ্ছে",Routine,Schedule a regular medical consultation
"গতকাল থেকে লক্ষ্য করছি, চোখের সামনে সব ঝাপসা দেখছি, দয়া করে বলবেন",Emergency,Immediately go to emergency department or call ambulance
গতকাল মাথা অনেক ব্যথা করছে,Urgent,Visit a doctor within 24 hours
"গতকাল এটা কি বিপজ্জনক,",General Query,"No immediate action required, informational response sufficient"
"একটু সাহায্য দরকার, এই অবস্থায় কি করবো, ভয় লাগছে",General Query,"No immediate action required, informational response sufficient"
"কিছুক্ষণ আগে বুঝলাম, শরীর ভেঙে যাচ্ছে,",Urgent,Visit a doctor within 24 hours
"একটা বিষয় নিয়ে চিন্তায় আছি, দুই দিন ধরে শরীর ঠিক লাগছে না",Urgent,Visit a doctor within 24 hours
"শ্বাস নিতে খুব কষ্ট হচ্ছে, এটা কি স্বাভাবিক",Emergency,Immediately go to emergency department or call ambulance
"অনেক চিন্তায় আছি, সকাল থেকে বুকের ভেতরে চাপ দিয়ে ধরছে",Emergency,Immediately go to emergency department or call ambulance
"আজকে বুঝতে পারলাম, চিকিৎসা কি হতে পারে, খুব চিন্তায় আছি",General Query,"No immediate action required, informational response sufficient"
"চিকিৎসা কি হতে পারে, এটা কি স্বাভাবিক",General Query,"No immediate action required, informational response sufficient"
"আজকে বুঝতে পারলাম, ৩ দিন ধরে এটা কি বিপজ্জনক",General Query,"No immediate action required, informational response sufficient"
"হালকা চাপ অনুভব করি, এটা কি স্বাভাবিক",Routine,Schedule a regular medical consultation
"আজ কিভাবে ঠিক হবে, ভয় লাগছে",General Query,"No immediate action required, informational response sufficient"
গতকাল কি করা উচিত এবং ভয় লাগছে,General Query,"No immediate action required, informational response sufficient"
কিছুক্ষণ আগে ঘাড়ে অস্বস্তি লাগে,Routine,Schedule a regular medical consultation
"ডাক্তার, কোন বিভাগে দেখাবো, অনেক অস্বস্তি হচ্ছে",General Query,"No immediate action required, informational response sufficient"
"সকাল থেকে শ্বাস নিতে খুব কষ্ট হচ্ছে, সাহায্য দরকার",Emergency,Immediately go to emergency department or call ambulance
আজ বুকের ভেতর চাপ অনুভব করছি,Emergency,Immediately go to emergency department or call ambulance
"শরীর কাঁপছে, এটা কি স্বাভাবিক",Urgent,Visit a doctor within 24 hours
রাত থেকে কিছুটা অস্বস্তি লাগে এবং কি করবো বুঝতে পারছি না,Routine,Schedule a regular medical consultation
"আজ ঘাড়ে অস্বস্তি লাগে, এটা নিয়ে চিন্তা হচ্ছে",Routine,Schedule a regular medical consultation
"চোখের সামনে সব ঝাপসা দেখছি, কি করা উচিত",Emergency,Immediately go to emergency department or call ambulance
রাত থেকে শ্বাস নিতে খুব কষ্ট হচ্ছে,Emergency,Immediately go to emergency department or call ambulance
হালকা জ্বর আসে. ভয় লাগছে,Routine,Schedule a regular medical consultation
"একটা বিষয় নিয়ে চিন্তায় আছি, কোন বিভাগে দেখাবো",General Query,"No immediate action required, informational response sufficient"
"স্যার, মাথা ঘোরে মাঝে মাঝে",Urgent,Visit a doctor within 24 hours
"সকাল থেকে হালকা মাথা ঘোরে, দয়া করে বলবেন",Routine,Schedule a regular medical consultation
"একটু সাহায্য দরকার, এটা কি স্বাভাবিক, স্বাভাবিক লাগছে না",General Query,"No immediate action required, informational response sufficient"
সকাল থেকে মাথা একটু ভারী লাগে এবং অনেক অস্বস্তি হচ্ছে,Routine,Schedule a regular medical consultation
কিছুক্ষণ আগে এটা কি বিপজ্জনক এবং স্বাভাবিক লাগছে না,General Query,"No immediate action required, informational response sufficient"
"একটা বিষয় নিয়ে চিন্তায় আছি, বমি বমি ভাব হচ্ছে",Urgent,Visit a doctor within 24 hours
"হঠাৎ এমন হয়েছে, হালকা দুর্বল লাগে",Routine,Schedule a regular medical consultation
"জ্বর যাচ্ছে না, এটা কি স্বাভাবিক",Urgent,Visit a doctor within 24 hours
হঠাৎ মাথা একটু ভারী লাগে এবং খুব চিন্তায় আছি,Routine,Schedule a regular medical consultation
"একটা বিষয় নিয়ে চিন্তায় আছি, এইমাত্র গ্যাসের সমস্যা হচ্ছে",Routine,Schedule a regular medical consultation
"গতকাল থেকে লক্ষ্য করছি, হাঁটতে গিয়ে ভারসাম্য রাখতে পারছি না, এটা কি বিপজ্জনক",Emergency,Immediately go to emergency department or call ambulance
"আজকে বুঝতে পারলাম, বুকের ভেতর চাপ অনুভব করছি",Emergency,Immediately go to emergency department or call ambulance
হঠাৎ হাত-পা অবশ লাগছে এবং কি করবো বুঝতে পারছি না,Emergency,Immediately go to emergency department or call ambulance
"একটু সাহায্য দরকার, এটা কেন হচ্ছে, সাহায্য দরকার",General Query,"No immediate action required, informational response sufficient"
"আজকে বুঝতে পারলাম, চিকিৎসা কি হতে পারে,",General Query,"No immediate action required, informational response sufficient"
"হালকা জ্বর আসে, এটা কি স্বাভাবিক",Routine,Schedule a regular medical consultation
"একটা বিষয় নিয়ে চিন্তায় আছি, এটা কি গুরুতর সমস্যা",General Query,"No immediate action required, informational response sufficient"
"কিছুক্ষণ আগে বুঝলাম, অনেকদিন ধরে গ্যাসের সমস্যা হচ্ছে",Routine,Schedule a regular medical consultation
"গত কয়েকদিন ধরে কোন ডাক্তার দেখাবো, খুব চিন্তায় আছি",General Query,"No immediate action required, informational response sufficient"
"হঠাৎ এমন হয়েছে, বুকের ভেতর চাপ অনুভব করছি, কি করবো বুঝতে পারছি না",Emergency,Immediately go to emergency department or call ambulance
"একটু সাহায্য দরকার, চিকিৎসা কি হতে পারে, এটা কি বিপজ্জনক",General Query,"No immediate action required, informational response sufficient"
"অনেক চিন্তায় আছি, আজ চোখে জ্বালা করে, সাহায্য দরকার",Routine,Schedule a regular medical consultation
৩ দিন ধরে বারবার বমি হচ্ছে এবং খুব চিন্তায় আছি,Urgent,Visit a doctor within 24 hours
এইমাত্র মাথা একটু ভারী লাগে,Routine,Schedule a regular medical consultation
জ্বর যাচ্ছে না. স্বাভাবিক লাগছে না,Urgent,Visit a doctor within 24 hours
"ডাক্তার, ৩ দিন ধরে হাঁটতে গিয়ে ভারসাম্য রাখতে পারছি না, সাহায্য দরকার",Emergency,Immediately go to emergency department or call ambulance
"একটা বিষয় নিয়ে চিন্তায় আছি, ৩ দিন ধরে হঠাৎ প্রচণ্ড দুর্বল লাগছে, সাহায্য দরকার",Emergency,Immediately go to emergency department or call ambulance
সকাল থেকে হালকা কাশি আছে,Routine,Schedule a regular medical consultation
"আজকে বুঝতে পারলাম, পেটে অস্বস্তি হচ্ছে",Urgent,Visit a doctor within 24 hours
"হঠাৎ এমন হয়েছে, হঠাৎ বুকের মাঝখানে তীব্র ব্যথা শুরু হয়েছে, অনেক অস্বস্তি হচ্ছে",Emergency,Immediately go to emergency department or call ambulance
"গতকাল থেকে লক্ষ্য করছি, কিছুক্ষণ আগে চিকিৎসা কি হতে পারে, সাহায্য দরকার",General Query,"No immediate action required, informational response sufficient"
"আজকে বুঝতে পারলাম, হালকা কাশি আছে, ভয় লাগছে",Routine,Schedule a regular medical consultation
"অনেক চিন্তায় আছি, সকাল থেকে শরীর ভেঙে যাচ্ছে, সাহায্য দরকার",Urgent,Visit a doctor within 24 hours
"স্যার, কি করা উচিত, খুব চিন্তায় আছি",General Query,"No immediate action required, informational response sufficient"
"রাত থেকে শ্বাস নিতে খুব কষ্ট হচ্ছে, অনেক অস্বস্তি হচ্ছে",Emergency,Immediately go to emergency department or call ambulance
"আজকে বুঝতে পারলাম, কিছুক্ষণ আগে কি করলে কমবে, সাহায্য দরকার",General Query,"No immediate action required, informational response sufficient"
"একটু সাহায্য দরকার, বারবার বমি হচ্ছে",Urgent,Visit a doctor within 24 hours
"কিছুক্ষণ আগে বুঝলাম, কিভাবে ঠিক হবে",General Query,"No immediate action required, informational response sufficient"
"একটু সাহায্য দরকার, বুকের ভেতরে চাপ দিয়ে ধরছে, ভয় লাগছে",Emergency,Immediately go to emergency department or call ambulance
"অনেক চিন্তায় আছি, পেটে অস্বস্তি হচ্ছে, অনেক অস্বস্তি হচ্ছে",Urgent,Visit a doctor within 24 hours
এটা নিয়ে চিন্তা করা উচিত কি. খুব চিন্তায় আছি,General Query,"No immediate action required, informational response sufficient"
"আজ হাঁটতে গিয়ে ভারসাম্য রাখতে পারছি না, ভয় লাগছে",Emergency,Immediately go to emergency department or call ambulance
"স্যার, গ্যাসের সমস্যা হচ্ছে, ভয় লাগছে",Routine,Schedule a regular medical consultation
"একটা বিষয় নিয়ে চিন্তায় আছি, হঠাৎ প্রচণ্ড দুর্বল লাগছে, কি করবো বুঝতে পারছি না",Emergency,Immediately go to emergency department or call ambulance
"হাঁটতে গিয়ে ভারসাম্য রাখতে পারছি না, কি করা উচিত",Emergency,Immediately go to emergency department or call ambulance
"গতকাল খাবার খেতে ইচ্ছা করছে না, ভয় লাগছে",Urgent,Visit a doctor within 24 hours
অনেকদিন ধরে হাত-পা অবশ লাগছে এবং,Emergency,Immediately go to emergency department or call ambulance
"কিছুক্ষণ আগে হঠাৎ শরীর অসাড় লাগছে, এটা নিয়ে চিন্তা হচ্ছে",Emergency,Immediately go to emergency department or call ambulance
"গত কয়েকদিন ধরে হালকা চাপ অনুভব করি,",Routine,Schedule a regular medical consultation
"গতকাল থেকে লক্ষ্য করছি, এটা কি স্বাভাবিক, অনেক অস্বস্তি হচ্ছে",General Query,"No immediate action required, informational response sufficient"
আজ চোখের সামনে সব ঝাপসা দেখছি,Emergency,Immediately go to emergency department or call ambulance
"কি করলে কমবে, কি করা উচিত",General Query,"No immediate action required, informational response sufficient"
"গতকাল থেকে লক্ষ্য করছি, কি করা উচিত",General Query,"No immediate action required, informational response sufficient"
"শরীর ক্লান্ত লাগে, খুব চিন্তায় আছি",Routine,Schedule a regular medical consultation
"অনেক চিন্তায় আছি, ডাক্তার দেখানো দরকার কি, কি করবো বুঝতে পারছি না",General Query,"No immediate action required, informational response sufficient"
"মাঝে মাঝে মাথা ব্যথা হয়, এটা কি স্বাভাবিক",Routine,Schedule a regular medical consultation
"বুকের ভেতরে চাপ দিয়ে ধরছে, ভয় লাগছে",Emergency,Immediately go to emergency department or call ambulance
"বমি বমি ভাব হচ্ছে, কি করা উচিত",Urgent,Visit a doctor within 24 hours
"হঠাৎ এমন হয়েছে, হাঁটতে গিয়ে ভারসাম্য রাখতে পারছি না,",Emergency,Immediately go to emergency department or call ambulance
"অনেক চিন্তায় আছি, শরীর হঠাৎ কাঁপতে শুরু করেছে, এটা নিয়ে চিন্তা হচ্ছে",Emergency,Immediately go to emergency department or call ambulance
রাত থেকে গলা ব্যথা করছে,Urgent,Visit a doctor within 24 hours
হালকা চাপ অনুভব করি. কি করবো বুঝতে পারছি না,Routine,Schedule a regular medical consultation
৩ দিন ধরে হাত-পা অবশ লাগছে এবং কি করবো বুঝতে পারছি না,Emergency,Immediately go to emergency department or call ambulance
"আজকে বুঝতে পারলাম, সকাল থেকে কি করলে কমবে",General Query,"No immediate action required, informational response sufficient"
"কিছুক্ষণ আগে বুঝলাম, হাঁটতে গিয়ে ভারসাম্য রাখতে পারছি না",Emergency,Immediately go to emergency department or call ambulance
হালকা জ্বর আসে. এটা নিয়ে চিন্তা হচ্ছে,Routine,Schedule a regular medical consultation
আজকে হালকা কাশি আছে,Routine,Schedule a regular medical consultation
"স্যার, আজ ঘাড় শক্ত লাগে",Routine,Schedule a regular medical consultation
"দুই দিন ধরে পিঠে ব্যথা অনুভব করছি,",Routine,Schedule a regular medical consultation
সকাল থেকে চিকিৎসা কি হতে পারে,General Query,"No immediate action required, informational response sufficient"
এইমাত্র হালকা চাপ অনুভব করি এবং দয়া করে বলবেন,Routine,Schedule a regular medical consultation
চিকিৎসা কি হতে পারে. এটা কি বিপজ্জনক,General Query,"No immediate action required, informational response sufficient"
হাত-পা অবশ লাগছে. অনেক অস্বস্তি হচ্ছে,Emergency,Immediately go to emergency department or call ambulance
এইমাত্র চোখে জ্বালা করে এবং খুব চিন্তায় আছি,Routine,Schedule a regular medical consultation
অনেকদিন ধরে এটা কি বড় সমস্যা,General Query,"No immediate action required, informational response sufficient"
"হঠাৎ এমন হয়েছে, আজ কিভাবে ঠিক হবে",General Query,"No immediate action required, informational response sufficient"
"স্যার, আজ হঠাৎ বুকের মাঝখানে তীব্র ব্যথা শুরু হয়েছে",Emergency,Immediately go to emergency department or call ambulance
এইমাত্র কিছুটা অস্বস্তি লাগে,Routine,Schedule a regular medical consultation
"গতকাল থেকে লক্ষ্য করছি, চিকিৎসা কি হতে পারে, এটা কি বিপজ্জনক",General Query,"No immediate action required, informational response sufficient"
গতকাল হালকা জ্বর আসে,Routine,Schedule a regular medical consultation
"হঠাৎ এমন হয়েছে, কিভাবে ঠিক হবে",General Query,"No immediate action required, informational response sufficient"
"গতকাল থেকে লক্ষ্য করছি, হালকা মাথা ঘোরে",Routine,Schedule a regular medical consultation
"কিছুক্ষণ আগে হালকা মাথা ঘোরে, অনেক অস্বস্তি হচ্ছে",Routine,Schedule a regular medical consultation
"স্যার, আজকে হালকা দুর্বল লাগে",Routine,Schedule a regular medical consultation
"কিছুক্ষণ আগে বুঝলাম, বুকের ভেতর চাপ অনুভব করছি, এটা কি বিপজ্জনক",Emergency,Immediately go to emergency department or call ambulance
"কিছুক্ষণ আগে বুঝলাম, গতকাল এটা কি বিপজ্জনক",General Query,"No immediate action required, informational response sufficient"
রাত থেকে পরীক্ষা দরকার কি এবং কি করবো বুঝতে পারছি না,General Query,"No immediate action required, informational response sufficient"
দুই দিন ধরে হালকা মাথা ঘোরে,Routine,Schedule a regular medical consultation
"অনেক চিন্তায় আছি, এটা কি স্বাভাবিক",General Query,"No immediate action required, informational response sufficient"
আজ হালকা মাথা ঘোরে এবং স্বাভাবিক লাগছে না,Routine,Schedule a regular medical consultation
হঠাৎ শরীর অসাড় লাগছে,Emergency,Immediately go to emergency department or call ambulance
"মাথা একটু ভারী লাগে, এটা কি স্বাভাবিক",Routine,Schedule a regular medical consultation
"মাথা ঘোরে মাঝে মাঝে, কি করা উচিত",Urgent,Visit a doctor within 24 hours
"ডাক্তার, হঠাৎ ডাক্তার দেখানো দরকার কি",General Query,"No immediate action required, informational response sufficient"
রাত থেকে গলা ব্যথা করছে এবং এটা কি বিপজ্জনক,Urgent,Visit a doctor within 24 hours
"ডাক্তার, এইমাত্র এটা কি বড় সমস্যা, সাহায্য দরকার",General Query,"No immediate action required, informational response sufficient"
"স্যার, রাত থেকে এটা কি স্বাভাবিক, সাহায্য দরকার",General Query,"No immediate action required, informational response sufficient"
"একটু সাহায্য দরকার, দুই দিন ধরে হালকা কাশি আছে, সাহায্য দরকার",Routine,Schedule a regular medical consultation
কোন বিভাগে দেখাবো. এটা নিয়ে চিন্তা হচ্ছে,General Query,"No immediate action required, informational response sufficient"
"একটা বিষয় নিয়ে চিন্তায় আছি, রাত থেকে হালকা কাশি আছে, সাহায্য দরকার",Routine,Schedule a regular medical consultation
খাবার খেতে ইচ্ছা করছে না. স্বাভাবিক লাগছে না,Urgent,Visit a doctor within 24 hours
"আজকে বুঝতে পারলাম, হঠাৎ বুকের মাঝখানে তীব্র ব্যথা শুরু হয়েছে",Emergency,Immediately go to emergency department or call ambulance
"একটা বিষয় নিয়ে চিন্তায় আছি, হঠাৎ শরীর অসাড় লাগছে",Emergency,Immediately go to emergency department or call ambulance
"ডাক্তার, আজকে বুকের ভেতরে চাপ দিয়ে ধরছে",Emergency,Immediately go to emergency department or call ambulance
রাত থেকে কি করা উচিত এবং খুব চিন্তায় আছি,General Query,"No immediate action required, informational response sufficient"
"শরীর কাঁপছে, কি করা উচিত",Urgent,Visit a doctor within 24 hours
"গতকাল থেকে লক্ষ্য করছি, গতকাল বারবার বমি হচ্ছে",Urgent,Visit a doctor within 24 hours
গত কয়েকদিন ধরে ডাক্তার দেখানো দরকার কি এবং এটা নিয়ে চিন্তা হচ্ছে,General Query,"No immediate action required, informational response sufficient"
"সকাল থেকে মাথা অনেক ব্যথা করছে, এটা নিয়ে চিন্তা হচ্ছে",Urgent,Visit a doctor within 24 hours
"একটা বিষয় নিয়ে চিন্তায় আছি, সকাল থেকে কোন ডাক্তার দেখাবো, সাহায্য দরকার",General Query,"No immediate action required, informational response sufficient"
"কিছুক্ষণ আগে বুঝলাম, আজ শরীর ভেঙে যাচ্ছে",Urgent,Visit a doctor within 24 hours
৩ দিন ধরে ডাক্তার দেখানো দরকার কি এবং স্বাভাবিক লাগছে না,General Query,"No immediate action required, informational response sufficient"
"ডাক্তার, গতকাল শরীর হঠাৎ কাঁপতে শুরু করেছে, সাহায্য দরকার",Emergency,Immediately go to emergency department or call ambulance
"অনেক চিন্তায় আছি, কোন ডাক্তার দেখাবো, এটা নিয়ে চিন্তা হচ্ছে",General Query,"No immediate action required, informational response sufficient"
শ্বাস নিতে গেলে মনে হচ্ছে বন্ধ হয়ে যাবে. ভয় লাগছে,Emergency,Immediately go to emergency department or call ambulance
"ডাক্তার দেখানো দরকার কি, এটা কি স্বাভাবিক",General Query,"No immediate action required, informational response sufficient"
"অনেকদিন ধরে শরীর গরম লাগছে, কি করবো বুঝতে পারছি না",Urgent,Visit a doctor within 24 hours
"অনেক চিন্তায় আছি, কিছুক্ষণ আগে ঘাড়ে অস্বস্তি লাগে",Routine,Schedule a regular medical consultation
এইমাত্র পরীক্ষা দরকার কি এবং দয়া করে বলবেন,General Query,"No immediate action required, informational response sufficient"
"অনেক চিন্তায় আছি, খাবার খেতে ইচ্ছা করছে না, দয়া করে বলবেন",Urgent,Visit a doctor within 24 hours
"পিঠে ব্যথা অনুভব করছি, এটা কি স্বাভাবিক",Routine,Schedule a regular medical consultation
"দুই দিন ধরে দাঁড়িয়ে থাকতে পারছি না, এটা কি বিপজ্জনক",Emergency,Immediately go to emergency department or call ambulance
মাথা অনেক ব্যথা করছে. এটা কি বিপজ্জনক,Urgent,Visit a doctor within 24 hours
আজ কি করা উচিত এবং এটা নিয়ে চিন্তা হচ্ছে,General Query,"No immediate action required, informational response sufficient"
"এটা কি গুরুতর সমস্যা, এটা কি স্বাভাবিক",General Query,"No immediate action required, informational response sufficient"
এইমাত্র কোন বিভাগে দেখাবো এবং স্বাভাবিক লাগছে না,General Query,"No immediate action required, informational response sufficient"
"সকাল থেকে এটা কি বড় সমস্যা, কি করবো বুঝতে পারছি না",General Query,"No immediate action required, informational response sufficient"
"একটু সাহায্য দরকার, রাত থেকে শরীর দুর্বল লাগছে, সাহায্য দরকার",Urgent,Visit a doctor within 24 hours
"অনেক চিন্তায় আছি, চোখে জ্বালা করে, সাহায্য দরকার",Routine,Schedule a regular medical consultation
"গতকাল থেকে লক্ষ্য করছি, চোখের সামনে সব ঝাপসা দেখছি",Emergency,Immediately go to emergency department or call ambulance
কি করলে কমবে. অনেক অস্বস্তি হচ্ছে,General Query,"No immediate action required, informational response sufficient"
"একটু সাহায্য দরকার, রাত থেকে বমি বমি ভাব হচ্ছে",Urgent,Visit a doctor within 24 hours
রাত থেকে হালকা ব্যথা আছে,Routine,Schedule a regular medical consultation
"শরীর ভেঙে যাচ্ছে, দয়া করে বলবেন",Urgent,Visit a doctor within 24 hours
"একটু সাহায্য দরকার, ঘাড় শক্ত লাগে, এটা নিয়ে চিন্তা হচ্ছে",Routine,Schedule a regular medical consultation
হঠাৎ কি করা উচিত,General Query,"No immediate action required, informational response sufficient"
চিকিৎসা কি হতে পারে. দয়া করে বলবেন,General Query,"No immediate action required, informational response sufficient"
"স্যার, রাত থেকে হালকা জ্বর আসে, সাহায্য দরকার",Routine,Schedule a regular medical consultation
"একটু সাহায্য দরকার, এটা কি বিপজ্জনক, অনেক অস্বস্তি হচ্ছে",General Query,"No immediate action required, informational response sufficient"
"স্যার, কিছুক্ষণ আগে জ্বর যাচ্ছে না",Urgent,Visit a doctor within 24 hours
"অনেক চিন্তায় আছি, কিছুক্ষণ আগে কি করলে কমবে",General Query,"No immediate action required, informational response sufficient"
মাথা ঘোরে মাঝে মাঝে.,Urgent,Visit a doctor within 24 hours
"অনেক চিন্তায় আছি, আজকে এটা কি স্বাভাবিক, সাহায্য দরকার",General Query,"No immediate action required, informational response sufficient"
"আজকে বুঝতে পারলাম, অনেকদিন ধরে ঘুমাতে পারছি না, সাহায্য দরকার",Urgent,Visit a doctor within 24 hours
"একটু সাহায্য দরকার, গলা ব্যথা করছে, এটা কি বিপজ্জনক",Urgent,Visit a doctor within 24 hours
শরীর হঠাৎ কাঁপতে শুরু করেছে. দয়া করে বলবেন,Emergency,Immediately go to emergency department or call ambulance
"কিছুক্ষণ আগে বুঝলাম, চিকিৎসা কি হতে পারে",General Query,"No immediate action required, informational response sufficient"
পেটে অস্বস্তি হচ্ছে এবং স্বাভাবিক লাগছে না,Urgent,Visit a doctor within 24 hours
"আজকে ঘুমাতে পারছি না, এটা কি বিপজ্জনক",Urgent,Visit a doctor within 24 hours
বমি বমি ভাব হচ্ছে. কি করবো বুঝতে পারছি না,Urgent,Visit a doctor within 24 hours
"স্যার, শ্বাস নিতে গেলে মনে হচ্ছে বন্ধ হয়ে যাবে",Emergency,Immediately go to emergency department or call ambulance
"কিছুক্ষণ আগে বুঝলাম, মনে হচ্ছে জ্ঞান হারিয়ে ফেলবো, এটা নিয়ে চিন্তা হচ্ছে",Emergency,Immediately go to emergency department or call ambulance
"ডাক্তার, রাত থেকে হালকা মাথা ঘোরে",Routine,Schedule a regular medical consultation
"ডাক্তার, আজকে শরীর কাঁপছে, সাহায্য দরকার",Urgent,Visit a doctor within 24 hours
এটা কি বিপজ্জনক. খুব চিন্তায় আছি,General Query,"No immediate action required, informational response sufficient"
"গত কয়েকদিন ধরে পেটে অস্বস্তি হচ্ছে, অনেক অস্বস্তি হচ্ছে",Urgent,Visit a doctor within 24 hours
আজকে মাথা ভারী লাগছে,Urgent,Visit a doctor within 24 hours
সকাল থেকে এটা কি স্বাভাবিক এবং দয়া করে বলবেন,General Query,"No immediate action required, informational response sufficient"
"ডাক্তার, শরীর দুর্বল লাগছে",Urgent,Visit a doctor within 24 hours
"একটু সাহায্য দরকার, কিছুক্ষণ আগে পেটে অস্বস্তি হচ্ছে",Urgent,Visit a doctor within 24 hours
"হালকা ব্যথা আছে, কি করা উচিত",Routine,Schedule a regular medical consultation
রাত থেকে এটা কেন হচ্ছে এবং স্বাভাবিক লাগছে না,General Query,"No immediate action required, informational response sufficient"
এইমাত্র শরীর গরম লাগছে এবং কি করবো বুঝতে পারছি না,Urgent,Visit a doctor within 24 hours
এইমাত্র পরীক্ষা দরকার কি,General Query,"No immediate action required, informational response sufficient"
"ডাক্তার, কিছুক্ষণ আগে মাথা অনেক ব্যথা করছে, সাহায্য দরকার",Urgent,Visit a doctor within 24 hours
"গতকাল থেকে লক্ষ্য করছি, এই অবস্থায় কি করবো,",General Query,"No immediate action required, informational response sufficient"
"অনেক চিন্তায় আছি, দুই দিন ধরে এটা কি বিপজ্জনক",General Query,"No immediate action required, informational response sufficient"
"ডাক্তার, আজ জ্বর যাচ্ছে না, সাহায্য দরকার",Urgent,Visit a doctor within 24 hours
রাত থেকে শরীর ঠিক লাগছে না এবং স্বাভাবিক লাগছে না,Urgent,Visit a doctor within 24 hours
"একটা বিষয় নিয়ে চিন্তায় আছি, এই অবস্থায় কি করবো",General Query,"No immediate action required, informational response sufficient"
"ডাক্তার, দুই দিন ধরে এটা কি বড় সমস্যা",General Query,"No immediate action required, informational response sufficient"
"ডাক্তার, গত কয়েকদিন ধরে এটা কি গুরুতর সমস্যা, সাহায্য দরকার",General Query,"No immediate action required, informational response sufficient"
"হঠাৎ এমন হয়েছে, গতকাল এটা কি বড় সমস্যা",General Query,"No immediate action required, informational response sufficient"
এইমাত্র এটা কি বিপজ্জনক,General Query,"No immediate action required, informational response sufficient"
"গতকাল থেকে লক্ষ্য করছি, আজকে হালকা ব্যথা আছে",Routine,Schedule a regular medical consultation
"কিছুক্ষণ আগে বুঝলাম, কিছুক্ষণ আগে বারবার বমি হচ্ছে",Urgent,Visit a doctor within 24 hours
"স্যার, গত কয়েকদিন ধরে মাঝে মাঝে মাথা ব্যথা হয়",Routine,Schedule a regular medical consultation
ঘাড়ে অস্বস্তি লাগে. দয়া করে বলবেন,Routine,Schedule a regular medical consultation
গ্যাসের সমস্যা হচ্ছে,Routine,Schedule a regular medical consultation
রাত থেকে ঘাড়ে অস্বস্তি লাগে এবং এটা কি বিপজ্জনক,Routine,Schedule a regular medical consultation
"মনে হচ্ছে জ্ঞান হারিয়ে ফেলবো, কি করা উচিত",Emergency,Immediately go to emergency department or call ambulance
আজকে হাত-পা অবশ লাগছে,Emergency,Immediately go to emergency department or call ambulance
"হঠাৎ বুকের মাঝখানে তীব্র ব্যথা শুরু হয়েছে, এটা কি স্বাভাবিক",Emergency,Immediately go to emergency department or call ambulance
"সকাল থেকে বারবার বমি হচ্ছে, অনেক অস্বস্তি হচ্ছে",Urgent,Visit a doctor within 24 hours
আজ হাত-পা অবশ লাগছে এবং খুব চিন্তায় আছি,Emergency,Immediately go to emergency department or call ambulance
"অনেক চিন্তায় আছি, এটা কি বিপজ্জনক",General Query,"No immediate action required, informational response sufficient"
"আজকে বুঝতে পারলাম, হঠাৎ শরীর হঠাৎ কাঁপতে শুরু করেছে, সাহায্য দরকার",Emergency,Immediately go to emergency department or call ambulance
"কিছুক্ষণ আগে বুঝলাম, এটা কি স্বাভাবিক",General Query,"No immediate action required, informational response sufficient"
"গতকাল থেকে লক্ষ্য করছি, এইমাত্র কিছুটা অস্বস্তি লাগে, সাহায্য দরকার",Routine,Schedule a regular medical consultation
"কিছুক্ষণ আগে বুঝলাম, দুই দিন ধরে হাঁটতে গিয়ে ভারসাম্য রাখতে পারছি না",Emergency,Immediately go to emergency department or call ambulance
রাত থেকে ঘাড়ে অস্বস্তি লাগে,Routine,Schedule a regular medical consultation
"গলা ব্যথা করছে, কি করা উচিত",Urgent,Visit a doctor within 24 hours
"এটা কি বিপজ্জনক, এটা কি স্বাভাবিক",General Query,"No immediate action required, informational response sufficient"
"স্যার, গতকাল মাথা ঘোরে মাঝে মাঝে, সাহায্য দরকার",Urgent,Visit a doctor within 24 hours
"দুই দিন ধরে চোখের সামনে সব ঝাপসা দেখছি, এটা কি বিপজ্জনক",Emergency,Immediately go to emergency department or call ambulance
হাঁটতে গিয়ে ভারসাম্য রাখতে পারছি না. অনেক অস্বস্তি হচ্ছে,Emergency,Immediately go to emergency department or call ambulance
"একটা বিষয় নিয়ে চিন্তায় আছি, পিঠে ব্যথা অনুভব করছি",Routine,Schedule a regular medical consultation
"গত কয়েকদিন ধরে কিভাবে ঠিক হবে, খুব চিন্তায় আছি",General Query,"No immediate action required, informational response sufficient"
"আজ মাঝে মাঝে মাথা ব্যথা হয়, ভয় লাগছে",Routine,Schedule a regular medical consultation
"কিছুক্ষণ আগে বুকের ভেতরে চাপ দিয়ে ধরছে, এটা নিয়ে চিন্তা হচ্ছে",Emergency,Immediately go to emergency department or call ambulance
"কিভাবে ঠিক হবে, কি করা উচিত",General Query,"No immediate action required, informational response sufficient"
"ডাক্তার, হঠাৎ হালকা চাপ অনুভব করি",Routine,Schedule a regular medical consultation
"আজকে বুঝতে পারলাম, হালকা চাপ অনুভব করি",Routine,Schedule a regular medical consultation
কিছুটা অস্বস্তি লাগে. এটা কি বিপজ্জনক,Routine,Schedule a regular medical consultation
"কিছুক্ষণ আগে বুঝলাম, অনেকদিন ধরে শ্বাস নিতে গেলে মনে হচ্ছে বন্ধ হয়ে যাবে",Emergency,Immediately go to emergency department or call ambulance
"সকাল থেকে হালকা কাশি আছে, অনেক অস্বস্তি হচ্ছে",Routine,Schedule a regular medical consultation
"চোখের সামনে সব ঝাপসা দেখছি, এটা কি স্বাভাবিক",Emergency,Immediately go to emergency department or call ambulance
"অনেক চিন্তায় আছি, হঠাৎ বুকের মাঝখানে তীব্র ব্যথা শুরু হয়েছে",Emergency,Immediately go to emergency department or call ambulance
"গতকাল ঘাড় শক্ত লাগে,",Routine,Schedule a regular medical consultation
"অনেক চিন্তায় আছি, এটা কি বিপজ্জনক, সাহায্য দরকার",General Query,"No immediate action required, informational response sufficient"
"শরীর ক্লান্ত লাগে, এটা কি স্বাভাবিক",Routine,Schedule a regular medical consultation
"কিছুক্ষণ আগে বুঝলাম, দুই দিন ধরে মাথা ভারী লাগছে, সাহায্য দরকার",Urgent,Visit a doctor within 24 hours
রাত থেকে মাথা ঘোরে মাঝে মাঝে,Urgent,Visit a doctor within 24 hours
"হঠাৎ এমন হয়েছে, শরীর গরম লাগছে, অনেক অস্বস্তি হচ্ছে",Urgent,Visit a doctor within 24 hours
"মনে হচ্ছে জ্ঞান হারিয়ে ফেলবো, স্বাভাবিক লাগছে না",Emergency,Immediately go to emergency department or call ambulance
"হঠাৎ মাথা ভারী লাগছে, সাহায্য দরকার",Urgent,Visit a doctor within 24 hours
"একটা বিষয় নিয়ে চিন্তায় আছি, চিকিৎসা কি হতে পারে",General Query,"No immediate action required, informational response sufficient"
"আজকে বুঝতে পারলাম, দুই দিন ধরে হঠাৎ প্রচণ্ড দুর্বল লাগছে, সাহায্য দরকার",Emergency,Immediately go to emergency department or call ambulance
কি করা উচিত. এটা নিয়ে চিন্তা হচ্ছে,General Query,"No immediate action required, informational response sufficient"
"হঠাৎ এমন হয়েছে, আজ হালকা ব্যথা আছে",Routine,Schedule a regular medical consultation
"স্যার, হাত-পা অবশ লাগছে",Emergency,Immediately go to emergency department or call ambulance
মাথা একটু ভারী লাগে.,Routine,Schedule a regular medical consultation
"আজকে হালকা কাশি আছে, ভয় লাগছে",Routine,Schedule a regular medical consultation
"হালকা জ্বর আসে, কি করা উচিত",Routine,Schedule a regular medical consultation
"অনেক চিন্তায় আছি, শরীর গরম লাগছে",Urgent,Visit a doctor within 24 hours
"স্যার, সকাল থেকে পেটে অস্বস্তি হচ্ছে",Urgent,Visit a doctor within 24 hours
হঠাৎ ঘাড়ে অস্বস্তি লাগে,Routine,Schedule a regular medical consultation
"আজকে বুঝতে পারলাম, গত কয়েকদিন ধরে শরীর ঠিক লাগছে না, সাহায্য দরকার",Urgent,Visit a doctor within 24 hours
"একটা বিষয় নিয়ে চিন্তায় আছি, গত কয়েকদিন ধরে হাঁটতে গিয়ে ভারসাম্য রাখতে পারছি না, সাহায্য দরকার",Emergency,Immediately go to emergency department or call ambulance
"গতকাল থেকে লক্ষ্য করছি, আজকে কিছুটা অস্বস্তি লাগে",Routine,Schedule a regular medical consultation
"একটু সাহায্য দরকার, সকাল থেকে ঘুমাতে পারছি না, সাহায্য দরকার",Urgent,Visit a doctor within 24 hours
কিছুক্ষণ আগে ঘাড়ে অস্বস্তি লাগে এবং,Routine,Schedule a regular medical consultation
"সকাল থেকে কোন বিভাগে দেখাবো,",General Query,"No immediate action required, informational response sufficient"
"অনেক চিন্তায় আছি, আজকে জ্বর যাচ্ছে না",Urgent,Visit a doctor within 24 hours
"অনেক চিন্তায় আছি, অনেকদিন ধরে শরীর ঠিক লাগছে না, সাহায্য দরকার",Urgent,Visit a doctor within 24 hours
"কিছুক্ষণ আগে বুঝলাম, গত কয়েকদিন ধরে হালকা কাশি আছে",Routine,Schedule a regular medical consultation
"গতকাল থেকে লক্ষ্য করছি, এটা নিয়ে চিন্তা করা উচিত কি, এটা নিয়ে চিন্তা হচ্ছে",General Query,"No immediate action required, informational response sufficient"
"একটু সাহায্য দরকার, গতকাল এটা কি বড় সমস্যা",General Query,"No immediate action required, informational response sufficient"
"আজকে বুঝতে পারলাম, এটা কি বিপজ্জনক, স্বাভাবিক লাগছে না",General Query,"No immediate action required, informational response sufficient"
"একটু সাহায্য দরকার, রাত থেকে ঘুমাতে পারছি না",Urgent,Visit a doctor within 24 hours
"গত কয়েকদিন ধরে মাথা একটু ভারী লাগে, স্বাভাবিক লাগছে না",Routine,Schedule a regular medical consultation
"হঠাৎ মাথা একটু ভারী লাগে, স্বাভাবিক লাগছে না",Routine,Schedule a regular medical consultation
হঠাৎ শরীর অসাড় লাগছে. খুব চিন্তায় আছি,Emergency,Immediately go to emergency department or call ambulance
মাথা ঘোরে মাঝে মাঝে. ভয় লাগছে,Urgent,Visit a doctor within 24 hours
"৩ দিন ধরে মনে হচ্ছে জ্ঞান হারিয়ে ফেলবো, দয়া করে বলবেন",Emergency,Immediately go to emergency department or call ambulance
"আজকে বুঝতে পারলাম, খাবার খেতে ইচ্ছা করছে না",Urgent,Visit a doctor within 24 hours
"হঠাৎ এমন হয়েছে, মাথা অনেক ব্যথা করছে, কি করবো বুঝতে পারছি না",Urgent,Visit a doctor within 24 hours
"একটু সাহায্য দরকার, এটা কি বড় সমস্যা, এটা কি বিপজ্জনক",General Query,"No immediate action required, informational response sufficient"
"৩ দিন ধরে শরীর গরম লাগছে, কি করবো বুঝতে পারছি না",Urgent,Visit a doctor within 24 hours
"আজকে ঘাড় শক্ত লাগে, সাহায্য দরকার",Routine,Schedule a regular medical consultation
"হঠাৎ এমন হয়েছে, ৩ দিন ধরে কিছুটা অস্বস্তি লাগে, সাহায্য দরকার",Routine,Schedule a regular medical consultation
"গতকাল থেকে লক্ষ্য করছি, রাত থেকে মাথা একটু ভারী লাগে, সাহায্য দরকার",Routine,Schedule a regular medical consultation
"গতকাল থেকে লক্ষ্য করছি, কোন ডাক্তার দেখাবো, এটা কি বিপজ্জনক",General Query,"No immediate action required, informational response sufficient"
"হঠাৎ হাত-পা অবশ লাগছে, সাহায্য দরকার",Emergency,Immediately go to emergency department or call ambulance
পেটে অস্বস্তি হচ্ছে. এটা নিয়ে চিন্তা হচ্ছে,Urgent,Visit a doctor within 24 hours
"একটু সাহায্য দরকার, এইমাত্র এই অবস্থায় কি করবো",General Query,"No immediate action required, informational response sufficient"
"গতকাল থেকে লক্ষ্য করছি, চিকিৎসা কি হতে পারে, স্বাভাবিক লাগছে না",General Query,"No immediate action required, informational response sufficient"
"গতকাল থেকে লক্ষ্য করছি, কি করা উচিত, অনেক অস্বস্তি হচ্ছে",General Query,"No immediate action required, informational response sufficient"
"আজ বমি বমি ভাব হচ্ছে, কি করবো বুঝতে পারছি না",Urgent,Visit a doctor within 24 hours
"গতকাল থেকে লক্ষ্য করছি, হালকা জ্বর আসে, দয়া করে বলবেন",Routine,Schedule a regular medical consultation
খাবার খেতে ইচ্ছা করছে না. অনেক অস্বস্তি হচ্ছে,Urgent,Visit a doctor within 24 hours
হঠাৎ ডাক্তার দেখানো দরকার কি এবং এটা কি বিপজ্জনক,General Query,"No immediate action required, informational response sufficient"
"এটা কি বড় সমস্যা, অনেক অস্বস্তি হচ্ছে",General Query,"No immediate action required, informational response sufficient"
"হঠাৎ এমন হয়েছে, দাঁড়িয়ে থাকতে পারছি না, অনেক অস্বস্তি হচ্ছে",Emergency,Immediately go to emergency department or call ambulance
এই অবস্থায় কি করবো. স্বাভাবিক লাগছে না,General Query,"No immediate action required, informational response sufficient"
"একটু সাহায্য দরকার, অনেকদিন ধরে হালকা মাথা ঘোরে, সাহায্য দরকার",Routine,Schedule a regular medical consultation
"হঠাৎ এমন হয়েছে, কিছুক্ষণ আগে হালকা ব্যথা আছে",Routine,Schedule a regular medical consultation
"আজকে বুঝতে পারলাম, কথা বলতে সমস্যা হচ্ছে, খুব চিন্তায় আছি",Emergency,Immediately go to emergency department or call ambulance
"কিছুক্ষণ আগে বুঝলাম, রাত থেকে বুকের ভেতরে চাপ দিয়ে ধরছে, সাহায্য দরকার",Emergency,Immediately go to emergency department or call ambulance
"একটু সাহায্য দরকার, কিছুক্ষণ আগে গ্যাসের সমস্যা হচ্ছে, সাহায্য দরকার",Routine,Schedule a regular medical consultation
মাথা অনেক ব্যথা করছে. অনেক অস্বস্তি হচ্ছে,Urgent,Visit a doctor within 24 hours
"হঠাৎ এমন হয়েছে, পিঠে ব্যথা অনুভব করছি",Routine,Schedule a regular medical consultation
"শরীর ক্লান্ত লাগে, কি করা উচিত",Routine,Schedule a regular medical consultation
অনেকদিন ধরে পিঠে ব্যথা অনুভব করছি,Routine,Schedule a regular medical consultation
"স্যার, মনে হচ্ছে জ্ঞান হারিয়ে ফেলবো",Emergency,Immediately go to emergency department or call ambulance
"একটা বিষয় নিয়ে চিন্তায় আছি, হাঁটতে গিয়ে ভারসাম্য রাখতে পারছি না, সাহায্য দরকার",Emergency,Immediately go to emergency department or call ambulance
"আজ গ্যাসের সমস্যা হচ্ছে, অনেক অস্বস্তি হচ্ছে",Routine,Schedule a regular medical consultation
"ঘাড়ে অস্বস্তি লাগে, কি করা উচিত",Routine,Schedule a regular medical consultation
"অনেকদিন ধরে হালকা জ্বর আসে, কি করবো বুঝতে পারছি না",Routine,Schedule a regular medical consultation
আজ পিঠে ব্যথা অনুভব করছি এবং কি করবো বুঝতে পারছি না,Routine,Schedule a regular medical consultation
"হঠাৎ গলা ব্যথা করছে, খুব চিন্তায় আছি",Urgent,Visit a doctor within 24 hours
"গ্যাসের সমস্যা হচ্ছে, এটা কি স্বাভাবিক",Routine,Schedule a regular medical consultation
"একটু সাহায্য দরকার, আজকে এটা কি স্বাভাবিক",General Query,"No immediate action required, informational response sufficient"
"গতকাল থেকে লক্ষ্য করছি, গত কয়েকদিন ধরে চোখে জ্বালা করে, সাহায্য দরকার",Routine,Schedule a regular medical consultation
এটা কেন হচ্ছে. ভয় লাগছে,General Query,"No immediate action required, informational response sufficient"
৩ দিন ধরে গ্যাসের সমস্যা হচ্ছে এবং দয়া করে বলবেন,Routine,Schedule a regular medical consultation
"স্যার, হালকা জ্বর আসে",Routine,Schedule a regular medical consultation
গতকাল মাথা ঘুরে পড়ে গিয়েছিলাম,Emergency,Immediately go to emergency department or call ambulance
"পেটে অস্বস্তি হচ্ছে, এটা কি স্বাভাবিক",Urgent,Visit a doctor within 24 hours
"ডাক্তার, ৩ দিন ধরে মাঝে মাঝে মাথা ব্যথা হয়",Routine,Schedule a regular medical consultation
"হঠাৎ এমন হয়েছে, বমি বমি ভাব হচ্ছে",Urgent,Visit a doctor within 24 hours
"একটা বিষয় নিয়ে চিন্তায় আছি, বমি বমি ভাব হচ্ছে, স্বাভাবিক লাগছে না",Urgent,Visit a doctor within 24 hours
"আজকে বুঝতে পারলাম, রাত থেকে হাঁটতে গিয়ে ভারসাম্য রাখতে পারছি না",Emergency,Immediately go to emergency department or call ambulance
"হঠাৎ শরীর অসাড় লাগছে, এটা কি স্বাভাবিক",Emergency,Immediately go to emergency department or call ambulance
"ডাক্তার, এইমাত্র বুকের ভেতর চাপ অনুভব করছি, সাহায্য দরকার",Emergency,Immediately go to emergency department or call ambulance
কিছুক্ষণ আগে বুকের ভেতর চাপ অনুভব করছি এবং খুব চিন্তায় আছি,Emergency,Immediately go to emergency department or call ambulance
৩ দিন ধরে হালকা কাশি আছে এবং এটা নিয়ে চিন্তা হচ্ছে,Routine,Schedule a regular medical consultation
শরীর ক্লান্ত লাগে. অনেক অস্বস্তি হচ্ছে,Routine,Schedule a regular medical consultation
"হঠাৎ এমন হয়েছে, দুই দিন ধরে হালকা মাথা ঘোরে",Routine,Schedule a regular medical consultation
"কিছুক্ষণ আগে বুঝলাম, গত কয়েকদিন ধরে শরীর কাঁপছে, সাহায্য দরকার",Urgent,Visit a doctor within 24 hours
"ডাক্তার, জ্বর যাচ্ছে না, দয়া করে বলবেন",Urgent,Visit a doctor within 24 hours
"আজকে বুঝতে পারলাম, চিকিৎসা কি হতে পারে, কি করবো বুঝতে পারছি না",General Query,"No immediate action required, informational response sufficient"
৩ দিন ধরে মাথা একটু ভারী লাগে,Routine,Schedule a regular medical consultation
আজকে ঘাড় শক্ত লাগে,Routine,Schedule a regular medical consultation
অনেকদিন ধরে মাথা অনেক ব্যথা করছে এবং এটা নিয়ে চিন্তা হচ্ছে,Urgent,Visit a doctor within 24 hours
গতকাল হালকা জ্বর আসে এবং ভয় লাগছে,Routine,Schedule a regular medical consultation
"ডাক্তার দেখানো দরকার কি, কি করা উচিত",General Query,"No immediate action required, informational response sufficient"
"এইমাত্র শরীর কাঁপছে,",Urgent,Visit a doctor within 24 hours
"হঠাৎ ডাক্তার দেখানো দরকার কি,",General Query,"No immediate action required, informational response sufficient"
সকাল থেকে এই অবস্থায় কি করবো এবং অনেক অস্বস্তি হচ্ছে,General Query,"No immediate action required, informational response sufficient"
"একটু সাহায্য দরকার, খাবার খেতে ইচ্ছা করছে না",Urgent,Visit a doctor within 24 hours
গতকাল মাথা একটু ভারী লাগে,Routine,Schedule a regular medical consultation
৩ দিন ধরে মনে হচ্ছে জ্ঞান হারিয়ে ফেলবো এবং দয়া করে বলবেন,Emergency,Immediately go to emergency department or call ambulance
দুই দিন ধরে হালকা দুর্বল লাগে এবং স্বাভাবিক লাগছে না,Routine,Schedule a regular medical consultation
"শরীর দুর্বল লাগছে, দয়া করে বলবেন",Urgent,Visit a doctor within 24 hours
বুকের ভেতরে চাপ দিয়ে ধরছে. এটা নিয়ে চিন্তা হচ্ছে,Emergency,Immediately go to emergency department or call ambulance
অনেকদিন ধরে মাথা অনেক ব্যথা করছে,Urgent,Visit a doctor within 24 hours
৩ দিন ধরে শরীর হঠাৎ কাঁপতে শুরু করেছে এবং খুব চিন্তায় আছি,Emergency,Immediately go to emergency department or call ambulance
দুই দিন ধরে বুকের ভেতরে চাপ দিয়ে ধরছে এবং ভয় লাগছে,Emergency,Immediately go to emergency department or call ambulance
"৩ দিন ধরে হাত-পা অবশ লাগছে, সাহায্য দরকার",Emergency,Immediately go to emergency department or call ambulance
"একটা বিষয় নিয়ে চিন্তায় আছি, কিছুটা অস্বস্তি লাগে",Routine,Schedule a regular medical consultation
"হাঁটতে গিয়ে ভারসাম্য রাখতে পারছি না, এটা কি স্বাভাবিক",Emergency,Immediately go to emergency department or call ambulance
"গতকাল থেকে লক্ষ্য করছি, আজকে এটা কি গুরুতর সমস্যা, সাহায্য দরকার",General Query,"No immediate action required, informational response sufficient"
অনেকদিন ধরে গলা ব্যথা করছে,Urgent,Visit a doctor within 24 hours
"অনেক চিন্তায় আছি, ঘাড়ে অস্বস্তি লাগে, খুব চিন্তায় আছি",Routine,Schedule a regular medical consultation
জ্বর যাচ্ছে না. দয়া করে বলবেন,Urgent,Visit a doctor within 24 hours
"গতকাল থেকে লক্ষ্য করছি, হাঁটতে গিয়ে ভারসাম্য রাখতে পারছি না, স্বাভাবিক লাগছে না",Emergency,Immediately go to emergency department or call ambulance
অনেকদিন ধরে হঠাৎ বুকের মাঝখানে তীব্র ব্যথা শুরু হয়েছে,Emergency,Immediately go to emergency department or call ambulance
এইমাত্র কোন ডাক্তার দেখাবো এবং দয়া করে বলবেন,General Query,"No immediate action required, informational response sufficient"
হঠাৎ বুকের মাঝখানে তীব্র ব্যথা শুরু হয়েছে. কি করবো বুঝতে পারছি না,Emergency,Immediately go to emergency department or call ambulance
আজকে মাথা ঘোরে মাঝে মাঝে,Urgent,Visit a doctor within 24 hours
"গতকাল বুকের ভেতর চাপ অনুভব করছি, স্বাভাবিক লাগছে না",Emergency,Immediately go to emergency department or call ambulance
রাত থেকে হালকা চাপ অনুভব করি এবং খুব চিন্তায় আছি,Routine,Schedule a regular medical consultation
গতকাল জ্বর যাচ্ছে না এবং ভয় লাগছে,Urgent,Visit a doctor within 24 hours
"স্যার, গতকাল চোখে জ্বালা করে, সাহায্য দরকার",Routine,Schedule a regular medical consultation
হঠাৎ বুকের ভেতরে চাপ দিয়ে ধরছে এবং অনেক অস্বস্তি হচ্ছে,Emergency,Immediately go to emergency department or call ambulance
"গতকাল থেকে লক্ষ্য করছি, পিঠে ব্যথা অনুভব করছি",Routine,Schedule a regular medical consultation
"গ্যাসের সমস্যা হচ্ছে, কি করা উচিত",Routine,Schedule a regular medical consultation
"একটা বিষয় নিয়ে চিন্তায় আছি, অনেকদিন ধরে ঘুমাতে পারছি না",Urgent,Visit a doctor within 24 hours
"আজকে শরীর দুর্বল লাগছে, ভয় লাগছে",Urgent,Visit a doctor within 24 hours
"গতকাল থেকে লক্ষ্য করছি, ঘাড় শক্ত লাগে,",Routine,Schedule a regular medical consultation
"কিছুক্ষণ আগে বুঝলাম, সকাল থেকে শরীর ক্লান্ত লাগে, সাহায্য দরকার",Routine,Schedule a regular medical consultation
"হঠাৎ এমন হয়েছে, মাথা ভারী লাগছে, খুব চিন্তায় আছি",Urgent,Visit a doctor within 24 hours
"আজকে বুঝতে পারলাম, হঠাৎ কি করলে কমবে, সাহায্য দরকার",General Query,"No immediate action required, informational response sufficient"
"বুকের ভেতরে চাপ দিয়ে ধরছে, কি করা উচিত",Emergency,Immediately go to emergency department or call ambulance
"কিছুক্ষণ আগে কি করলে কমবে, এটা কি বিপজ্জনক",General Query,"No immediate action required, informational response sufficient"
দুই দিন ধরে মনে হচ্ছে জ্ঞান হারিয়ে ফেলবো এবং এটা নিয়ে চিন্তা হচ্ছে,Emergency,Immediately go to emergency department or call ambulance
হঠাৎ শরীর ভেঙে যাচ্ছে এবং অনেক অস্বস্তি হচ্ছে,Urgent,Visit a doctor within 24 hours
"হঠাৎ এমন হয়েছে, কিছুক্ষণ আগে এটা কেন হচ্ছে",General Query,"No immediate action required, informational response sufficient"
"একটা বিষয় নিয়ে চিন্তায় আছি, ৩ দিন ধরে শ্বাস নিতে খুব কষ্ট হচ্ছে, সাহায্য দরকার",Emergency,Immediately go to emergency department or call ambulance
"গত কয়েকদিন ধরে দাঁড়িয়ে থাকতে পারছি না, সাহায্য দরকার",Emergency,Immediately go to emergency department or call ambulance
পেটে অস্বস্তি হচ্ছে এবং,Urgent,Visit a doctor within 24 hours
"হালকা দুর্বল লাগে, এটা কি স্বাভাবিক",Routine,Schedule a regular medical consultation
"হঠাৎ বুকের মাঝখানে তীব্র ব্যথা শুরু হয়েছে, কি করা উচিত",Emergency,Immediately go to emergency department or call ambulance
"একটু সাহায্য দরকার, বমি বমি ভাব হচ্ছে, সাহায্য দরকার",Urgent,Visit a doctor within 24 hours
"ডাক্তার, শ্বাস নিতে খুব কষ্ট হচ্ছে",Emergency,Immediately go to emergency department or call ambulance
ঘাড় শক্ত লাগে. দয়া করে বলবেন,Routine,Schedule a regular medical consultation
"কিছুক্ষণ আগে শরীর ঠিক লাগছে না, দয়া করে বলবেন",Urgent,Visit a doctor within 24 hours
"হঠাৎ হাত-পা অবশ লাগছে, ভয় লাগছে",Emergency,Immediately go to emergency department or call ambulance
"হালকা চাপ অনুভব করি,",Routine,Schedule a regular medical consultation
"স্যার, কিছুটা অস্বস্তি লাগে, সাহায্য দরকার",Routine,Schedule a regular medical consultation
"সকাল থেকে শরীর দুর্বল লাগছে, কি করবো বুঝতে পারছি না",Urgent,Visit a doctor within 24 hours
"হঠাৎ এমন হয়েছে, দুই দিন ধরে শরীর দুর্বল লাগছে",Urgent,Visit a doctor within 24 hours
"একটা বিষয় নিয়ে চিন্তায় আছি, গতকাল ঘাড় শক্ত লাগে, সাহায্য দরকার",Routine,Schedule a regular medical consultation
"একটু সাহায্য দরকার, মাথা ঘোরে মাঝে মাঝে, এটা কি বিপজ্জনক",Urgent,Visit a doctor within 24 hours
কিছুক্ষণ আগে শরীর ক্লান্ত লাগে,Routine,Schedule a regular medical consultation
"৩ দিন ধরে হালকা কাশি আছে, এটা নিয়ে চিন্তা হচ্ছে",Routine,Schedule a regular medical consultation
এটা কি বড় সমস্যা. কি করবো বুঝতে পারছি না,General Query,"No immediate action required, informational response sufficient"
কিছুক্ষণ আগে এটা কি বড় সমস্যা এবং খুব চিন্তায় আছি,General Query,"No immediate action required, informational response sufficient"
"স্যার, এইমাত্র কোন ডাক্তার দেখাবো, সাহায্য দরকার",General Query,"No immediate action required, informational response sufficient"
"একটা বিষয় নিয়ে চিন্তায় আছি, ৩ দিন ধরে হালকা চাপ অনুভব করি, সাহায্য দরকার",Routine,Schedule a regular medical consultation
"হঠাৎ এমন হয়েছে, হঠাৎ বুকের ভেতর চাপ অনুভব করছি, সাহায্য দরকার",Emergency,Immediately go to emergency department or call ambulance
কিছুক্ষণ আগে হালকা মাথা ঘোরে,Routine,Schedule a regular medical consultation
"স্যার, ঘুমাতে পারছি না, এটা কি বিপজ্জনক",Urgent,Visit a doctor within 24 hours
"আজ শরীর ক্লান্ত লাগে, কি করবো বুঝতে পারছি না",Routine,Schedule a regular medical consultation
আজ পরীক্ষা দরকার কি,General Query,"No immediate action required, informational response sufficient"
"স্যার, আজকে হাত-পা অবশ লাগছে",Emergency,Immediately go to emergency department or call ambulance
"স্যার, রাত থেকে শরীর গরম লাগছে, সাহায্য দরকার",Urgent,Visit a doctor within 24 hours
"গতকাল থেকে লক্ষ্য করছি, মাথা অনেক ব্যথা করছে, অনেক অস্বস্তি হচ্ছে",Urgent,Visit a doctor within 24 hours
গতকাল হালকা মাথা ঘোরে,Routine,Schedule a regular medical consultation
সকাল থেকে হঠাৎ বুকের মাঝখানে তীব্র ব্যথা শুরু হয়েছে,Emergency,Immediately go to emergency department or call ambulance
"একটু সাহায্য দরকার, দুই দিন ধরে শরীর গরম লাগছে, সাহায্য দরকার",Urgent,Visit a doctor within 24 hours
"অনেকদিন ধরে ঘাড়ে অস্বস্তি লাগে, অনেক অস্বস্তি হচ্ছে",Routine,Schedule a regular medical consultation
কিছুক্ষণ আগে শরীর গরম লাগছে,Urgent,Visit a doctor within 24 hours
"আজকে বুঝতে পারলাম, এটা কি বড় সমস্যা",General Query,"No immediate action required, informational response sufficient"
"অনেক চিন্তায় আছি, এটা নিয়ে চিন্তা করা উচিত কি, এটা নিয়ে চিন্তা হচ্ছে",General Query,"No immediate action required, informational response sufficient"
"শরীর হঠাৎ কাঁপতে শুরু করেছে, এটা কি স্বাভাবিক",Emergency,Immediately go to emergency department or call ambulance
"স্যার, হালকা চাপ অনুভব করি, অনেক অস্বস্তি হচ্ছে",Routine,Schedule a regular medical consultation
শ্বাস নিতে খুব কষ্ট হচ্ছে,Emergency,Immediately go to emergency department or call ambulance
হালকা ব্যথা আছে. এটা নিয়ে চিন্তা হচ্ছে,Routine,Schedule a regular medical consultation
"ডাক্তার, শরীর ঠিক লাগছে না, এটা নিয়ে চিন্তা হচ্ছে",Urgent,Visit a doctor within 24 hours
"কিছুক্ষণ আগে বুঝলাম, শ্বাস নিতে খুব কষ্ট হচ্ছে, কি করবো বুঝতে পারছি না",Emergency,Immediately go to emergency department or call ambulance
"গতকাল মাথা ভারী লাগছে, সাহায্য দরকার",Urgent,Visit a doctor within 24 hours
"একটু সাহায্য দরকার, গতকাল এটা কি গুরুতর সমস্যা",General Query,"No immediate action required, informational response sufficient"
গতকাল বুকের ভেতরে চাপ দিয়ে ধরছে এবং এটা নিয়ে চিন্তা হচ্ছে,Emergency,Immediately go to emergency department or call ambulance
"হঠাৎ কিভাবে ঠিক হবে, কি করবো বুঝতে পারছি না",General Query,"No immediate action required, informational response sufficient"
বমি বমি ভাব হচ্ছে,Urgent,Visit a doctor within 24 hours
"একটা বিষয় নিয়ে চিন্তায় আছি, হালকা মাথা ঘোরে",Routine,Schedule a regular medical consultation
অনেকদিন ধরে শরীর দুর্বল লাগছে এবং এটা কি বিপজ্জনক,Urgent,Visit a doctor within 24 hours
"সকাল থেকে কিছুটা অস্বস্তি লাগে,",Routine,Schedule a regular medical consultation
"হঠাৎ এমন হয়েছে, ঘাড়ে অস্বস্তি লাগে",Routine,Schedule a regular medical consultation
"কিছুক্ষণ আগে বুঝলাম, কিছুক্ষণ আগে হঠাৎ প্রচণ্ড দুর্বল লাগছে, সাহায্য দরকার",Emergency,Immediately go to emergency department or call ambulance
"ঘাড়ে অস্বস্তি লাগে, এটা কি স্বাভাবিক",Routine,Schedule a regular medical consultation
"এইমাত্র শরীর ক্লান্ত লাগে, অনেক অস্বস্তি হচ্ছে",Routine,Schedule a regular medical consultation
এটা নিয়ে চিন্তা করা উচিত কি. এটা নিয়ে চিন্তা হচ্ছে,General Query,"No immediate action required, informational response sufficient"
রাত থেকে খাবার খেতে ইচ্ছা করছে না এবং খুব চিন্তায় আছি,Urgent,Visit a doctor within 24 hours
আজকে মাথা একটু ভারী লাগে,Routine,Schedule a regular medical consultation
"একটু সাহায্য দরকার, কিছুক্ষণ আগে হালকা ব্যথা আছে, সাহায্য দরকার",Routine,Schedule a regular medical consultation
গত কয়েকদিন ধরে এটা কেন হচ্ছে এবং এটা নিয়ে চিন্তা হচ্ছে,General Query,"No immediate action required, informational response sufficient"
"কিছুক্ষণ আগে বুঝলাম, সকাল থেকে হালকা কাশি আছে",Routine,Schedule a regular medical consultation
"একটু সাহায্য দরকার, অনেকদিন ধরে মাথা ঘুরে পড়ে গিয়েছিলাম, সাহায্য দরকার",Emergency,Immediately go to emergency department or call ambulance
"কিছুক্ষণ আগে বুঝলাম, ৩ দিন ধরে মনে হচ্ছে জ্ঞান হারিয়ে ফেলবো, সাহায্য দরকার",Emergency,Immediately go to emergency department or call ambulance
"অনেকদিন ধরে মাথা ঘোরে মাঝে মাঝে, স্বাভাবিক লাগছে না",Urgent,Visit a doctor within 24 hours
"কিছুক্ষণ আগে বুঝলাম, ৩ দিন ধরে কি করলে কমবে",General Query,"No immediate action required, informational response sufficient"
"একটু সাহায্য দরকার, কিছুক্ষণ আগে চিকিৎসা কি হতে পারে",General Query,"No immediate action required, informational response sufficient"
সকাল থেকে পেটে অস্বস্তি হচ্ছে এবং এটা কি বিপজ্জনক,Urgent,Visit a doctor within 24 hours
কিছুক্ষণ আগে গলা ব্যথা করছে,Urgent,Visit a doctor within 24 hours
আজকে কিভাবে ঠিক হবে এবং,General Query,"No immediate action required, informational response sufficient"
"আজকে বুঝতে পারলাম, মাথা অনেক ব্যথা করছে, এটা কি বিপজ্জনক",Urgent,Visit a doctor within 24 hours
কোন ডাক্তার দেখাবো. স্বাভাবিক লাগছে না,General Query,"No immediate action required, informational response sufficient"
"অনেকদিন ধরে হাঁটতে গিয়ে ভারসাম্য রাখতে পারছি না, এটা নিয়ে চিন্তা হচ্ছে",Emergency,Immediately go to emergency department or call ambulance
"৩ দিন ধরে শরীর কাঁপছে, দয়া করে বলবেন",Urgent,Visit a doctor within 24 hours
"একটা বিষয় নিয়ে চিন্তায় আছি, এটা কি গুরুতর সমস্যা, খুব চিন্তায় আছি",General Query,"No immediate action required, informational response sufficient"
শরীর গরম লাগছে. দয়া করে বলবেন,Urgent,Visit a doctor within 24 hours
"একটা বিষয় নিয়ে চিন্তায় আছি, হালকা কাশি আছে, স্বাভাবিক লাগছে না",Routine,Schedule a regular medical consultation
"গতকাল থেকে লক্ষ্য করছি, রাত থেকে শরীর হঠাৎ কাঁপতে শুরু করেছে, সাহায্য দরকার",Emergency,Immediately go to emergency department or call ambulance
গত কয়েকদিন ধরে বুকের ভেতরে চাপ দিয়ে ধরছে,Emergency,Immediately go to emergency department or call ambulance
দুই দিন ধরে ঘাড় শক্ত লাগে,Routine,Schedule a regular medical consultation
"স্যার, গতকাল গ্যাসের সমস্যা হচ্ছে, সাহায্য দরকার",Routine,Schedule a regular medical consultation
"ঘাড় শক্ত লাগে, ভয় লাগছে",Routine,Schedule a regular medical consultation
শরীর দুর্বল লাগছে. এটা কি বিপজ্জনক,Urgent,Visit a doctor within 24 hours
"আজকে বুঝতে পারলাম, শরীর ঠিক লাগছে না",Urgent,Visit a doctor within 24 hours
"আজকে বুঝতে পারলাম, বুকের ভেতরে চাপ দিয়ে ধরছে, অনেক অস্বস্তি হচ্ছে",Emergency,Immediately go to emergency department or call ambulance
"আজকে বুঝতে পারলাম, পিঠে ব্যথা অনুভব করছি, ভয় লাগছে",Routine,Schedule a regular medical consultation
"একটা বিষয় নিয়ে চিন্তায় আছি, খাবার খেতে ইচ্ছা করছে না, ভয় লাগছে",Urgent,Visit a doctor within 24 hours
অনেকদিন ধরে ঘুমাতে পারছি না,Urgent,Visit a doctor within 24 hours
হালকা জ্বর আসে,Routine,Schedule a regular medical consultation
"গতকাল শ্বাস নিতে গেলে মনে হচ্ছে বন্ধ হয়ে যাবে, এটা কি বিপজ্জনক",Emergency,Immediately go to emergency department or call ambulance
"অনেক চিন্তায় আছি, কোন ডাক্তার দেখাবো",General Query,"No immediate action required, informational response sufficient"
"গত কয়েকদিন ধরে মনে হচ্ছে জ্ঞান হারিয়ে ফেলবো, দয়া করে বলবেন",Emergency,Immediately go to emergency department or call ambulance
"কিছুক্ষণ আগে বুঝলাম, এই অবস্থায় কি করবো",General Query,"No immediate action required, informational response sufficient"
ঘাড়ে অস্বস্তি লাগে. অনেক অস্বস্তি হচ্ছে,Routine,Schedule a regular medical consultation
মাঝে মাঝে মাথা ব্যথা হয়. ভয় লাগছে,Routine,Schedule a regular medical consultation
"হঠাৎ মাঝে মাঝে মাথা ব্যথা হয়, স্বাভাবিক লাগছে না",Routine,Schedule a regular medical consultation
"দাঁড়িয়ে থাকতে পারছি না, কি করা উচিত",Emergency,Immediately go to emergency department or call ambulance
"৩ দিন ধরে হালকা কাশি আছে, খুব চিন্তায় আছি",Routine,Schedule a regular medical consultation
"গতকাল থেকে লক্ষ্য করছি, দুই দিন ধরে শরীর গরম লাগছে, সাহায্য দরকার",Urgent,Visit a doctor within 24 hours
"গতকাল থেকে লক্ষ্য করছি, এটা কি স্বাভাবিক",General Query,"No immediate action required, informational response sufficient"
"স্যার, হালকা দুর্বল লাগে",Routine,Schedule a regular medical consultation
"ডাক্তার, হঠাৎ হাত-পা অবশ লাগছে, সাহায্য দরকার",Emergency,Immediately go to emergency department or call ambulance
৩ দিন ধরে কিভাবে ঠিক হবে এবং অনেক অস্বস্তি হচ্ছে,General Query,"No immediate action required, informational response sufficient"
হঠাৎ এই অবস্থায় কি করবো এবং অনেক অস্বস্তি হচ্ছে,General Query,"No immediate action required, informational response sufficient"
"কিছুক্ষণ আগে বুঝলাম, অনেকদিন ধরে শরীর ক্লান্ত লাগে",Routine,Schedule a regular medical consultation
"গতকাল থেকে লক্ষ্য করছি, কি করলে কমবে, অনেক অস্বস্তি হচ্ছে",General Query,"No immediate action required, informational response sufficient"
"একটা বিষয় নিয়ে চিন্তায় আছি, চোখের সামনে সব ঝাপসা দেখছি, এটা কি বিপজ্জনক",Emergency,Immediately go to emergency department or call ambulance
"আজকে বুঝতে পারলাম, এই অবস্থায় কি করবো",General Query,"No immediate action required, informational response sufficient"
"একটু সাহায্য দরকার, কিছুক্ষণ আগে শ্বাস নিতে গেলে মনে হচ্ছে বন্ধ হয়ে যাবে, সাহায্য দরকার",Emergency,Immediately go to emergency department or call ambulance
"৩ দিন ধরে বুকের ভেতরে চাপ দিয়ে ধরছে, ভয় লাগছে",Emergency,Immediately go to emergency department or call ambulance
"স্যার, হঠাৎ শ্বাস নিতে খুব কষ্ট হচ্ছে, সাহায্য দরকার",Emergency,Immediately go to emergency department or call ambulance
"রাত থেকে এটা কি বড় সমস্যা, এটা নিয়ে চিন্তা হচ্ছে",General Query,"No immediate action required, informational response sufficient"
"গতকাল থেকে লক্ষ্য করছি, ঘাড় শক্ত লাগে, অনেক অস্বস্তি হচ্ছে",Routine,Schedule a regular medical consultation
গত কয়েকদিন ধরে এটা কেন হচ্ছে,General Query,"No immediate action required, informational response sufficient"
এইমাত্র বুকের ভেতরে চাপ দিয়ে ধরছে,Emergency,Immediately go to emergency department or call ambulance
"আজ মাঝে মাঝে মাথা ব্যথা হয়, এটা কি বিপজ্জনক",Routine,Schedule a regular medical consultation
মাথা ভারী লাগছে. কি করবো বুঝতে পারছি না,Urgent,Visit a doctor within 24 hours
"একটা বিষয় নিয়ে চিন্তায় আছি, জ্বর যাচ্ছে না,",Urgent,Visit a doctor within 24 hours
"একটা বিষয় নিয়ে চিন্তায় আছি, হঠাৎ প্রচণ্ড দুর্বল লাগছে",Emergency,Immediately go to emergency department or call ambulance
গতকাল বমি বমি ভাব হচ্ছে,Urgent,Visit a doctor within 24 hours
এটা কি বিপজ্জনক. স্বাভাবিক লাগছে না,General Query,"No immediate action required, informational response sufficient"
"কিছুক্ষণ আগে বুঝলাম, শরীর ঠিক লাগছে না",Urgent,Visit a doctor within 24 hours
"একটু সাহায্য দরকার, এটা কি বিপজ্জনক, ভয় লাগছে",General Query,"No immediate action required, informational response sufficient"
"কিছুক্ষণ আগে বুঝলাম, সকাল থেকে গলা ব্যথা করছে, সাহায্য দরকার",Urgent,Visit a doctor within 24 hours
এইমাত্র বুকের ভেতর চাপ অনুভব করছি,Emergency,Immediately go to emergency department or call ambulance
রাত থেকে শরীর ভেঙে যাচ্ছে এবং,Urgent,Visit a doctor within 24 hours
"গতকাল থেকে লক্ষ্য করছি, অনেকদিন ধরে কিভাবে ঠিক হবে",General Query,"No immediate action required, informational response sufficient"
"কথা বলতে সমস্যা হচ্ছে, কি করা উচিত",Emergency,Immediately go to emergency department or call ambulance
"হালকা জ্বর আসে, এটা কি বিপজ্জনক",Routine,Schedule a regular medical consultation
"হঠাৎ এমন হয়েছে, হঠাৎ পরীক্ষা দরকার কি, সাহায্য দরকার",General Query,"No immediate action required, informational response sufficient"
"ঘাড় শক্ত লাগে, কি করা উচিত",Routine,Schedule a regular medical consultation
"ডাক্তার, এটা কেন হচ্ছে",General Query,"No immediate action required, informational response sufficient"
"অনেকদিন ধরে মনে হচ্ছে জ্ঞান হারিয়ে ফেলবো, স্বাভাবিক লাগছে না",Emergency,Immediately go to emergency department or call ambulance
হঠাৎ শরীর ভেঙে যাচ্ছে,Urgent,Visit a doctor within 24 hours
"একটু সাহায্য দরকার, ঘাড়ে অস্বস্তি লাগে, কি করবো বুঝতে পারছি না",Routine,Schedule a regular medical consultation
শরীর হঠাৎ কাঁপতে শুরু করেছে. ভয় লাগছে,Emergency,Immediately go to emergency department or call ambulance
"গতকাল থেকে লক্ষ্য করছি, কি করা উচিত, ভয় লাগছে",General Query,"No immediate action required, informational response sufficient"
মাঝে মাঝে মাথা ব্যথা হয়. অনেক অস্বস্তি হচ্ছে,Routine,Schedule a regular medical consultation
"মনে হচ্ছে জ্ঞান হারিয়ে ফেলবো, এটা কি স্বাভাবিক",Emergency,Immediately go to emergency department or call ambulance
"একটা বিষয় নিয়ে চিন্তায় আছি, দুই দিন ধরে ঘাড় শক্ত লাগে",Routine,Schedule a regular medical consultation
"স্যার, চিকিৎসা কি হতে পারে",General Query,"No immediate action required, informational response sufficient"
এইমাত্র মাঝে মাঝে মাথা ব্যথা হয় এবং খুব চিন্তায় আছি,Routine,Schedule a regular medical consultation
"জ্বর যাচ্ছে না, খুব চিন্তায় আছি",Urgent,Visit a doctor within 24 hours
৩ দিন ধরে মাঝে মাঝে মাথা ব্যথা হয়,Routine,Schedule a regular medical consultation
"স্যার, দুই দিন ধরে বারবার বমি হচ্ছে",Urgent,Visit a doctor within 24 hours
দুই দিন ধরে শ্বাস নিতে গেলে মনে হচ্ছে বন্ধ হয়ে যাবে এবং খুব চিন্তায় আছি,Emergency,Immediately go to emergency department or call ambulance
"অনেক চিন্তায় আছি, কি করা উচিত",General Query,"No immediate action required, informational response sufficient"
"অনেক চিন্তায় আছি, রাত থেকে হালকা মাথা ঘোরে, সাহায্য দরকার",Routine,Schedule a regular medical consultation
কিছুক্ষণ আগে মনে হচ্ছে জ্ঞান হারিয়ে ফেলবো,Emergency,Immediately go to emergency department or call ambulance
"আজকে বুঝতে পারলাম, এইমাত্র হালকা ব্যথা আছে",Routine,Schedule a regular medical consultation
এটা কি বিপজ্জনক. ভয় লাগছে,General Query,"No immediate action required, informational response sufficient"
৩ দিন ধরে মনে হচ্ছে জ্ঞান হারিয়ে ফেলবো,Emergency,Immediately go to emergency department or call ambulance
"স্যার, আজকে মাথা ঘুরে পড়ে গিয়েছিলাম, সাহায্য দরকার",Emergency,Immediately go to emergency department or call ambulance
"গতকাল থেকে লক্ষ্য করছি, শরীর কাঁপছে, দয়া করে বলবেন",Urgent,Visit a doctor within 24 hours
"আজকে বুকের ভেতর চাপ অনুভব করছি, খুব চিন্তায় আছি",Emergency,Immediately go to emergency department or call ambulance
"আজকে এটা কেন হচ্ছে, খুব চিন্তায় আছি",General Query,"No immediate action required, informational response sufficient"
"হঠাৎ বারবার বমি হচ্ছে, খুব চিন্তায় আছি",Urgent,Visit a doctor within 24 hours
"গতকাল থেকে লক্ষ্য করছি, দুই দিন ধরে হাত-পা অবশ লাগছে",Emergency,Immediately go to emergency department or call ambulance
"আজকে বুঝতে পারলাম, এইমাত্র এই অবস্থায় কি করবো",General Query,"No immediate action required, informational response sufficient"
ডাক্তার দেখানো দরকার কি. এটা কি বিপজ্জনক,General Query,"No immediate action required, informational response sufficient"
"আজকে বুঝতে পারলাম, সকাল থেকে বুকের ভেতর চাপ অনুভব করছি",Emergency,Immediately go to emergency department or call ambulance
"একটা বিষয় নিয়ে চিন্তায় আছি, আজকে মনে হচ্ছে জ্ঞান হারিয়ে ফেলবো",Emergency,Immediately go to emergency department or call ambulance
"আজকে বুঝতে পারলাম, আজ পিঠে ব্যথা অনুভব করছি, সাহায্য দরকার",Routine,Schedule a regular medical consultation
"মাথা ঘুরে পড়ে গিয়েছিলাম, কি করা উচিত",Emergency,Immediately go to emergency department or call ambulance
দুই দিন ধরে পরীক্ষা দরকার কি,General Query,"No immediate action required, informational response sufficient"
"আজকে বুঝতে পারলাম, বমি বমি ভাব হচ্ছে, খুব চিন্তায় আছি",Urgent,Visit a doctor within 24 hours
"আজকে বুঝতে পারলাম, গত কয়েকদিন ধরে হাঁটতে গিয়ে ভারসাম্য রাখতে পারছি না, সাহায্য দরকার",Emergency,Immediately go to emergency department or call ambulance
৩ দিন ধরে হালকা দুর্বল লাগে,Routine,Schedule a regular medical consultation
"একটু সাহায্য দরকার, শরীর হঠাৎ কাঁপতে শুরু করেছে, অনেক অস্বস্তি হচ্ছে",Emergency,Immediately go to emergency department or call ambulance
দুই দিন ধরে হাঁটতে গিয়ে ভারসাম্য রাখতে পারছি না,Emergency,Immediately go to emergency department or call ambulance
"একটা বিষয় নিয়ে চিন্তায় আছি, কিছুটা অস্বস্তি লাগে, দয়া করে বলবেন",Routine,Schedule a regular medical consultation
"আজ এটা কি স্বাভাবিক, অনেক অস্বস্তি হচ্ছে",General Query,"No immediate action required, informational response sufficient"
"একটু সাহায্য দরকার, হাঁটতে গিয়ে ভারসাম্য রাখতে পারছি না",Emergency,Immediately go to emergency department or call ambulance
"একটু সাহায্য দরকার, রাত থেকে চোখে জ্বালা করে",Routine,Schedule a regular medical consultation
"গতকাল থেকে লক্ষ্য করছি, মাথা ঘোরে মাঝে মাঝে, এটা নিয়ে চিন্তা হচ্ছে",Urgent,Visit a doctor within 24 hours
"ডাক্তার, আজ মাঝে মাঝে মাথা ব্যথা হয়, সাহায্য দরকার",Routine,Schedule a regular medical consultation
"সকাল থেকে মাঝে মাঝে মাথা ব্যথা হয়,",Routine,Schedule a regular medical consultation
"এইমাত্র হালকা মাথা ঘোরে, খুব চিন্তায় আছি",Routine,Schedule a regular medical consultation
এটা কেন হচ্ছে.,General Query,"No immediate action required, informational response sufficient"
গত কয়েকদিন ধরে মাথা একটু ভারী লাগে,Routine,Schedule a regular medical consultation
"ডাক্তার, মাথা ঘুরে পড়ে গিয়েছিলাম, এটা কি বিপজ্জনক",Emergency,Immediately go to emergency department or call ambulance
"হালকা চাপ অনুভব করি, এটা নিয়ে চিন্তা হচ্ছে",Routine,Schedule a regular medical consultation
"স্যার, কোন বিভাগে দেখাবো",General Query,"No immediate action required, informational response sufficient"
"অনেক চিন্তায় আছি, সকাল থেকে এটা কি বিপজ্জনক",General Query,"No immediate action required, informational response sufficient"
কিছুটা অস্বস্তি লাগে,Routine,Schedule a regular medical consultation
"গতকাল কিছুটা অস্বস্তি লাগে, খুব চিন্তায় আছি",Routine,Schedule a regular medical consultation
"গতকাল থেকে লক্ষ্য করছি, দুই দিন ধরে কথা বলতে সমস্যা হচ্ছে",Emergency,Immediately go to emergency department or call ambulance
"আজকে বুঝতে পারলাম, মাথা অনেক ব্যথা করছে",Urgent,Visit a doctor within 24 hours
"ডাক্তার, মাথা ভারী লাগছে",Urgent,Visit a doctor within 24 hours
"আজকে বুঝতে পারলাম, এটা কেন হচ্ছে, স্বাভাবিক লাগছে না",General Query,"No immediate action required, informational response sufficient"
গত কয়েকদিন ধরে হালকা জ্বর আসে এবং খুব চিন্তায় আছি,Routine,Schedule a regular medical consultation
সকাল থেকে এটা কি গুরুতর সমস্যা,General Query,"No immediate action required, informational response sufficient"
ঘাড়ে অস্বস্তি লাগে,Routine,Schedule a regular medical consultation
"ডাক্তার, এইমাত্র মাথা ঘোরে মাঝে মাঝে, সাহায্য দরকার",Urgent,Visit a doctor within 24 hours
"গতকাল থেকে লক্ষ্য করছি, পরীক্ষা দরকার কি, স্বাভাবিক লাগছে না",General Query,"No immediate action required, informational response sufficient"
শ্বাস নিতে গেলে মনে হচ্ছে বন্ধ হয়ে যাবে. স্বাভাবিক লাগছে না,Emergency,Immediately go to emergency department or call ambulance
"কিছুক্ষণ আগে চোখের সামনে সব ঝাপসা দেখছি, ভয় লাগছে",Emergency,Immediately go to emergency department or call ambulance
"ডাক্তার, হালকা ব্যথা আছে, স্বাভাবিক লাগছে না",Routine,Schedule a regular medical consultation
এইমাত্র শরীর হঠাৎ কাঁপতে শুরু করেছে এবং,Emergency,Immediately go to emergency department or call ambulance
অনেকদিন ধরে বারবার বমি হচ্ছে,Urgent,Visit a doctor within 24 hours
আজ হালকা জ্বর আসে,Routine,Schedule a regular medical consultation
"কিছুক্ষণ আগে বুঝলাম, এটা কি গুরুতর সমস্যা",General Query,"No immediate action required, informational response sufficient"
গত কয়েকদিন ধরে মাথা একটু ভারী লাগে এবং,Routine,Schedule a regular medical consultation
"দুই দিন ধরে শ্বাস নিতে গেলে মনে হচ্ছে বন্ধ হয়ে যাবে, কি করবো বুঝতে পারছি না",Emergency,Immediately go to emergency department or call ambulance
"কিছুক্ষণ আগে হাত-পা অবশ লাগছে,",Emergency,Immediately go to emergency department or call ambulance
আজ শরীর ঠিক লাগছে না এবং এটা কি বিপজ্জনক,Urgent,Visit a doctor within 24 hours
বমি বমি ভাব হচ্ছে. অনেক অস্বস্তি হচ্ছে,Urgent,Visit a doctor within 24 hours
"গতকাল ঘাড় শক্ত লাগে, ভয় লাগছে",Routine,Schedule a regular medical consultation
"একটু সাহায্য দরকার, অনেকদিন ধরে শরীর কাঁপছে",Urgent,Visit a doctor within 24 hours
"হঠাৎ এমন হয়েছে, এটা নিয়ে চিন্তা করা উচিত কি, এটা নিয়ে চিন্তা হচ্ছে",General Query,"No immediate action required, informational response sufficient"
"বারবার বমি হচ্ছে, এটা কি স্বাভাবিক",Urgent,Visit a doctor within 24 hours
"কিভাবে ঠিক হবে, এটা কি স্বাভাবিক",General Query,"No immediate action required, informational response sufficient"
অনেকদিন ধরে মাথা ঘুরে পড়ে গিয়েছিলাম এবং খুব চিন্তায় আছি,Emergency,Immediately go to emergency department or call ambulance
"রাত থেকে গ্যাসের সমস্যা হচ্ছে, স্বাভাবিক লাগছে না",Routine,Schedule a regular medical consultation
"কিছুক্ষণ আগে বুঝলাম, গত কয়েকদিন ধরে মাথা অনেক ব্যথা করছে",Urgent,Visit a doctor within 24 hours
"পরীক্ষা দরকার কি, কি করা উচিত",General Query,"No immediate action required, informational response sufficient"
গতকাল ডাক্তার দেখানো দরকার কি এবং এটা কি বিপজ্জনক,General Query,"No immediate action required, informational response sufficient"
"একটু সাহায্য দরকার, আজ বমি বমি ভাব হচ্ছে",Urgent,Visit a doctor within 24 hours
"আজ পেটে অস্বস্তি হচ্ছে,",Urgent,Visit a doctor within 24 hours
"গতকাল থেকে লক্ষ্য করছি, শরীর গরম লাগছে, খুব চিন্তায় আছি",Urgent,Visit a doctor within 24 hours
"অনেক চিন্তায় আছি, বারবার বমি হচ্ছে",Urgent,Visit a doctor within 24 hours
"কিছুক্ষণ আগে বুঝলাম, গত কয়েকদিন ধরে হালকা ব্যথা আছে",Routine,Schedule a regular medical consultation
অনেকদিন ধরে এই অবস্থায় কি করবো এবং দয়া করে বলবেন,General Query,"No immediate action required, informational response sufficient"
"ডাক্তার, কিছুক্ষণ আগে হঠাৎ শরীর অসাড় লাগছে, সাহায্য দরকার",Emergency,Immediately go to emergency department or call ambulance
"ডাক্তার, চিকিৎসা কি হতে পারে, এটা কি বিপজ্জনক",General Query,"No immediate action required, informational response sufficient"
"শ্বাস নিতে গেলে মনে হচ্ছে বন্ধ হয়ে যাবে, কি করা উচিত",Emergency,Immediately go to emergency department or call ambulance
"চোখে জ্বালা করে, কি করা উচিত",Routine,Schedule a regular medical consultation
"কিছুক্ষণ আগে বুঝলাম, গত কয়েকদিন ধরে মাথা অনেক ব্যথা করছে, সাহায্য দরকার",Urgent,Visit a doctor within 24 hours
"হঠাৎ এমন হয়েছে, আজকে দাঁড়িয়ে থাকতে পারছি না",Emergency,Immediately go to emergency department or call ambulance
"ডাক্তার, আজকে চোখের সামনে সব ঝাপসা দেখছি",Emergency,Immediately go to emergency department or call ambulance
"হঠাৎ প্রচণ্ড দুর্বল লাগছে, এটা কি স্বাভাবিক",Emergency,Immediately go to emergency department or call ambulance
ঘাড় শক্ত লাগে এবং এটা কি বিপজ্জনক,Routine,Schedule a regular medical consultation
চিকিৎসা কি হতে পারে. এটা নিয়ে চিন্তা হচ্ছে,General Query,"No immediate action required, informational response sufficient"
"একটু সাহায্য দরকার, গলা ব্যথা করছে",Urgent,Visit a doctor within 24 hours
"এটা কি বড় সমস্যা, এটা নিয়ে চিন্তা হচ্ছে",General Query,"No immediate action required, informational response sufficient"
এটা কি বিপজ্জনক এবং,General Query,"No immediate action required, informational response sufficient"
পরীক্ষা দরকার কি. স্বাভাবিক লাগছে না,General Query,"No immediate action required, informational response sufficient"
"অনেক চিন্তায় আছি, জ্বর যাচ্ছে না",Urgent,Visit a doctor within 24 hours
"অনেক চিন্তায় আছি, কিছুটা অস্বস্তি লাগে, অনেক অস্বস্তি হচ্ছে",Routine,Schedule a regular medical consultation
"৩ দিন ধরে মাথা অনেক ব্যথা করছে, কি করবো বুঝতে পারছি না",Urgent,Visit a doctor within 24 hours
খাবার খেতে ইচ্ছা করছে না. এটা কি বিপজ্জনক,Urgent,Visit a doctor within 24 hours
দুই দিন ধরে দাঁড়িয়ে থাকতে পারছি না,Emergency,Immediately go to emergency department or call ambulance
"স্যার, দুই দিন ধরে এটা কি বিপজ্জনক",General Query,"No immediate action required, informational response sufficient"
"গতকাল থেকে লক্ষ্য করছি, হাঁটতে গিয়ে ভারসাম্য রাখতে পারছি না,",Emergency,Immediately go to emergency department or call ambulance
আজ চোখে জ্বালা করে এবং অনেক অস্বস্তি হচ্ছে,Routine,Schedule a regular medical consultation
কিছুক্ষণ আগে বুকের ভেতরে চাপ দিয়ে ধরছে,Emergency,Immediately go to emergency department or call ambulance
"৩ দিন ধরে কি করলে কমবে, স্বাভাবিক লাগছে না",General Query,"No immediate action required, informational response sufficient"
"হঠাৎ প্রচণ্ড দুর্বল লাগছে, কি করা উচিত",Emergency,Immediately go to emergency department or call ambulance
"আজকে এটা নিয়ে চিন্তা করা উচিত কি, এটা কি বিপজ্জনক",General Query,"No immediate action required, informational response sufficient"
"স্যার, এটা কি স্বাভাবিক, এটা কি বিপজ্জনক",General Query,"No immediate action required, informational response sufficient"
"স্যার, চোখের সামনে সব ঝাপসা দেখছি,",Emergency,Immediately go to emergency department or call ambulance
"ডাক্তার, গ্যাসের সমস্যা হচ্ছে",Routine,Schedule a regular medical consultation
"৩ দিন ধরে মাথা ভারী লাগছে, দয়া করে বলবেন",Urgent,Visit a doctor within 24 hours
কিভাবে ঠিক হবে. খুব চিন্তায় আছি,General Query,"No immediate action required, informational response sufficient"
"একটু সাহায্য দরকার, গত কয়েকদিন ধরে হালকা ব্যথা আছে, সাহায্য দরকার",Routine,Schedule a regular medical consultation
"একটু সাহায্য দরকার, গতকাল হালকা ব্যথা আছে, সাহায্য দরকার",Routine,Schedule a regular medical consultation
আজ বুকের ভেতরে চাপ দিয়ে ধরছে এবং এটা কি বিপজ্জনক,Emergency,Immediately go to emergency department or call ambulance
"অনেকদিন ধরে মাথা ঘুরে পড়ে গিয়েছিলাম, কি করবো বুঝতে পারছি না",Emergency,Immediately go to emergency department or call ambulance
গত কয়েকদিন ধরে কি করা উচিত,General Query,"No immediate action required, informational response sufficient"
হঠাৎ প্রচণ্ড দুর্বল লাগছে. স্বাভাবিক লাগছে না,Emergency,Immediately go to emergency department or call ambulance
"গতকাল থেকে লক্ষ্য করছি, হালকা চাপ অনুভব করি",Routine,Schedule a regular medical consultation
"গতকাল থেকে লক্ষ্য করছি, কিছুটা অস্বস্তি লাগে, স্বাভাবিক লাগছে না",Routine,Schedule a regular medical consultation
"কিছুক্ষণ আগে বুঝলাম, ঘুমাতে পারছি না, এটা নিয়ে চিন্তা হচ্ছে",Urgent,Visit a doctor within 24 hours
"একটা বিষয় নিয়ে চিন্তায় আছি, কি করা উচিত, অনেক অস্বস্তি হচ্ছে",General Query,"No immediate action required, informational response sufficient"
"হঠাৎ এমন হয়েছে, কোন বিভাগে দেখাবো, এটা কি বিপজ্জনক",General Query,"No immediate action required, informational response sufficient"
"ডাক্তার, আজ বুকের ভেতর চাপ অনুভব করছি",Emergency,Immediately go to emergency department or call ambulance
"ডাক্তার, পিঠে ব্যথা অনুভব করছি",Routine,Schedule a regular medical consultation
আজকে এই অবস্থায় কি করবো এবং অনেক অস্বস্তি হচ্ছে,General Query,"No immediate action required, informational response sufficient"
"গতকাল থেকে লক্ষ্য করছি, গত কয়েকদিন ধরে হালকা ব্যথা আছে",Routine,Schedule a regular medical consultation
"৩ দিন ধরে শরীর ঠিক লাগছে না, এটা কি বিপজ্জনক",Urgent,Visit a doctor within 24 hours
"আজকে বুঝতে পারলাম, আজ শরীর কাঁপছে, সাহায্য দরকার",Urgent,Visit a doctor within 24 hours
"অনেক চিন্তায় আছি, আজ এটা কি বিপজ্জনক",General Query,"No immediate action required, informational response sufficient"
কিছুক্ষণ আগে মাথা ঘুরে পড়ে গিয়েছিলাম,Emergency,Immediately go to emergency department or call ambulance
৩ দিন ধরে মাথা অনেক ব্যথা করছে এবং এটা কি বিপজ্জনক,Urgent,Visit a doctor within 24 hours
হঠাৎ প্রচণ্ড দুর্বল লাগছে. দয়া করে বলবেন,Emergency,Immediately go to emergency department or call ambulance
"একটা বিষয় নিয়ে চিন্তায় আছি, দাঁড়িয়ে থাকতে পারছি না",Emergency,Immediately go to emergency department or call ambulance
কিছুক্ষণ আগে হাঁটতে গিয়ে ভারসাম্য রাখতে পারছি না এবং এটা নিয়ে চিন্তা হচ্ছে,Emergency,Immediately go to emergency department or call ambulance
এইমাত্র ঘাড়ে অস্বস্তি লাগে,Routine,Schedule a regular medical consultation
"সকাল থেকে জ্বর যাচ্ছে না, সাহায্য দরকার",Urgent,Visit a doctor within 24 hours
"শরীর ভেঙে যাচ্ছে, কি করা উচিত",Urgent,Visit a doctor within 24 hours
"একটু সাহায্য দরকার, চিকিৎসা কি হতে পারে",General Query,"No immediate action required, informational response sufficient"
চোখে জ্বালা করে. অনেক অস্বস্তি হচ্ছে,Routine,Schedule a regular medical consultation
"শরীর ঠিক লাগছে না, এটা কি স্বাভাবিক",Urgent,Visit a doctor within 24 hours
রাত থেকে গলা ব্যথা করছে এবং ভয় লাগছে,Urgent,Visit a doctor within 24 hours
এটা নিয়ে চিন্তা করা উচিত কি এবং দয়া করে বলবেন,General Query,"No immediate action required, informational response sufficient"
রাত থেকে কি করলে কমবে এবং স্বাভাবিক লাগছে না,General Query,"No immediate action required, informational response sufficient"
"অনেক চিন্তায় আছি, দুই দিন ধরে শরীর হঠাৎ কাঁপতে শুরু করেছে",Emergency,Immediately go to emergency department or call ambulance
"অনেক চিন্তায় আছি, কিছুক্ষণ আগে চোখের সামনে সব ঝাপসা দেখছি",Emergency,Immediately go to emergency department or call ambulance
"গতকাল থেকে লক্ষ্য করছি, চোখের সামনে সব ঝাপসা দেখছি, এটা নিয়ে চিন্তা হচ্ছে",Emergency,Immediately go to emergency department or call ambulance
হালকা মাথা ঘোরে এবং ভয় লাগছে,Routine,Schedule a regular medical consultation
এইমাত্র দাঁড়িয়ে থাকতে পারছি না এবং এটা কি বিপজ্জনক,Emergency,Immediately go to emergency department or call ambulance
হঠাৎ খাবার খেতে ইচ্ছা করছে না এবং এটা কি বিপজ্জনক,Urgent,Visit a doctor within 24 hours
হঠাৎ মাথা ঘোরে মাঝে মাঝে,Urgent,Visit a doctor within 24 hours
এইমাত্র গলা ব্যথা করছে,Urgent,Visit a doctor within 24 hours
"একটা বিষয় নিয়ে চিন্তায় আছি, হালকা দুর্বল লাগে",Routine,Schedule a regular medical consultation
"কিছুক্ষণ আগে শরীর ভেঙে যাচ্ছে, খুব চিন্তায় আছি",Urgent,Visit a doctor within 24 hours
"কিছুক্ষণ আগে বুঝলাম, চোখের সামনে সব ঝাপসা দেখছি, এটা নিয়ে চিন্তা হচ্ছে",Emergency,Immediately go to emergency department or call ambulance
"একটা বিষয় নিয়ে চিন্তায় আছি, এটা নিয়ে চিন্তা করা উচিত কি, অনেক অস্বস্তি হচ্ছে",General Query,"No immediate action required, informational response sufficient"
হালকা মাথা ঘোরে. এটা কি বিপজ্জনক,Routine,Schedule a regular medical consultation
হঠাৎ এটা কি স্বাভাবিক,General Query,"No immediate action required, informational response sufficient"
আজকে কোন ডাক্তার দেখাবো,General Query,"No immediate action required, informational response sufficient"
"কিছুক্ষণ আগে বুঝলাম, আজকে পরীক্ষা দরকার কি, সাহায্য দরকার",General Query,"No immediate action required, informational response sufficient"
"কিছুক্ষণ আগে বুঝলাম, পেটে অস্বস্তি হচ্ছে, খুব চিন্তায় আছি",Urgent,Visit a doctor within 24 hours
কি করলে কমবে. কি করবো বুঝতে পারছি না,General Query,"No immediate action required, informational response sufficient"
দুই দিন ধরে কিভাবে ঠিক হবে,General Query,"No immediate action required, informational response sufficient"
"কিছুক্ষণ আগে বুঝলাম, চোখে জ্বালা করে, স্বাভাবিক লাগছে না",Routine,Schedule a regular medical consultation
অনেকদিন ধরে দাঁড়িয়ে থাকতে পারছি না এবং ভয় লাগছে,Emergency,Immediately go to emergency department or call ambulance
এটা কি বড় সমস্যা. ভয় লাগছে,General Query,"No immediate action required, informational response sufficient"
ঘুমাতে পারছি না. স্বাভাবিক লাগছে না,Urgent,Visit a doctor within 24 hours
আজকে এটা কি বড় সমস্যা এবং,General Query,"No immediate action required, informational response sufficient"
হাত-পা অবশ লাগছে.,Emergency,Immediately go to emergency department or call ambulance
"অনেকদিন ধরে বারবার বমি হচ্ছে, দয়া করে বলবেন",Urgent,Visit a doctor within 24 hours
"অনেক চিন্তায় আছি, শ্বাস নিতে খুব কষ্ট হচ্ছে, স্বাভাবিক লাগছে না",Emergency,Immediately go to emergency department or call ambulance
জ্বর যাচ্ছে না এবং ভয় লাগছে,Urgent,Visit a doctor within 24 hours
"ডাক্তার, কি করলে কমবে, দয়া করে বলবেন",General Query,"No immediate action required, informational response sufficient"
"হালকা চাপ অনুভব করি, কি করা উচিত",Routine,Schedule a regular medical consultation
"একটু সাহায্য দরকার, হালকা দুর্বল লাগে",Routine,Schedule a regular medical consultation
রাত থেকে হালকা কাশি আছে এবং খুব চিন্তায় আছি,Routine,Schedule a regular medical consultation
"গতকাল গ্যাসের সমস্যা হচ্ছে,",Routine,Schedule a regular medical consultation
"আজকে বুঝতে পারলাম, বুকের ভেতর চাপ অনুভব করছি, স্বাভাবিক লাগছে না",Emergency,Immediately go to emergency department or call ambulance
৩ দিন ধরে খাবার খেতে ইচ্ছা করছে না এবং,Urgent,Visit a doctor within 24 hours
গলা ব্যথা করছে. এটা কি বিপজ্জনক,Urgent,Visit a doctor within 24 hours
"রাত থেকে খাবার খেতে ইচ্ছা করছে না, এটা কি বিপজ্জনক",Urgent,Visit a doctor within 24 hours
"একটু সাহায্য দরকার, পিঠে ব্যথা অনুভব করছি, খুব চিন্তায় আছি",Routine,Schedule a regular medical consultation
"একটু সাহায্য দরকার, চোখের সামনে সব ঝাপসা দেখছি",Emergency,Immediately go to emergency department or call ambulance
"একটা বিষয় নিয়ে চিন্তায় আছি, এটা কি গুরুতর সমস্যা, স্বাভাবিক লাগছে না",General Query,"No immediate action required, informational response sufficient"
"স্যার, সকাল থেকে ঘাড় শক্ত লাগে",Routine,Schedule a regular medical consultation
হালকা মাথা ঘোরে.,Routine,Schedule a regular medical consultation
"৩ দিন ধরে বারবার বমি হচ্ছে, খুব চিন্তায় আছি",Urgent,Visit a doctor within 24 hours
"আজকে বুঝতে পারলাম, দাঁড়িয়ে থাকতে পারছি না, এটা কি বিপজ্জনক",Emergency,Immediately go to emergency department or call ambulance
৩ দিন ধরে শরীর ঠিক লাগছে না,Urgent,Visit a doctor within 24 hours
"হাঁটতে গিয়ে ভারসাম্য রাখতে পারছি না, দয়া করে বলবেন",Emergency,Immediately go to emergency department or call ambulance
"আজকে বুঝতে পারলাম, আজ ঘাড় শক্ত লাগে, সাহায্য দরকার",Routine,Schedule a regular medical consultation
"গত কয়েকদিন ধরে জ্বর যাচ্ছে না, অনেক অস্বস্তি হচ্ছে",Urgent,Visit a doctor within 24 hours
"আজকে বুঝতে পারলাম, রাত থেকে পেটে অস্বস্তি হচ্ছে, সাহায্য দরকার",Urgent,Visit a doctor within 24 hours
"একটু সাহায্য দরকার, এইমাত্র হাঁটতে গিয়ে ভারসাম্য রাখতে পারছি না",Emergency,Immediately go to emergency department or call ambulance
অনেকদিন ধরে পরীক্ষা দরকার কি,General Query,"No immediate action required, informational response sufficient"
"অনেক চিন্তায় আছি, বুকের ভেতরে চাপ দিয়ে ধরছে",Emergency,Immediately go to emergency department or call ambulance
দুই দিন ধরে এটা কি স্বাভাবিক এবং এটা নিয়ে চিন্তা হচ্ছে,General Query,"No immediate action required, informational response sufficient"
"স্যার, হঠাৎ প্রচণ্ড দুর্বল লাগছে",Emergency,Immediately go to emergency department or call ambulance
আজকে শরীর হঠাৎ কাঁপতে শুরু করেছে,Emergency,Immediately go to emergency department or call ambulance
হঠাৎ চোখের সামনে সব ঝাপসা দেখছি,Emergency,Immediately go to emergency department or call ambulance
সকাল থেকে কথা বলতে সমস্যা হচ্ছে এবং স্বাভাবিক লাগছে না,Emergency,Immediately go to emergency department or call ambulance
এটা কি গুরুতর সমস্যা. এটা নিয়ে চিন্তা হচ্ছে,General Query,"No immediate action required, informational response sufficient"
অনেকদিন ধরে মাথা ঘোরে মাঝে মাঝে এবং স্বাভাবিক লাগছে না,Urgent,Visit a doctor within 24 hours
"ডাক্তার, শ্বাস নিতে গেলে মনে হচ্ছে বন্ধ হয়ে যাবে",Emergency,Immediately go to emergency department or call ambulance
"আজকে বুঝতে পারলাম, আজ ঘুমাতে পারছি না, সাহায্য দরকার",Urgent,Visit a doctor within 24 hours
"একটু সাহায্য দরকার, শরীর হঠাৎ কাঁপতে শুরু করেছে",Emergency,Immediately go to emergency department or call ambulance
"হঠাৎ এমন হয়েছে, সকাল থেকে শরীর দুর্বল লাগছে",Urgent,Visit a doctor within 24 hours
কোন বিভাগে দেখাবো.,General Query,"No immediate action required, informational response sufficient"
"অনেক চিন্তায় আছি, চোখে জ্বালা করে",Routine,Schedule a regular medical consultation
"একটা বিষয় নিয়ে চিন্তায় আছি, শরীর দুর্বল লাগছে, দয়া করে বলবেন",Urgent,Visit a doctor within 24 hours
এটা নিয়ে চিন্তা করা উচিত কি. স্বাভাবিক লাগছে না,General Query,"No immediate action required, informational response sufficient"
"মাথা অনেক ব্যথা করছে, কি করা উচিত",Urgent,Visit a doctor within 24 hours
"আজকে বুকের ভেতরে চাপ দিয়ে ধরছে, অনেক অস্বস্তি হচ্ছে",Emergency,Immediately go to emergency department or call ambulance
"গতকাল থেকে লক্ষ্য করছি, হঠাৎ বুকের মাঝখানে তীব্র ব্যথা শুরু হয়েছে,",Emergency,Immediately go to emergency department or call ambulance
"হঠাৎ কোন ডাক্তার দেখাবো, এটা নিয়ে চিন্তা হচ্ছে",General Query,"No immediate action required, informational response sufficient"
"ডাক্তার, দুই দিন ধরে শরীর ভেঙে যাচ্ছে",Urgent,Visit a doctor within 24 hours
হালকা মাথা ঘোরে এবং এটা কি বিপজ্জনক,Routine,Schedule a regular medical consultation
"হঠাৎ এমন হয়েছে, মাথা একটু ভারী লাগে, দয়া করে বলবেন",Routine,Schedule a regular medical consultation
হাত-পা অবশ লাগছে. এটা নিয়ে চিন্তা হচ্ছে,Emergency,Immediately go to emergency department or call ambulance
কোন বিভাগে দেখাবো. ভয় লাগছে,General Query,"No immediate action required, informational response sufficient"
"৩ দিন ধরে বারবার বমি হচ্ছে, এটা নিয়ে চিন্তা হচ্ছে",Urgent,Visit a doctor within 24 hours
"অনেক চিন্তায় আছি, পিঠে ব্যথা অনুভব করছি, স্বাভাবিক লাগছে না",Routine,Schedule a regular medical consultation
এটা কি স্বাভাবিক. এটা নিয়ে চিন্তা হচ্ছে,General Query,"No immediate action required, informational response sufficient"
এইমাত্র শ্বাস নিতে খুব কষ্ট হচ্ছে এবং কি করবো বুঝতে পারছি না,Emergency,Immediately go to emergency department or call ambulance
হঠাৎ দাঁড়িয়ে থাকতে পারছি না,Emergency,Immediately go to emergency department or call ambulance
"একটু সাহায্য দরকার, ৩ দিন ধরে কথা বলতে সমস্যা হচ্ছে",Emergency,Immediately go to emergency department or call ambulance
মাথা অনেক ব্যথা করছে এবং ভয় লাগছে,Urgent,Visit a doctor within 24 hours
"হাত-পা অবশ লাগছে, কি করা উচিত",Emergency,Immediately go to emergency department or call ambulance
"গতকাল থেকে লক্ষ্য করছি, এটা কেন হচ্ছে",General Query,"No immediate action required, informational response sufficient"
দুই দিন ধরে মাঝে মাঝে মাথা ব্যথা হয়,Routine,Schedule a regular medical consultation
"স্যার, এইমাত্র এটা কি গুরুতর সমস্যা",General Query,"No immediate action required, informational response sufficient"
"কিছুক্ষণ আগে বুঝলাম, মাঝে মাঝে মাথা ব্যথা হয়",Routine,Schedule a regular medical consultation
হালকা দুর্বল লাগে. দয়া করে বলবেন,Routine,Schedule a regular medical consultation
"৩ দিন ধরে চিকিৎসা কি হতে পারে,",General Query,"No immediate action required, informational response sufficient"
"হঠাৎ এমন হয়েছে, দাঁড়িয়ে থাকতে পারছি না",Emergency,Immediately go to emergency department or call ambulance
আজকে ঘুমাতে পারছি না,Urgent,Visit a doctor within 24 hours
"কিছুক্ষণ আগে বুঝলাম, ৩ দিন ধরে পিঠে ব্যথা অনুভব করছি, সাহায্য দরকার",Routine,Schedule a regular medical consultation
আজ মাঝে মাঝে মাথা ব্যথা হয় এবং দয়া করে বলবেন,Routine,Schedule a regular medical consultation
"সকাল থেকে শরীর দুর্বল লাগছে, স্বাভাবিক লাগছে না",Urgent,Visit a doctor within 24 hours
আজকে কথা বলতে সমস্যা হচ্ছে এবং স্বাভাবিক লাগছে না,Emergency,Immediately go to emergency department or call ambulance
"গতকাল থেকে লক্ষ্য করছি, এটা নিয়ে চিন্তা করা উচিত কি, কি করবো বুঝতে পারছি না",General Query,"No immediate action required, informational response sufficient"
"শরীর কাঁপছে,",Urgent,Visit a doctor within 24 hours
"আজকে বুঝতে পারলাম, হঠাৎ এই অবস্থায় কি করবো",General Query,"No immediate action required, informational response sufficient"
"স্যার, হালকা ব্যথা আছে, স্বাভাবিক লাগছে না",Routine,Schedule a regular medical consultation
"ডাক্তার, গতকাল এটা কেন হচ্ছে",General Query,"No immediate action required, informational response sufficient"
"একটু সাহায্য দরকার, হাত-পা অবশ লাগছে, কি করবো বুঝতে পারছি না",Emergency,Immediately go to emergency department or call ambulance
"হঠাৎ এমন হয়েছে, শরীর হঠাৎ কাঁপতে শুরু করেছে",Emergency,Immediately go to emergency department or call ambulance
"ডাক্তার, ৩ দিন ধরে শ্বাস নিতে গেলে মনে হচ্ছে বন্ধ হয়ে যাবে",Emergency,Immediately go to emergency department or call ambulance
"অনেকদিন ধরে পরীক্ষা দরকার কি, স্বাভাবিক লাগছে না",General Query,"No immediate action required, informational response sufficient"
৩ দিন ধরে মাথা ভারী লাগছে এবং অনেক অস্বস্তি হচ্ছে,Urgent,Visit a doctor within 24 hours
"স্যার, এটা কি গুরুতর সমস্যা",General Query,"No immediate action required, informational response sufficient"
"হাত-পা অবশ লাগছে, এটা কি স্বাভাবিক",Emergency,Immediately go to emergency department or call ambulance
অনেকদিন ধরে মনে হচ্ছে জ্ঞান হারিয়ে ফেলবো,Emergency,Immediately go to emergency department or call ambulance
"আজ কোন ডাক্তার দেখাবো, ভয় লাগছে",General Query,"No immediate action required, informational response sufficient"
"ডাক্তার, এইমাত্র কিভাবে ঠিক হবে",General Query,"No immediate action required, informational response sufficient"
কিছুক্ষণ আগে দাঁড়িয়ে থাকতে পারছি না এবং খুব চিন্তায় আছি,Emergency,Immediately go to emergency department or call ambulance
হঠাৎ চোখের সামনে সব ঝাপসা দেখছি এবং স্বাভাবিক লাগছে না,Emergency,Immediately go to emergency department or call ambulance
"এটা নিয়ে চিন্তা করা উচিত কি, কি করা উচিত",General Query,"No immediate action required, informational response sufficient"
"শ্বাস নিতে খুব কষ্ট হচ্ছে, সাহায্য দরকার",Emergency,Immediately go to emergency department or call ambulance
"দুই দিন ধরে এটা কি গুরুতর সমস্যা, স্বাভাবিক লাগছে না",General Query,"No immediate action required, informational response sufficient"
"এটা কি স্বাভাবিক, এটা কি স্বাভাবিক",General Query,"No immediate action required, informational response sufficient"
"গতকাল থেকে লক্ষ্য করছি, এইমাত্র কথা বলতে সমস্যা হচ্ছে, সাহায্য দরকার",Emergency,Immediately go to emergency department or call ambulance
কিছুক্ষণ আগে ঘাড়ে অস্বস্তি লাগে এবং স্বাভাবিক লাগছে না,Routine,Schedule a regular medical consultation
"মাথা ঘোরে মাঝে মাঝে, এটা কি স্বাভাবিক",Urgent,Visit a doctor within 24 hours
জ্বর যাচ্ছে না. এটা নিয়ে চিন্তা হচ্ছে,Urgent,Visit a doctor within 24 hours
"অনেকদিন ধরে চোখে জ্বালা করে, এটা নিয়ে চিন্তা হচ্ছে",Routine,Schedule a regular medical consultation
"একটা বিষয় নিয়ে চিন্তায় আছি, পেটে অস্বস্তি হচ্ছে",Urgent,Visit a doctor within 24 hours
এইমাত্র মাথা ভারী লাগছে এবং খুব চিন্তায় আছি,Urgent,Visit a doctor within 24 hours
"অনেক চিন্তায় আছি, এইমাত্র হালকা চাপ অনুভব করি, সাহায্য দরকার",Routine,Schedule a regular medical consultation
"বমি বমি ভাব হচ্ছে, এটা কি স্বাভাবিক",Urgent,Visit a doctor within 24 hours
এইমাত্র হঠাৎ প্রচণ্ড দুর্বল লাগছে,Emergency,Immediately go to emergency department or call ambulance
"স্যার, হালকা মাথা ঘোরে",Routine,Schedule a regular medical consultation
অনেকদিন ধরে চোখে জ্বালা করে এবং স্বাভাবিক লাগছে না,Routine,Schedule a regular medical consultation
"একটু সাহায্য দরকার, রাত থেকে বুকের ভেতর চাপ অনুভব করছি",Emergency,Immediately go to emergency department or call ambulance
"শ্বাস নিতে খুব কষ্ট হচ্ছে, কি করা উচিত",Emergency,Immediately go to emergency department or call ambulance
"হঠাৎ এমন হয়েছে, মাথা ভারী লাগছে",Urgent,Visit a doctor within 24 hours
"গতকাল থেকে লক্ষ্য করছি, গত কয়েকদিন ধরে হালকা মাথা ঘোরে",Routine,Schedule a regular medical consultation
"অনেক চিন্তায় আছি, হালকা চাপ অনুভব করি",Routine,Schedule a regular medical consultation
"স্যার, কোন ডাক্তার দেখাবো",General Query,"No immediate action required, informational response sufficient"
আজ কিভাবে ঠিক হবে,General Query,"No immediate action required, informational response sufficient"
"গতকাল থেকে লক্ষ্য করছি, মাথা ঘুরে পড়ে গিয়েছিলাম",Emergency,Immediately go to emergency department or call ambulance
"গত কয়েকদিন ধরে মাথা ঘোরে মাঝে মাঝে, দয়া করে বলবেন",Urgent,Visit a doctor within 24 hours
কি করা উচিত. কি করবো বুঝতে পারছি না,General Query,"No immediate action required, informational response sufficient"
"হঠাৎ এমন হয়েছে, হঠাৎ গ্যাসের সমস্যা হচ্ছে",Routine,Schedule a regular medical consultation
এটা কি গুরুতর সমস্যা. অনেক অস্বস্তি হচ্ছে,General Query,"No immediate action required, informational response sufficient"
"এইমাত্র হালকা দুর্বল লাগে, অনেক অস্বস্তি হচ্ছে",Routine,Schedule a regular medical consultation
সকাল থেকে ঘাড়ে অস্বস্তি লাগে এবং কি করবো বুঝতে পারছি না,Routine,Schedule a regular medical consultation
ঘাড়ে অস্বস্তি লাগে. খুব চিন্তায় আছি,Routine,Schedule a regular medical consultation
"আজকে হাঁটতে গিয়ে ভারসাম্য রাখতে পারছি না, ভয় লাগছে",Emergency,Immediately go to emergency department or call ambulance
"একটা বিষয় নিয়ে চিন্তায় আছি, অনেকদিন ধরে মনে হচ্ছে জ্ঞান হারিয়ে ফেলবো, সাহায্য দরকার",Emergency,Immediately go to emergency department or call ambulance
"শ্বাস নিতে গেলে মনে হচ্ছে বন্ধ হয়ে যাবে, এটা কি স্বাভাবিক",Emergency,Immediately go to emergency department or call ambulance
"কিছুক্ষণ আগে বুঝলাম, জ্বর যাচ্ছে না",Urgent,Visit a doctor within 24 hours
"ডাক্তার, ঘাড় শক্ত লাগে",Routine,Schedule a regular medical consultation
"ডাক্তার, শরীর দুর্বল লাগছে, এটা কি বিপজ্জনক",Urgent,Visit a doctor within 24 hours
কোন ডাক্তার দেখাবো এবং অনেক অস্বস্তি হচ্ছে,General Query,"No immediate action required, informational response sufficient"
রাত থেকে শরীর গরম লাগছে এবং এটা নিয়ে চিন্তা হচ্ছে,Urgent,Visit a doctor within 24 hours
আজকে বুকের ভেতর চাপ অনুভব করছি এবং খুব চিন্তায় আছি,Emergency,Immediately go to emergency department or call ambulance
শ্বাস নিতে গেলে মনে হচ্ছে বন্ধ হয়ে যাবে. দয়া করে বলবেন,Emergency,Immediately go to emergency department or call ambulance
৩ দিন ধরে খাবার খেতে ইচ্ছা করছে না এবং এটা কি বিপজ্জনক,Urgent,Visit a doctor within 24 hours
"একটা বিষয় নিয়ে চিন্তায় আছি, চিকিৎসা কি হতে পারে, এটা নিয়ে চিন্তা হচ্ছে",General Query,"No immediate action required, informational response sufficient"
"কিছুক্ষণ আগে বুঝলাম, পরীক্ষা দরকার কি, দয়া করে বলবেন",General Query,"No immediate action required, informational response sufficient"
"অনেক চিন্তায় আছি, হঠাৎ হালকা জ্বর আসে",Routine,Schedule a regular medical consultation
"অনেক চিন্তায় আছি, কিছুক্ষণ আগে হালকা কাশি আছে, সাহায্য দরকার",Routine,Schedule a regular medical consultation
অনেকদিন ধরে শরীর কাঁপছে এবং এটা কি বিপজ্জনক,Urgent,Visit a doctor within 24 hours
"ডাক্তার, মাথা অনেক ব্যথা করছে,",Urgent,Visit a doctor within 24 hours
"একটা বিষয় নিয়ে চিন্তায় আছি, চোখে জ্বালা করে, স্বাভাবিক লাগছে না",Routine,Schedule a regular medical consultation
"হঠাৎ এমন হয়েছে, হঠাৎ শরীর দুর্বল লাগছে, সাহায্য দরকার",Urgent,Visit a doctor within 24 hours
আজকে চোখে জ্বালা করে,Routine,Schedule a regular medical consultation
"মাঝে মাঝে মাথা ব্যথা হয়, কি করা উচিত",Routine,Schedule a regular medical consultation
"মাথা অনেক ব্যথা করছে, এটা কি স্বাভাবিক",Urgent,Visit a doctor within 24 hours
"গতকাল থেকে লক্ষ্য করছি, রাত থেকে পেটে অস্বস্তি হচ্ছে",Urgent,Visit a doctor within 24 hours
গত কয়েকদিন ধরে পিঠে ব্যথা অনুভব করছি এবং এটা নিয়ে চিন্তা হচ্ছে,Routine,Schedule a regular medical consultation
"অনেক চিন্তায় আছি, খাবার খেতে ইচ্ছা করছে না",Urgent,Visit a doctor within 24 hours
৩ দিন ধরে হালকা মাথা ঘোরে এবং কি করবো বুঝতে পারছি না,Routine,Schedule a regular medical consultation
"ডাক্তার, বারবার বমি হচ্ছে, ভয় লাগছে",Urgent,Visit a doctor within 24 hours
"গতকাল থেকে লক্ষ্য করছি, হালকা কাশি আছে, অনেক অস্বস্তি হচ্ছে",Routine,Schedule a regular medical consultation
এটা নিয়ে চিন্তা করা উচিত কি এবং অনেক অস্বস্তি হচ্ছে,General Query,"No immediate action required, informational response sufficient"
"একটু সাহায্য দরকার, রাত থেকে বারবার বমি হচ্ছে, সাহায্য দরকার",Urgent,Visit a doctor within 24 hours
"ডাক্তার, বমি বমি ভাব হচ্ছে, কি করবো বুঝতে পারছি না",Urgent,Visit a doctor within 24 hours
অনেকদিন ধরে বারবার বমি হচ্ছে এবং এটা নিয়ে চিন্তা হচ্ছে,Urgent,Visit a doctor within 24 hours
"কিছুক্ষণ আগে জ্বর যাচ্ছে না, খুব চিন্তায় আছি",Urgent,Visit a doctor within 24 hours
"হঠাৎ এমন হয়েছে, মাথা ঘুরে পড়ে গিয়েছিলাম",Emergency,Immediately go to emergency department or call ambulance
"এই অবস্থায় কি করবো, এটা কি স্বাভাবিক",General Query,"No immediate action required, informational response sufficient"
"আজ শরীর দুর্বল লাগছে, এটা কি বিপজ্জনক",Urgent,Visit a doctor within 24 hours
"হঠাৎ এই অবস্থায় কি করবো,",General Query,"No immediate action required, informational response sufficient"
"আজকে জ্বর যাচ্ছে না, খুব চিন্তায় আছি",Urgent,Visit a doctor within 24 hours
"অনেকদিন ধরে বমি বমি ভাব হচ্ছে, খুব চিন্তায় আছি",Urgent,Visit a doctor within 24 hours
সকাল থেকে হঠাৎ শরীর অসাড় লাগছে এবং দয়া করে বলবেন,Emergency,Immediately go to emergency department or call ambulance
গত কয়েকদিন ধরে হালকা জ্বর আসে,Routine,Schedule a regular medical consultation
"অনেকদিন ধরে মাঝে মাঝে মাথা ব্যথা হয়, দয়া করে বলবেন",Routine,Schedule a regular medical consultation
"একটু সাহায্য দরকার, এই অবস্থায় কি করবো, অনেক অস্বস্তি হচ্ছে",General Query,"No immediate action required, informational response sufficient"
কিছুক্ষণ আগে পরীক্ষা দরকার কি,General Query,"No immediate action required, informational response sufficient"
গতকাল এটা কি স্বাভাবিক,General Query,"No immediate action required, informational response sufficient"
"একটু সাহায্য দরকার, পরীক্ষা দরকার কি, কি করবো বুঝতে পারছি না",General Query,"No immediate action required, informational response sufficient"
দুই দিন ধরে হালকা ব্যথা আছে,Routine,Schedule a regular medical consultation
এইমাত্র শরীর ভেঙে যাচ্ছে,Urgent,Visit a doctor within 24 hours
বুকের ভেতরে চাপ দিয়ে ধরছে এবং অনেক অস্বস্তি হচ্ছে,Emergency,Immediately go to emergency department or call ambulance
"জ্বর যাচ্ছে না, কি করা উচিত",Urgent,Visit a doctor within 24 hours
এইমাত্র কিভাবে ঠিক হবে এবং এটা কি বিপজ্জনক,General Query,"No immediate action required, informational response sufficient"
"রাত থেকে এটা কি গুরুতর সমস্যা, দয়া করে বলবেন",General Query,"No immediate action required, informational response sufficient"
"শরীর গরম লাগছে, এটা কি স্বাভাবিক",Urgent,Visit a doctor within 24 hours
"গতকাল থেকে লক্ষ্য করছি, ঘাড় শক্ত লাগে, এটা নিয়ে চিন্তা হচ্ছে",Routine,Schedule a regular medical consultation
"মাথা ভারী লাগছে, এটা কি স্বাভাবিক",Urgent,Visit a doctor within 24 hours
"হঠাৎ এমন হয়েছে, গত কয়েকদিন ধরে শরীর ভেঙে যাচ্ছে, সাহায্য দরকার",Urgent,Visit a doctor within 24 hours
"হঠাৎ এমন হয়েছে, হালকা চাপ অনুভব করি",Routine,Schedule a regular medical consultation
"আজকে বুঝতে পারলাম, কি করলে কমবে, অনেক অস্বস্তি হচ্ছে",General Query,"No immediate action required, informational response sufficient"
রাত থেকে শরীর ক্লান্ত লাগে এবং খুব চিন্তায় আছি,Routine,Schedule a regular medical consultation
"আজকে বুঝতে পারলাম, রাত থেকে কি করা উচিত, সাহায্য দরকার",General Query,"No immediate action required, informational response sufficient"
"অনেক চিন্তায় আছি, আজ কিছুটা অস্বস্তি লাগে, সাহায্য দরকার",Routine,Schedule a regular medical consultation
"হঠাৎ এমন হয়েছে, দুই দিন ধরে কিভাবে ঠিক হবে, সাহায্য দরকার",General Query,"No immediate action required, informational response sufficient"
"হঠাৎ এমন হয়েছে, গতকাল শরীর ঠিক লাগছে না",Urgent,Visit a doctor within 24 hours
"আজ হঠাৎ বুকের মাঝখানে তীব্র ব্যথা শুরু হয়েছে, স্বাভাবিক লাগছে না",Emergency,Immediately go to emergency department or call ambulance
"একটা বিষয় নিয়ে চিন্তায় আছি, হঠাৎ শরীর অসাড় লাগছে, অনেক অস্বস্তি হচ্ছে",Emergency,Immediately go to emergency department or call ambulance
"একটু সাহায্য দরকার, হঠাৎ হালকা মাথা ঘোরে, সাহায্য দরকার",Routine,Schedule a regular medical consultation
"একটু সাহায্য দরকার, এইমাত্র শরীর দুর্বল লাগছে",Urgent,Visit a doctor within 24 hours
"একটু সাহায্য দরকার, গতকাল শরীর ক্লান্ত লাগে",Routine,Schedule a regular medical consultation
"হঠাৎ এমন হয়েছে, গত কয়েকদিন ধরে এই অবস্থায় কি করবো, সাহায্য দরকার",General Query,"No immediate action required, informational response sufficient"
"কিছুটা অস্বস্তি লাগে, কি করা উচিত",Routine,Schedule a regular medical consultation
"গত কয়েকদিন ধরে বমি বমি ভাব হচ্ছে, স্বাভাবিক লাগছে না",Urgent,Visit a doctor within 24 hours
হঠাৎ শরীর গরম লাগছে,Urgent,Visit a doctor within 24 hours
রাত থেকে জ্বর যাচ্ছে না,Urgent,Visit a doctor within 24 hours
"কিছুক্ষণ আগে এটা কি বিপজ্জনক, এটা নিয়ে চিন্তা হচ্ছে",General Query,"No immediate action required, informational response sufficient"
"হঠাৎ ঘুমাতে পারছি না, অনেক অস্বস্তি হচ্ছে",Urgent,Visit a doctor within 24 hours
"স্যার, ৩ দিন ধরে মাথা একটু ভারী লাগে",Routine,Schedule a regular medical consultation
মাথা ঘুরে পড়ে গিয়েছিলাম. এটা নিয়ে চিন্তা হচ্ছে,Emergency,Immediately go to emergency department or call ambulance
"ঘুমাতে পারছি না, এটা কি স্বাভাবিক",Urgent,Visit a doctor within 24 hours
মাথা ভারী লাগছে,Urgent,Visit a doctor within 24 hours
"গতকাল থেকে লক্ষ্য করছি, হঠাৎ প্রচণ্ড দুর্বল লাগছে, স্বাভাবিক লাগছে না",Emergency,Immediately go to emergency department or call ambulance
"কিছুক্ষণ আগে বুঝলাম, শরীর দুর্বল লাগছে",Urgent,Visit a doctor within 24 hours
গতকাল ডাক্তার দেখানো দরকার কি,General Query,"No immediate action required, informational response sufficient"
"গতকাল থেকে লক্ষ্য করছি, দুই দিন ধরে শরীর দুর্বল লাগছে, সাহায্য দরকার",Urgent,Visit a doctor within 24 hours
"গতকাল থেকে লক্ষ্য করছি, আজ বুকের ভেতর চাপ অনুভব করছি",Emergency,Immediately go to emergency department or call ambulance
"কিছুক্ষণ আগে মাথা ভারী লাগছে, সাহায্য দরকার",Urgent,Visit a doctor within 24 hours
"অনেক চিন্তায় আছি, ৩ দিন ধরে এটা কি স্বাভাবিক, সাহায্য দরকার",General Query,"No immediate action required, informational response sufficient"
হঠাৎ বুকের ভেতরে চাপ দিয়ে ধরছে,Emergency,Immediately go to emergency department or call ambulance
"এই অবস্থায় কি করবো, কি করা উচিত",General Query,"No immediate action required, informational response sufficient"
"স্যার, রাত থেকে শরীর দুর্বল লাগছে",Urgent,Visit a doctor within 24 hours
কথা বলতে সমস্যা হচ্ছে. দয়া করে বলবেন,Emergency,Immediately go to emergency department or call ambulance
আজকে জ্বর যাচ্ছে না,Urgent,Visit a doctor within 24 hours
"গতকাল থেকে লক্ষ্য করছি, গতকাল পরীক্ষা দরকার কি, সাহায্য দরকার",General Query,"No immediate action required, informational response sufficient"
"অনেক চিন্তায় আছি, মাথা ঘোরে মাঝে মাঝে",Urgent,Visit a doctor within 24 hours
আজকে মাঝে মাঝে মাথা ব্যথা হয়,Routine,Schedule a regular medical consultation
"সকাল থেকে মনে হচ্ছে জ্ঞান হারিয়ে ফেলবো, খুব চিন্তায় আছি",Emergency,Immediately go to emergency department or call ambulance
"হঠাৎ ঘাড়ে অস্বস্তি লাগে, কি করবো বুঝতে পারছি না",Routine,Schedule a regular medical consultation
এটা কি স্বাভাবিক এবং এটা কি বিপজ্জনক,General Query,"No immediate action required, informational response sufficient"
"আজকে বুঝতে পারলাম, মাঝে মাঝে মাথা ব্যথা হয়, খুব চিন্তায় আছি",Routine,Schedule a regular medical consultation
ডাক্তার দেখানো দরকার কি. ভয় লাগছে,General Query,"No immediate action required, informational response sufficient"
"পেটে অস্বস্তি হচ্ছে, কি করা উচিত",Urgent,Visit a doctor within 24 hours
বুকের ভেতর চাপ অনুভব করছি. ভয় লাগছে,Emergency,Immediately go to emergency department or call ambulance
"একটু সাহায্য দরকার, আজকে পিঠে ব্যথা অনুভব করছি",Routine,Schedule a regular medical consultation
"এইমাত্র হালকা ব্যথা আছে, কি করবো বুঝতে পারছি না",Routine,Schedule a regular medical consultation
"একটু সাহায্য দরকার, হালকা মাথা ঘোরে, দয়া করে বলবেন",Routine,Schedule a regular medical consultation
আজকে পরীক্ষা দরকার কি,General Query,"No immediate action required, informational response sufficient"
"হঠাৎ এমন হয়েছে, কিছুটা অস্বস্তি লাগে",Routine,Schedule a regular medical consultation
"অনেক চিন্তায় আছি, শ্বাস নিতে গেলে মনে হচ্ছে বন্ধ হয়ে যাবে",Emergency,Immediately go to emergency department or call ambulance
"দাঁড়িয়ে থাকতে পারছি না, এটা কি স্বাভাবিক",Emergency,Immediately go to emergency department or call ambulance
আজ শরীর ভেঙে যাচ্ছে,Urgent,Visit a doctor within 24 hours
"অনেকদিন ধরে কি করলে কমবে, কি করবো বুঝতে পারছি না",General Query,"No immediate action required, informational response sufficient"
পরীক্ষা দরকার কি. ভয় লাগছে,General Query,"No immediate action required, informational response sufficient"
"হঠাৎ এমন হয়েছে, গত কয়েকদিন ধরে এই অবস্থায় কি করবো",General Query,"No immediate action required, informational response sufficient"
মাঝে মাঝে মাথা ব্যথা হয়. খুব চিন্তায় আছি,Routine,Schedule a regular medical consultation
"শরীর হঠাৎ কাঁপতে শুরু করেছে, কি করবো বুঝতে পারছি না",Emergency,Immediately go to emergency department or call ambulance
"গতকাল থেকে লক্ষ্য করছি, শ্বাস নিতে গেলে মনে হচ্ছে বন্ধ হয়ে যাবে, এটা নিয়ে চিন্তা হচ্ছে",Emergency,Immediately go to emergency department or call ambulance
"গতকাল থেকে লক্ষ্য করছি, আজকে মাথা ঘোরে মাঝে মাঝে, সাহায্য দরকার",Urgent,Visit a doctor within 24 hours
"হঠাৎ এমন হয়েছে, পেটে অস্বস্তি হচ্ছে, এটা কি বিপজ্জনক",Urgent,Visit a doctor within 24 hours
"আজ কিভাবে ঠিক হবে, দয়া করে বলবেন",General Query,"No immediate action required, informational response sufficient"
"কিছুক্ষণ আগে হঠাৎ বুকের মাঝখানে তীব্র ব্যথা শুরু হয়েছে, সাহায্য দরকার",Emergency,Immediately go to emergency department or call ambulance
রাত থেকে বারবার বমি হচ্ছে এবং এটা কি বিপজ্জনক,Urgent,Visit a doctor within 24 hours
"স্যার, এটা কি স্বাভাবিক",General Query,"No immediate action required, informational response sufficient"
"গতকাল থেকে লক্ষ্য করছি, কথা বলতে সমস্যা হচ্ছে, স্বাভাবিক লাগছে না",Emergency,Immediately go to emergency department or call ambulance
হঠাৎ হাঁটতে গিয়ে ভারসাম্য রাখতে পারছি না এবং দয়া করে বলবেন,Emergency,Immediately go to emergency department or call ambulance
"একটু সাহায্য দরকার, মাথা একটু ভারী লাগে",Routine,Schedule a regular medical consultation
৩ দিন ধরে কোন ডাক্তার দেখাবো,General Query,"No immediate action required, informational response sufficient"
"একটু সাহায্য দরকার, গত কয়েকদিন ধরে হাঁটতে গিয়ে ভারসাম্য রাখতে পারছি না",Emergency,Immediately go to emergency department or call ambulance
অনেকদিন ধরে মাথা অনেক ব্যথা করছে এবং,Urgent,Visit a doctor within 24 hours
"হঠাৎ কি করলে কমবে, এটা নিয়ে চিন্তা হচ্ছে",General Query,"No immediate action required, informational response sufficient"
গত কয়েকদিন ধরে হাঁটতে গিয়ে ভারসাম্য রাখতে পারছি না,Emergency,Immediately go to emergency department or call ambulance
দাঁড়িয়ে থাকতে পারছি না এবং খুব চিন্তায় আছি,Emergency,Immediately go to emergency department or call ambulance
"আজ মাথা অনেক ব্যথা করছে, খুব চিন্তায় আছি",Urgent,Visit a doctor within 24 hours
"হঠাৎ এমন হয়েছে, অনেকদিন ধরে মাঝে মাঝে মাথা ব্যথা হয়",Routine,Schedule a regular medical consultation
"আজকে বুঝতে পারলাম, চোখের সামনে সব ঝাপসা দেখছি, কি করবো বুঝতে পারছি না",Emergency,Immediately go to emergency department or call ambulance
কিছুটা অস্বস্তি লাগে. কি করবো বুঝতে পারছি না,Routine,Schedule a regular medical consultation
আজ হঠাৎ প্রচণ্ড দুর্বল লাগছে,Emergency,Immediately go to emergency department or call ambulance
অনেকদিন ধরে পেটে অস্বস্তি হচ্ছে,Urgent,Visit a doctor within 24 hours
"হালকা দুর্বল লাগে, কি করা উচিত",Routine,Schedule a regular medical consultation
কিভাবে ঠিক হবে. এটা নিয়ে চিন্তা হচ্ছে,General Query,"No immediate action required, informational response sufficient"
বমি বমি ভাব হচ্ছে. এটা নিয়ে চিন্তা হচ্ছে,Urgent,Visit a doctor within 24 hours
"গতকাল থেকে লক্ষ্য করছি, রাত থেকে শরীর গরম লাগছে",Urgent,Visit a doctor within 24 hours
"আজকে বুঝতে পারলাম, হঠাৎ কি করলে কমবে",General Query,"No immediate action required, informational response sufficient"
"একটা বিষয় নিয়ে চিন্তায় আছি, সকাল থেকে খাবার খেতে ইচ্ছা করছে না, সাহায্য দরকার",Urgent,Visit a doctor within 24 hours
হঠাৎ গ্যাসের সমস্যা হচ্ছে,Routine,Schedule a regular medical consultation
"অনেক চিন্তায় আছি, হালকা ব্যথা আছে, দয়া করে বলবেন",Routine,Schedule a regular medical consultation
"আজকে বুঝতে পারলাম, এইমাত্র বমি বমি ভাব হচ্ছে",Urgent,Visit a doctor within 24 hours
৩ দিন ধরে এটা কি গুরুতর সমস্যা এবং এটা কি বিপজ্জনক,General Query,"No immediate action required, informational response sufficient"
"খাবার খেতে ইচ্ছা করছে না, কি করা উচিত",Urgent,Visit a doctor within 24 hours
"স্যার, সকাল থেকে মাথা ঘুরে পড়ে গিয়েছিলাম",Emergency,Immediately go to emergency department or call ambulance
"একটা বিষয় নিয়ে চিন্তায় আছি, মাথা ভারী লাগছে, এটা নিয়ে চিন্তা হচ্ছে",Urgent,Visit a doctor within 24 hours
"ডাক্তার, মাথা ঘুরে পড়ে গিয়েছিলাম",Emergency,Immediately go to emergency department or call ambulance
সকাল থেকে চোখের সামনে সব ঝাপসা দেখছি,Emergency,Immediately go to emergency department or call ambulance
"হঠাৎ এমন হয়েছে, মনে হচ্ছে জ্ঞান হারিয়ে ফেলবো",Emergency,Immediately go to emergency department or call ambulance
"গলা ব্যথা করছে, এটা কি স্বাভাবিক",Urgent,Visit a doctor within 24 hours
"একটু সাহায্য দরকার, দুই দিন ধরে ঘাড়ে অস্বস্তি লাগে",Routine,Schedule a regular medical consultation
"হঠাৎ এমন হয়েছে, পরীক্ষা দরকার কি",General Query,"No immediate action required, informational response sufficient"
রাত থেকে শরীর হঠাৎ কাঁপতে শুরু করেছে এবং এটা কি বিপজ্জনক,Emergency,Immediately go to emergency department or call ambulance
আজ শরীর কাঁপছে এবং ভয় লাগছে,Urgent,Visit a doctor within 24 hours
কথা বলতে সমস্যা হচ্ছে,Emergency,Immediately go to emergency department or call ambulance
"কিছুক্ষণ আগে বুকের ভেতর চাপ অনুভব করছি, স্বাভাবিক লাগছে না",Emergency,Immediately go to emergency department or call ambulance
"আজকে বুঝতে পারলাম, মাথা ঘোরে মাঝে মাঝে",Urgent,Visit a doctor within 24 hours
"অনেক চিন্তায় আছি, কিভাবে ঠিক হবে",General Query,"No immediate action required, informational response sufficient"
হঠাৎ হাঁটতে গিয়ে ভারসাম্য রাখতে পারছি না এবং কি করবো বুঝতে পারছি না,Emergency,Immediately go to emergency department or call ambulance
"আজকে বারবার বমি হচ্ছে, কি করবো বুঝতে পারছি না",Urgent,Visit a doctor within 24 hours
কিছুক্ষণ আগে কি করলে কমবে,General Query,"No immediate action required, informational response sufficient"
"দুই দিন ধরে কি করা উচিত, স্বাভাবিক লাগছে না",General Query,"No immediate action required, informational response sufficient"
গতকাল বারবার বমি হচ্ছে এবং দয়া করে বলবেন,Urgent,Visit a doctor within 24 hours
"স্যার, হঠাৎ বুকের মাঝখানে তীব্র ব্যথা শুরু হয়েছে",Emergency,Immediately go to emergency department or call ambulance
দাঁড়িয়ে থাকতে পারছি না. ভয় লাগছে,Emergency,Immediately go to emergency department or call ambulance
হঠাৎ শরীর দুর্বল লাগছে,Urgent,Visit a doctor within 24 hours
হঠাৎ কথা বলতে সমস্যা হচ্ছে,Emergency,Immediately go to emergency department or call ambulance
রাত থেকে মাথা একটু ভারী লাগে এবং কি করবো বুঝতে পারছি না,Routine,Schedule a regular medical consultation
এইমাত্র হালকা দুর্বল লাগে,Routine,Schedule a regular medical consultation
"বুকের ভেতরে চাপ দিয়ে ধরছে, এটা কি স্বাভাবিক",Emergency,Immediately go to emergency department or call ambulance
গত কয়েকদিন ধরে শরীর কাঁপছে,Urgent,Visit a doctor within 24 hours
"এইমাত্র শ্বাস নিতে গেলে মনে হচ্ছে বন্ধ হয়ে যাবে, কি করবো বুঝতে পারছি না",Emergency,Immediately go to emergency department or call ambulance
কিছুক্ষণ আগে ঘুমাতে পারছি না এবং ভয় লাগছে,Urgent,Visit a doctor within 24 hours
"গতকাল থেকে লক্ষ্য করছি, শরীর কাঁপছে",Urgent,Visit a doctor within 24 hours
অনেকদিন ধরে এটা কেন হচ্ছে,General Query,"No immediate action required, informational response sufficient"
"ডাক্তার, শ্বাস নিতে গেলে মনে হচ্ছে বন্ধ হয়ে যাবে, দয়া করে বলবেন",Emergency,Immediately go to emergency department or call ambulance
"আজকে ঘাড়ে অস্বস্তি লাগে, খুব চিন্তায় আছি",Routine,Schedule a regular medical consultation
"আজকে কি করলে কমবে, ভয় লাগছে",General Query,"No immediate action required, informational response sufficient"
এইমাত্র কি করলে কমবে এবং ভয় লাগছে,General Query,"No immediate action required, informational response sufficient"
"আজকে বুঝতে পারলাম, চোখে জ্বালা করে",Routine,Schedule a regular medical consultation
"কিছুক্ষণ আগে বুঝলাম, কিছুক্ষণ আগে কথা বলতে সমস্যা হচ্ছে, সাহায্য দরকার",Emergency,Immediately go to emergency department or call ambulance
এইমাত্র কিভাবে ঠিক হবে এবং ভয় লাগছে,General Query,"No immediate action required, informational response sufficient"
গতকাল বুকের ভেতরে চাপ দিয়ে ধরছে এবং,Emergency,Immediately go to emergency department or call ambulance
হালকা মাথা ঘোরে এবং,Routine,Schedule a regular medical consultation
"অনেকদিন ধরে হালকা কাশি আছে, অনেক অস্বস্তি হচ্ছে",Routine,Schedule a regular medical consultation
"মাথা ভারী লাগছে, কি করা উচিত",Urgent,Visit a doctor within 24 hours
"এটা কেন হচ্ছে, এটা কি স্বাভাবিক",General Query,"No immediate action required, informational response sufficient"
"মাথা ঘুরে পড়ে গিয়েছিলাম, এটা কি স্বাভাবিক",Emergency,Immediately go to emergency department or call ambulance
ঘুমাতে পারছি না.,Urgent,Visit a doctor within 24 hours
"একটা বিষয় নিয়ে চিন্তায় আছি, শরীর দুর্বল লাগছে, কি করবো বুঝতে পারছি না",Urgent,Visit a doctor within 24 hours
"পিঠে ব্যথা অনুভব করছি, কি করা উচিত",Routine,Schedule a regular medical consultation
"কিছুক্ষণ আগে বুঝলাম, ঘাড় শক্ত লাগে",Routine,Schedule a regular medical consultation
"গতকাল থেকে লক্ষ্য করছি, কিছুক্ষণ আগে এটা কেন হচ্ছে, সাহায্য দরকার",General Query,"No immediate action required, informational response sufficient"
দুই দিন ধরে এই অবস্থায় কি করবো এবং স্বাভাবিক লাগছে না,General Query,"No immediate action required, informational response sufficient"
ঘাড়ে অস্বস্তি লাগে এবং এটা নিয়ে চিন্তা হচ্ছে,Routine,Schedule a regular medical consultation
"কি করলে কমবে, এটা কি স্বাভাবিক",General Query,"No immediate action required, informational response sufficient"
"গতকাল থেকে লক্ষ্য করছি, ঘাড়ে অস্বস্তি লাগে",Routine,Schedule a regular medical consultation
ঘাড় শক্ত লাগে,Routine,Schedule a regular medical consultation
"৩ দিন ধরে বারবার বমি হচ্ছে, কি করবো বুঝতে পারছি না",Urgent,Visit a doctor within 24 hours
হঠাৎ শ্বাস নিতে খুব কষ্ট হচ্ছে এবং দয়া করে বলবেন,Emergency,Immediately go to emergency department or call ambulance
"হালকা মাথা ঘোরে, কি করা উচিত",Routine,Schedule a regular medical consultation
পেটে অস্বস্তি হচ্ছে. স্বাভাবিক লাগছে না,Urgent,Visit a doctor within 24 hours
"একটু সাহায্য দরকার, শরীর কাঁপছে",Urgent,Visit a doctor within 24 hours
"মাথা ঘুরে পড়ে গিয়েছিলাম, স্বাভাবিক লাগছে না",Emergency,Immediately go to emergency department or call ambulance
৩ দিন ধরে জ্বর যাচ্ছে না,Urgent,Visit a doctor within 24 hours
"সকাল থেকে মনে হচ্ছে জ্ঞান হারিয়ে ফেলবো, দয়া করে বলবেন",Emergency,Immediately go to emergency department or call ambulance
কিছুক্ষণ আগে হঠাৎ প্রচণ্ড দুর্বল লাগছে এবং খুব চিন্তায় আছি,Emergency,Immediately go to emergency department or call ambulance
গত কয়েকদিন ধরে কিভাবে ঠিক হবে এবং এটা নিয়ে চিন্তা হচ্ছে,General Query,"No immediate action required, informational response sufficient"
"একটা বিষয় নিয়ে চিন্তায় আছি, রাত থেকে হালকা কাশি আছে",Routine,Schedule a regular medical consultation
"হঠাৎ এমন হয়েছে, মাথা অনেক ব্যথা করছে",Urgent,Visit a doctor within 24 hours
"গতকাল থেকে লক্ষ্য করছি, হঠাৎ হালকা কাশি আছে",Routine,Schedule a regular medical consultation
"একটা বিষয় নিয়ে চিন্তায় আছি, আজকে বারবার বমি হচ্ছে",Urgent,Visit a doctor within 24 hours
আজ পিঠে ব্যথা অনুভব করছি এবং,Routine,Schedule a regular medical consultation
"একটু সাহায্য দরকার, পেটে অস্বস্তি হচ্ছে, স্বাভাবিক লাগছে না",Urgent,Visit a doctor within 24 hours
"হঠাৎ এমন হয়েছে, শরীর দুর্বল লাগছে, এটা কি বিপজ্জনক",Urgent,Visit a doctor within 24 hours
"রাত থেকে এই অবস্থায় কি করবো, কি করবো বুঝতে পারছি না",General Query,"No immediate action required, informational response sufficient"
"একটা বিষয় নিয়ে চিন্তায় আছি, শরীর হঠাৎ কাঁপতে শুরু করেছে, এটা কি বিপজ্জনক",Emergency,Immediately go to emergency department or call ambulance
"ডাক্তার, আজ মাথা ঘোরে মাঝে মাঝে, সাহায্য দরকার",Urgent,Visit a doctor within 24 hours
"হঠাৎ চোখে জ্বালা করে, খুব চিন্তায় আছি",Routine,Schedule a regular medical consultation
মাথা ঘোরে মাঝে মাঝে. এটা নিয়ে চিন্তা হচ্ছে,Urgent,Visit a doctor within 24 hours
"হঠাৎ এমন হয়েছে, অনেকদিন ধরে কি করা উচিত, সাহায্য দরকার",General Query,"No immediate action required, informational response sufficient"
"শরীর ঠিক লাগছে না, কি করা উচিত",Urgent,Visit a doctor within 24 hours
"হালকা মাথা ঘোরে, এটা কি স্বাভাবিক",Routine,Schedule a regular medical consultation
"৩ দিন ধরে এটা কেন হচ্ছে, খুব চিন্তায় আছি",General Query,"No immediate action required, informational response sufficient"
"অনেক চিন্তায় আছি, গতকাল ডাক্তার দেখানো দরকার কি, সাহায্য দরকার",General Query,"No immediate action required, informational response sufficient"
এটা নিয়ে চিন্তা করা উচিত কি. কি করবো বুঝতে পারছি না,General Query,"No immediate action required, informational response sufficient"
"রাত থেকে খাবার খেতে ইচ্ছা করছে না,",Urgent,Visit a doctor within 24 hours
৩ দিন ধরে কিছুটা অস্বস্তি লাগে,Routine,Schedule a regular medical consultation
"৩ দিন ধরে হঠাৎ বুকের মাঝখানে তীব্র ব্যথা শুরু হয়েছে, ভয় লাগছে",Emergency,Immediately go to emergency department or call ambulance
"হঠাৎ ঘাড়ে অস্বস্তি লাগে, এটা নিয়ে চিন্তা হচ্ছে",Routine,Schedule a regular medical consultation
"দুই দিন ধরে এটা কি গুরুতর সমস্যা,",General Query,"No immediate action required, informational response sufficient"
বুকের ভেতর চাপ অনুভব করছি,Emergency,Immediately go to emergency department or call ambulance
"কিছুক্ষণ আগে বুঝলাম, বুকের ভেতরে চাপ দিয়ে ধরছে",Emergency,Immediately go to emergency department or call ambulance
এটা কেন হচ্ছে. এটা নিয়ে চিন্তা হচ্ছে,General Query,"No immediate action required, informational response sufficient"
৩ দিন ধরে চিকিৎসা কি হতে পারে এবং,General Query,"No immediate action required, informational response sufficient"
"গতকাল থেকে লক্ষ্য করছি, রাত থেকে কিভাবে ঠিক হবে",General Query,"No immediate action required, informational response sufficient"
"গতকাল হাত-পা অবশ লাগছে, এটা কি বিপজ্জনক",Emergency,Immediately go to emergency department or call ambulance
"অনেকদিন ধরে এটা কি বিপজ্জনক, স্বাভাবিক লাগছে না",General Query,"No immediate action required, informational response sufficient"
কোন ডাক্তার দেখাবো. অনেক অস্বস্তি হচ্ছে,General Query,"No immediate action required, informational response sufficient"
"কিছুক্ষণ আগে বুঝলাম, আজকে এই অবস্থায় কি করবো, সাহায্য দরকার",General Query,"No immediate action required, informational response sufficient"
"হঠাৎ এমন হয়েছে, সকাল থেকে মাথা অনেক ব্যথা করছে, সাহায্য দরকার",Urgent,Visit a doctor within 24 hours
"সকাল থেকে বারবার বমি হচ্ছে, স্বাভাবিক লাগছে না",Urgent,Visit a doctor within 24 hours
হঠাৎ এটা কি গুরুতর সমস্যা,General Query,"No immediate action required, informational response sufficient"
"দুই দিন ধরে ঘাড়ে অস্বস্তি লাগে, অনেক অস্বস্তি হচ্ছে",Routine,Schedule a regular medical consultation
৩ দিন ধরে এটা কি স্বাভাবিক,General Query,"No immediate action required, informational response sufficient"
"গতকাল দাঁড়িয়ে থাকতে পারছি না, এটা কি বিপজ্জনক",Emergency,Immediately go to emergency department or call ambulance
চোখের সামনে সব ঝাপসা দেখছি. দয়া করে বলবেন,Emergency,Immediately go to emergency department or call ambulance
"আজকে বুঝতে পারলাম, গত কয়েকদিন ধরে হালকা দুর্বল লাগে",Routine,Schedule a regular medical consultation
৩ দিন ধরে মাথা অনেক ব্যথা করছে,Urgent,Visit a doctor within 24 hours
"অনেক চিন্তায় আছি, আজ শরীর ঠিক লাগছে না, সাহায্য দরকার",Urgent,Visit a doctor within 24 hours
"একটা বিষয় নিয়ে চিন্তায় আছি, খাবার খেতে ইচ্ছা করছে না, সাহায্য দরকার",Urgent,Visit a doctor within 24 hours
"অনেক চিন্তায় আছি, ঘাড়ে অস্বস্তি লাগে",Routine,Schedule a regular medical consultation
"হঠাৎ এমন হয়েছে, অনেকদিন ধরে বুকের ভেতরে চাপ দিয়ে ধরছে, সাহায্য দরকার",Emergency,Immediately go to emergency department or call ambulance
হঠাৎ দাঁড়িয়ে থাকতে পারছি না এবং ভয় লাগছে,Emergency,Immediately go to emergency department or call ambulance
আজকে গ্যাসের সমস্যা হচ্ছে এবং খুব চিন্তায় আছি,Routine,Schedule a regular medical consultation
গত কয়েকদিন ধরে ঘুমাতে পারছি না এবং ভয় লাগছে,Urgent,Visit a doctor within 24 hours
"এটা কি বিপজ্জনক, অনেক অস্বস্তি হচ্ছে",General Query,"No immediate action required, informational response sufficient"
"কোন ডাক্তার দেখাবো, এটা কি স্বাভাবিক",General Query,"No immediate action required, informational response sufficient"
"কিছুক্ষণ আগে বুঝলাম, সকাল থেকে জ্বর যাচ্ছে না",Urgent,Visit a doctor within 24 hours
"ডাক্তার, কিভাবে ঠিক হবে",General Query,"No immediate action required, informational response sufficient"
"আজকে বুঝতে পারলাম, রাত থেকে এটা কি গুরুতর সমস্যা, সাহায্য দরকার",General Query,"No immediate action required, informational response sufficient"
"অনেক চিন্তায় আছি, মাথা অনেক ব্যথা করছে, স্বাভাবিক লাগছে না",Urgent,Visit a doctor within 24 hours
কিছুক্ষণ আগে মাথা অনেক ব্যথা করছে,Urgent,Visit a doctor within 24 hours
"গতকাল থেকে লক্ষ্য করছি, কিছুক্ষণ আগে বুকের ভেতর চাপ অনুভব করছি, সাহায্য দরকার",Emergency,Immediately go to emergency department or call ambulance
"স্যার, কিভাবে ঠিক হবে",General Query,"No immediate action required, informational response sufficient"
গত কয়েকদিন ধরে জ্বর যাচ্ছে না এবং দয়া করে বলবেন,Urgent,Visit a doctor within 24 hours
"দুই দিন ধরে কথা বলতে সমস্যা হচ্ছে, সাহায্য দরকার",Emergency,Immediately go to emergency department or call ambulance
"একটু সাহায্য দরকার, হঠাৎ শরীর অসাড় লাগছে",Emergency,Immediately go to emergency department or call ambulance
৩ দিন ধরে শ্বাস নিতে গেলে মনে হচ্ছে বন্ধ হয়ে যাবে এবং এটা নিয়ে চিন্তা হচ্ছে,Emergency,Immediately go to emergency department or call ambulance
"একটু সাহায্য দরকার, অনেকদিন ধরে পেটে অস্বস্তি হচ্ছে",Urgent,Visit a doctor within 24 hours
গতকাল কি করলে কমবে এবং স্বাভাবিক লাগছে না,General Query,"No immediate action required, informational response sufficient"
রাত থেকে হালকা ব্যথা আছে এবং,Routine,Schedule a regular medical consultation
"আজকে বুঝতে পারলাম, অনেকদিন ধরে কিভাবে ঠিক হবে, সাহায্য দরকার",General Query,"No immediate action required, informational response sufficient"
"হঠাৎ এমন হয়েছে, কিছুক্ষণ আগে হাত-পা অবশ লাগছে, সাহায্য দরকার",Emergency,Immediately go to emergency department or call ambulance
আজ কোন বিভাগে দেখাবো এবং দয়া করে বলবেন,General Query,"No immediate action required, informational response sufficient"
চোখে জ্বালা করে. স্বাভাবিক লাগছে না,Routine,Schedule a regular medical consultation
"শরীর দুর্বল লাগছে, কি করা উচিত",Urgent,Visit a doctor within 24 hours
"হঠাৎ এমন হয়েছে, ৩ দিন ধরে কোন ডাক্তার দেখাবো",General Query,"No immediate action required, informational response sufficient"
"হঠাৎ এমন হয়েছে, ডাক্তার দেখানো দরকার কি",General Query,"No immediate action required, informational response sufficient"
হঠাৎ চোখে জ্বালা করে এবং খুব চিন্তায় আছি,Routine,Schedule a regular medical consultation
এইমাত্র চোখে জ্বালা করে এবং এটা কি বিপজ্জনক,Routine,Schedule a regular medical consultation
"কিছুক্ষণ আগে বুঝলাম, ৩ দিন ধরে শরীর দুর্বল লাগছে",Urgent,Visit a doctor within 24 hours
আজ হঠাৎ শরীর অসাড় লাগছে,Emergency,Immediately go to emergency department or call ambulance
দুই দিন ধরে এটা কি গুরুতর সমস্যা এবং দয়া করে বলবেন,General Query,"No immediate action required, informational response sufficient"
কিছুটা অস্বস্তি লাগে. স্বাভাবিক লাগছে না,Routine,Schedule a regular medical consultation
"গতকাল থেকে লক্ষ্য করছি, সকাল থেকে বুকের ভেতরে চাপ দিয়ে ধরছে, সাহায্য দরকার",Emergency,Immediately go to emergency department or call ambulance
রাত থেকে শরীর দুর্বল লাগছে,Urgent,Visit a doctor within 24 hours
"একটু সাহায্য দরকার, হালকা ব্যথা আছে",Routine,Schedule a regular medical consultation
"গতকাল থেকে লক্ষ্য করছি, চোখে জ্বালা করে",Routine,Schedule a regular medical consultation
"ডাক্তার, বারবার বমি হচ্ছে, এটা নিয়ে চিন্তা হচ্ছে",Urgent,Visit a doctor within 24 hours
"একটা বিষয় নিয়ে চিন্তায় আছি, মাথা ঘুরে পড়ে গিয়েছিলাম, স্বাভাবিক লাগছে না",Emergency,Immediately go to emergency department or call ambulance
"সকাল থেকে হঠাৎ বুকের মাঝখানে তীব্র ব্যথা শুরু হয়েছে, অনেক অস্বস্তি হচ্ছে",Emergency,Immediately go to emergency department or call ambulance
হঠাৎ এই অবস্থায় কি করবো এবং কি করবো বুঝতে পারছি না,General Query,"No immediate action required, informational response sufficient"
"হঠাৎ এমন হয়েছে, এটা কি বিপজ্জনক,",General Query,"No immediate action required, informational response sufficient"
সকাল থেকে হালকা ব্যথা আছে,Routine,Schedule a regular medical consultation
"ডাক্তার, হঠাৎ বুকের মাঝখানে তীব্র ব্যথা শুরু হয়েছে",Emergency,Immediately go to emergency department or call ambulance
হালকা ব্যথা আছে,Routine,Schedule a regular medical consultation
"কিছুক্ষণ আগে বুঝলাম, এইমাত্র চিকিৎসা কি হতে পারে, সাহায্য দরকার",General Query,"No immediate action required, informational response sufficient"
"হঠাৎ জ্বর যাচ্ছে না, অনেক অস্বস্তি হচ্ছে",Urgent,Visit a doctor within 24 hours
"এটা কি গুরুতর সমস্যা, কি করা উচিত",General Query,"No immediate action required, informational response sufficient"
খাবার খেতে ইচ্ছা করছে না. খুব চিন্তায় আছি,Urgent,Visit a doctor within 24 hours
শরীর ভেঙে যাচ্ছে এবং ভয় লাগছে,Urgent,Visit a doctor within 24 hours
"আজকে হালকা জ্বর আসে, স্বাভাবিক লাগছে না",Routine,Schedule a regular medical consultation
আজকে মাথা ঘোরে মাঝে মাঝে এবং এটা নিয়ে চিন্তা হচ্ছে,Urgent,Visit a doctor within 24 hours
আজ কি করা উচিত এবং দয়া করে বলবেন,General Query,"No immediate action required, informational response sufficient"
"অনেক চিন্তায় আছি, কথা বলতে সমস্যা হচ্ছে",Emergency,Immediately go to emergency department or call ambulance
"৩ দিন ধরে হঠাৎ শরীর অসাড় লাগছে, এটা কি বিপজ্জনক",Emergency,Immediately go to emergency department or call ambulance
৩ দিন ধরে হালকা ব্যথা আছে এবং এটা কি বিপজ্জনক,Routine,Schedule a regular medical consultation
"একটা বিষয় নিয়ে চিন্তায় আছি, খাবার খেতে ইচ্ছা করছে না",Urgent,Visit a doctor within 24 hours
"একটা বিষয় নিয়ে চিন্তায় আছি, কিভাবে ঠিক হবে",General Query,"No immediate action required, informational response sufficient"
হঠাৎ প্রচণ্ড দুর্বল লাগছে. এটা নিয়ে চিন্তা হচ্ছে,Emergency,Immediately go to emergency department or call ambulance
আজ শরীর দুর্বল লাগছে এবং এটা কি বিপজ্জনক,Urgent,Visit a doctor within 24 hours
"হঠাৎ এমন হয়েছে, এইমাত্র চোখের সামনে সব ঝাপসা দেখছি, সাহায্য দরকার",Emergency,Immediately go to emergency department or call ambulance
"এটা নিয়ে চিন্তা করা উচিত কি, এটা কি স্বাভাবিক",General Query,"No immediate action required, informational response sufficient"
মাথা ভারী লাগছে. স্বাভাবিক লাগছে না,Urgent,Visit a doctor within 24 hours
"এটা কি গুরুতর সমস্যা, ভয় লাগছে",General Query,"No immediate action required, informational response sufficient"
গত কয়েক সপ্তাহ ধরে আমার হাত-পা আর সারা গায়ে লাল লাল চাকা হয়ে চুলকাচ্ছে। চামড়া একদম শুকিয়ে খসখসে হয়ে চামড়া উঠছে,Routine,Schedule a regular medical consultation
"কয়েক সপ্তাহ ধরে আমার হাত-পায়ে লালচে র‍্যাশ বের হয়েছে, খুব চুলকায়। চামড়া শুকিয়ে আঁশের মতো উঠে যাচ্ছে, এটা কীসের লক্ষণ?",Routine,Schedule a regular medical consultation
ইদানীং আমার হাত ও পায়ে লাল লাল দানা উঠছে আর গা খুব চুলকাচ্ছে। চামড়া খসখসে হয়ে মরা চামড়ার মতো উঠে যাচ্ছে।,Routine,Schedule a regular medical consultation
কিছুদিন ধরে হঠাৎ হাত-পা আর সারা শরীরে লাল লাল র‍্যাশ উঠছে। প্রচণ্ড চুলকানি হচ্ছে আর চামড়া ফেটে খসখসে হয়ে যাচ্ছে।,Routine,Schedule a regular medical consultation
"আমার হাত, পা আর পিঠে লাল লাল দানা দেখা দিয়েছে। বেশ কয়েক সপ্তাহ ধরে এটা খুব চুলকাচ্ছে আর মরা চামড়ার মতো খসখসে হয়ে উঠছে",Routine,Schedule a regular medical consultation
"সারা গায়ে লাল চাকা চাকা হয়ে এলার্জির মতো চুলকাচ্ছে। হাত আর পায়ের চামড়া একদম শুকিয়ে খড়খড়ে হয়ে গেছে, নখ দিয়ে চুলকালে সাদা সাদা চামড়া ওঠে",Routine,Schedule a regular medical consultation
"অনেকদিন ধরে হাত, পা আর পেটের চামড়া খসখসে হয়ে লালচে র‍্যাশ বের হচ্ছে। মলম দিয়েও চুলকানি কমছে না, চামড়া আঁশের মতো উঠছে।",Routine,Schedule a regular medical consultation
"কনুই, হাঁটু আর গলার দিকে লাল ফুসকুড়ি উঠেছে। প্রচণ্ড চুলকানির সাথে চামড়াগুলো খসখসে হয়ে মরা ছালের মতো উঠে যাচ্ছে।",Routine,Schedule a regular medical consultation
"প্রথমে হালকা চুলকানি ছিল, এখন হাত-পায়ে লালচে ফুসকুড়ি দেখা দিয়েছে। চামড়া খসখসে হয়ে গেছে এবং খড়ি ওঠার মতো সাদাটে হয়ে যাচ্ছে।",Routine,Schedule a regular medical consultation
"কয়েক সপ্তাহ যাবত সারা শরীরে লাল লাল র‍্যাশ আর চুলকানি হচ্ছে। স্কিন শুকিয়ে খসখসে হয়ে গেছে, কোনোভাবেই ভালো হচ্ছে না।",Routine,Schedule a regular medical consultation
পায়ের শিরা ফুলে গেছে এবং প্রচণ্ড ব্যথা হচ্ছে। সাথে কয়েকদিন ধরে খুব ক্লান্তি লাগছে আর পায়ে র‍্যাশ উঠেছে।,Urgent,Visit a doctor within 24 hours
"পায়ের রগ ফুলে নীল হয়ে আছে, প্রায়ই ক্র্যাম্প করে। পায়ে ছোট ছোট র‍্যাশ এবং শরীর প্রচণ্ড ক্লান্ত।",Urgent,Visit a doctor within 24 hours
দুদিন ধরে খুব অবসাদ লাগছে। পায়ের নিচের দিকে ফুসকুড়ি উঠেছে আর শিরাগুলো ফুলে শক্ত হয়ে আছে।,Urgent,Visit a doctor within 24 hours
"পায়ের ফুসকুড়ি ও শিরার স্ফীতিজনিত কারণে প্রচণ্ড অস্বস্তি। গত দুদিন ধরে শরীর একদম চলছে না, ক্লান্তি।",Urgent,Visit a doctor within 24 hours
পায়ে রগ ফোলা ও ক্র্যাম্পের সাথে ফুসকুড়ি। কয়েকদিন ধরে ভীষণ ক্লান্ত ও দুর্বল বোধ করছি।,Urgent,Visit a doctor within 24 hours
পায়ের কাফ মাসলের শিরাগুলো বের হয়ে আছে এবং কামড়াচ্ছে। র‍্যাশের কারণে অস্বস্তি আর শরীর ক্লান্ত।,Urgent,Visit a doctor within 24 hours
"পায়ে তীব্র অস্বস্তি, র‍্যাশ এবং রগ ফুলে ওঠা। ইদানীং প্রচণ্ড ক্লান্তি আর অবসাদ গ্রাস করেছে।",Urgent,Visit a doctor within 24 hours
"পায়ে শিরা দৃশ্যমান ও ফোলা, সাথে ক্র্যাম্প ও ফুসকুড়ি। দুদিন ধরে খুব ক্লান্ত লাগছে।",Urgent,Visit a doctor within 24 hours
পায়ের কাফ মাসলে রগ ফুলে নীলচে হয়ে আছে আর মাঝে মাঝেই টান লাগে। সাথে পায়ে হালকা ফুসকুড়ি আর প্রচণ্ড দুর্বলতা।,Urgent,Visit a doctor within 24 hours
"স্যার, পায়ের ফুসকুড়ির কারণে খুব অশান্তিতে আছি। পায়ের রগগুলো ভেসে উঠেছে, কামড়ায় আর শরীর সবসময় ক্লান্ত থাকে।",Urgent,Visit a doctor within 24 hours
কিছুদিন ধরে পায়ে র‍্যাশ আর ক্র্যাম্প হচ্ছে। আজকে দেখলাম পায়ের শিরাগুলো অনেক স্পষ্ট আর শরীর খুব ম্যাজম্যাজ করছে।,Urgent,Visit a doctor within 24 hours
পায়ের নিচের অংশের রগগুলো ফোলা ফোলা আর টান লাগছে। সাথে পায়ে লালচে র‍্যাশ এবং দুদিন ধরে ভীষণ ক্লান্তি।,Urgent,Visit a doctor within 24 hours
পায়ে এক ধরণের অস্বস্তিকর ফুসকুড়ি দেখা দিয়েছে। কাফ মাসলের শিরাগুলো ফুলে আছে আর শরীর প্রচণ্ড অবসন্ন লাগছে।,Urgent,Visit a doctor within 24 hours
পায়ের শিরা ফুলে যাওয়া আর ক্র্যাম্পের কারণে হাঁটতে কষ্ট হচ্ছে। ইদানীং শরীরও খুব দুর্বল আর ক্লান্ত লাগে।,Urgent,Visit a doctor within 24 hours
"ডাক্তার বাবু, পায়ে র‍্যাশ উঠেছে আর রগগুলো দড়ির মতো ফুলে গেছে। গত দুদিন ধরে কোনো শক্তি পাচ্ছি না শরীরে।",Urgent,Visit a doctor within 24 hours
"পায়ের মাসলে তীব্র টান লাগে আর শিরাগুলো ভেসে উঠেছে। পায়ে ফুসকুড়িও আছে, সাথে কয়েকদিন ধরে খুব ক্লান্ত লাগছে।",Urgent,Visit a doctor within 24 hours
"আমার পায়ে এক ধরণের ফুসকুড়ি হয়েছে যা ভীষণ অস্বস্তি তৈরি করছে। কাফ মাসলের শিরাগুলো বেশ স্পষ্ট আর ফুলে উঠেছে, মাঝেমধ্যে ক্র্যাম্পও করে। এর সাথে গত দুদিন ধরে আমি প্রচণ্ড ক্লান্তি ও অবসাদ অনুভব করছি।",Urgent,Visit a doctor within 24 hours
"স্যার, গত কয়েকদিন ধরে শরীর একদম ভালো লাগছে না, খুব ক্লান্তি আর দুর্বলতা কাজ করছে। এর মধ্যে পায়ের নিচে অস্বস্তিকর র‍্যাশ উঠেছে এবং পায়ের ডিমের ভেতরের রগ বা শিরাগুলো কেমন যেন চাকা চাকা হয়ে ফুলে উঠেছে আর কামড়াচ্ছে।",Urgent,Visit a doctor within 24 hours
পায়ের ফুসকুড়িগুলোর জন্য খুব কষ্ট পাচ্ছি। খেয়াল করলাম পায়ের কাফ মাসলের শিরাগুলো বেশ প্রমিনেন্ট বা ফোলা দেখা যাচ্ছে এবং রাতে খুব রগে টান লাগে। সেই সাথে গত দুই দিন যাবত শরীর ভীষণ অবসন্ন আর ক্লান্ত হয়ে আছে।,Urgent,Visit a doctor within 24 hours
বেশ কিছুদিন ধরে পায়ের নিচের অংশের রগগুলো নীল হয়ে ফুলে আছে এবং মাঝেমধ্যেই তীব্র ক্র্যাম্প বা টান লাগছে। এখন আবার পায়ে লালচে ফুসকুড়ি দেখা দিয়েছে আর শরীর এতটাই ক্লান্ত যে কোনো কাজ করতে পারছি না।,Urgent,Visit a doctor within 24 hours
"ডাক্তার সাহেব, আমার পায়ে এক ধরণের র‍্যাশ উঠেছে যা খুব চুলকায় ও অস্বস্তি দেয়। পায়ের কাফ মাসলের শিরাগুলোও ফুলে বড় হয়ে গেছে। আর গত দুদিন ধরে আমি এতটাই ক্লান্ত যে bedside থেকে উঠতেই ইচ্ছা করছে না।",Urgent,Visit a doctor within 24 hours
"পায়ের রগ ফুলে যাওয়া এবং তীব্র কামড়ানির কারণে সোজা হয়ে দাঁড়াতে পারছি না। পায়ের ত্বকে ফুসকুড়িও দেখা দিয়েছে। সবচেয়ে বড় সমস্যা হলো, গত কয়েকদিন ধরে শরীর ভীষণ দুর্বল, অবসাদগ্রস্ত আর ক্লান্ত লাগছে।",Urgent,Visit a doctor within 24 hours
"আমার পায়ের কাফ মাসলের শিরাগুলো একদম স্পষ্ট এবং ফোলা ফোলা লাগছে, ভেতরে কেমন যেন ক্র্যাম্প বা টান ধরে। সাথে পায়ে অস্বস্তিকর ফুসকুড়ি উঠেছে আর গত দুদিন ধরে সারা শরীরে প্রচণ্ড ক্লান্তি ও অলসতা কাজ করছে।",Urgent,Visit a doctor within 24 hours
পায়ে লালচে র‍্যাশ ওঠার পর থেকেই তীব্র অস্বস্তি হচ্ছে। পায়ের নিচের রগগুলো কেমন জানি ভেসে উঠেছে আর টান লাগছে। এর সাথে গত দুই দিন ধরে কোনো কারণ ছাড়াই আমি খুব ক্লান্ত আর এনার্জিহীন বোধ করছি।,Urgent,Visit a doctor within 24 hours
"স্যার, পায়ের ফুসকুড়ি আর ক্র্যাম্পের কারণে খুব যন্ত্রণায় আছি। পায়ের ডিমের দিকে শিরাগুলো ফুলে উঠেছে। তাছাড়া গত দুদিন ধরে শরীরটা প্রচণ্ড ম্যাচম্যাচ করছে, কোনো কাজে মন বসাতে পারছি না, শুধু ক্লান্তি লাগে।",Urgent,Visit a doctor within 24 hours
"আমার হাঁটু, কনুই এবং মাথার ত্বক থেকে চামড়া উঠছে এবং সেখানে খুব জ্বালাপোড়া করছে।",Routine,Schedule a regular medical consultation
"স্যার, মাথার চামড়া আর হাঁটুর স্কিন খসখসে হয়ে উঠে যাচ্ছে আর জায়গাটা সারাক্ষণ দগদগ করে জ্বলে।",Routine,Schedule a regular medical consultation
আমার হাঁটু আর কনুইয়ের চামড়া মরা ছালের মতো উঠে যাচ্ছে। মাঝে মাঝে প্রচণ্ড স্টিনগিং বা সুই ফোটার মতো অনুভূতি হয়।,Routine,Schedule a regular medical consultation
"ইদানীং মাথার তালু আর কনুইয়ের স্কিন পিলিং হচ্ছে বা চামড়া উঠছে, সাথে হালকা জ্বালাপোড়া আছে।",Routine,Schedule a regular medical consultation
হাত-পায়ের জয়েন্ট ও মাথায় চামড়া ওঠার সমস্যা দেখা দিয়েছে। আক্রান্ত স্থানগুলো সারাক্ষণ চুলকায় আর জ্বলে।,Routine,Schedule a regular medical consultation
কনুই এবং হাঁটুর ত্বক খড়ি ওঠার মতো উঠে যাচ্ছে। কোনো মলম দিলে বা পানি লাগলে তীব্র জ্বালা করে।,Routine,Schedule a regular medical consultation
চামড়া উঠে যাওয়ার সাথে সাথে জায়গাটা লাল হয়ে আছে এবং এক ধরণের জ্বলুনি অনুভূতি হচ্ছে। বিশেষ করে হাঁটু আর কনুইয়ে।,Routine,Schedule a regular medical consultation
"কয়েকদিন ধরে আমার কনুই, হাঁটু আর মাথায় চামড়া ওঠার সাথে সাথে সুই ফোটার মতো তীব্র জ্বালা করছে।",Routine,Schedule a regular medical consultation
"স্যার, আমার হাঁটুর চামড়া দলা পাকিয়ে উঠে যাচ্ছে আর জায়গাটা কেমন যেন চামড়া ছিলে যাওয়ার মতো জ্বালাপোড়া করে।",Routine,Schedule a regular medical consultation
বেশ কিছুদিন যাবত লক্ষ্য করছি কনুই আর হাঁটুতে চামড়া পিলিং হচ্ছে। জায়গাটা ধরলে বা চুলকালে খুব জ্বলে।,Routine,Schedule a regular medical consultation
মাথার ত্বক এবং কনুইয়ের স্কিন খসখসে হয়ে আঁশের মতো উঠছে। সাথে সার্বক্ষণিক একটা অস্বস্তিকর জ্বলুনি কাজ করছে।,Routine,Schedule a regular medical consultation
আমার হাত ও পায়ের জয়েন্টগুলোর চামড়া শুষ্ক হয়ে ফেটে যাচ্ছে এবং জায়গাগুলো খুব সেনসিটিভ হয়ে জ্বালাপোড়া করছে।,Routine,Schedule a regular medical consultation
"কনুই আর হাঁটুর চামড়া উঠে ভেতরের লাল চামড়া বের হয়ে গেছে, যার কারণে প্রচণ্ড জ্বলুনি আর কামড়ানি হচ্ছে।",Routine,Schedule a regular medical consultation
"মাথায় প্রচণ্ড ফুসকুড়ির মতো হয়ে চামড়া উঠছে আর সাথে কনুই-হাঁটুতেও একই সমস্যা, খুব জ্বলে।",Routine,Schedule a regular medical consultation
কোনো কারণ ছাড়াই আমার হাঁটু ও কনুইয়ের ত্বক ছিলে যাওয়ার মতো করে উঠছে এবং সেখানে এক ধরণের স্টিংগিং সেনসেশন হচ্ছে।,Routine,Schedule a regular medical consultation
"আমার মাথার তালু, হাঁটু এবং কনুইয়ের ত্বক থেকে অনবরত চামড়া খসে পড়ছে। এই চামড়া ওঠার সাথে সাথে আক্রান্ত স্থানগুলোতে তীব্র জ্বালাপোড়া এবং সুই ফোটার মতো অস্বস্তিকর অনুভূতি হচ্ছে।",Routine,Schedule a regular medical consultation
"স্যার, বেশ কয়েক সপ্তাহ ধরে আমার কনুই আর হাঁটুর চামড়া একদম খসখসে হয়ে মরা ছালের মতো উঠে যাচ্ছে। যখনই চামড়াগুলো আলগা হয়ে যায়, তখন নিচের নরম চামড়াটা প্রচণ্ড দগদগ করে জ্বলে।",Routine,Schedule a regular medical consultation
"ডাক্তার সাহেব, আমার হাত ও পায়ের জয়েন্টগুলোতে এবং মাথার স্কাল্পে চামড়া ওঠার এক অদ্ভুত সমস্যা দেখা দিয়েছে। চামড়াগুলো আঁশের মতো উঠে যায় এবং সেখানে সবসময় একটা গরম বা জ্বলুনি ভাব লেগেই থাকে।",Routine,Schedule a regular medical consultation
"মাথার ত্বক খুব খসখসে হয়ে বড় বড় চামড়া উঠছে, সেই সাথে কনুই এবং হাঁটুর চামড়াও একই রকম ফেটে যাচ্ছে। পানি লাগলে বা হাত দিলে জায়গাগুলো তীব্রভাবে জ্বলে আর স্টিনগিং অনুভূতি হয়।",Routine,Schedule a regular medical consultation
আমার কনুই আর হাঁটুর চামড়া এতটাই রুক্ষ হয়ে গেছে যে সেখান থেকে খড়ি ওঠার মতো মরা স্কিন ছিলে ছিলে পড়ছে। আক্রান্ত জায়গাগুলোতে সারাক্ষণ এক ধরণের জ্বলুনি ভাব থাকে যা খুব অস্বস্তিকর।,Routine,Schedule a regular medical consultation
"ডাক্তার বাবু, বেশ কিছুদিন যাবত আমার মাথার তালু এবং হাত-পায়ের কনুইয়ের ত্বক ফেটে চামড়া আলগা হয়ে যাচ্ছে। এই চামড়া ওঠার সাথে সাথে ভেতরে এক ধরণের সুই ফোটানোর মতো তীব্র ব্যথা ও জ্বলুনি হচ্ছে।",Routine,Schedule a regular medical consultation
"হাঁটুর স্কিন পুরোপুরি ড্রায় বা শুষ্ক হয়ে মরা মাছের আঁশের মতো উঠে যাচ্ছে। কোনো লোশন বা ক্রিম লাগালেও এই চামড়া ওঠা কমছে না, বরং জায়গাটা আরও বেশি জ্বলে আর কামড়ায়।",Routine,Schedule a regular medical consultation
"স্যার, পায়ের হাঁটু এবং হাতের কনুইয়ের দিকের চামড়া উঠে গিয়ে ভেতরের কাঁচা চামড়া বের হয়ে এসেছে। যার ফলে সামান্য বাতাস লাগলেও জায়গাটা প্রচণ্ড রকম জ্বালাপোড়া করে এবং অস্বস্তি দেয়।",Routine,Schedule a regular medical consultation
"আমার মাথার স্কাল্প এবং কনুইয়ের ত্বক অনবরত ফেটে ফেটে চামড়া খসে পড়ছে। এই সমস্যাটার সাথে একটা অদ্ভুত জ্বলুনি আর স্টিংগিং সেনসেশন আছে, যার কারণে কোনো কিছুতেই আরাম পাচ্ছি না।",Routine,Schedule a regular medical consultation
"আমার হাতের আঙুল, কবজি এবং হাঁটুতে প্রচণ্ড জয়েন্ট পেইন হচ্ছে যা নড়াচড়া করলে আরও বেড়ে যায়।",Routine,Schedule a regular medical consultation
"বেশ কিছুদিন ধরে আঙুলের গিঁটে আর হাঁটুতে কেমন জানি দপদপ করে ব্যথা করে, কাজ করতে গেলে আরও বাড়ে।",Routine,Schedule a regular medical consultation
"স্যার, আমার হাতের কবজি আর হাঁটুতে বাতের মতো ব্যথা হচ্ছে। জয়েন্টগুলো সোজা বা বাঁকা করতে গেলে খুব যন্ত্রণায় পড়ি।",Routine,Schedule a regular medical consultation
আঙুল আর হাঁটুর জয়েন্টগুলোতে সার্বক্ষণিক একটা কামড়ানো ব্যথা লেগেই থাকে। নড়াচড়া করলে ব্যথা তীব্র হয়।,Routine,Schedule a regular medical consultation
ইদানীং কবজি এবং হাঁটুর জয়েন্টগুলো খুব দপদপ করে। ভারী কিছু তুলতে গেলে বা হাঁটলে পেইন খুব বাড়ে।,Routine,Schedule a regular medical consultation
হাত-পায়ের জয়েন্ট ও গিঁটে ব্যথার সমস্যা দেখা দিয়েছে। একটু নড়াচড়া করলেই ভেতরের ব্যথাটা চাড়া দিয়ে ওঠে।,Routine,Schedule a regular medical consultation
আঙুল এবং হাঁটুর হাড়ের জোড়ায় জোড়ায় কামড়ানো ব্যথা। হাত-পা নাড়াতে গেলে তীব্র কষ্ট হয়।,Routine,Schedule a regular medical consultation
"ডাক্তার বাবু, হাত ও পায়ের আঙুলের গিঁটগুলো খুব ব্যথা করে। হাঁটু নোয়াতে বা কবজি ঘোরাতে খুব সমস্যা হচ্ছে।",Routine,Schedule a regular medical consultation
"জয়েন্টে ব্যথার সাথে সাথে একটা দপদপানি অনুভূতি হচ্ছে। বিশেষ করে আঙুল, কবজি আর হাঁটুতে কাজ করার সময়।",Routine,Schedule a regular medical consultation
"কয়েকদিন ধরে আমার কবজি, আঙুল আর হাঁটুতে প্রচণ্ড বাতের ব্যথা। হাত-পা নাড়াচড়াই মুশকিল হয়ে গেছে।",Routine,Schedule a regular medical consultation
"আমার হাঁটু ও আঙুলের জয়েন্টগুলো শুষ্ক বা শক্ত হয়ে কামড়ায়। যখনই একটু হাঁটি বা নড়াচড়া করি, ভেতরটা ব্যথা করে।",Routine,Schedule a regular medical consultation
হাতের গিঁটে গিঁটে প্রচণ্ড কামড়ানো ব্যথা জমেছে এবং হাঁটু সোজা করা যাচ্ছে না। নাড়াচড়া করলেই পেইন বাড়ে।,Routine,Schedule a regular medical consultation
"স্যার, আমার হাঁটুর জয়েন্টে দপদপ করে ব্যথা করে আর জায়গাটা কেমন যেন শক্ত হয়ে থাকে, নড়াচড়া করলে বেশি লাগে।",Routine,Schedule a regular medical consultation
হাত ও পায়ের হাড়ের জয়েন্টগুলোতে ঘষা লাগার মতো ব্যথা হচ্ছে। সার্বক্ষণিক একটা অস্বস্তিকর দপদপানি কাজ করছে।,Routine,Schedule a regular medical consultation
"কবজি আর হাঁটুর জয়েন্টে তীব্র কামড়ানি আর দপদপানি হচ্ছে, যার কারণে একটু নড়াচড়া করতেও ভয় লাগে।",Routine,Schedule a regular medical consultation
কোনো কারণ ছাড়াই আমার হাঁটু ও কবজির জয়েন্টগুলো কামড়াচ্ছে এবং সেখানে এক ধরণের থ্রোবিং পেইন হচ্ছে।,Routine,Schedule a regular medical consultation
"জয়েন্টের এই ব্যথার কারণে খুব যন্ত্রণায় আছি, বিশেষ করে আঙুল আর হাঁটুর জায়গাগুলো একটু নড়ালেই প্রচণ্ড টনটন করে।",Routine,Schedule a regular medical consultation
"স্যার, বেশ কয়েক সপ্তাহ ধরে আমার কবজি আর হাঁটুর জয়েন্টগুলো জ্যাম হয়ে প্রচণ্ড কামড়াচ্ছে। হাঁটতে গেলে ভেতরটা দগদগ করে ব্যথা করে।",Routine,Schedule a regular medical consultation
"ডাক্তার সাহেব, আমার হাত ও পায়ের জয়েন্টগুলোতে বাতের ব্যথা দেখা দিয়েছে। আঙুলের গিঁটগুলো দপদপ করে ব্যথা করে এবং নড়াচড়া করলে ব্যথা বেড়ে যায়।",Routine,Schedule a regular medical consultation
ইদানীং আমার হাঁটুর এবং কবজির জয়েন্টগুলো অতিরিক্ত শক্ত হয়ে কামড়াচ্ছে। নড়াচড়া করতে তীব্র কষ্ট হয়।,Routine,Schedule a regular medical consultation
"হাতের আঙুল খুব শক্ত হয়ে দপদপ করে ব্যথা করছে, সেই সাথে কবজি এবং হাঁটুর জয়েন্টেও টান লাগছে। নড়াচড়া করলেই টনটন করে ওঠে।",Routine,Schedule a regular medical consultation
কবজি আর হাঁটুর জয়েন্ট এতটাই ব্যথাতুর হয়ে গেছে যে দাঁড়াতে বা হাত নাড়াতে পারছি না। নড়াচড়া করলে কামড়ানো ব্যথা বেড়ে যায়।,Routine,Schedule a regular medical consultation
"ডাক্তার বাবু, আমার হাতের আঙুলের গিঁট এবং জয়েন্টগুলো অনবরত কামড়াচ্ছে। নড়াচড়া করলেই দপদপানি ও তীব্র ব্যথা হয়।",Routine,Schedule a regular medical consultation
হাঁটুর জয়েন্ট পুরোপুরি শক্ত হয়ে তীব্র ব্যথা করছে। হাঁটাহাঁটি বা নড়াচড়া করলে জায়গাটা আরও বেশি কামড়ায়।,Routine,Schedule a regular medical consultation
আমার কবজি এবং হাঁটুর জয়েন্টগুলো অনবরত দপদপ করে ব্যথায় কষ্ট দিচ্ছে। নড়াচড়া করলে ব্যথা তীব্র হয়ে যায়।,Routine,Schedule a regular medical consultation
"আমার কোমরের নিচের অংশে এবং মাথায় রূপালী রঙের গুঁড়োর মতো আঁশ উঠছে, যা চুলকালে সহজেই ঝরে পড়ে।",Routine,Schedule a regular medical consultation
"স্যার, মাথার চামড়া আর কোমরে কেমন যেন রূপালী রঙের আস্তরণ পড়েছে, হাত দিলেই ছোট ছোট আঁশ খসে পড়ে।",Routine,Schedule a regular medical consultation
"ইদানীং মাথায় আর কোমরের দিকে সিলভার রঙের মরা চামড়া উঠছে, চুলকালে জায়গাটা থেকে সাদা গুঁড়ো ওড়ে।",Routine,Schedule a regular medical consultation
পিঠের নিচে ও মাথায় আঁশটে চামড়ার সমস্যা দেখা দিয়েছে। আক্রান্ত স্থান চুলকালে সহজেই চামড়ার কুচি ঝরে পড়ে।,Routine,Schedule a regular medical consultation
কোমরে এবং মাথার তালুতে খড়ি ওঠার মতো রূপালী ছাল উঠছে। একটু নখ লাগলেই সাদাটে আঁশগুলো আলগা হয়ে যায়।,Routine,Schedule a regular medical consultation
"ডাক্তার বাবু, মাথার স্কাল্পে আর কোমরে রূপালী গুঁড়োর স্তর জমেছে, চুলকালে এগুলো খসে খসে পড়ে, খুব অস্বস্তি হয়।",Routine,Schedule a regular medical consultation
চামড়া ওঠার সাথে সাথে জায়গাটা শুষ্ক হয়ে আছে এবং রূপালী রঙের আঁশ দেখা যাচ্ছে। বিশেষ করে মাথায় আর পিঠের নিচে।,Routine,Schedule a regular medical consultation
"আমার লোয়ার ব্যাকে ও মাথার চুলে শুষ্ক আঁশ খসে পড়ে। যখনই চুলকাই, গুঁড়ো গুঁড়ো সাদা ছাল উঠে আসে।",Routine,Schedule a regular medical consultation
"মাথার তালুতে রূপালী মরা চামড়ার স্তর জমেছে এবং পিঠের নিচের চামড়াও ফেটে যাচ্ছে, নখ দিলে কুচি কুচি হয়ে পড়ে।",Routine,Schedule a regular medical consultation
"স্যার, আমার কোমরের চামড়া রূপালী হয়ে উঠে যাচ্ছে আর জায়গাটা হাত দিলে কেমন যেন খসখসে আঁশের মতো লাগে।",Routine,Schedule a regular medical consultation
বেশ কিছুদিন যাবত লক্ষ্য করছি মাথায় আর পিঠের নিচে সিলভার ডাস্টিং বা রূপালী গুঁড়ো জমছে। চুলকালে খুব সহজে ঝরে যায়।,Routine,Schedule a regular medical consultation
মাথার ত্বক এবং কোমরের স্কিন খসখসে হয়ে রূপালী আঁশের মতো উঠছে। হাত দিলেই মরা চামড়ার কুচি আলগা হয়ে ঝরে পড়ে।,Routine,Schedule a regular medical consultation
আমার পিঠের নিচের অংশের চামড়া শুষ্ক রূপালী হয়ে যাচ্ছে এবং চুলকালে খুব সহজে আঁশগুলো উঠে আসে।,Routine,Schedule a regular medical consultation
কোনো কারণ ছাড়াই আমার কোমর ও মাথার ত্বক ছিলে যাওয়ার মতো সিলভার কালার হয়ে উঠছে এবং নখ দিলে আঁশ আলগা হচ্ছে।,Routine,Schedule a regular medical consultation
আমার মাথার তালু এবং পিঠের নিচের অংশে এক ধরণের রূপালী রঙের গুঁড়োর মতো আস্তরণ পড়েছে। চুলকালে এগুলো খুব সহজেই খসে পড়ে।,Routine,Schedule a regular medical consultation
ইদানীং আমার লোয়ার ব্যাক এবং মাথার তালুর চামড়া অতিরিক্ত শুষ্ক হয়ে রূপালী আস্তরণ তৈরি করছে। চুলকালে কুচি কুচি হয়ে খসে পড়ে।,Routine,Schedule a regular medical consultation
"ডাক্তার বাবু, মাথার তালু এবং কোমরের নিচের ত্বক ফেটে রূপালী চামড়া আলগা হয়ে যাচ্ছে। চুলকালে গুঁড়ো হয়ে ঝরে পড়ে।",Routine,Schedule a regular medical consultation
কোমরের নিচের স্কিন পুরোপুরি ড্রায় হয়ে রূপালী মাছের আঁশের মতো উঠে যাচ্ছে। হাত লাগলেই গুঁড়ো ছাল খসে আসে।,Routine,Schedule a regular medical consultation
"স্যার, পিঠের নিচের অংশ এবং মাথার ত্বকে রূপালী আস্তরণ দেখা যাচ্ছে। চুলকালে মরা চামড়া কুচি কুচি হয়ে ঝরে পড়ে।",Routine,Schedule a regular medical consultation
"আমার হাতের তালু এবং পায়ের তলার চামড়া শক্ত হয়ে গভীর ফাটল দেখা দিয়েছে, যা থেকে সহজেই রক্ত পড়ে এবং খুব ব্যথা হয়।",Urgent,Visit a doctor within 24 hours
"বেশ কিছুদিন ধরে হাত আর পায়ের তালুর চামড়া মোটা হয়ে ফেটে যাচ্ছে, একটু টান লাগলেই রক্ত বের হয়।",Urgent,Visit a doctor within 24 hours
"স্যার, আমার হাত-পায়ের তলা একদম খসখসে ও শক্ত হয়ে ফেটে গেছে, হাঁটতে গেলে বা কিছু ধরলে রক্ত ঝরে আর প্রচণ্ড ব্যথা করে।",Urgent,Visit a doctor within 24 hours
আমার হাতের তালু এবং পায়ের সোলের চামড়া পুরু হয়ে ডিপ ক্র্যাক বা গভীর ফাটল ধরেছে। মাঝেমধ্যেই তীব্র যন্ত্রণার সাথে ব্লিডিং হয়।,Urgent,Visit a doctor within 24 hours
হাতের তালুতে এবং পায়ের তলায় খড়ি ওঠার মতো শক্ত ছাল জমে ফেটে গেছে। নড়াচড়া করলেই ফাটল থেকে রক্ত ওড়ায়।,Urgent,Visit a doctor within 24 hours
"ডাক্তার বাবু, হাত ও পায়ের তলার চামড়া শক্ত হয়ে ফেটে চৌচির হয়ে গেছে। পা ফেলতে পারি না ব্যথায়, রক্ত পড়ে।",Urgent,Visit a doctor within 24 hours
চামড়া শক্ত হয়ে ফেটে যাওয়ার সাথে সাথে তীব্র পেইন হচ্ছে এবং রক্ত বের হচ্ছে। বিশেষ করে হাতের তালু আর পায়ের তলায়।,Urgent,Visit a doctor within 24 hours
"হাত-পায়ের তালুতে শক্ত মরা চামড়ার স্তর জমে ফেটে গেছে, নখ দিলে বা টান লাগলে খুব সহজে রক্তপাত হয়।",Urgent,Visit a doctor within 24 hours
"হাতের তালু আর পায়ের সোলের স্কিন থিক হয়ে ক্র্যাক হচ্ছে, হাত-পায়ে খুব পেইন আর ব্লিডিং হয়।",Urgent,Visit a doctor within 24 hours
"হাত ও পায়ের সোলে শক্ত ছাল উঠে গভীর ফাটল তৈরি হয়েছে, প্রচণ্ড ব্যথা আর রক্তপাত হচ্ছে।",Urgent,Visit a doctor within 24 hours
"হাতের তালু অতিরিক্ত শক্ত হয়ে ফেটে যাওয়ার সাথে পায়ের তলাতেও একই সমস্যা, রক্ত পড়ে।",Urgent,Visit a doctor within 24 hours
আমার হাত ও পায়ের তালুর ত্বক কড়া পড়ে ফেটে যাচ্ছে এবং সেখানে ডিপ ক্র্যাকের কারণে রক্ত ঝরছে।,Urgent,Visit a doctor within 24 hours
"চামড়া ফেটে রক্ত পড়ার কারণে খুব যন্ত্রণায় আছি, হাত-পায়ের তলা নড়ালে তীব্র ব্যথা হয়।",Urgent,Visit a doctor within 24 hours
হাতের তালু ও পায়ের তলায় পুরু চামড়া ফেটে গভীর ফাটল তৈরি হয়েছে এবং সামান্য চাপেই রক্তপাত হয়।,Urgent,Visit a doctor within 24 hours
"কয়েক সপ্তাহ ধরে হাত আর পায়ের তলার চামড়া মোটা হয়ে ফেটে চৌচির হয়ে যাচ্ছে, হাঁটলে রক্ত ঝরে।",Urgent,Visit a doctor within 24 hours
"ডাক্তার সাহেব, হাতের তালু ও পায়ের নিচের ত্বকে গভীর ফাটল হয়েছে, প্রায়শই রক্ত বের হয়।",Urgent,Visit a doctor within 24 hours
"ইদানীং হাত ও পায়ের তলার চামড়া অতিরিক্ত শুষ্ক হয়ে গভীর ক্র্যাক তৈরি করছে, হাঁটতে খুব কষ্ট হয়।",Urgent,Visit a doctor within 24 hours
"হাতের তালু খুব শক্ত হয়ে বড় বড় ফাটল দেখা দিয়েছে, পায়ের তলাও একই রকম ফেটে গেছে।",Urgent,Visit a doctor within 24 hours
হাতের তালু ও পায়ের সোলের চামড়া এতটাই রুক্ষ হয়ে গেছে যে গভীর ফাটল তৈরি হয়ে রক্ত বের হচ্ছে।,Urgent,Visit a doctor within 24 hours
"ডাক্তার বাবু, হাত ও পায়ের তলা শক্ত হয়ে ফেটে হা হয়ে যাচ্ছে, ধরলে রক্ত পড়ে।",Urgent,Visit a doctor within 24 hours
"পায়ের তলার স্কিন ড্রাই হয়ে ফেটে যাচ্ছে, হাঁটলেই রক্ত বের হয়।",Urgent,Visit a doctor within 24 hours
আমার হাত ও পায়ের তালুর ত্বক অনবরত ফেটে রক্ত বের হচ্ছে এবং তীব্র ব্যথা হচ্ছে।,Urgent,Visit a doctor within 24 hours
"আমার নখে ছোট ছোট গর্ত দেখা যাচ্ছে, হাত-পিঠে র‍্যাশ আর জয়েন্টে প্রচণ্ড ব্যথা।",Urgent,Seek medical care within 24–48 hours
"রোগীর নখে পিটিং (গর্ত), জয়েন্ট পেইন এবং হাত ও পিঠে ছড়ানো ইনফ্লেমেটরি র‍্যাশ রয়েছে।",Urgent,Immediate clinical consultation is needed
ইদানীং নখের ওপর ছোট ছোট টোল বা গর্ত পড়ছে দেখে খুব ভয় লাগছে। এর সাথে আমার হাড়ের জোড়ায় জোড়ায় ব্যথা আর পিঠে-হাতে র‍্যাশ উঠেছে।,Urgent,Seek medical care within 24–48 hours
কয়েকদিন ধরে পিঠ আর হাতে কেমন জানি ফুসকুড়ি দেখা যাচ্ছে। তার ওপর আবার নখগুলো দেবে গর্ত হয়ে যাচ্ছে আর জয়েন্টগুলো খুব কামড়াচ্ছে।,Urgent,Urgent medical evaluation is recommended
হাত ও পিঠের ত্বকে তীব্র ফুসকুড়ির পাশাপাশি নখের গঠনে পরিবর্তন (ডেন্ট) এবং জয়েন্ট ইনফ্লামেশনের লক্ষণ স্পষ্ট।,Urgent,Immediate clinical consultation is needed
"বুঝতে পারছি না কেন নখগুলো এমন খাঁজ খাঁজ হয়ে যাচ্ছে, সাথে হাত-পিঠের চামড়ায় দানা দানা র‍্যাশ আর বাতের মতো তীব্র পেইন।",Urgent,Seek medical care within 24–48 hours
"স্যার, বেশ কিছুদিন ধরে আমার হাতের ও পায়ের নখগুলোতে ছোট ছোট অসংখ্য গর্ত লক্ষ্য করছি। এই চিন্তার মাঝেই হঠাৎ করে আমার হাত-পায়ের জয়েন্টগুলোতে এক ধরণের অদ্ভুত ব্যথা শুরু হয়েছে এবং হাতের চামড়ায় ও পিঠে লালচে ফুসকুড়ি দেখা দিয়েছে।",Urgent,Seek medical care within 24–48 hours
"আমার নখের ওপর ছোট ছোট ডেন্ট বা গর্ত তৈরি হওয়াতে খুব দুশ্চিন্তায় আছি, কারণ এর কোনো কারণ খুঁজে পাচ্ছি না। এর সাথে হাত আর পিঠের স্কিনে চুলকানিযুক্ত র‍্যাশ বের হয়েছে এবং শরীরের প্রতিটি গিঁটে তীব্র টনটনানি ব্যথা হচ্ছে।",Urgent,Urgent medical evaluation is recommended
রোগীর শরীরের একাধিক স্থানে (হাত ও পিঠ) ছড়ানো ফুসকুড়ির সাথে নখের উপরিভাগে স্পষ্ট গর্ত বা পিটিং এর উপস্থিতি পাওয়া গেছে। লক্ষণগুলো গুরুতর চর্মরোগ এবং জয়েন্ট পেইনের তীব্র ঝুঁকি নির্দেশ করায় দ্রুত পরীক্ষার প্রয়োজন।,Urgent,Immediate clinical consultation is needed
কোনো আঘাত ছাড়াই আমার পায়ে কালশিটে পড়ছে এবং চামড়ার নিচে অদ্ভুত রক্তনালী দেখা যাচ্ছে।,Urgent,Seek medical care within 24–48 hours
রোগীর পায়ে কোনো ট্রমা ছাড়াই ইকোইমোসিস (কালশিটে) এবং ত্বকের নিচে অস্বাভাবিক ভাস্কুলার প্যাটার্ন দৃশ্যমান।,Urgent,Immediate clinical consultation is needed
"স্যার, আমার পায়ে বেশ কিছু কালশিটে দাগ লক্ষ্য করছি যার কোনো কারণ আমি জানি না। চামড়ার ঠিক নিচেই কেমন যেন অদ্ভুত আঁকাবাঁকা রক্তনালী দেখা যাচ্ছে, যা দেখে খুব দুশ্চিন্তা হচ্ছে।",Urgent,Seek medical care within 24–48 hours
"ইদানীং পায়ের চামড়ার নিচে কেমন জালের মতো রক্তনালী ভেসে উঠছে। আমার ওজন একটু বেশির দিকে, তার ওপর আবার কোনো চোট না লাগলেও পা নীল হয়ে কালশিটে দাগ পড়ছে।",Urgent,Urgent medical evaluation is recommended
লোয়ার এক্সট্রিমিটিতে (পায়ে) ব্যাখ্যাতীত পারপুরা বা কালশিটে এবং সাবকুটেনিয়াস রক্তনালীর অস্বাভাবিকতা লক্ষ্য করা গেছে। স্থূলতার কারণে ভাস্কুলার প্রেশার বৃদ্ধির ঝুঁকি রয়েছে।,Urgent,Immediate clinical consultation is needed
"পায়ে হঠাৎ হঠাৎ রক্ত জমাট বাঁধার মতো কালো দাগ হয়ে যাচ্ছে। চামড়ার নিচের রগগুলোও কেমন অদ্ভুত ও আঁকাবাঁকা লাগছে, ওজন বেশির কারণে কি এমন হচ্ছে?",Urgent,Seek medical care within 24–48 hours
"কোনো কারণ ছাড়াই পায়ের চামড়া কেমন যেন ছোপ ছোপ রক্ত জমার মতো কালো হয়ে যাচ্ছে, আর ভালো করে খেয়াল করলে নিচে এক ধরণের অদ্ভুত রগ ভেসে উঠতে দেখা যায়। এমনিতেই আমার শরীরটা একটু মোটা বা স্থূল, তার ওপর এই কালশিটে আর রক্তনালীর সমস্যাটা দেখে মনটা সারাক্ষণ খুব খিটখিটে আর চিন্তিত হয়ে থাকে।",Urgent,Urgent medical evaluation is recommended
"দিনের বেলাতেও চোখ খুলে রাখতে পারি না, শরীর এত ম্যাজম্যাজ করে যে কোনো কাজে মন বসে না।",Urgent,Urgent medical evaluation is recommended
"স্যার, শরীরটা এত দুর্বল ও ক্লান্ত লাগে যে কোনো শক্তিই পাই না। সারাদিন শুধু চোখ বুজে আসে আর কোনো কাজ করার মতো মোটিভেশন খুঁজে পাচ্ছি না।",Urgent,Seek medical care within 24–48 hours
"ইদানীং শরীরটা সারাক্ষণ এলিয়ে থাকে, এত ক্লান্তি যে দিনের বেলাতেও চোখ মেলতে কষ্ট হয়। কোনো কিছু করার একদম ইচ্ছে বা এনার্জি কিছুই নেই।",Urgent,Urgent medical evaluation is recommended
দৈনিক কার্যকলাপে চরম অনীহা এবং দিনের বেলাতেও অতিরিক্ত ঘুমানোর প্রবণতা রোগীর শরীরে মারাত্মক শক্তির ঘাটতি নির্দেশ করে।,Urgent,Immediate clinical consultation is needed
"সারাদিন কেমন যেন ঝিমঝিম লাগে আর শরীর একদম চলে না। নিজের ভেতরের সব এনার্জি শেষ হয়ে গেছে, কোনো কাজ শুরু করার উৎসাহ পাই না।",Urgent,Seek medical care within 24–48 hours
"শরীরটা এত বেশি ম্যাজম্যাজ আর দুর্বল লাগে যে বিছানা থেকে উঠতেই ইচ্ছে করে না, মনে হয় যেন সব শক্তি কেউ শুষে নিয়েছে। সারাদিন চোখ দুটি ঘুমে ঢুলুঢুলু করে আর নিজেকে এত বেশি অলস আর অকেজো লাগে যে কোনো কাজ করার মতো একদমই মোটিভেশন বা এনার্জি খুঁজে পাই না।",Urgent,Urgent medical evaluation is recommended
রোগীর ক্লিনিক্যাল হিস্ট্রিতে তীব্র শারীরিক ক্লান্তি এবং সার্বক্ষণিক এনার্জিহীনতার কম্বিনেশন দেখা গেছে যা রোগীর স্বাভাবিক জীবনযাত্রাকে মারাত্মকভাবে ব্যাহত করছে। দিনের বেলাতেও অতিরিক্ত তন্দ্রাচ্ছন্ন ভাব এবং চরম অলসতা কোনো সিস্টেমিক বা মেটাবলিক জটিলতার তীব্র লক্ষণ হতে পারে।,Urgent,Immediate clinical consultation is needed
ত্বকে মৃদু শুষ্কতা এবং হালকা চুলকানির লক্ষণ দেখা যাচ্ছে।,Routine,Routine outpatient consultation suggested
"স্যার, শীত ছাড়াই আমার গায়ের চামড়া খসখসে আর রুক্ষ হয়ে থাকে, মাঝে মাঝে হালকা চুলকানি হয়।",Routine,Schedule a regular medical consultation
ত্বকে কোনো তীব্র ইনফ্লামেশন ছাড়াই হালকা শুষ্কতা লক্ষ্য করা গেছে।,Routine,Routine outpatient consultation suggested
"গায়ের চামড়া সাদাটে আর খসখসে হয়ে যাচ্ছে, কোনো ক্ষত বা ব্যথা নেই।",Routine,Schedule a regular medical consultation
ত্বকে মৃদু স্কেলিং এবং শুষ্ক আস্তরণ দেখা যাচ্ছে।,Routine,Routine outpatient consultation suggested
"ডাক্তার সাহেব, আমার চামড়া কিছুদিন ধরে রুক্ষ আর শুষ্ক লাগছে, বড় কোনো সমস্যা নেই।",Routine,Schedule a regular medical consultation
ত্বকের কিছু অংশে মৃদু রঙ পরিবর্তন এবং শুষ্কতা দেখা যাচ্ছে।,Routine,Routine outpatient consultation suggested
"পায়ের চামড়া খসখসে হয়ে যাচ্ছে, কোনো জ্বালাপোড়া নেই।",Routine,Schedule a regular medical consultation
"চামড়া কিছুটা রুক্ষ লাগছে, তবে ব্যথা বা র‍্যাশ নেই।",Routine,Regular medical follow-up is advised
"হাতের চামড়া শুষ্ক ও রুক্ষ অনুভূত হচ্ছে, কোনো ক্ষত নেই।",Routine,Regular medical follow-up is advised
ত্বকে হালকা স্কেলিং ছাড়া অন্য কোনো সমস্যা দেখা যায়নি।,Routine,Routine outpatient consultation suggested
"চামড়া কিছুটা রুক্ষ লাগছে, কোনো ইনফেকশন নেই।",Routine,Regular medical follow-up is advised
ত্বকে মৃদু প্রুরিটাস এবং শুষ্কতা দেখা যাচ্ছে।,Routine,Routine outpatient consultation suggested
"গোসলের পর শরীর টান টান লাগে, কোনো র‍্যাশ নেই।",Routine,Schedule a regular medical consultation
"হাতের তালু খসখসে হয়ে যাচ্ছে, ব্যথা নেই।",Routine,Regular medical follow-up is advised
ত্বকে হালকা ফ্ল্যাকিং লক্ষ্য করা যাচ্ছে।,Routine,Routine outpatient consultation suggested
"রোদে গেলে চামড়া শুকনো লাগে, বড় কোনো সমস্যা নেই।",Routine,Schedule a regular medical consultation
"পায়ের নিচের চামড়া রুক্ষ হয়ে আছে, কোনো রক্তপাত নেই।",Routine,Regular medical follow-up is advised
ত্বকে মৃদু টেক্সচার পরিবর্তন দেখা যাচ্ছে।,Routine,Routine outpatient consultation suggested
"সাবান ব্যবহার করলে চামড়া টান টান লাগে, ব্যথা নেই।",Routine,Schedule a regular medical consultation
"চামড়া কিছুটা সেনসিটিভ লাগছে, কোনো ক্ষত নেই।",Routine,Regular medical follow-up is advised
ত্বকে মৃদু শুষ্কতা ও স্কেলিং উপস্থিত।,Routine,Routine outpatient consultation suggested
আমার বুকে প্রচণ্ড ব্যথা হচ্ছে আর নিঃশ্বাস নিতে খুব কষ্ট হচ্ছে!,Emergency,Immediately go to emergency department or call ambulance
হঠাৎ করে বাবার কথা জড়িয়ে যাচ্ছে আর শরীরের ডান পাশটা একদম অবশ।,Emergency,Seek immediate emergency medical care or call an ambulance
রোগী তীব্র শ্বাসকষ্ট এবং জীবন-ঝুঁকিপূর্ণ কার্ডিয়াক কন্ডিশনের লক্ষণ প্রদর্শন করছেন।,Emergency,Emergency department evaluation is required immediately
"ডাক্তার বাবু, বুকের ভেতর প্রচণ্ড চাপ লাগছে, মনে হচ্ছে দম বন্ধ হয়ে আসছে।",Emergency,Immediately go to emergency department or call ambulance
এক্সিডেন্টের পর থেকে পা দিয়ে অনবরত রক্ত বেরোচ্ছে এবং রোগী দ্রুত জ্ঞান হারাচ্ছেন।,Emergency,Seek immediate emergency medical care or call an ambulance
তীব্র শকের কারণে রোগীর ভাইটাল সাইন দ্রুত অবনতি হচ্ছে এবং জরুরি হস্তক্ষেপ প্রয়োজন।,Emergency,Emergency department evaluation is required immediately
মায়ের মুখ হঠাৎ একদিকে বেঁকে গেছে এবং তিনি কথা বলতে পারছেন না।,Emergency,Immediately go to emergency department or call ambulance
আমার বুকে হঠাৎ প্রচণ্ড ব্যথা শুরু হয়েছে এবং বাম হাত অবশ হয়ে যাচ্ছে।,Emergency,Immediately go to emergency department or call ambulance
"একজন ব্যক্তি হঠাৎ মাটিতে পড়ে গেছে, শরীর শক্ত হয়ে যাচ্ছে এবং শ্বাস নিতে পারছে না।",Emergency,Seek immediate emergency medical care or call an ambulance
"বাচ্চাটার গলায় কিছু আটকে গেছে, সে শ্বাস নিতে পারছে না এবং নীল হয়ে যাচ্ছে।",Emergency,Seek immediate emergency medical care or call an ambulance
রোগী তীব্র অ্যালার্জিক রিঅ্যাকশন এবং এয়ারওয়ে ব্লকেজের ঝুঁকিতে আছেন।,Emergency,Emergency department evaluation is required immediately
"ছোট ভাই হঠাৎ অজ্ঞান হয়ে গেছে, পালস খুব দুর্বল এবং শরীর ঠান্ডা।",Emergency,Immediately go to emergency department or call ambulance
আমি খুব বেশি রক্তবমি করছি এবং দাঁড়িয়ে থাকতে পারছি না।,Emergency,Immediately go to emergency department or call ambulance
তীব্র অভ্যন্তরীণ রক্তক্ষরণ এবং শকের লক্ষণ দ্রুত খারাপ হচ্ছে।,Emergency,Emergency department evaluation is required immediately
বুকে ছুরি মারার মতো ব্যথা হচ্ছে এবং শরীর ঘামছে।,Emergency,Immediately go to emergency department or call ambulance
"উনি ছাদ থেকে পড়ে গেছেন, প্রচণ্ড ব্যথায় চিৎকার করছেন এবং নড়তে পারছেন না।",Emergency,Seek immediate emergency medical care or call an ambulance
তীব্র শ্বাসকষ্ট এবং অক্সিজেন স্যাচুরেশন বিপজ্জনকভাবে কমে গেছে।,Emergency,Emergency department evaluation is required immediately
আমার হাঁপানির টান এত বেড়েছে যে ইনহেলারেও কাজ হচ্ছে না।,Emergency,Immediately go to emergency department or call ambulance
গরম তেল পড়ে শরীর মারাত্মকভাবে পুড়ে গেছে এবং তীব্র ব্যথা হচ্ছে।,Emergency,Seek immediate emergency medical care or call an ambulance
গুরুতর বার্ন ইনজুরি এবং ফ্লুইড লসের কারণে রোগী শকে যাচ্ছে।,Emergency,Emergency department evaluation is required immediately
প্রেসার হঠাৎ অনেক বেড়ে গেছে এবং রোগী কথা গুলিয়ে ফেলছেন।,Emergency,Immediately go to emergency department or call ambulance
প্রসবের সময় অতিরিক্ত রক্তক্ষরণ হচ্ছে এবং রোগী দুর্বল হয়ে পড়ছেন।,Emergency,Immediately go to emergency department or call ambulance
রক্তচাপ ক্রিটিক্যাল লেভেলে এবং স্নায়বিক বিভ্রান্তি দেখা যাচ্ছে।,Emergency,Emergency department evaluation is required immediately
"আমি সারাক্ষণ হাঁচি দিচ্ছি আর শুকনা কাশি হচ্ছে, মাঝে মাঝে বুক ধড়ফড় করে ওঠে।",Urgent,Seek medical care within 24–48 hours
"আমার শরীরের ছোটখাটো ইনফেকশনও সহজে শুকাচ্ছে না, সাথে অনবরত হাঁচি আর বুকের ভেতর দপদপানি হচ্ছে।",Urgent,Seek medical care within 24–48 hours
"রোগীর অনবরত হাঁচি, শুকনা কাশি, ক্ষত না শুকানো এবং পালপিটেশনের লক্ষণ রয়েছে।",Urgent,Seek medical care within 24–48 hours
"স্যার, সারাক্ষণ হাঁচি আর শুকনা কাশি লেগেই আছে, আর শরীরের কোনো ইনফেকশন হলে সেটা সহজে ভালো হয় না, মাঝে মাঝে বুক ধড়ফড় করে।",Urgent,Seek medical care within 24–48 hours
"ইদানীং হাঁচি আর কাশি একদম থামছে না, গলাটাও মাঝে মাঝে ব্যথা করে আবার ঠিক হয়ে যায়, কিন্তু বুকের ধড়ফড়ানিটা খুব অস্বস্তিকর লাগে।",Urgent,Seek medical care within 24–48 hours
"রোগীর উপসর্গে ক্রমাগত হাঁচি, শুষ্ক কাশি, ক্ষত নিরাময়ে বিলম্ব এবং অনিয়মিত হৃদস্পন্দনের মতো লক্ষণ দেখা যাচ্ছে।",Urgent,Seek medical care within 24–48 hours
"হাঁচি আর শুকনা কাশি তো আছেই, তার সাথে শরীরের ইনফেকশনগুলো সারতে অনেক সময় নিচ্ছে এবং বুকের ভেতর অদ্ভুত দপদপানি হচ্ছে।",Urgent,Seek medical care within 24–48 hours
"ডাক্তার সাহেব, অনেক দিন ধরে হাঁচি আর শুকনা কাশি হচ্ছে, গলার ব্যথা মাঝে মাঝে হয়, কিন্তু সেটা আবার কমে যায়, সমস্যা হচ্ছে কোনো ক্ষত সহজে শুকায় না আর বুক ধড়ফড় করে।",Urgent,Seek medical care within 24–48 hours
"সারাক্ষণ হাঁচি আর কাশির সমস্যা চলছে, শরীরের যেকোনো ইনফেকশন ঠিক হতে দেরি করছে, আর বুকের ভেতর অস্বাভাবিকভাবে ধড়ফড় করে ওঠে যা আমাকে খুব চিন্তায় ফেলেছে।",Urgent,Seek medical care within 24–48 hours
"রোগীর শ্বাসতন্ত্রে দীর্ঘস্থায়ী ইরিটেশন, বিলম্বিত ক্ষত নিরাময় এবং পালপিটেশনের মতো সিস্টেমিক লক্ষণ একত্রে উপস্থিত, যা গভীর পর্যবেক্ষণ প্রয়োজনীয় করে তোলে।",Urgent,Seek medical care within 24–48 hours
গলাটা কেমন জানি খুচখুচ করে আর সকালের দিকে হালকা কাশি আসে।,Routine,Schedule a regular medical consultation
রোগীর কোনো একিউট রেসপিরেটরি ডিস্ট্রেস ছাড়াই মৃদু ও দীর্ঘমেয়াদী শুষ্ক কাশির লক্ষণ বিদ্যমান।,Routine,Schedule a regular medical consultation
"ঠাণ্ডা লাগার পর থেকে কাশিটা লেগেই আছে, বুকে ব্যথা বা শ্বাসকষ্ট নেই, শুধু মাঝে মাঝে কাশি ওঠে।",Routine,Schedule a regular medical consultation
"ধুলোবালিতে গেলে হাঁচি-কাশি শুরু হয়, পরে নিজে থেকেই ঠিক হয়ে যায়, কোনো বড় সমস্যা নেই।",Routine,Schedule a regular medical consultation
"ডাক্তার সাহেব, দুই-তিন সপ্তাহ ধরে হালকা খুসখুসে কাশি লেগেই আছে, তবে জ্বর বা বুকে চাপ নেই।",Routine,Schedule a regular medical consultation
"ধোঁয়া বা ঠাণ্ডা বাতাসে গেলে শুকনা কাশি হয়, কিন্তু শ্বাসকষ্ট বা দুর্বলতা নেই।",Routine,Schedule a regular medical consultation
"রোগীর ক্লিনিক্যাল হিস্ট্রিতে কোনো তীব্র ইনফেকশন নেই, কাশির লক্ষণ মৃদু ও দীর্ঘমেয়াদী প্রকৃতির।",Routine,Schedule a regular medical consultation
আমার গতকাল রাত থেকে হালকা জ্বর এসেছে আর শরীরটা ম্যাচম্যাচ করছে।,Routine,Schedule a regular medical consultation
"ঠাণ্ডা লেগে গা গরম হয়েছে আর মাথাটা একটু ভারী হয়ে আছে, তেমন কোনো পেইন নেই।",Routine,Schedule a regular medical consultation
রোগীর শরীরে মৃদু পাইরেক্সিয়া (low-grade fever) এবং সামান্য শারীরিক ক্লান্তি পরিলক্ষিত হচ্ছে।,Routine,Schedule a regular medical consultation
"স্যার, আমার দুদিন ধরে হালকা গা গরম ভাব ও সর্দি রয়েছে। থার্মোমিটারে তাপমাত্রা ৯৯ বা ১০০-এর কাছাকাছি থাকে, এর বেশি বাড়ছে না।",Routine,Schedule a regular medical consultation
"বৃষ্টিতে ভেজার পর থেকে গা-টা কেমন জানি ম্যাজম্যাজ করছে আর সামান্য একটু জ্বর এসেছে। কোনো কফ বা বুকে ব্যথা নেই, জাস্ট একটু ক্লান্তি লাগছে।",Routine,Schedule a regular medical consultation
রোগীর কোনো একিউট সিস্টেমিক জটিলতা ছাড়াই সামান্য তাপমাত্রা বৃদ্ধি পাওয়ার এবং মৃদু রাইনোরিয়ার লক্ষণ প্রকাশ পাচ্ছে।,Routine,Schedule a regular medical consultation
ইদানীং বিকালের দিকে শরীরটা একটু গরম লাগে আর চোখ-মুখ জ্বালাপোড়া করে। কোনো তীব্র ব্যথা বা ইনফেকশনের লক্ষণ এর মধ্যে নেই।,Routine,Schedule a regular medical consultation
"ডাক্তার বাবু, গত দুদিন ধরে আমার শরীরের তাপমাত্রা কিছুটা বেশি মনে হচ্ছে, থার্মোমিটারে মেপে দেখলাম ১০০ ডিগ্রি উঠেছে। এর সাথে হালকা একটু মাথাব্যথা আর সর্দি আছে, তবে তীব্র কোনো কষ্ট বা শ্বাসকষ্টের মতো সমস্যা নেই।",Routine,Schedule a regular medical consultation
"রোদে ঘোরাঘুরির পর থেকে শরীরটা কেমন জানি খিটখিটে হয়ে আছে আর সামান্য জ্বর জ্বর ভাব লাগছে। কোনো বড় ধরণের ঘা বা শরীরের কোথাও তীব্র পেইন অনুভব করছি না, তবে গা গরম ভাবটা কাটছে না।",Routine,Schedule a regular medical consultation
মানুষের শরীরের স্বাভাবিক তাপমাত্রা বা জ্বর মাপার সঠিক নিয়ম কী?,General Query,"No immediate action required, informational response sufficient"
মানবদেহের বেসাল বডি টেম্পারেচার এবং হাইপারথার্মিয়ার প্রাথমিক ক্লিনিক্যাল পরিমাপ জানতে চাচ্ছি।,General Query,"No immediate action required, informational response sufficient"
সিজনাল জ্বর থেকে বাঁচতে কী কী সতর্কতা নেওয়া উচিত?,General Query,"No immediate action required, informational response sufficient"
জ্বর আসলে মাথায় জলপট্টি দেওয়ার সঠিক নিয়ম কী?,General Query,"No immediate action required, informational response sufficient"
মানুষের শরীর কি সবসময় একদম স্থির তাপমাত্রায় থাকে?,General Query,"No immediate action required, informational response sufficient"
আবহাওয়ার কারণে কি শরীরের তাপমাত্রা ওঠানামা করতে পারে?,General Query,"No immediate action required, informational response sufficient"
আমার গতকাল থেকে হালকা জ্বর এসেছে আর শরীর ম্যাজম্যাজ করছে।,Routine,Schedule a regular medical consultation
ঠাণ্ডা লেগে গা গরম আর মাথা ভারী লাগছে।,Routine,Schedule a regular medical consultation
মৃদু জ্বর আর ক্লান্তি অনুভব করছি।,Routine,Schedule a regular medical consultation
দুই দিন ধরে ৯৯–১০০ ডিগ্রি জ্বর আছে।,Routine,Schedule a regular medical consultation
বৃষ্টিতে ভিজার পর হালকা জ্বর হয়েছে।,Routine,Schedule a regular medical consultation
বিকেলে শরীর একটু গরম লাগে।,Routine,Schedule a regular medical consultation
রোদে ঘোরার পর গা ম্যাজম্যাজ করছে।,Routine,Schedule a regular medical consultation
হালকা জ্বর ও সর্দি লেগে আছে।,Routine,Schedule a regular medical consultation
"মৃদু জ্বর, মাথা ব্যথা ও দুর্বলতা আছে।",Routine,Schedule a regular medical consultation
শরীর গরম লাগে কিন্তু খুব বেশি সমস্যা নেই।,Routine,Schedule a regular medical consultation
কাঁপুনি দিয়ে জ্বর আর বমি হচ্ছে।,Urgent,Seek medical care within 24–48 hours
উচ্চ জ্বর ও তীব্র দুর্বলতা আছে।,Urgent,Seek medical care within 24–48 hours
বাচ্চার ৩ দিন ধরে একটানা জ্বর কমছে না।,Urgent,Seek medical care within 24–48 hours
জ্বরের সাথে র‍্যাশ দেখা দিয়েছে।,Urgent,Seek medical care within 24–48 hours
সপ্তাহ ধরে জ্বর উঠছে আর নামছে।,Urgent,Seek medical care within 24–48 hours
তীব্র জ্বর ও মাথা ব্যথা হচ্ছে।,Urgent,Seek medical care within 24–48 hours
১০৪ ডিগ্রি পর্যন্ত জ্বর উঠছে।,Urgent,Seek medical care within 24–48 hours
তীব্র জ্বর ও শরীর ভেঙে পড়ছে।,Urgent,Seek medical care within 24–48 hours
জ্বরের সাথে জয়েন্টে তীব্র ব্যথা।,Urgent,Seek medical care within 24–48 hours
জ্বরের সাথে খিঁচুনি শুরু হয়েছে!,Emergency,Immediately go to emergency department or call ambulance
১০৫ ডিগ্রি জ্বর আর অজ্ঞান হয়ে গেছে!,Emergency,Immediately go to emergency department or call ambulance
জ্বরের সাথে মুখ বেঁকে গেছে!,Emergency,Immediately go to emergency department or call ambulance
জ্বরের সাথে একপাশ অবশ হয়ে গেছে!,Emergency,Immediately go to emergency department or call ambulance
জ্বরের সাথে বুকে তীব্র ব্যথা!,Emergency,Immediately go to emergency department or call ambulance
বাচ্চার জ্বরের সাথে চোখ উল্টে গেছে!,Emergency,Immediately go to emergency department or call ambulance
জ্বরের সাথে রক্ত পড়া শুরু হয়েছে!,Emergency,Immediately go to emergency department or call ambulance
উচ্চ জ্বর ও অচেতন অবস্থা!,Emergency,Immediately go to emergency department or call ambulance
জ্বরের সাথে শক অবস্থায় আছে!,Emergency,Immediately go to emergency department or call ambulance
"আমার প্রচণ্ড কোষ্ঠকাঠিন্য আর পেটে ব্যথা হচ্ছে, কোনো কাজই করতে পারছি না।",Urgent,Seek medical care within 24–48 hours
"পেট শক্ত হয়ে আছে আর যন্ত্রণায় সোজা হতে পারছি না, প্রাত্যহিক জীবন পুরো থমকে গেছে।",Urgent,Seek medical care within 24–48 hours
রোগী তীব্র কোষ্ঠকাঠিন্য এবং ক্রমবর্ধমান পেটে ব্যথার কারণে দৈনন্দিন কাজে অক্ষমতা প্রকাশ করছেন।,Urgent,Seek medical care within 24–48 hours
কয়েকদিন ধরে আমার মারাত্মক কোষ্ঠকাঠিন্যের সমস্যা হচ্ছে এবং পেটের ভেতরের ব্যথাটা দিন দিন বাড়ছে।,Urgent,Seek medical care within 24–48 hours
পেটটা কেমন জানি শক্ত হয়ে কামড়াচ্ছে আর ক্লিয়ার হচ্ছে না একদমই।,Urgent,Seek medical care within 24–48 hours
লোয়ার অ্যাবডোমেনে তীব্র অস্বস্তি এবং দীর্ঘস্থায়ী কোষ্ঠকাঠিন্যের কম্বিনেশন রোগীর স্বাভাবিক অন্ত্রের কার্যকারিতাকে মারাত্মকভাবে ব্যাহত করছে।,Urgent,Seek medical care within 24–48 hours
পেটের ব্যথায় সারাক্ষণ ছটফট করছি আর কোষ্ঠকাঠিন্যের কারণে অবস্থা আরও খারাপের দিকে যাচ্ছে।,Urgent,Seek medical care within 24–48 hours
গুরুতর কোষ্ঠকাঠিন্য এবং পেটে তীব্র ব্যথার সমস্যায় ভুগছি যা দৈনন্দিন জীবনযাত্রার ওপর মারাত্মক প্রভাব ফেলছে।,Urgent,Seek medical care within 24–48 hours
পেট একদম ক্লিয়ার হচ্ছে না আর তীব্র মোচড় দিয়ে ব্যথা হচ্ছে। সারাদিন স্বাভাবিক কাজ করতে পারছি না।,Urgent,Seek medical care within 24–48 hours
দাঁত ভালো রাখার জন্য দিনে কতবার ব্রাশ করা উচিত?,General Query,No immediate action required
ওরাল হাইজিন বা মুখের স্বাস্থ্য বজায় রাখার বৈজ্ঞানিক উপায়গুলো কী কী?,General Query,No immediate action required
দাঁত স্কেলিং বা পরিষ্কার করালে কি দাঁতের এনামেল ক্ষয় হয়ে যায়?,General Query,No immediate action required
ডেন্টাল ফ্লস ব্যবহারের সঠিক নিয়ম এবং এটি মাড়ির প্লাক দূর করতে কতটা কার্যকরী?,General Query,No immediate action required
মাউথওয়াশ কি প্রতিদিন ব্যবহার করা যাবে নাকি মাঝেমধ্যে ব্যবহার করাই ভালো?,General Query,No immediate action required
নিয়মিত ডেন্টাল চেকআপের জন্য কতদিন পর পর ডাক্তারের কাছে যাওয়া উচিত এবং সাধারণ ওরাল কেয়ার রুটিন কেমন হওয়া দরকার?,General Query,No immediate action required
বাজারে মাউথওয়াশ আর চারকোল টুথপেস্ট ব্যবহার করা কি দাঁতের জন্য নিরাপদ নাকি ক্ষতিকর?,General Query,No immediate action required
ফ্লুরাইডযুক্ত টুথপেস্টের কার্যকারিতা এবং দাঁতের ক্ষয় প্রতিরোধে এর ভূমিকা সম্পর্কে সাধারণ তথ্য কী?,General Query,No immediate action required
"আমার একটা দাঁতে ছোট কালো গর্ত দেখা যাচ্ছে, কোনো ব্যথা নেই।",Routine,Schedule a regular medical consultation
ঠাণ্ডা পানি খেলে দাঁতটা কেমন জানি একটু শিরশির করে ওঠে।,Routine,Schedule a regular medical consultation
"ডেন্টাল ক্যারিস বা মৃদু এনামেল ক্ষয়ের প্রাথমিক লক্ষণ পরিলক্ষিত হচ্ছে, কোনো একিউট পেইন নেই।",Routine,Schedule a regular medical consultation
মিষ্টি জাতীয় কিছু খেলে পেছনের একটা দাঁতে হালকা অস্বস্তি লাগে। কোনো তীব্র ব্যথা বা মাড়ি ফোলা নেই।,Routine,Schedule a regular medical consultation
দুই দাঁতের মাঝখানে খাবার জমে থাকে আর একটু খোঁচা লাগলে সামান্য রক্ত আসে।,Routine,Schedule a regular medical consultation
ওরাল ক্যাভিটিতে সামান্য ক্যালকুলাস জমার কারণে মৃদু জিঞ্জিভাইটিস বা মাড়ির প্রাথমিক সংবেদনশীলতা দেখা গেছে।,Routine,Schedule a regular medical consultation
নিচের মাড়ির একটা দাঁত সামান্য নড়বড়ে লাগছে কিন্তু কোনো চিবানোর ব্যথা নেই।,Routine,Schedule a regular medical consultation
দাঁতের গোড়ায় মরা চামড়ার মতো আস্তরণ জমেছে এবং ঠাণ্ডা পানি লাগলে হালকা শিরশিরানি হয়।,Routine,Schedule a regular medical consultation
"পেছনের দাঁতের কোণা ভেঙে গেছে কিন্তু কোনো ব্যথা, রক্ত বা পুঁজ নেই।",Routine,Schedule a regular medical consultation
"মোলার দাঁতে মৃদু ক্ষয় এবং সারভাইকাল ইরোশনের ইতিহাস রয়েছে, কোনো তীব্র ইনফেকশন নেই।",Routine,Schedule a regular medical consultation
মাড়ি ফুলে লাল হয়ে গেছে আর চাপ দিলে পুঁজ বের হচ্ছে।,Urgent,Seek medical care within 24–48 hours
মাড়িতে তীব্র ইনফেকশন এবং ক্রমবর্ধমান ডেন্টাল পেইন দেখা যাচ্ছে।,Urgent,Seek medical care within 24–48 hours
আক্কেল দাঁত ওঠার পর মাড়ি মারাত্মকভাবে ফুলে শক্ত হয়ে গেছে এবং চিবানো যাচ্ছে না।,Urgent,Seek medical care within 24–48 hours
দাঁতের তীব্র ব্যথায় গাল ও মাথার একপাশ দপদপ করছে এবং ওষুধে কমছে না।,Urgent,Seek medical care within 24–48 hours
তীব্র ডেন্টাল পালপাইটিসের কারণে চিবানোর ক্ষমতা মারাত্মকভাবে ব্যাহত হচ্ছে।,Urgent,Seek medical care within 24–48 hours
ব্রাশ করার সময় মাড়ি থেকে অনবরত রক্ত পড়ছে আর দাঁতের গোড়াগুলো আলগা হয়ে প্রচণ্ড ব্যথা হচ্ছে।,Urgent,Seek medical care within 24–48 hours
পুরনো ফিলিং উঠে যাওয়ার পর দাঁতের ফাঁকে ইনফেকশন হয়ে দুর্গন্ধযুক্ত পুঁজ ও রক্ত বের হচ্ছে।,Urgent,Seek medical care within 24–48 hours
অ্যাক্সিডেন্টে সামনের দাঁত ভেঙে মাড়ি ছিঁড়ে প্রচণ্ড রক্তক্ষরণ হচ্ছে।,Emergency,Immediately go to emergency department or call ambulance
মুখে ভারি আঘাত লেগে চোয়ালের হাড় ভেঙে গেছে এবং রোগী অজ্ঞান হয়ে গেছে।,Emergency,Immediately go to emergency department or call ambulance
গুরুতর ফেসিয়াল ট্রমায় চোয়ালের হাড় ফ্র্যাকচার এবং শ্বাসনালী বন্ধ হওয়ার ঝুঁকি রয়েছে।,Emergency,Immediately go to emergency department or call ambulance
"মুখে আঘাত লেগে ওপরের চোয়াল নড়ে গেছে এবং অবিরাম রক্তক্ষরণ হচ্ছে, শ্বাস নিতে কষ্ট হচ্ছে।",Emergency,Immediately go to emergency department or call ambulance
দাঁত তোলার পর অনবরত রক্তক্ষরণ হচ্ছে এবং রোগী ক্রমশ নিস্তেজ হয়ে যাচ্ছে।,Emergency,Immediately go to emergency department or call ambulance
বাচ্চার মুখ ও গলা মারাত্মকভাবে ফুলে গিয়ে শ্বাস নিতে সমস্যা হচ্ছে।,Emergency,Immediately go to emergency department or call ambulance
মুখে আঘাত লেগে হাড় ভেঙে গেছে এবং প্রচুর রক্তক্ষরণ ও শ্বাসকষ্ট হচ্ছে।,Emergency,Immediately go to emergency department or call ambulance
মুখ ও গলার ইনফেকশন ছড়িয়ে পড়ে শ্বাসনালী বন্ধ হয়ে রোগী নীল হয়ে যাচ্ছে।,Emergency,Immediately go to emergency department or call ambulance
গুরুতর মুখমণ্ডলীয় আঘাতের কারণে শ্বাসনালী সম্পূর্ণ বন্ধ হয়ে যাওয়ার ঝুঁকি তৈরি হয়েছে।,Emergency,Immediately go to emergency department or call ambulance
নাকের ব্ল্যাকহেডস দূর করার সবচেয়ে নিরাপদ ঘরোয়া উপায় কী?,General Query,No immediate action required  informational response sufficient
শীতে বাচ্চাদের নাকে ড্রপ দেওয়ার সঠিক নিয়মটা কী?,General Query,No immediate action required  informational response sufficient
নাসারন্ধ্রের আর্দ্রতা বজায় রাখার বৈজ্ঞানিক উপায়গুলো কী কী?,General Query,No immediate action required  informational response sufficient
নরমাল স্যালাইন ওয়াটার দিয়ে নাক পরিষ্কার করা কি ভালো? কোনো রোগ নেই।,General Query,No immediate action required  informational response sufficient
রোগ ছাড়াই নাকের হাইজিন বজায় রাখতে নাসাল ওয়াশ ব্যবহার করা কতটা যুক্তিযুক্ত?,General Query,No immediate action required  informational response sufficient
নাকের গঠন ও স্বাভাবিক শ্বাস-প্রশ্বাস প্রক্রিয়া সম্পর্কে সাধারণ স্বাস্থ্য নির্দেশিকা কী?,General Query,No immediate action required  informational response sufficient
আমার নাকটা ইদানীং খুব শুষ্ক হয়ে থাকে আর হালকা চুলকায়।,Routine,Schedule a regular medical consultation
নাসাল মিউকোসায় মৃদু শুষ্কতা এবং হালকা অ্যালার্জিক রাইনাইটিসের প্রাথমিক লক্ষণ দৃশ্যমান।,Routine,Schedule a regular medical consultation
ঘুম থেকে উঠলে নাকটা একটু বন্ধ লাগে কিন্তু কিছুক্ষণ পর ঠিক হয়ে যায়।,Routine,Schedule a regular medical consultation
"নাসাল প্যাসেজে কোনো তীব্র অবস্ট্রাকশন বা ইনফেকশন নেই, তবে মৃদু হাইপারট্রফি রয়েছে।",Routine,Schedule a regular medical consultation
"নাকের একপাশে ছোট ফুসকুড়ির মতো হয়েছে, সামান্য খিটখিটে লাগে কিন্তু পুঁজ নেই।",Routine,Schedule a regular medical consultation
নাকের ফুটোয় মরা চামড়ার মতো আস্তরণ জমছে আর হালকা সর্দি সর্দি ভাব আছে।,Routine,Schedule a regular medical consultation
নাকের হাড় সামান্য বাঁকা হওয়ায় মাঝে মাঝে একপাশ ভারী লাগে কিন্তু শ্বাস বন্ধ হয় না।,Routine,Schedule a regular medical consultation
ক্রনিক নাসাল কনজেশন বা দীর্ঘমেয়াদী হালকা নাক বন্ধ থাকার ইতিহাস পাওয়া গেছে।,Routine,Schedule a regular medical consultation
আমার নাকে প্রচণ্ড ব্যথা হচ্ছে আর চারপাশ দপদপ করে মাথা ব্যাথা করছে।,Urgent,Seek medical care within 24–48 hours
নাকের ভেতরটা পুরো ফুলে লাল হয়ে আছে আর দুর্গন্ধযুক্ত হলুদ পুঁজ বের হচ্ছে।,Urgent,Seek medical care within 24–48 hours
রোগীর সাইনাস এরিয়াতে তীব্র ইনফেকশন (Acute Sinusitis) এবং ক্রমবর্ধমান তীব্র নাসাল পেইনের উপস্থিতি বিদ্যমান।,Urgent,Seek medical care within 24–48 hours
নাকের তীব্র ব্যথায় আমার চোখের চারপাশ আর কপাল ভারী হয়ে আছে। কোনো ওষুধ খেয়েও এই দপদপানি কমছে না এবং আমার অফিসের কাজ করা অসম্ভব হয়ে পড়েছে।,Urgent,Seek medical care within 24–48 hours
"তীব্র নাসাল অবস্ট্রাকশনের কারণে রোগীর স্বাভাবিক শ্বাসক্রিয়া এবং দৈনন্দিন কার্যক্ষমতা মারাত্মকভাবে ব্যাহত হচ্ছে, যা দ্রুত ড্রেনেজ বা ক্লিনিক্যাল কভার নির্দেশ করে।",Urgent,Seek medical care within 24–48 hours
সর্দির পর থেকে নাকের ভেতরের চামড়া ছিলে গিয়ে অনবরত কাঁচা রক্ত আসছে আর গোড়াগুলো আলগা হয়ে প্রচণ্ড টনটনানি ব্যথা শুরু হয়েছে।,Urgent,Seek medical care within 24–48 hours
"গতকাল রাত থেকে আমার বাম দিকের নাকের ভেতরে এত তীব্র কামড়ানো ব্যথা শুরু হয়েছে যে আমি এক ফোঁটা ঘুমাতে পারিনি। ব্যথার চোটে আমার গালের একপাশ আর চোখ ফুলে গেছে, স্পর্শ করলেই মনে হচ্ছে হাড় ভেঙে যাবে।",Urgent,Seek medical care within 24–48 hours
রোগীর ওরাল ও নাসাল ক্যাভিটির সংযোগস্থলে তীব্র ব্যাকটেরিয়াল ইনফেকশন বা পুঁজ জমার কারণে লোকাল টিস্যু মারাত্মকভাবে ক্ষতিগ্রস্ত হয়েছে। এই তীব্র ইনফ্লামেশন এবং সেকেন্ডারি ফিভারের কারণে ২৪–৪৮ ঘণ্টার মধ্যে চিকিৎসা প্রয়োজন।,Urgent,Seek medical care within 24–48 hours
"অ্যাক্সিডেন্টে আমার নাকের হাড় ভেঙে ফিনকি দিয়ে রক্ত বেরোচ্ছে, দম নিতে পারছি না!",Emergency,Immediately go to emergency department or call ambulance
ওনার মুখে ভারি আঘাত লেগে নাকটা পুরো চ্যাপ্টা হয়ে গেছে আর উনি অজ্ঞান হয়ে পড়েছেন।,Emergency,Immediately go to emergency department or call ambulance
মারামারির সময় নাকে প্রচণ্ড আঘাত লেগে ভেতরের হাড় পুরোপুরি ডেবে গেছে। অনবরত নাক থেকে গলগল করে রক্ত বেরোচ্ছে এবং আমি তীব্র শ্বাসকষ্ট অনুভব করছি।,Emergency,Immediately go to emergency department or call ambulance
"ওনার নাক দিয়ে অবিরাম রক্তক্ষরণ হচ্ছে, কিছুতেই রক্ত পড়া থামানো যাচ্ছে না এবং উনি ক্রমশ নিস্তেজ হয়ে যাচ্ছেন।",Emergency,Immediately go to emergency department or call ambulance
"তীব্র এপিস্ট্যাক্সিস এবং হাইপোভোলেমিক শকের কারণে রোগীর ভাইটালস আশঙ্কাজনকভাবে হ্রাস পাচ্ছে, যা অত্যন্ত জীবননাশী।",Emergency,Immediately go to emergency department or call ambulance
বাইক থেকে পড়ে মুখের একপাশ থেঁতলে গেছে এবং নাকের হাড় ভেঙে ফুসফুসের দিকে চলে যাওয়ার মতো অবস্থা হয়েছে। প্রচুর রক্তক্ষরণ হচ্ছে এবং তীব্র শ্বাসকষ্ট হচ্ছে।,Emergency,Immediately go to emergency department or call ambulance
"গভীর নাসাল ব্লিডিং অবহেলার কারণে রক্ত জমাট বেঁধে শ্বাসনালী ব্লক হয়ে গেছে। উনি অচেতন হয়ে পড়ছেন, দ্রুত অ্যাম্বুলেন্স দরকার!",Emergency,Immediately go to emergency department or call ambulance
গুরুতর ম্যাক্সিলোফেসিয়াল ইনজুরি এবং অনিয়ন্ত্রিত নাসাল ব্লিডিং এর ফলে শ্বাসনালী সম্পূর্ণ অবরুদ্ধ হওয়ার ঝুঁকি রয়েছে। অবিলম্বে ট্রমা কেয়ার এবং ইন্টুবেশন প্রয়োজন।,Emergency,Immediately go to emergency department or call ambulance
কান পরিষ্কার করার সবচেয়ে নিরাপদ এবং সঠিক ঘরোয়া উপায় কী?,General Query,"No immediate action required, informational response sufficient"
বাচ্চাদের কানে কি সরিষার তেল দেওয়া উচিত নাকি এটা ক্ষতিকর?,General Query,"No immediate action required, informational response sufficient"
কানের পর্দা বা টিম্প্যানিক মেমব্রেনের সুরক্ষায় ওটিসি কটন বাড কতটা ঝুঁকিপূর্ণ?,General Query,"No immediate action required, informational response sufficient"
সাঁতার কাটার সময় কানে পানি ঢোকা বন্ধ করতে কোন ধরণের ইয়ারপ্লাগ ব্যবহার করা ভালো? আমার কানে কোনো রোগ নেই।,General Query,"No immediate action required, informational response sufficient"
হেডফোন দিয়ে প্রতিদিন গান শুনলে কি কানের কোনো ক্ষতি হয়? এই বিষয়ে একটু সঠিক তথ্য দিলে উপকার হতো।,General Query,"No immediate action required, informational response sufficient"
"কানের অভ্যন্তরীণ খৈল বা ওয়্যাক্সের স্বাভাবিক কার্যকারিতা এবং এটি স্বয়ংক্রিয়ভাবে কীভাবে পরিষ্কার হয়, সে বিষয়ে বিস্তারিত জানা প্রয়োজন।",General Query,"No immediate action required, informational response sufficient"
কানে কি কোনো ঘরোয়া ড্রপ দেওয়া যাবে নাকি সবসময় ড্রপ এড়িয়ে চলাই ভালো? জাস্ট জানার জন্য জিজ্ঞেস করছি।,General Query,"No immediate action required, informational response sufficient"
"কানের কোনো ধরণের ব্যথা, কম শোনা বা চুলকানির সমস্যা নেই, আমি সম্পূর্ণ সুস্থ আছি। আমি শুধু জানতে চাচ্ছিলাম কানের হাইজিন মেইনটেইন করার জন্য ডাক্তারের কাছে কতদিন পর পর যাওয়া উচিত?",General Query,"No immediate action required, informational response sufficient"
"ছোট ভাইয়ের কানে অ্যালার্জি বা ঘা নেই, তবে কানের লতিতে ছোট একটা শক্ত দানার মতো দেখা যায়। এটা কি সাধারণ ময়লা নাকি অন্য কিছু, আর এটা দূর করতে কোনো ক্রিম ব্যবহার করা দরকার কি না?",General Query,"No immediate action required, informational response sufficient"
কোনো অডিটরি প্যাথলজি বা কানের বাহ্যিক ইনজুরি ছাড়াই কানের গঠন এবং শ্রবণ প্রক্রিয়া সম্পর্কে সাধারণ তথ্য অনুসন্ধান করা হয়েছে।,General Query,"No immediate action required, informational response sufficient"
আমার কানটা ইদানীং খুব শুষ্ক হয়ে থাকে আর হালকা চুলকায়।,Routine,Schedule a regular medical consultation
"কানের ভেতর কেমন জানি একটু খৈল জমে ভারী হয়ে আছে, কোনো ব্যথা নাই।",Routine,Schedule a regular medical consultation
এক্সটারনাল অডিটরি ক্যানেলে মৃদু শুষ্কতা এবং হালকা ওয়্যাক্স জমার প্রাথমিক লক্ষণ দৃশ্যমান।,Routine,Schedule a regular medical consultation
"গোসল করার পর থেকে কানের ভেতরটা কেমন জানি একটু বন্ধ বন্ধ হয়ে থাকে। কোনো তীব্র ব্যথা বা রক্ত পড়া নেই, তবে কথা শুনলে একটু ভারী লাগে।",Routine,Schedule a regular medical consultation
"হেডফোন দিয়ে কাজ করার সময় কানে সামান্য একটু খিটখিটে ভাব লাগে, কিন্তু কিছুক্ষণ পর আবার এমনিতেই ঠিক হয়ে যায়।",Routine,Schedule a regular medical consultation
"কানের পর্দায় কোনো তীব্র ইনফেকশন বা ফুটা পাওয়া যায়নি, তবে দীর্ঘমেয়াদী মৃদু চুলকানি বা সামান্য চামড়া ওঠার লক্ষণ রয়েছে।",Routine,Schedule a regular medical consultation
"কানের লতির একপাশে একটা ছোট ফুসকুড়ির মতো হয়েছে, হাত দিলে সামান্য অস্বস্তি লাগে কিন্তু কোনো পুঁজ বা তীব্র যন্ত্রণা নেই।",Routine,Schedule a regular medical consultation
কানের ভেতর বেশ কিছুদিন ধরে সামান্য মরা চামড়ার মতো আস্তরণ জমছে আর সকালে হালকা ভারী ভাব হয়। কোনো তীব্র যন্ত্রণায় দৈনন্দিন কাজ ব্যাহত হচ্ছে না।,Routine,Schedule a regular medical consultation
"কানের একপাশে ছোটবেলায় ঘা হয়েছিল, যার কারণে মাঝেমাঝে ঠাণ্ডা লাগলে কানে চুলকানি হয়। কোনো তীব্র পেইন বা পুঁজ নেই।",Routine,Schedule a regular medical consultation
অটোস্কোপিক পরীক্ষায় কানের এক্সটারনাল ক্যানেলে সামান্য শুষ্কতা এবং ফ্ল্যাকিং এর দীর্ঘমেয়াদী ইতিহাস পাওয়া গেছে। কোনো তীব্র ইনফেকশনের লক্ষণ নেই।,Routine,Schedule a regular medical consultation
আমার কানে প্রচণ্ড ব্যথা হচ্ছে আর চারপাশ দপদপ করে মাথা ব্যাথা করছে।,Urgent,Seek medical care within 24–48 hours
কানের ভেতরটা পুরো ফুলে লাল হয়ে আছে আর দুর্গন্ধযুক্ত হলুদ পুঁজ বের হচ্ছে।,Urgent,Seek medical care within 24–48 hours
রোগীর কানের মধ্যবর্তী অংশে তীব্র ইনফেকশন এবং ক্রমবর্ধমান তীব্র কানের ব্যথার উপস্থিতি বিদ্যমান।,Urgent,Seek medical care within 24–48 hours
বাম কানের ভেতর হঠাৎ করে কম শুনছি আর ভোঁ ভোঁ শব্দ হচ্ছে। যন্ত্রণায় সোজা হয়ে বসতে পারছি না আর মাথা ঘুরাচ্ছে।,Urgent,Seek medical care within 24–48 hours
কানের তীব্র ব্যথায় চোয়াল আর ঘাড়ের একপাশ ভারী হয়ে আছে। কোনো ওষুধে ব্যথা কমছে না এবং কাজ করা অসম্ভব হয়ে পড়েছে।,Urgent,Seek medical care within 24–48 hours
তীব্র কানের ইনফ্লামেশনের কারণে শ্রবণক্রিয়া এবং দৈনন্দিন কার্যক্ষমতা মারাত্মকভাবে ব্যাহত হচ্ছে।,Urgent,Seek medical care within 24–48 hours
কটন বাড ব্যবহারের পর কানের ভেতরের চামড়া ছিলে গিয়ে অনবরত কাঁচা রক্ত আসছে আর প্রচণ্ড ব্যথা শুরু হয়েছে।,Urgent,Seek medical care within 24–48 hours
"গতকাল রাত থেকে বাম কানের ভেতরে তীব্র কামড়ানো ব্যথা শুরু হয়েছে। কানের চারপাশ আর গাল ফুলে গেছে, স্পর্শ করলেই ব্যথা বাড়ে।",Urgent,Seek medical care within 24–48 hours
কানের ভেতরে পুরনো ফোঁড়া বা ঘা অবহেলা করার পর মারাত্মক ইনফেকশন হয়েছে। দুর্গন্ধযুক্ত পুঁজ আর রক্ত বেরোচ্ছে এবং মুখ হা করতে পারছি না।,Urgent,Seek medical care within 24–48 hours
মিডল ইয়ারে তীব্র ব্যাকটেরিয়াল ইনফেকশন বা পুঁজ জমার কারণে কানের টিস্যু মারাত্মকভাবে ক্ষতিগ্রস্ত হয়েছে এবং ২৪–৪৮ ঘণ্টার মধ্যে চিকিৎসা প্রয়োজন।,Urgent,Seek medical care within 24–48 hours
গুরুতর হেড ট্রমার কারণে বেসিলার স্কাল ফ্র্যাকচার এবং কান দিয়ে তরল ক্ষরণের লক্ষণ স্পষ্ট।,Emergency,Immediately go to emergency department or call ambulance
ঘুমের মধ্যে কানের ভেতর বড় পোকা ঢুকে কামড়াচ্ছে। ব্যথায় ছটফট করছি এবং কান দিয়ে রক্ত বেরোচ্ছে।,Emergency,Immediately go to emergency department or call ambulance
বাজি ফোটার পর কান দিয়ে অবিরাম রক্তক্ষরণ হচ্ছে এবং রোগী ক্রমশ নিস্তেজ হয়ে যাচ্ছে।,Emergency,Immediately go to emergency department or call ambulance
গুরুতর ট্রমার কারণে কানের বড় রক্তনালী কেটে গেছে এবং হাইপোভোলেমিক শকের ঝুঁকি রয়েছে।,Emergency,Immediately go to emergency department or call ambulance
বাচ্চার কানের ভেতর পুতি বা ব্যাটারি আটকে কান ফুলে নীল হয়ে গেছে এবং তীব্র যন্ত্রণা হচ্ছে।,Emergency,Immediately go to emergency department or call ambulance
"বাইক থেকে পড়ে মাথা থেঁতলে গেছে এবং কানের হাড় ভেঙে মস্তিষ্কের দিকে চলে যাওয়ার মতো অবস্থা হয়েছে, প্রচুর রক্তক্ষরণ হচ্ছে।",Emergency,Immediately go to emergency department or call ambulance
গুরুতর ক্র্যানিওফেসিয়াল ইনজুরি এবং কানের ব্লিডিং এর ফলে কেন্দ্রীয় স্নায়ুতন্ত্র ও ভাইটাল ফাংশন অবরুদ্ধ হওয়ার ঝুঁকি রয়েছে।,Emergency,Immediately go to emergency department or call ambulance
কণ্ঠস্বর ভালো ও পরিষ্কার রাখার জন্য প্রতিদিন কী করা উচিত?,General Query,"No immediate action required, informational response sufficient"
কুসুম গরম পানি দিয়ে গড়গড়া করলে কি গলার রোগ প্রতিরোধ হয়?,General Query,"No immediate action required, informational response sufficient"
ভোকাল কর্ডের হাইপারফাংশন এবং গলার সুরক্ষায় আদা-চায়ের কার্যকারিতা কতটুকু?,General Query,"No immediate action required, informational response sufficient"
অতিরিক্ত ঠাণ্ডা পানি বা আইসক্রিম খেলে কি আসলেই সবার টনসিল বড় হয়ে যায়? এই বিষয়ে একটু সঠিক তথ্য দিলে ভালো হতো।,General Query,"No immediate action required, informational response sufficient"
গলার ল্যারিঙ্কস অংশের স্বাভাবিক গঠন এবং দীর্ঘক্ষণ জোরে কথা বললে স্বরভঙ্গ হওয়ার কারণগুলো বিস্তারিত জানা প্রয়োজন।,General Query,"No immediate action required, informational response sufficient"
গলার ইনফেকশন এড়াতে মাউথওয়াশ দিয়ে গড়গড়া করা কি প্রতিদিন জরুরি নাকি মাঝেমধ্যে করাই ভালো? জাস্ট জানার জন্য।,General Query,"No immediate action required, informational response sufficient"
"ডাক্তার সাহেব, আমার গলা বা টনসিলে কোনো ধরণের ব্যথা, ঢোক গিলতে কষ্ট বা অস্বস্তির সমস্যা নেই, আমি সম্পূর্ণ সুস্থ আছি। আমি শুধু জানতে চাচ্ছিলাম যে কোনো রোগ ছাড়াই গলার সাধারণ সুরক্ষার জন্য বাজারে যে লজেন্সগুলো পাওয়া যায় সেগুলো চোষা কতটা নিরাপদ?",General Query,"No immediate action required, informational response sufficient"
"কোনো ফ্যারিনজিয়াল প্যাথলজি বা ভোকাল কর্ডের ইনজুরি ছাড়াই, গলার এনাটমি এবং থাইরয়েড গ্রন্থির স্বাভাবিক অবস্থান সম্পর্কিত সাধারণ তথ্যের অনুসন্ধান করা হয়েছে। সুস্থ কণ্ঠস্বর ও শ্বাসনালী বজায় রাখার জন্য প্রাথমিক গাইডলাইনই যথেষ্ট।",General Query,"No immediate action required, informational response sufficient"
আমার গলাটা ইদানীং খুব শুষ্ক হয়ে থাকে আর হালকা খুসখুস করে।,Routine,Schedule a regular medical consultation
"বেশি কথা বললে মাঝেমাঝে একটু গলা ভেঙে যায়, কোনো ব্যথা-ট্যাথা নাই।",Routine,Schedule a regular medical consultation
"sir, শীতকাল ছাড়াও ইদানীং আমার গলার ভেতরটা কেমন জানি একটু খিটখিটে হয়ে থাকে। কোনো তীব্র ব্যথা বা ঢোক গিলতে কষ্ট নেই, তবে নিশ্বাস নিলে একটু শুকনো লাগে।",Routine,Schedule a regular medical consultation
"কয়েকদিন ধরে খেয়াল করছি সকালের দিকে গলাটা একটু ভারী বন্ধ বন্ধ লাগে, কিন্তু চা খাওয়ার পর আবার এমনিতেই ঠিক হয়ে যায়।",Routine,Schedule a regular medical consultation
"রোগীর টনসিলে কোনো তীব্র ইনফেকশন বা পুঁজ পাওয়া যায়নি, তবে দীর্ঘমেয়াদী মৃদু ফ্যারিনজিয়াল ইরিটেশন বা সামান্য লালচে ভাব রয়েছে।",Routine,Schedule a regular medical consultation
"গলার বাইরের চামড়ায় একটা ছোট ফুসকুড়ির মতো হয়েছে, হাত দিলে সামান্য একটু খসখসে লাগে কিন্তু কোনো তীব্র যন্ত্রণা বা ঘা নেই।",Routine,Schedule a regular medical consultation
"ডাক্তার সাহেব, আমার গলার ভেতর ডান পাশে বেশ কিছুদিন ধরে সামান্য একটু অস্বস্তি বা চুলকানি ভাব হচ্ছে আর সকালে হালকা একটু খুসখুসে কাশি হয়। কোনো তীব্র যন্ত্রণায় আমার খাওয়া-দাওয়া বা দৈনন্দিন কাজ ব্যাহত হচ্ছে না, তবে সমস্যাটা অনেকদিন ধরে একই রকম আছে।",Routine,Schedule a regular medical consultation
ল্যারিনগোস্কোপিক পরীক্ষায় রোগীর গলার ভেতরের মিউকোসায় সামান্য শুষ্কতা এবং দীর্ঘমেয়াদী মৃদু ইনফ্লামেশনের স্থিতিশীল ইতিহাস পাওয়া গেছে। কোনো তীব্র টনসিলাইটিস বা একিউট অবস্ট্রাকশনের লক্ষণ না থাকায় এটি সাধারণ আউটপেশেন্ট কন্সাল্টেশনের মাধ্যমে চিকিৎসার যোগ্য।,Routine,Schedule a regular medical consultation
আমার গলায় প্রচণ্ড ব্যথা হচ্ছে আর ঢোক গিলতে গেলে কান্না চলে আসে।,Urgent,Seek medical care within 24–48 hours
গলার ভেতর টনসিল ফুলে পুরো লাল হয়ে আছে আর সাদা পুঁজ দেখা যাচ্ছে।,Urgent,Seek medical care within 24–48 hours
রোগীর ফ্যারিনক্সে তীব্র ব্যাকটেরিয়াল ইনফেকশন (Acute Pharyngitis) এবং ক্রমবর্ধমান তীব্র গলা ব্যথার উপস্থিতি বিদ্যমান।,Urgent,Seek medical care within 24–48 hours
"স্যার, আমার গলার ভেতর একটা মাংসপিণ্ড বা গ্ল্যান্ড বেড়ে পুরো একপাশ ব্লক হয়ে গেছে। যন্ত্রণায় আমি থুতুও গিলতে পারছি না আর রাতে মুখ দিয়ে লালা পড়ছে।",Urgent,Seek medical care within 24–48 hours
গলার তীব্র ব্যথায় আমার দুই কান আর ঘাড়ের রগ দপদপ করছে। কোনো ওষুধ খেয়েও এই ভেতরের টনসিলের যন্ত্রণা কমছে না এবং আমার অফিসে কথা বলাই অসম্ভব হয়ে পড়েছে।,Urgent,Seek medical care within 24–48 hours
"কাশির পর থেকে গলার ভেতরের চামড়া ছিলে গিয়ে অনবরত কাঁচা রক্ত আসছে আর থুতু ফেললে রক্ত দেখা যাচ্ছে, সাথে প্রচণ্ড টনটনানি ব্যথা।",Urgent,Seek medical care within 24–48 hours
"ডাক্তার বাবু, গতকাল রাত থেকে আমার গলার ভেতরে এত তীব্র কামড়ানো ব্যথা ও জ্বালাপোড়া শুরু হয়েছে যে আমি এক চুমুক পানিও গিলতে পারিনি। ব্যথার চোটে আমার গলার বাইরের অংশ আর চোয়াল ফুলে গেছে, সামান্য একটু কথা বললেই মনে হচ্ছে ভেতরে সুই ফুটছে, দয়া করে দ্রুত কোনো ব্যবস্থা নিন।",Urgent,Seek medical care within 24–48 hours
"আমার গলার ভেতরের একটা পুরনো ক্ষত বা ফোঁড়া অবহেলা করার পর থেকে ওই জায়গায় মারাত্মক ইনফেকশন হয়ে গেছে। এখন সেখান থেকে দুর্গন্ধযুক্ত পুঁজ আর রক্ত বেরোচ্ছে এবং ব্যথার তীব্রতায় আমি মুখ হা করতে পারছি না, কোনো দৈনন্দিন কাজই ঠিকমতো করা যাচ্ছে না।",Urgent,Seek medical care within 24–48 hours
রোগীর পেরিটনসিলার অংশে তীব্র ইনফেকশন বা পুঁজ জমার (Abscess) কারণে গলার নরম টিস্যু মারাত্মকভাবে ক্ষতিগ্রস্ত হয়েছে। এই তীব্র ইনফ্লামেশন এবং সেকেন্ডারি ফিভার বা উচ্চ জ্বরের উপস্থিতি রোগীর স্বাভাবিক কার্যক্ষমতাকে ব্যাহত করায় পরবর্তী জটিলতা এড়াতে ২৪ থেকে ৪৮ ঘণ্টার মধ্যে চিকিৎসা প্রয়োজন।,Urgent,Seek medical care within 24–48 hours
গুরুতর নেক ট্রমাজনিত কারণে রোগীর ক্যারোটিড আর্টারি (গলার প্রধান রক্তনালী) কেটে যাওয়া এবং তীব্র রেসপিরেটরি ফেইলিউরের লক্ষণ স্পষ্ট।,Emergency,Immediately go to emergency department or call ambulance
"গলার ভেতরের একটা ইনফেকশন হঠাৎ পুরো ঘাড় আর বুকে ছড়িয়ে বেলুনের মতো ফুলে গেছে। উনি এখন এক ফোঁটা বাতাসও ভেতরে টানতে পারছেন না, ছটফট করছেন।",Emergency,Immediately go to emergency department or call ambulance
"বাচ্চাটার গলায় পয়সা বা ছোট খেলনা আটকে পুরো শ্বাস বন্ধ হয়ে আসার উপক্রম হয়েছে, সে নীল হয়ে ছটফট করছে!",Emergency,Immediately go to emergency department or call ambulance
বাইক থেকে ছিটকে পড়ে গলার সামনের অংশ লোহার অ্যাঙ্গেলের সাথে লেগে মারাত্মকভাবে থেঁতলে গেছে এবং শ্বাসনালীর হাড় ভেঙে ডেবে যাওয়ার মতো অবস্থা হয়েছে। প্রচুর রক্তক্ষরণ ও তীব্র শ্বাসকষ্ট রয়েছে।,Emergency,Immediately go to emergency department or call ambulance
গলায় বিষাক্ত পোকা কামড়ানোর পর মারাত্মক অ্যালার্জিক রিঅ্যাকশন হয়ে পুরো শ্বাসনালী ফুলে লক হয়ে গেছে। রোগী অচেতন হয়ে যাচ্ছে এবং শ্বাস বন্ধ হওয়ার উপক্রম।,Emergency,Immediately go to emergency department or call ambulance
গুরুতর সারভাইকাল ট্রমা এবং অনিয়ন্ত্রিত গলার রক্তক্ষরণের ফলে এয়ারওয়ে সম্পূর্ণ অবরুদ্ধ হওয়ার ঝুঁকি রয়েছে। অবিলম্বে জরুরি ট্রমা কেয়ার ও সার্জিক্যাল ইন্টারভেনশন প্রয়োজন।,Emergency,Immediately go to emergency department or call ambulance
জিহ্বা নিয়মিত পরিষ্কার রাখার জন্য টাং স্ক্র্যাপার ব্যবহার করা কি নিরাপদ?,General Query,"No immediate action required, informational response sufficient"
ঝাল খাবার খেলে জিহ্বায় কেন এমন তীব্র অনুভূতির সৃষ্টি হয়?,General Query,"No immediate action required, informational response sufficient"
জিহ্বার উপরিভাগের স্বাদ কুঁড়ি বা টেস্ট বাডগুলোর স্বাভাবিক আয়ুষ্কাল কতদিন?,General Query,"No immediate action required, informational response sufficient"
"স্যার, আমি জানতে চাচ্ছিলাম রোজ সকালে ব্রাশ করার সময় জিহ্বা আলতো করে ঘষা কি ভালো? আমার জিহ্বায় কোনো রোগ বা সমস্যা নেই।",General Query,"No immediate action required, informational response sufficient"
গরম চা খাওয়ার পর জিহ্বা পুড়ে গেলে ঘরোয়াভাবে দ্রুত আরাম পাওয়ার জন্য কী করা যায়?,General Query,"No immediate action required, informational response sufficient"
"জিহ্বার নিচে যে স্বাভাবিক রগগুলো দেখা যায়, সেগুলোর কাজ আসলে কী?",General Query,"No immediate action required, informational response sufficient"
"ডাক্তার সাহেব, আমার জিহ্বা বা মাড়িতে কোনো ধরণের ব্যথা, ঘা বা অস্বস্তির সমস্যা নেই, আমি সম্পূর্ণ সুস্থ আছি। আমি শুধু জানতে চাচ্ছিলাম যে কোনো রোগ ছাড়াই জিহ্বার স্বাভাবিক গোলাপি রঙ বজায় রাখার জন্য প্রতিদিনের ডায়েটে কী ধরণের পরিবর্তন আনা দরকার?",General Query,"No immediate action required, informational response sufficient"
"বাজারে তো অনেক রকমের ওরাল জেল আর টাং ক্লিনার পাওয়া যায়, এগুলো ব্যবহার করা কি আসলেই জিহ্বার স্বাস্থ্যের জন্য নিরাপদ নাকি এতে কোনো ক্ষতি হয়?",General Query,"No immediate action required, informational response sufficient"
"কোনো লিঙ্গুয়াল প্যাথলজি বা এপিথেলিয়াল ড্যামেজ ছাড়াই, জিহ্বার স্বাভাবিক অ্যানাটমি এবং এর পেশীগুলোর কার্যকারিতা সম্পর্কিত সাধারণ তথ্যের অনুসন্ধান করা হয়েছে।",General Query,"No immediate action required, informational response sufficient"
আমার জিহ্বার ওপর ইদানীং পাতলা সাদা রঙের একটা আস্তরণ দেখা যাচ্ছে।,Routine,Schedule a regular medical consultation
"সকালের দিকে জিহ্বাটা কেমন জানি একটু শুষ্ক আর খসখসে লাগে, ব্যথা নাই।",Routine,Schedule a regular medical consultation
ওরাল মিউকোসায় মৃদু শুষ্কতা এবং জিহ্বায় হালকা স্কেলিং বা সাদা আস্তরণের প্রাথমিক লক্ষণ বিদ্যমান।,Routine,Schedule a regular medical consultation
"স্যার, বেশ কিছুদিন ধরে আমার জিহ্বার পেছনের দিকে হালকা একটু খিটখিটে ভাব অনুভব করছি। কোনো তীব্র ব্যথা বা মাড়ি ফোলা নেই, তবে একটু রুক্ষ মনে হয়।",Routine,Schedule a regular medical consultation
কয়েকদিন ধরে লক্ষ্য করছি টক কিছু খেলে জিহ্বার ডগাটা সামান্য একটু শিরশির করে ওঠে।,Routine,Schedule a regular medical consultation
জিহ্বার একপাশে একটা ছোট দাগের মতো হয়েছে যা দেখতে একটু খসখসে লাগে।,Routine,Schedule a regular medical consultation
আমার জিহ্বার আকৃতি ছোটবেলা থেকেই দাঁতের লাইনের সাথে লেগে খাঁজকাটা দেখায়।,Routine,Schedule a regular medical consultation
"ক্লিনিক্যাল পরীক্ষায় জিহ্বার ডরসাল সারফেসে শুষ্কতা এবং দীর্ঘমেয়াদী পরিবর্তন লক্ষ্য করা গেছে, কোনো ইনফেকশন নেই।",Routine,Schedule a regular medical consultation
"মৃগী রোগের খিঁচুনিতে জিহ্বা কেটে ফিনকি দিয়ে রক্ত বেরোচ্ছে, দম আটকে যাচ্ছে!",Emergency,Immediately go to emergency department or call ambulance
"ওনার মুখে ভারি আঘাত লেগে জিহ্বা প্রায় কেটে আলাদা হয়ে গেছে, উনি অজ্ঞান।",Emergency,Immediately go to emergency department or call ambulance
গুরুতর ওরাল ট্রমাজনিত কারণে রোগীর জিহ্বায় ডিপ ল্যাসেরেশন (গভীর ক্ষত) এবং শ্বাসনালী অবরুদ্ধ হওয়ার উচ্চ ঝুঁকি স্পষ্ট।,Emergency,Immediately go to emergency department or call ambulance
"ডাক্তার সাহেব, দুর্ঘটনাবশত তরল এসিড মুখে পড়ে আমার জিহ্বা আর শ্বাসনালী পুরো পুড়ে গেছে। অনবরত মুখ থেকে রক্ত বেরোচ্ছে এবং আমি তীব্র শ্বাসকষ্ট অনুভব করছি।",Emergency,Immediately go to emergency department or call ambulance
"কোনো একটা ওষুধ খাওয়ার পর ওনার জিহ্বা আর ঠোঁট হঠাৎ মারাত্মক ফুলে পুরো মুখ লক হয়ে গেছে। উনি এক ফোঁটা বাতাসও ভেতরে টানতে পারছেন না, ছটফট করছেন।",Emergency,Immediately go to emergency department or call ambulance
একিউট অ্যানাফিল্যাক্সিস (Severe Allergic Reaction) এর ফলে রোগীর জিহ্বা এবং গ্লটিস অতিরিক্ত ফুলে গিয়ে শ্বাসনালী সম্পূর্ণ বন্ধ হওয়ার জীবননাশী উপক্রম হয়েছে।,Emergency,Immediately go to emergency department or call ambulance
বাচ্চাটার খেলার সময় পড়ে গিয়ে দাঁতের নিচে জিহ্বা আটকে মারাত্মকভাবে কেটে গেছে এবং অনবরত গলগল করে রক্ত বেরোচ্ছে!,Emergency,Immediately go to emergency department or call ambulance
"স্যার, বাইক থেকে ছিটকে পড়ে আমার মুখের ভেতরের অংশ মারাত্মকভাবে থেঁতলে গেছে এবং চোয়ালের চাপে জিহ্বার একটা বড় অংশ কেটে মুখ দিয়ে অনবরত ব্লিডিং হচ্ছে। রক্ত শ্বাসনালীতে ঢুকে যাওয়ার কারণে আমি সোজা হয়ে দাঁড়াতে পারছি না আর তীব্র শ্বাসকষ্ট অনুভব করছি।",Emergency,Immediately go to emergency department or call ambulance
"ওনার মুখের ভেতরের একটা গভীর ব্লিডিং অবহেলা করার কারণে হঠাৎ করে রক্ত জমাট বেঁধে পুরো শ্বাসনালী ব্লক হয়ে গেছে। উনি এখন অচেতন হয়ে পড়ছেন, নীল হয়ে যাচ্ছেন এবং সাড়া দিচ্ছেন না।",Emergency,Immediately go to emergency department or call ambulance
"গুরুতর ম্যাক্সিলোফেসিয়াল ইনজুরি এবং অনিয়ন্ত্রিত লিঙ্গুয়াল হেমোরেজের (জিহ্বার রক্তক্ষরণ) ফলে রোগীর এয়ারওয়ে সম্পূর্ণ অবরুদ্ধ হওয়ার তীব্র সংকেত পাওয়া যাচ্ছে। রোগীর জীবন রক্ষার্থে অবিলম্বে জরুরি ট্রমা কেয়ার, ইন্টুবেশন এবং রক্তক্ষরণ নিয়ন্ত্রণমূলক সার্জিক্যাল ইন্টারভেনশন অত্যন্ত আবশ্যক।",Emergency,Immediately go to emergency department or call ambulance
"মুখের কোণায় ঠোসা পইড়া চামড়া উইঠা গেছে, কোনো ব্যথা নাই জাস্ট একটু খসখস করে।",Routine,Schedule a regular medical consultation
"গালের ভেতর দাঁতের ঘষায় কাইটা মারাত্মক ঘা হইছে, ব্যথায় তিন দিন ধরে কিছু খাইতে পারতেছি না।",Urgent,Seek medical care within 24–48 hours
"ওনার মুখে লোহার রড ঢুইকা চোয়াল ভাইঙা ফিনকি দিয়া রক্ত ছুটতাছে, উনি জ্ঞান হারায়া ফেলছেন!",Emergency,Immediately go to emergency department or call ambulance
"ভাই, আমার মুখের ভেতরটা ইদানীং কেমন জানি সারাক্ষণ শুকায়া কাঠ হয়া থাকে। কোনো ঘা বা পেইন নাই, কিন্তু লালা কম বের হওয়ায় কথা বলতে একটু অস্বস্তি লাগে।",Routine,Schedule a regular medical consultation
"ওপরের মাড়ির ভেতরটা ফুইলা লাল হয়া পুঁজ জমছে। ব্যথার চোটে আমার পুরো মাথা আর চোখ দপদপ করতেছে, অফিসের কোনো কাজই ঠিকমতো করতে পারতেছি না।",Urgent,Seek medical care within 24–48 hours
"আমার মুখের ভেতরের নরম চামড়ায় সাদা রঙের একটা আস্তরণ পড়েছে অনেকদিন ধরে। কোনো তীব্র যন্ত্রণা বা ব্লিডিং নেই, তবে শক্ত খাবার খেলে সামান্য একটু খিটখিটে লাগে।",Routine,Schedule a regular medical consultation
"ডাক্তার সাহেব, অনেকদিন ধইরা আমার মুখের ভেতরের চামড়া ছিলে ছিলে যাইতেছে আর একটু ঝাল বা মসলা কড়া খাবার মুখে দিলেই প্রচণ্ড জ্বালাপোড়া শুরু হয়। এই যন্ত্রণার কারণে ইদানীং আমি দুপুরের ভাত পর্যন্ত ঠিকঠাক গিলতে পারতেছি না, দৈনন্দিন জীবন পুরো হেল হয়া গেছে, ভালো একটা ড্রপ বা ওষুধের নাম বলেন।",Urgent,Seek medical care within 24–48 hours
"এক্সিডেন্টের কারণে ওনার মুখের ভেতরের চোয়ালের হাড় একদম গুঁড়া হয়া গেছে আর মুখ দিয়া অনবরত গলগল করে কাঁচা রক্ত বের হইতেছে। অতিরিক্ত রক্ত ক্ষরণের কারণে ওনার শরীর পুরো ঠাণ্ডা হয়া নিস্তেজ হয়া গেছে আর উনি শ্বাস নেওয়ার জন্য ছটফট করতে করতে অচেতন হয়া পড়ছেন, জলদি অ্যাম্বুলেন্স ডাকেন!",Emergency,Immediately go to emergency department or call ambulance
"স্যার, আমি জানতে চাচ্ছিলাম নিয়মিত খাওয়ার পর মুখের ওরাল হাইজিন ভালো রাখার জন্য হালকা গরম পানির সাথে কুসুম লবণ মিশিয়ে কুলকুচা করা কি আসলেই উপকারী? আমার মুখে কোনো রোগ, ইনফেকশন বা ব্যথার সমস্যা নেই, জাস্ট সচেতনতার জন্য তথ্যটা চাচ্ছিলাম।",General Query,"No immediate action required, informational response sufficient"
"ওনার মুখে কী একটা গ্যাস লেগে পুরো মুখমণ্ডল পুইড়া নিশ্বাস বন্ধ হয়া আসতেছে, জলদি বাঁচান!",Emergency,Immediately go to emergency department or call ambulance
"আপা, দুই দিন ধরে আমার ঠোঁটের চারপাশটা কেমন জানি একটু চামড়া উঠে খসখসে হয়া আছে। কোনো তীব্র ব্যথা বা রক্ত পড়া নাই, জাস্ট ভ্যাসলিন লাগাইলে একটু আরাম পাই।",Routine,Schedule a regular medical consultation
মুখের একপাশের মাড়ি ফুইলা বেলুন হয়া আছে আর টিপ দিলে দুর্গন্ধযুক্ত রক্ত আর হলুদ পুঁজ বের হইতেছে। ব্যথার তীব্রতায় আমি রাতে এক ফোঁটাও ঘুমাইতে পারি নাই।,Urgent,Seek medical care within 24–48 hours
"আমার মুখের ভেতরের গালের নরম অংশে একটা ছোট মাংসপিণ্ডের মতো দেখা যাচ্ছে যা দীর্ঘমেয়াদী কিন্তু স্থিতিশীল। ওটাতে কোনো তীব্র যন্ত্রণা, ব্লিডিং বা ক্ষত তৈরি হয়নি।",Routine,Schedule a regular medical consultation
"ওনার মুখের ভেতরের একটা গভীর ব্লিডিং কোনোভাবেই থামানো যাইতেছে না, অলরেডি দুই বালতি রক্ত পইড়া গেছে আর উনি ব্যথার চোটে চোখ উল্টায়ে ফেলতেছেন।",Emergency,Immediately go to emergency department or call ambulance
"ডাক্তার বাবু, আমার মুখের ভেতরের গালের চামড়ায় কয়েকটা সাদা গোল গোল ঘা হইছে আর সেখান থেকে সারাক্ষণ লালা ঝরতাছে। ইদানীং এই ঘায়ের যন্ত্রণায় আমি কোনো খাবার চিবাইতে পারতেছি না, কথা বলতে গেলে জিব আটকে যাইতেছে আর ঘরের কোনো কাজই শান্তিমতো করতে পারতেছি না, খুব বিপদে আছি।",Urgent,Seek medical care within 24–48 hours
"ওনার মুখের ভেতর কোনো একটা মারাত্মক ওষুধ রিঅ্যাকশন কইরা হঠাৎ কইরা পুরো জিব, ঠোঁট আর মুখ ফুইলা লক হয়া গেছে। উনি এখন আর আমাদের কোনো কথার সাড়াশব্দ করতে পারতেছেন না, এক ফোঁটা বাতাসও ভেতরে টানতে পারতেছেন না আর পুরো শরীর নীল হয়া অবশ হয়া যাইতেছে, ইমিডিয়েটলি অ্যাম্বুলেন্স দরকার!",Emergency,Immediately go to emergency department or call ambulance
"কোনো ওরাল প্যাথলজি বা ডেন্টাল ইনফেকশন ছাড়াই, মুখের লালা গ্রন্থি বা স্যালাইভারি গ্ল্যান্ডের স্বাভাবিক ক্ষরণ প্রক্রিয়া এবং এর পরিপাক ক্ষমতা সম্পর্কিত সাধারণ তথ্যের অনুসন্ধান করা হয়েছে। মুখের সুস্থতা বজায় রাখার জন্য প্রাথমিক স্বাস্থ্য নির্দেশিকাই যথেষ্ট।",General Query,"No immediate action required, informational response sufficient"
"মুখের ভেতরটা খসখসে লাগে আর কেমন জানি ছাল উইঠা আইতাছে, কোনো পেইন নাই।",Routine,Schedule a regular medical consultation
"মুখের ভেতরের আলজিভটা ফুইলা টকটকে লাল হয়া আছে, যন্ত্রণায় থুতুও গিলতে পারতেছি না।",Urgent,Seek medical care within 24–48 hours
"অ্যাক্সিডেন্টে ওনার ওপরের চোয়াল পুরোপুরি ভাইঙা মুখমণ্ডল রক্তে ভেসে যাইতেছে, উনি নিস্তেজ!",Emergency,Immediately go to emergency department or call ambulance
"ভাইয়া, ইদানীং বেশি সুপারি খাইলেই আমার মুখের চামড়াটা কেমন জানি একটু শক্ত আর খসখসে মনে হয়। মুখে কোনো বড় কাটাছেঁড়া বা পুঁজ নাই, জাস্ট একটু খিটখিটে লাগে।",Routine,Schedule a regular medical consultation
"মুখের ভেতর একটা পুরনো ক্ষত অবহেলা করার কারণে এখন মারাত্মক ইনফেকশন হয়া দুর্গন্ধ ছড়াইতেছে। ব্যথার তীব্রতায় আমি মুখ হা করতে পারতেছি না, জান একদম শেষ।",Urgent,Seek medical care within 24–48 hours
"আমার মুখের ভেতরের ওপরের তালুর চামড়া গরম চা খাওয়ার পর থেকে সামান্য একটু ছিলে গিয়ে আলগা হয়ে আছে। কোনো গভীর ঘা বা তীব্র রক্তপাত নেই, জাস্ট খেতে গেলে একটু খসখস করে।",Routine,Schedule a regular medical consultation
বাচ্চাটার মুখের ভেতর খেলার ধারালো প্লাস্টিক ঢুইকা গালের রগ কাইটা ফিনকি দিয়া রক্ত ছুটতাছে! বাচ্চাটা ব্যথার চোটে চিৎকার করতে করতে একদম নেতিয়ে পড়ছে।,Emergency,Immediately go to emergency department or call ambulance
"ডাক্তার সাহেব, আমার মুখের ভেতরের মাড়িগুলো হঠাৎ খুব আলগা হয়া গেছে আর একটু শক্ত কিছু চিবাইতে গেলেই অনবরত কাঁচা রক্ত বের হয়ে আসে। সেই সাথে দাঁতের গোড়াগুলো প্রচণ্ড টনটনানি ব্যথায় দপদপ করে, যার কারণে আমি গত দুই দিন ধরে অফিসে কোনো মনোযোগই দিতে পারতেছি না।",Urgent,Seek medical care within 24–48 hours
"ওনার মুখের ভেতরের একটা গভীর ইনফেকশন বা ফোঁড়া ফেটে হঠাৎ করে রক্ত আর পুঁজ শ্বাসনালীর ভেতর ঢুইকা পুরো এয়ারওয়ে ব্লক হয়া গেছে। উনি এখন আর দম নিতে পারতেছেন না, মুখ পুরোপুরি হা হয়া লক হয়া গেছে আর উনি চোখ উল্টায়ে বিছানায় অচেতন হয়া পইড়া আছেন, দ্রুত লাইফ সাপোর্ট অ্যাম্বুলেন্স দিন!",Emergency,Immediately go to emergency department or call ambulance
"গলার ভেতর টনসিল ফুইলা টকটকে লাল হয়া পুঁজ জমছে, ব্যথায় থুতুও গিলতে পারতেছি না।",Urgent,Seek medical care within 24–48 hours
"গলায় ধারালো কাচ লেগে রগ কাইটা ফিনকি দিয়া রক্ত ছুটতাছে, উনি জ্ঞান হারায়া ফেলছেন!",Emergency,Immediately go to emergency department or call ambulance
"ভাই, আমার গলাটা ইদানীং কেমন জানি সারাক্ষণ শুষ্ক আর খিটখিটে হয়া থাকে। কোনো ঘা বা পেইন নাই, কিন্তু ধুলোবালিতে গেলে একটু খুসখুসে কাশি ওঠে।",Routine,Schedule a regular medical consultation
দুই দিন ধরে গলার ভেতরের রগগুলো ফুইলা কেমন জানি টনটন করতাছে। ব্যথার তীব্রতায় কানের ভেতর দপদপ করে আর অফিসে কথা বলাই মুশকিল হয়া গেছে।,Urgent,Seek medical care within 24–48 hours
"ডাক্তার সাহেব, চার-পাঁচ দিন ধইরা আমার গলার ভেতর প্রচণ্ড কামড়ানো ব্যথা আর কেমন জানি একটা জ্বালাপোড়া ভাব লেগেই আছে। কড়া কোনো ঝাল বা শক্ত খাবার মুখে দিয়া গিলতে গেলেই মনে হয় গলায় সুই ফুটতাছে, যার কারণে ইদানীং আমি দুপুরের ভাত পর্যন্ত ঠিকঠাক খাইতে পারতেছি না, খুব কষ্টে আছি।",Urgent,Seek medical care within 24–48 hours
"এক্সিডেন্টের কারণে ওনার গলার সামনের শ্বাসনালীর হাড় একদম ভাইঙা ডেবে গেছে আর মুখ-গলা দিয়া অনবরত গলগল করে কাঁচা রক্ত বের হইতেছে। অতিরিক্ত রক্ত ক্ষরণের কারণে ওনার শরীর পুরো ঠাণ্ডা হয়া নিস্তেজ হয়া গেছে আর উনি শ্বাস নেওয়ার জন্য ছটফট করতে করতে অচেতন হয়া পড়ছেন, জলদি অ্যাম্বুলেন্স ডাকেন!",Emergency,Immediately go to emergency department or call ambulance
"স্যার, আমি জানতে চাচ্ছিলাম নিয়মিত গলার সুরক্ষায় আর কণ্ঠস্বর পরিষ্কার রাখার জন্য হালকা কুসুম গরম পানির সাথে আদার রস মিশিয়ে খাওয়া কি আসলেই বিজ্ঞানসম্মত? আমার গলায় কোনো রোগ, ইনফেকশন বা ব্যথার সমস্যা নেই, জাস্ট সচেতনতার জন্য তথ্যটা চাচ্ছিলাম।",General Query,"No immediate action required, informational response sufficient"
"সকালে ঘুম থেকে উঠলে বুকটা একটু কফ জইমা ভারী লাগে, তবে কোনো ব্যথা বা শ্বাসকষ্ট নাই।",Routine,Schedule a regular medical consultation
"কয়েকদিন ধরে বুক জ্বালাপোড়া করে আর টক ঢেঁকুর ওঠে, এখন গলার কাছটা পুরো টনটন করতেছে।",Urgent,Seek medical care within 24–48 hours
ওনার বুকে একটা ধারালো লোহার টুকরা ঢুকে প্রচুর রক্তক্ষরণ হইতেছে আর উনি দম না পেয়ে নীল হয়া যাইতেছেন!,Emergency,Immediately go to emergency department or call ambulance
"আপা, দুই দিন ধরে আমার বুকের বাইরের চামড়াটা কেমন জানি একটু এলার্জির মতো লাল হয়া খসখসে হয়া আছে। কোনো তীব্র ব্যথা বা ভেতরগত পেইন নাই।",Routine,Schedule a regular medical consultation
বুকের ভেতরের একটা পুরনো কাশির সমস্যা অবহেলা করার কারণে এখন তীব্র জ্বর আসছে আর কফ বের করার সময় গলার গোড়ায় প্রচণ্ড ব্যথা লাগতাছে।,Urgent,Seek medical care within 24–48 hours
"ওনার বুকে হঠাৎ কড়া একটা পেইন উইঠা কোনোভাবেই কমানো যাইতেছে না, শরীর ঠাণ্ডা হয়া গেছে আর উনি ব্যথার চোটে চোখ উল্টায়ে নিস্তেজ হয়া পড়ছেন।",Emergency,Immediately go to emergency department or call ambulance
"ডাক্তার বাবু, আমার বুকের ঠিক মাঝখানে কয়েকদিন ধরে কেমন জানি একটা মোচড় দেওয়া ব্যথা আর অনবরত একটা অস্বস্তি হইতাছে। ইদানীং এই যন্ত্রণার কারণে আমি কোনো শক্ত খাবার বা পানি পর্যন্ত গিলতে ভয় পাচ্ছি, শুইতে গেলেই বুক ধড়ফড় করে আর ঘরের কোনো কাজই শান্তিমতো করতে পারতেছি না।",Urgent,Seek medical care within 24–48 hours
"কারখানার একটা বিষাক্ত ধোঁয়া বা গ্যাস ভুল করে ওনার ফুসফুসের ভেতর চইলা যাওয়ায় পুরো বুক আর শ্বাসনালী ফুইলা অবরুদ্ধ হয়া গেছে। উনি এখন আর আমাদের কোনো কথার সাড়াশব্দ করতে পারতেছেন না, এক ফোঁটা বাতাসও ভেতরে টানতে পারতেছেন না আর পুরো শরীর অবশ হয়া যাইতেছে।",Emergency,Immediately go to emergency department or call ambulance
"এক সপ্তাহ ধরে বুকের ডান পাশে সামান্য একটু অস্বস্তি লাগে, তবে গভীর কোনো পেইন বা শ্বাসকষ্ট নাই।",Routine,Schedule a regular medical consultation
মারামারির সময় ওনার বুকে জোরে আঘাত লাগার পর থেকে মুখ দিয়ে গলগল করে রক্ত আসতেছে আর উনি নিস্তেজ হয়া পড়ছেন!,Emergency,Immediately go to emergency department or call ambulance
আমার বুকের দুপাশে মাঝে মাঝে সামান্য একটু মাংসপেশীর টান লাগার মতো অনুভূতি হয় যা বিশ্রামে থাকলে পুরোপুরি ঠিক হয়ে যায় অনেকদিন যাবৎ।,Routine,Schedule a regular medical consultation
বাচ্চাটা খেলার সময় মেঝের একটা ছোট খেলনার অংশ গিলে ফেলায় সেটা শ্বাসনালীতে আটকে পুরো দম বন্ধ হয়া আসার উপক্রম হইছে আর বাচ্চাটা নীল হয়া যাইতেছে!,Emergency,Immediately go to emergency department or call ambulance
"ডাক্তার সাহেব, আমার বুকের ভেতরের দিকে হঠাৎ খুব ছিলে যাওয়ার মতো অনুভূতি হইতাছে আর একটু জোরে কফ বা কাশি দিলেই অনবরত কাঁচা রক্ত বের হয়ে আসে। সেই সাথে পাঁজরের গোড়াগুলো প্রচণ্ড টনটনানি ব্যথায় দপদপ করে, যার কারণে আমি গত দুই দিন ধরে অফিসে মনোযোগ দিতে পারতেছি না।",Emergency,Immediately go to emergency department or call ambulance
"ওনার বুকের ভেতরের একটা গভীর ক্ষতের কারণে হঠাৎ করে রক্ত আর পুঁজ শ্বাসনালীর ভেতর ঢুইকা পুরো এয়ারওয়ে ব্লক হয়া গেছে। উনি এখন আর এক ফোঁটা দমও নিতে পারতেছেন না, মুখ পুরোপুরি হা হয়া লক হয়া গেছে আর উনি চোখ উল্টায়ে বিছানায় অচেতন হয়া পইড়া আছেন, দ্রুত লাইফ সাপোর্ট অ্যাম্বুলেন্স দিন!",Emergency,Immediately go to emergency department or call ambulance
"ডাক্তার বাবু, আমার বুক, ফুসফুস বা হার্টে কোনো ধরণের ব্যথা, ঘা, রক্ত পড়া বা শ্বাসকষ্টের সমস্যা নেই, আমি পুরোপুরি সুস্থ আছি। আমি শুধু জানতে চাচ্ছিলাম যে হাই ব্লাড প্রেসার বা বুকের কোনো রোগ এড়াতে প্রতিদিনের খাদ্যতালিকায় কেমন পরিবর্তন আনা প্রয়োজন?",General Query,"No immediate action required, informational response sufficient"
"পেটের ডান পাশে হঠাৎ খুব তীব্র মোচড় দিয়া ব্যথা শুরু হইছে, ব্যথায় সোজা হয়া দাঁড়াইতে পারতেছি না।",Urgent,Seek medical care within 24–48 hours
ওনার পেটে ধারালো কিছুর আঘাত লেগে নাড়িভুঁড়ি বের হয়া অনবরত রক্তক্ষরণ হইতেছে আর উনি অজ্ঞান হয়া পড়ছেন!,Emergency,Immediately go to emergency department or call ambulance
"ভাই, আমার পেটটা ইদানীং কেমন জানি সারাক্ষণ একটু খিটখিটে বা ফাঁপা ফাঁপা লাগে। কোনো তীব্র ব্যথা বা বমি নাই, জাস্ট সকালে টয়লেটে গেলে ক্লিয়ার হইতে চায় না।",Routine,Schedule a regular medical consultation
আমার পেটের চামড়ার ওপর একটা ছোট তিল বা আঁচিলের মতো দেখা যাচ্ছে যা অনেকদিনের কিন্তু পুরোপুরি স্থির। ওটাতে কোনো তীব্র চুলকানি বা রস পড়ার সমস্যা নেই।,Routine,Schedule a regular medical consultation
"ওনার পেটে প্রচণ্ড ব্যথার সাথে অনবরত কালো কাদার মতো রক্ত বমি হইতেছে, শরীর পুরো বরফ হয়া গেছে আর উনি একদম নিস্তেজ হয়া পড়ছেন।",Emergency,Immediately go to emergency department or call ambulance
"ডাক্তার সাহেব, চার-পাঁচ দিন ধইরা আমার পেটের বাম পাশে কামড়ানো ব্যথা আর কেমন জানি একটা অস্বস্তিকর ভারী ভাব লেগেই আছে। কড়া কোনো কাজ করতে বা ভারী কিছু তুলতে গেলেই মনে হয় ভেতরের রগে টান লাগতাছে, যার কারণে ইদানীং আমি রাতের বেলা ঠিকঠাক ঘুমাইতে পারতেছি না।",Urgent,Seek medical care within 24–48 hours
"স্যার, আমি জানতে চাচ্ছিলাম নিয়মিত লিভার ও পেটের সার্বিক কার্যক্ষমতা ভালো রাখার জন্য এবং হজম প্রক্রিয়া ঠিক রাখতে প্রতিদিন সকালে খালি পেটে পর্যাপ্ত পানি খাওয়া কি আসলেই বিজ্ঞানসম্মত? আমার পেটে কোনো রোগ, অস্বস্তি বা ব্যথার সমস্যা নেই, জাস্ট সচেতনতার জন্য তথ্যটা চাচ্ছিলাম।",General Query,"No immediate action required, informational response sufficient"
"সকালে ঘুম থেকে উঠলে পেটটা একটু মোচড় দিয়া ভারী লাগে, তবে কোনো তীব্র ব্যথা বা বমি ভাব নাই।",Routine,Schedule a regular medical consultation
"আপা, দুই দিন ধরে আমার পেটের বাইরের চামড়াটা কেমন জানি একটু এলার্জির মতো লাল হয়া খসখসে হয়া আছে। কোনো তীব্র ব্যথা বা ভেতরগত পেইন নাই।",Routine,Schedule a regular medical consultation
পেটের ভেতরের একটা পুরনো ব্যথার সমস্যা অবহেলা করার কারণে এখন তীব্র জ্বর আসছে আর তলপেটে চাপ দিলে প্রচণ্ড চিৎকার বের হয়া আসতাছে।,Urgent,Seek medical care within 24–48 hours
আমার মাঝে মাঝে ভারী খাবার বা তেল-চর্বিযুক্ত খাবার খাওয়ার পর পেট একটু ফেঁপে যাওয়ার ইতিহাস রয়েছে যা দীর্ঘমেয়াদী কিন্তু কোনো ক্রমবর্ধমান তীব্র পেইন এর সাথে জড়িত নেই।,Routine,Schedule a regular medical consultation
"ওনার পেটে হঠাৎ কড়া একটা পেইন উইঠা কোনোভাবেই কমানো হইতেছে না, অলরেডি শরীর পুরো নিস্তেজ হয়া গেছে আর উনি ব্যথার চোটে চোখ উল্টায়ে অজ্ঞান হয়া পড়ছেন।",Emergency,Immediately go to emergency department or call ambulance
"ডাক্তার বাবু, আমার পেটের ঠিক মাঝখানে কয়েকদিন ধরে কেমন জানি একটা মোচড় দেওয়া ব্যথা আর অনবরত একটা অস্বস্তি হইতাছে। ইদানীং এই যন্ত্রণার কারণে আমি কোনো শক্ত খাবার বা পানি পর্যন্ত গিলতে ভয় পাচ্ছি, শুইতে গেলেই পেট কামড়ায় আর ঘরের কোনো কাজই শান্তিমতো করতে পারতেছি না।",Urgent,Seek medical care within 24–48 hours
"কোনো একটা ক্ষতিকারক কেমিক্যাল বা বিষাক্ত জিনিস ভুল করে ওনার পেটে চইলা যাওয়ায় পুরো পাকস্থলী ছিঁড়ে মারাত্মক অভ্যন্তরীণ রক্তক্ষরণ শুরু হয়ে গেছে। উনি এখন আর আমাদের কোনো কথার সাড়াশব্দ করতে পারতেছেন না, মুখ দিয়া কাঁচা রক্ত বের হইতেছে আর পুরো শরীর অবশ হয়া যাইতেছে, ইমিডিয়েটলি অ্যাম্বুলেন্স দরকার!",Emergency,Immediately go to emergency department or call ambulance
"কোনো গ্যাস্ট্রো-ইনটেস্টাইনাল প্যাথলজি বা পেটের মাংসপেশীর বড় ইনজুরি ছাড়াই, পেটের এনাটমি এবং হজম প্রক্রিয়ার স্বাভাবিক মেটাবলিজম সম্পর্কিত সাধারণ তথ্যের অনুসন্ধান করা হয়েছে। পেটের সার্বিক সুস্থতা বজায় রাখার জন্য প্রাথমিক স্বাস্থ্য নির্দেশিকাই যথেষ্ট।",General Query,"No immediate action required, informational response sufficient"
"এক সপ্তাহ ধরে পেটের ডান পাশে সামান্য একটু অস্বস্তি লাগে, তবে গভীর কোনো পেইন বা বমি নাই।",Routine,Schedule a regular medical consultation
মারামারির সময় ওনার পেটে জোরে লাথি লাগার পর থেকে অনবরত রক্ত বমি হইতেছে আর উনি নিস্তেজ হয়া পড়ছেন!,Emergency,Immediately go to emergency department or call ambulance
"ভাইয়া, ইদানীং বেশি ঠাণ্ডা খাবার খাইলেই আমার পেটটা কেমন জানি একটু সর্দি সর্দি লাগে আর কামড়ায়। পেটে কোনো তীব্র কষ্ট বা বড় পেইন নাই।",Routine,Schedule a regular medical consultation
পেটের ভেতর একটা পুরনো আমাশয়ের সমস্যা অনেক বেড়ে এখন দম ছাড়ার সময় কেমন মোচড় দেয় আর সাথে আমযুক্ত রক্ত বের হইতেছে।,Urgent,Seek medical care within 24–48 hours
আমার পেটের দুপাশে মাঝে মাঝে সামান্য একটু মাংসপেশীর টান লাগার মতো অনুভূতি হয় যা বিশ্রামে থাকলে পুরোপুরি ঠিক হয়ে যায় অনেকদিন যাবৎ।,Routine,Schedule a regular medical consultation
বাচ্চাটা খেলার সময় মেঝের একটা ছোট ধারালো লোহার পিন গিলে ফেলায় সেটা পেটের ভেতর আটকে প্রচুর রক্তক্ষরণ হইতেছে আর বাচ্চাটা নীল হয়া যাইতেছে!,Emergency,Immediately go to emergency department or call ambulance
"ওনার পেটের ভেতরের একটা গভীর ক্ষতের কারণে হঠাৎ করে মারাত্মক ইন্টারনাল ব্লিডিং শুরু হয়া রক্ত সংবহনতন্ত্র ব্লক হয়া গেছে। উনি এখন আর এক ফোঁটা দমও নিতে পারতেছেন না, মুখ পুরোপুরি হা হয়া লক হয়া গেছে আর উনি চোখ উল্টায়ে বিছানায় অচেতন হয়া পইড়া আছেন, দ্রুত লাইফ সাপোর্ট অ্যাম্বুলেন্স দিন!",Emergency,Immediately go to emergency department or call ambulance
"ডাক্তার বাবু, আমার পেট, পাকস্থলী বা লিভারে কোনো ধরণের ব্যথা, ঘা, রক্ত পড়া বা অস্বস্তির সমস্যা নেই, আমি পুরোপুরি সুস্থ আছি। আমি শুধু জানতে চাচ্ছিলাম যে পেটের মেদ বা চর্বি কমাতে প্রতিদিনের খাদ্যতালিকায় কেমন পরিবর্তন আনা প্রয়োজন?",General Query,"No immediate action required, informational response sufficient"
"চামড়াটা কয়েকদিন ধরে কেমন জানি একটু খসখসে লাগে, চুলকানি বা ব্যথা নাই।",Routine,Schedule a regular medical consultation
আগুনে ওনার পুরো শরীর গভীরভাবে পুইড়া চামড়া ছিলে গেছে আর উনি একদম অচেতন!,Emergency,Immediately go to emergency department or call ambulance
"রোদে গেলে ইদানীং মুখের ত্বকটা কেমন রুক্ষ লাগে। কোনো লালচে ভাব, ফুলা বা ব্যথা ছাড়াই জাস্ট একটু টান টান হয়ে থাকে, ময়েশ্চারাইজার দিলে কমে।",Routine,Schedule a regular medical consultation
পায়ের পাতায় একটা গভীর ক্ষত দেখা দিছে আর সেখান থেকে অনবরত হলুদ পুঁজ বের হইতাছে। ব্যথার কারণে সোজা হয়া দাঁড়াইতে বা জুতা পরতে পারতেছি না।,Urgent,Seek medical care within 24–48 hours
আমার হাতের চামড়ার ওপর একটা কালচে রঙের ছোট দাগ দেখা যাচ্ছে যা অনেকদিন ধরে একই রকম আছে। ওটাতে কোনো চুলকানি বা রস পড়ার সমস্যা নেই।,Routine,Schedule a regular medical consultation
"ওনার মুখে ক্ষতিকারক এসিড পইড়া চামড়া গভীরভাবে পুইড়া ক্ষত তৈরি হইছে, কাঁচা রক্ত বের হইতেছে আর উনি শ্বাস নিতে পারতেছেন না।",Emergency,Immediately go to emergency department or call ambulance
"বেশ কিছুদিন ধরে দুই হাতের কনুইয়ের চামড়ায় লাল চাকা চাকা উইঠা প্রচণ্ড চুলকাইতেছে আর কেমন জানি একটা খিটখিটে অস্বস্তি লেগেই আছে। রাতে বিছানায় গেলেই চুলকানির তীব্রতা আরও বাড়ে, যার কারণে শান্তিমতো একটু ঘুমাইতেও পারতেছি না।",Urgent,Seek medical care within 24–48 hours
"একটা কড়া ইনজেকশন দেওয়ার কিছুক্ষণ পর থেকে ওনার গায়ের চামড়া ফোসকা পইড়া উইঠা যাইতেছে। তীব্র এলার্জিক শকের কারণে ওনার হাত-পা ঠাণ্ডা হয়ে গেছে, নিশ্বাস নিতে পারতেছেন না আর উনি বিছানায় ছটফট করতে করতে অচেতন হয়া পড়ছেন।",Emergency,Immediately go to emergency department or call ambulance
"ত্বক সুস্থ রাখতে এবং শীতকালীন শুষ্কতা কমানোর জন্য ঘরোয়া উপায়ে তৈরি কোনো তেল বা ময়েশ্চারাইজার ব্যবহার করা কি নিরাপদ? আমার চামড়ায় কোনো ইনফেকশন, ক্ষত বা ব্যথার সমস্যা নেই, সাধারণভাবে জানার জন্য জিজ্ঞেস করলাম।",General Query,"No immediate action required, informational response sufficient"
বুড়ো আঙুলের নখের কোণায় চামড়া উইঠা লাল হয়া ফুলছে আর চাপ দিলেই পুঁজ বের হইতেছে।,Urgent,Seek medical care within 24–48 hours
"ফুটন্ত গরম পানি পইড়া বাচ্চার পিঠের চামড়া ছিলে গেছে, অনবরত কাঁচা রস পড়তেছে আর ও নিস্তেজ হয়া গেছে।",Emergency,Immediately go to emergency department or call ambulance
"গলার পেছনের চামড়াটা ইদানীং কেমন খসখসে লাগে আর একটু আলগা চামড়া ওঠে। কোনো চুলকানি, ফুলা বা তীব্র অস্বস্তি এর সাথে নাই।",Routine,Schedule a regular medical consultation
উরুর ভেতরের চামড়ায় একটা পুরনো ক্ষত অবহেলা করার কারণে এখন খুব ছিলে গেছে আর তীব্র জ্বরের সাথে চামড়াটা কেমন টনটন করতাছে।,Urgent,Seek medical care within 24–48 hours
দুই পায়ের তলার চামড়ায় ছোট ছোট ফোসকা পইড়া তীব্র জ্বালা করতাছে আর হাঁটতে গেলেই কেমন জানি মোচড় দিয়া ওঠে।,Urgent,Seek medical care within 24–48 hours
"কারখানার একটা ক্ষতিকারক কেমিক্যাল স্প্রে ওনার হাত আর বুকের ত্বকে পইড়া চামড়া গভীরভাবে পুইড়া গেছে। উনি এখন আর আমাদের কোনো কথার সাড়াশব্দ করতে পারতেছেন না, তীব্র শ্বাসকষ্ট শুরু হইছে আর শরীর পুরো দুর্বল হয়া অবশ হয়ে যাচ্ছে।",Emergency,Immediately go to emergency department or call ambulance
"কোনো ডার্মাটোলজিক্যাল সমস্যা বা এপিথেলিয়াল টিস্যুর ইনজুরি ছাড়াই, মানবদেহের ত্বকের স্বাভাবিক আর্দ্রতা ধরে রাখার মেকানিজম সম্পর্কিত তথ্যের অনুসন্ধান করা হয়েছে। কোনো ব্যথা বা ক্ষত ব্যতীত সাধারণ সচেতনতার জন্য প্রাথমিক স্বাস্থ্য নির্দেশিকাই যথেষ্ট।",General Query,"No immediate action required, informational response sufficient"
"পেটের চামড়ায় সামান্য একটু খসখসে ভাব লাগে, কোনো পেইন, লালচে ভাব বা চুলকানি নাই।",Routine,Schedule a regular medical consultation
হাতের তালুর চামড়া হঠাৎ লাল হয়া ফোসকা উইঠা গেছে আর ব্যথার চোটে আঙুল নাড়াইতে পারতেছি না।,Urgent,Seek medical care within 24–48 hours
"ধারালো অস্ত্রের আঘাতে ওনার পিঠের চামড়া কেটে গভীর ক্ষত তৈরি হইছে, প্রচুর রক্তক্ষরণে উনি অজ্ঞান!",Emergency,Immediately go to emergency department or call ambulance
কোমরের একপাশের একটা পুরনো ক্ষতের অংশ দ্রুত বাড়তেছে আর এখন সেখান থেকে কেমন দুর্গন্ধযুক্ত ঘন পুঁজ আর কাঁচা রক্ত বের হইতেছে।,Urgent,Seek medical care within 24–48 hours
"বাচ্চাটার গায়ে গরম তরকারি পইড়া পুরো বুক আর পেটের চামড়া গভীরভাবে পুইড়া গেছে আর বাচ্চাটা ব্যথার চোটে শ্বাস নিতে পারতেছে না, শরীর নীল হয়া আসতেছে।",Emergency,Immediately go to emergency department or call ambulance
কুঁচকির ভেতরের চামড়া হঠাৎ খুব ছিলে যাওয়ার মতো অনুভূতি হইতাছে আর একটু হাঁটতে গেলেই অনবরত কাঁচা রস বের হয়ে আসে।,Urgent,Seek medical care within 24–48 hours
"ওনার ত্বকের ভেতরের একটা পুরনো ক্ষতের বিষাক্ত উপাদান রক্তে ছড়াইয়া তীব্র রেসপিরেটরি ফেইলিউর শুরু হইছে। উনি এখন আর এক ফোঁটা দমও নিতে পারতেছেন না, হাত-পা ঠাণ্ডা হয়ে গেছে আর উনি চোখ উল্টায়ে বিছানায় অচেতন হয়া পইড়া আছেন।",Emergency,Immediately go to emergency department or call ambulance
"রোদে পোড়া দাগ বা সানবার্ন এড়াতে এবং দৈনিক যত্ন হিসেবে কেমন সানস্ক্রিন বা স্কিন ক্রিম ব্যবহার করা প্রয়োজন? আমার চামড়ায় কোনো রোগ, চুলকানি, পুঁজ বা ব্যথার সমস্যা নেই, জাস্ট জানার জন্য চাচ্ছিলাম।",General Query,"No immediate action required, informational response sufficient"
বগলের নিচে হঠাৎ বড় একটা শক্ত দানা উইঠা লাল হয়া আছে আর প্রচণ্ড টনটনানি ব্যথা করতাছে।,Urgent,Seek medical care within 24–48 hours
বজ্রপাতে ওনার পিঠের পুরো চামড়া গভীরভাবে পুইড়া ছিলে গেছে আর উনি ছটফট করতে করতে জ্ঞান হারাইছেন!,Emergency,Immediately go to emergency department or call ambulance
"ইদানীং রোদে গেলে মুখের চামড়াটা কেমন জানি একটু টান টান লাগে। কোনো তীব্র লালচে ভাব, ফুলা বা পুঁজ নাই, জাস্ট রুক্ষ লাগে।",Routine,Schedule a regular medical consultation
দুই দিন ধরে কানের পেছনের চামড়ায় কেমন জানি একটা তীব্র ব্যথাদায়ক ক্ষত দেখা দিছে আর হাত দিলেই প্রচণ্ড কষ্ট হয় ও ঘাড় নাড়ানো যায় না।,Urgent,Seek medical care within 24–48 hours
"ওনার পায়ে ক্ষতিকারক এসিড পইড়া পুরো পায়ের চামড়া ছিলে গভীর ক্ষত তৈরি হইছে, অনবরত রক্তক্ষরণে হাত-পা ঠাণ্ডা হয়ে উনি চোখ উল্টায়ে ফেলছেন।",Emergency,Immediately go to emergency department or call ambulance
"ওনার পুরো শরীরে হঠাৎ কোনো বিষাক্ত পাতার রস লাগার পর চামড়া উইঠা অনবরত কাঁচা রক্ত বের হইতেছে। তীব্র অ্যালার্জিক কোল্যাপ্সের কারণে ওনার শরীর পুরো নিস্তেজ হয়া গেছে আর উনি শ্বাস নেওয়ার জন্য ছটফট করতে করতে অচেতন হয়া পড়ছেন, জলদি অ্যাম্বুলেন্স ডাকেন!",Emergency,Immediately go to emergency department or call ambulance
"শীতকালে ত্বকের শুষ্কতা দূর করার জন্য এবং স্বাভাবিক যত্ন হিসেবে বাজারে যে বডি লোশনগুলো পাওয়া যায়, সেগুলো ব্যবহার করা কি নিরাপদ? আমার চামড়ায় কোনো রোগ বা ইনফেকশন নেই, জাস্ট সাধারণ তথ্যের জন্য চাচ্ছিলাম।",General Query,"No immediate action required, informational response sufficient"
"এক সপ্তাহ ধরে নখের কোণার চামড়াটা একটু আলগা হয়া খসখসে লাগে, কোনো পেইন বা ফুলা নাই।",Routine,Schedule a regular medical consultation
"ওনার শরীরে ফুটন্ত কেমিক্যাল পইড়া পুরো বুক আর পেটের চামড়া পুইড়া গেছে, উনি দম না পেয়ে নিস্তেজ হয়া পড়েছেন!",Emergency,Immediately go to emergency department or call ambulance
"পায়ের পাতার চামড়া ইদানীং কেমন জানি সারাক্ষণ একটু খসখসে হয়া থাকে। কোনো ঘা, চুলকানি বা পেইন নাই, জাস্ট একটু রুক্ষ লাগে।",Routine,Schedule a regular medical consultation
আমার পিঠের চামড়ার ওপর একটা ছোট সাদা রঙের ছোপ দেখা যাচ্ছে যা অনেকদিনের কিন্তু পুরোপুরি স্থির। ওটাতে কোনো তীব্র চুলকানি বা রস পড়ার সমস্যা নেই।,Routine,Schedule a regular medical consultation
"ওনার মুখমণ্ডলে কড়া এসিড লেগে পুরো গালের চামড়া ছিলে গভীর ক্ষত তৈরি হইছে, শ্বাসনালী অবরুদ্ধ হয়া উনি যন্ত্রণায় অবশ হয়া নিস্তেজ হয়া পড়ছেন।",Emergency,Immediately go to emergency department or call ambulance
"বয়সের সাথে সাথে ত্বকের কুঁচকে যাওয়া বা চামড়ার ভাঁজ পড়া রোধ করতে প্রতিদিনের খাদ্যতালিকায় কেমন পরিবর্তন আনা প্রয়োজন বা কোনো ঘরোয়া উপায় আছে কি? আমার মুখ বা চামড়ায় কোনো ধরণের ব্যথা, ঘা বা চুলকানির সমস্যা নেই, সাধারণভাবে জানার জন্য প্রশ্নটা করলাম।",General Query,"No immediate action required, informational response sufficient"
চুল ধোয়ার পর মাথার ত্বক একটু শুষ্ক লাগে কিন্তু কোনো ক্ষত নেই।,Routine,Schedule a regular medical consultation
"চুলে সামান্য রুক্ষতা দেখা যাচ্ছে, তেল দিলে ঠিক হয়ে যায়।",Routine,Schedule a regular medical consultation
মাথার একপাশে তীব্র চুলকানি আর লাল দাগ দেখা দিছে।,Urgent,Seek medical care within 24–48 hours
"চুলের গোড়ায় ব্যথা আর টনটন করছে, ছুঁলেই কষ্ট হয়।",Urgent,Seek medical care within 24–48 hours
হঠাৎ করে চুল অনেক জায়গায় পড়ে যাচ্ছে আর মাথায় জ্বালা করছে।,Urgent,Seek medical care within 24–48 hours
স্ক্যাল্পে পুঁজ বের হচ্ছে এমন ইনফেকশন দেখা দিছে।,Urgent,Seek medical care within 24–48 hours
কেমিক্যাল ডাই দেওয়ার পর মাথার ত্বক ফোসকা পড়ে গেছে আর জ্বালা করছে।,Urgent,Seek medical care within 24–48 hours
হেয়ার স্ট্রেইটনারের কেমিক্যাল লাগার পর স্ক্যাল্প পুড়ে গেছে মনে হচ্ছে।,Urgent,Seek medical care within 24–48 hours
চুল আঁচড়াতে গেলে গোড়া থেকে রক্ত বের হচ্ছে আর ব্যথা হচ্ছে।,Urgent,Seek medical care within 24–48 hours
চুলের গোড়ায় শক্ত গুটি উঠেছে আর চাপ দিলে ব্যথা করে।,Urgent,Seek medical care within 24–48 hours
স্ক্যাল্পে ছত্রাকের মতো দাগ দেখা যাচ্ছে আর চুল ভেঙে যাচ্ছে।,Urgent,Seek medical care within 24–48 hours
স্ক্যাল্পে কেমিক্যাল বার্ন হয়ে ত্বক উঠে যাচ্ছে আর রক্ত বের হচ্ছে।,Emergency,Immediately go to emergency department or call ambulance
হঠাৎ মাথা ফুলে গেছে আর শরীরে এলার্জি র‍্যাশ ছড়িয়ে পড়ছে।,Emergency,Immediately go to emergency department or call ambulance
চুলে বিষাক্ত কিছু লাগার পর মাথা ঘুরে অচেতন হয়ে গেছে।,Emergency,Immediately go to emergency department or call ambulance
চুল শুকনো আর রুক্ষ লাগে কিন্তু কোনো চুলকানি বা ব্যথা নেই।,Routine,Schedule a regular medical consultation
মাঝে মাঝে হালকা খুশকি হয় কিন্তু কোনো ইনফেকশন নেই।,Routine,Schedule a regular medical consultation
চুল কিছুটা পাতলা মনে হচ্ছে বয়সজনিত কারণে।,Routine,Schedule a regular medical consultation
চুল ধীরে ধীরে সাদা হয়ে যাচ্ছে কিন্তু কোনো সমস্যা নেই।,Routine,Schedule a regular medical consultation
হঠাৎ করে বড় বড় চুল পড়া শুরু হয়েছে এবং মানসিক চাপ বেড়েছে।,Urgent,Seek medical care within 24–48 hours
চুলের গোড়ায় ব্যথা আর ছোট পুঁজ ভর্তি দানা উঠেছে।,Urgent,Seek medical care within 24–48 hours
স্ক্যাল্পে কেমিক্যাল স্পিল হয়ে ত্বক পুড়ে গেছে আর ব্যক্তি দুর্বল হয়ে পড়েছে।,Emergency,Immediately go to emergency department or call ambulance
হঠাৎ মাথার ত্বক থেকে রক্ত পড়ছে আর অজ্ঞান হয়ে গেছে।,Emergency,Immediately go to emergency department or call ambulance
চুলের কেমিক্যাল এক্সপোজারে পুরো স্ক্যাল্পে বার্ন হয়ে গেছে।,Emergency,Immediately go to emergency department or call ambulance
"চিরুনি দিয়ে মাথা আঁচড়াইলে ইদানীং বেশ কিছু চুল উইঠা আসে, চামড়ায় কোনো ব্যথা বা ঘা নাই।",Routine,Schedule a regular medical consultation
মাথার তালুর একপাশে ছোট ছোট ফোসকা উইঠা প্রচণ্ড চুলকাইতেছে আর চামড়া লাল হয়া পেইন করতাছে।,Urgent,Seek medical care within 24–48 hours
ফ্যাক্টরির কেমিক্যাল পইড়া ওনার পুরো মাথার চুলসহ স্কাল্প পুইড়া গেছে আর উনি ব্যথায় অচেতন!,Emergency,Immediately go to emergency department or call ambulance
"কয়েকদিন ধইরা মাথার ত্বকটা কেমন জানি অতিরিক্ত শুষ্ক আর খসখসে হয়া থাকে। কোনো বড় ঘা বা তীব্র চুলকানি নাই, জাস্ট হালকা মরা চামড়া ওঠে।",Routine,Schedule a regular medical consultation
দুই দিন ধরে মাথার ভেতরের দিকে কেমন জানি একটা তীব্র ব্যথাদায়ক ফোঁড়া দেখা দিছে আর সেখান থেকে হলুদ পুঁজ বের হইতাছে। ব্যথার চোটে আমি রাতে একটুও ঘুমাইতে পারতেছি না।,Urgent,Seek medical care within 24–48 hours
মাথার ত্বকের পেছনের অংশে একটা ছোট কালচে দাগ আছে যা অনেকদিন ধরে একই রকম আছে। কোনো চুলকানি বা রস পড়ার সমস্যা নেই।,Routine,Schedule a regular medical consultation
"ওনার মাথায় মারাত্মক ক্ষতিকারক তরল পইড়া স্কাল্পের চামড়া গভীরভাবে পুইড়া ক্ষত তৈরি হইছে, কাঁচা রক্ত বের হইতেছে আর উনি শ্বাস নিতে পারতেছেন না।",Emergency,Immediately go to emergency department or call ambulance
সারা মাথায় প্রচণ্ড খিটখিটে অস্বস্তির সাথে খুশকি হইতেছে আর নখ দিয়া চুলকাইতে গেলে অনবরত কাঁচা রস বের হয়া আসে।,Urgent,Seek medical care within 24–48 hours
"চুলের স্বাভাবিক বৃদ্ধি ও স্কাল্প কেয়ার নিয়ে সাধারণ তথ্য জানতে চাওয়া হয়েছে, কোনো রোগ নেই।",General Query,"No immediate action required, informational response sufficient"
চুলের গোড়ায় পুঁজসহ ইনফেকশন দেখা দিছে আর দুর্গন্ধ বের হচ্ছে।,Urgent,Seek medical care within 24–48 hours
ফুটন্ত তেল পইড়া স্কাল্প পুড়ে গেছে আর রোগী নিস্তেজ।,Emergency,Immediately go to emergency department or call ambulance
চুলের আগা ফেটে রুক্ষ হয়ে গেছে কিন্তু ব্যথা নাই।,Routine,Schedule a regular medical consultation
পুরনো স্কাল্প ক্ষতে জ্বর এসেছে আর তীব্র ব্যথা হচ্ছে।,Urgent,Seek medical care within 24–48 hours
রডের আঘাতে মাথা ফেটে প্রচুর রক্ত পড়ছে।,Emergency,Immediately go to emergency department or call ambulance
স্কাল্পে ফোসকা উঠেছে আর হাঁটাচলায় সমস্যা হচ্ছে ব্যথার কারণে।,Urgent,Seek medical care within 24–48 hours
চুলের ফলিকল সম্পর্কে সাধারণ তথ্য জানতে চাওয়া হয়েছে।,General Query,"No immediate action required, informational response sufficient"
কপালে চুলের লাইনে ফোসকা উঠেছে আর ব্যথা করছে।,Urgent,Seek medical care within 24–48 hours
মারামারিতে মাথা কেটে রক্তক্ষরণ হচ্ছে।,Emergency,Immediately go to emergency department or call ambulance
রোদে চুল রুক্ষ লাগে কিন্তু কোনো ক্ষত নেই।,Routine,Schedule a regular medical consultation
পুরনো ক্ষত থেকে পুঁজ ও দুর্গন্ধ বের হচ্ছে।,Urgent,Seek medical care within 24–48 hours
চুলের যত্ন নিয়ে সাধারণ প্রশ্ন করা হয়েছে।,General Query,"No immediate action required, informational response sufficient"
বাচ্চার মাথায় গরম তরল পড়ে স্কাল্প পুড়ে গেছে।,Emergency,Immediately go to emergency department or call ambulance
স্কাল্পে কাঁচা রস বের হওয়া ক্ষত হয়েছে।,Urgent,Seek medical care within 24–48 hours
স্কাল্পে রক্তে সংক্রমণ ছড়িয়ে অচেতন অবস্থা।,Emergency,Immediately go to emergency department or call ambulance
চুলের কন্ডিশনার ব্যবহার নিরাপদ কিনা জানতে চাওয়া হয়েছে।,General Query,"No immediate action required, informational response sufficient"
মাথার চামড়া শুকনো লাগে কোনো সমস্যা নেই।,Routine,Schedule a regular medical consultation
কানের ওপরে শক্ত দানা উঠেছে আর ব্যথা করছে।,Urgent,Seek medical care within 24–48 hours
পেছনের মাথায় তীব্র ব্যথাদায়ক ক্ষত হয়েছে।,Urgent,Seek medical care within 24–48 hours
খুশকি দূর করার শ্যাম্পু নিয়ে সাধারণ প্রশ্ন।,General Query,"No immediate action required, informational response sufficient"
"কয়েকদিন ধইরা খেয়াল করতেছি মাথার ত্বকটা কেমন জানি অতিরিক্ত শুষ্ক আর খসখসে হয়া থাকে। কোনো বড় ঘা বা তীব্র চুলকানি নাই, জাস্ট হালকা একটু মরা চামড়া ওঠে।",Routine,Schedule a regular medical consultation
আমার মাথার ত্বকের পেছনের অংশে একটা ছোট কালচে রঙের দাগ দেখা যাচ্ছে যা অনেকদিন ধরে একই রকম আছে। ওটাতে কোনো চুলকানি বা রস পড়ার সমস্যা নেই।,Routine,Schedule a regular medical consultation
"বেশ কিছুদিন ধরে সারা মাথায় প্রচণ্ড খিটখিটে অস্বস্তির সাথে খুশকি হইতেছে আর নখ দিয়া চুলকাইতে গেলে অনবরত কাঁচা রস বের হয়া আসে। এই যন্ত্রণার কারণে সারাক্ষণ মাথা দপদপ করে, যার কারণে গত দুই দিন ধরে আমি অফিসে বা কোনো কাজেই ঠিকঠাক মনোযোগ দিতে পারতেছি না।",Urgent,Seek medical care within 24–48 hours
"মাথায় একটা কড়া হেয়ার ডাই বা কালার লাগানোর কিছুক্ষণ পর থেকে ওনার পুরো স্কাল্প ফুইলা গেছে। তীব্র অ্যালার্জিক শকের কারণে ওনার হাত-পা ঠাণ্ডা হয়ে গেছে, নিশ্বাস নিতে পারতেছেন না আর উনি বিছানায় ছটফট করতে করতে অচেতন হয়া পড়ছেন।",Emergency,Immediately go to emergency department or call ambulance
"শ্যাম্পু করার পর মাথার চামড়াটা কেমন জানি একটু রুক্ষ আর টান টান লাগে, কোনো পেইন নাই।",Routine,Schedule a regular medical consultation
ওনার মাথায় ফুটন্ত গরম তেল পইড়া পুরো স্কাল্পের চামড়া পুইড়া ছিলে গেছে আর উনি ব্যথায় নিস্তেজ হয়া পড়ছেন!,Emergency,Immediately go to emergency department or call ambulance
স্কাল্পের একপাশে একটা পুরনো চুলকানির ক্ষত অবহেলা করার কারণে এখন তীব্র জ্বর আসছে আর মাথায় হাত দিলেই প্রচণ্ড টনটনানি ব্যথা লাগতাছে।,Urgent,Seek medical care within 24–48 hours
"ওনার মাথায় একটা ধারালো রডের আঘাত লেগে গভীর ক্ষত তৈরি হইছে আর ফিনকি দিয়া রক্ত পড়া কোনোভাবেই থামানো যাইতেছে না, উনি দুর্বল হয়ে নিস্তেজ হয়ে পড়েছেন।",Emergency,Immediately go to emergency department or call ambulance
মাথার ত্বকের একপাশে ছোট ছোট ফোসকা পইড়া তীব্র জ্বালা করতাছে আর চুল আঁচড়াইতে গেলেই কেমন জানি মোচড় দিয়া ওঠে। এই যন্ত্রণার কারণে গত দুই দিন ধরে আমি সোজা হয়া দাঁড়াইতে পারতাছি না আর ঘরের স্বাভাবিক কোনো কাজকর্মও শান্তিমতো করতে পারতেছি না।,Urgent,Seek medical care within 24–48 hours
"কোনো ডার্মাটোলজিক্যাল সমস্যা বা স্কাল্প টিস্যুর ইনজুরি ছাড়াই, মানবদেহের চুলের গোড়ার স্বাভাবিক পুষ্টি এবং ফলিকলের বৃদ্ধি ধরে রাখার মেকানিজম সম্পর্কিত তথ্যের অনুসন্ধান করা হয়েছে। কোনো ব্যথা বা ক্ষত ব্যতীত সাধারণ সচেতনতার জন্য প্রাথমিক স্বাস্থ্য নির্দেশিকাই যথেষ্ট।",General Query,"No immediate action required, informational response sufficient"
"এক সপ্তাহ ধরে মাথার চামড়ায় সামান্য একটু খসখসে ভাব লাগে, কোনো পেইন বা লালচে ভাব নাই।",Routine,Schedule a regular medical consultation
কপালে চুলের লাইনের কাছে হঠাৎ লাল হয়া ফোসকা উইঠা গেছে আর ব্যথার চোটে চোখ মেলতে পারতেছি না।,Urgent,Seek medical care within 24–48 hours
"মারামারির সময় ওনার মাথায় ধারালো কাটারি লেগে গভীর ক্ষত তৈরি হইছে, প্রচুর রক্তক্ষরণে উনি অজ্ঞান!",Emergency,Immediately go to emergency department or call ambulance
"কড়া রোদে বেশিক্ষণ থাকলে মাথার চামড়াটা কেমন জানি একটু রুক্ষ আর টান টান মনে হয়। মাথায় কোনো কাটাছেঁড়া, পুঁজ বা ফুলা নাই।",Routine,Schedule a regular medical consultation
মাথার তালুর একটা পুরনো ক্ষতের অংশ দ্রুত বাড়তেছে আর এখন সেখান থেকে কেমন দুর্গন্ধযুক্ত ঘন পুঁজ আর কাঁচা রক্ত বের হইতেছে।,Urgent,Seek medical care within 24–48 hours
আমার চুলের গোড়ায় মাঝে মাঝে সামান্য একটু শুষ্কতা বা চামড়া ওঠার মতো অনুভূতি হয় যা তেল লাগালে পুরোপুরি ঠিক হয়ে যায় অনেকদিন যাবৎ।,Routine,Schedule a regular medical consultation
"মাথার ত্বকের ভেতরের চামড়া হঠাৎ খুব ছিলে যাওয়ার মতো অনুভূতি হইতাছে আর একটু হাত দিলেই অনবরত কাঁচা রস বের হয়ে আসে। চারপাশের গোড়াগুলো প্রচণ্ড টনটনানি ব্যথায় দপদপ করে, যার কারণে আমি সোজা হয়া বসতে বা মাথা নাড়াইতে পারতেছি না।",Urgent,Seek medical care within 24–48 hours
"ওনার মাথার ভেতরের একটা পুরনো ক্ষতের বিষাক্ত উপাদান রক্তে ছড়াইয়া তীব্র রেসপিরেটরি ফেইলিউর শুরু হইছে। উনি এখন আর এক ফোঁটা দমও নিতে পারতেছেন না, হাত-পা ঠাণ্ডা হয়ে গেছে আর উনি চোখ উল্টায়ে বিছানায় অচেতন হয়া পইড়া আছেন।",Emergency,Immediately go to emergency department or call ambulance
"অসময়ে চুল পেকে যাওয়া রোধ করতে এবং দৈনিক যত্ন হিসেবে কেমন শ্যাম্পু বা কন্ডিশনার ব্যবহার করা প্রয়োজন? আমার মাথার ত্বকে কোনো রোগ, চুলকানি, পুঁজ বা ব্যথার সমস্যা নেই, জাস্ট জানার জন্য চাচ্ছিলাম।",General Query,"No immediate action required, informational response sufficient"
"কয়েকদিন ধরে মাথার একপাশের চামড়া একটু শুকনো লাগে, কোনো ব্যথা বা চুলকানি নাই।",Routine,Schedule a regular medical consultation
কানের ওপরে স্কাল্পে হঠাৎ বড় একটা শক্ত দানা উইঠা লাল হয়া আছে আর প্রচণ্ড টনটনানি ব্যথা করতাছে।,Urgent,Seek medical care within 24–48 hours
"সেলুনে চুল কাটার পর থেকে মাথার চামড়াটা কেমন জানি একটু খসখসে লাগে। কোনো তীব্র লালচে ভাব, ফুলা বা পুঁজ নাই, জাস্ট রুক্ষ লাগে।",Routine,Schedule a regular medical consultation
দুই দিন ধরে মাথার পেছনের চামড়ায় কেমন জানি একটা তীব্র ব্যথাদায়ক ক্ষত দেখা দিছে আর হাত দিলেই প্রচণ্ড কষ্ট হয় ও ঘাড় নাড়ানো যায় না।,Urgent,Seek medical care within 24–48 hours
"চুলের খুশকি দূর করার জন্য এবং স্বাভাবিক যত্ন হিসেবে বাজারে যে অ্যান্টি-ড্যানড্রাফ সলিউশনগুলো পাওয়া যায়, সেগুলো দীর্ঘমেয়াদে ব্যবহার করা কি নিরাপদ? আমার স্কাল্পে কোনো রোগ, ইনফেকশন, ক্ষত বা ব্লিডিং নেই, জাস্ট সাধারণ তথ্যের জন্য চাচ্ছিলাম।",General Query,"No immediate action required, informational response sufficient"
ইদানীং শরীরে অল্পতেই ক্লান্ত লাগতেছে আর হরমোনাল পরিবর্তন নিয়ে চিন্তা হচ্ছে।,Routine,Schedule a regular medical consultation
মুড বারবার পরিবর্তন হচ্ছে আর মানসিক অস্থিরতা বাড়তেছে।,Routine,Schedule a regular medical consultation
মাসিক অনিয়মিত হচ্ছে কিন্তু খুব বেশি ব্যথা নেই।,Routine,Schedule a regular medical consultation
হঠাৎ ওজন একটু বেড়ে গেছে আর শরীর আগের মতো ফিট লাগছে না।,Routine,Schedule a regular medical consultation
চুল আগের তুলনায় একটু বেশি ঝরে যাচ্ছে হরমোনের কারণে হতে পারে।,Routine,Schedule a regular medical consultation
মাসিক খুব দেরিতে হচ্ছে আর তলপেটে হালকা ব্যথা হচ্ছে।,Urgent,Seek medical care within 24–48 hours
হঠাৎ মুখে বেশি ব্রণ উঠছে আর হরমোন ইমব্যালেন্স মনে হচ্ছে।,Urgent,Seek medical care within 24–48 hours
ঘন ঘন মাথা ঘুরছে আর হরমোন সমস্যা সন্দেহ হচ্ছে।,Urgent,Seek medical care within 24–48 hours
মাসিক বন্ধ হয়ে গেছে আর শরীর অস্বাভাবিক লাগছে।,Urgent,Seek medical care within 24–48 hours
থাইরয়েড হরমোন কমে যাওয়ার মতো লক্ষণ দেখা দিচ্ছে।,Urgent,Seek medical care within 24–48 hours
হঠাৎ শরীরে গরম লাগা ও ঘাম বেশি হচ্ছে।,Urgent,Seek medical care within 24–48 hours
বুক ধড়ফড় করছে আর হরমোন সমস্যা হতে পারে।,Urgent,Seek medical care within 24–48 hours
হরমোনজনিত শকে শ্বাস নিতে কষ্ট হচ্ছে আর অচেতন হয়ে যাচ্ছে।,Emergency,Immediately go to emergency department or call ambulance
হঠাৎ শরীর ফুলে গেছে আর এলার্জিক রিঅ্যাকশন হচ্ছে।,Emergency,Immediately go to emergency department or call ambulance
হরমোন ইনজেকশনের পর মারাত্মক রিঅ্যাকশন হয়েছে।,Emergency,Immediately go to emergency department or call ambulance
হরমোনাল ক্রাইসিসে রক্তচাপ খুব কমে গেছে।,Emergency,Immediately go to emergency department or call ambulance
হরমোন ব্যালান্স সম্পর্কে সাধারণ তথ্য জানতে চাওয়া হয়েছে।,General Query,"No immediate action required, informational response sufficient"
কিভাবে হরমোন ঠিক রাখা যায় জানতে চাওয়া হয়েছে।,General Query,"No immediate action required, informational response sufficient"
খাদ্যাভ্যাস দিয়ে হরমোন নিয়ন্ত্রণ সম্ভব কিনা প্রশ্ন।,General Query,"No immediate action required, informational response sufficient"
স্ট্রেস হরমোন সম্পর্কে সাধারণ তথ্য চাওয়া হয়েছে।,General Query,"No immediate action required, informational response sufficient"
PCOS সম্পর্কে সাধারণ ধারণা জানতে চাওয়া হয়েছে।,General Query,"No immediate action required, informational response sufficient"
হরমোন টেস্ট কিভাবে করা হয় জানতে চাওয়া হয়েছে।,General Query,"No immediate action required, informational response sufficient"
টেস্টোস্টেরন কমে গেলে কি হয় জানতে চাওয়া হয়েছে।,General Query,"No immediate action required, informational response sufficient"
ইস্ট্রোজেন হরমোন সম্পর্কে তথ্য চাওয়া হয়েছে।,General Query,"No immediate action required, informational response sufficient"
থাইরয়েড হরমোন কী কাজ করে জানতে চাওয়া হয়েছে।,General Query,"No immediate action required, informational response sufficient"
হরমোন ইনব্যালেন্সের লক্ষণ কী কী জানতে চাওয়া হয়েছে।,General Query,"No immediate action required, informational response sufficient"
ইদানীং খাওয়া-দাওয়া কম করলেও গায়ের ওজনটা কেমন জানি একটু একটু বেইড়া যাইতেছে।,Routine,Schedule a regular medical consultation
শরীর সারাক্ষণ অলস লাগে আর হাত-পা এত কাঁপে যে গ্লাস ধইরা পানিও খাইতে পারতেছি না।,Urgent,Seek medical care within 24–48 hours
ওনার বুকের ভেতরটা প্রচণ্ড ধড়ফড় করে নিশ্বাস বন্ধ হয়া আসতেছে আর উনি বিছানায় অচেতন!,Emergency,Immediately go to emergency department or call ambulance
কয়েক মাস ধরে খেয়াল করতাছি কোনো কারণ ছাড়াই গায়ের চামড়া অতিরিক্ত খসখসে আর রুক্ষ হয়া যাইতেছে। কোনো তীব্র পেইন বা চুলকানি ছাড়াই জাস্ট একটু টান টান হয়ে থাকে।,Routine,Schedule a regular medical consultation
দুই দিন ধরে মেজাজটা এত খিটখিটে হয়া আছে আর শরীর দুর্বল লাগে যে বিছানা থেকে উঠতেই ইচ্ছা করে না। এই ক্লান্তির কারণে অফিসে কোনো কাজই করতে পারতেছি না।,Urgent,Seek medical care within 24–48 hours
আমার গলার সামনের দিকের চামড়াটা সামান্য একটু ফোলা মনে হচ্ছে যা অনেকদিন ধরে একই রকম স্থির আছে। ওটাতে কোনো তীব্র ব্যথা বা গিলতে কষ্ট হওয়ার সমস্যা নেই।,Routine,Schedule a regular medical consultation
"ওনার শরীরের ভেতরের তাপমাত্রা হঠাৎ তীব্র বেইড়া মারাত্মক জ্বর আসছে, হাত-পা ঠাণ্ডা হয়ে রেসপিরেটরি ফেইলিউর শুরু হইছে আর উনি নিস্তেজ হয়া পড়ছেন।",Emergency,Immediately go to emergency department or call ambulance
"বেশ কিছুদিন ধরে রাতে একদমই ঘুম আসতে চায় না আর সারা শরীর সবসময় কেমন জানি অতিরিক্ত গরম লাগে। ফ্যান ছাইড়া রাখলেও অনবরত ঘাম হইতে থাকে, যার কারণে শরীর একদম ম্যাচম্যাচ করে আর কোনো কাজেই ঠিকঠাক মনোযোগ দিতে পারতেছি না।",Urgent,Seek medical care within 24–48 hours
"ওনার হরমোনের তীব্র তারতম্যের কারণে হঠাৎ করে রক্তচাপ বিপজ্জনক মাত্রায় নাইমা গেছে। তীব্র শকের কারণে উনি এক ফোঁটা দমও ভেতরে টানতে পারতেছেন না, হাত-পা বরফের মতো ঠাণ্ডা হয়ে গেছে আর উনি চোখ উল্টায়ে মাটিতে অচেতন হয়া পইড়া আছেন, জলদি লাইফ সাপোর্ট অ্যাম্বুলেন্স ডাকেন!",Emergency,Immediately go to emergency department or call ambulance
"দেহের অভ্যন্তরীণ মেটাবলিজম ঠিক রাখতে এবং দৈনন্দিন ক্লান্তি কমানোর জন্য জীবনযাত্রায় বা খাদ্যতালিকায় কেমন পরিবর্তন আনা প্রয়োজন? আমার শরীরে কোনো রোগ, তীব্র অবসাদ, ইনফেকশন বা ব্যথার সমস্যা নেই, সাধারণভাবে জানার জন্য প্রশ্নটা করলাম।",General Query,"No immediate action required, informational response sufficient"
পর্যাপ্ত ঘুমানোর পরেও সকালবেলা শরীরটা কেমন জানি একটু ক্লান্ত আর ভারী ভারী লাগে।,Routine,Schedule a regular medical consultation
কয়েকদিন ধরে চুল সব গোছায় গোছায় উইঠা যাইতেছে আর মাথার তালু প্রচণ্ড টনটন করতাছে।,Urgent,Seek medical care within 24–48 hours
রক্তে শর্করার মাত্রা তীব্র কমে ওনার পুরো শরীর কাঁপতে কাঁপতে নিস্তেজ হয়া জ্ঞান হারাইছেন!,Emergency,Immediately go to emergency department or call ambulance
"আপা, ইদানীং অল্পতেই নখগুলো কেমন জানি ঠুনকো হয়া ভাইঙা যাইতেছে। চামড়ায় কোনো তীব্র লালচে ভাব বা পেইন নাই, জাস্ট খসখস করে।",Routine,Schedule a regular medical consultation
দুই দিন ধরে সারাক্ষণ এত বেশি পানি পিপাসা লাগতাছে আর অনবরত প্রস্রাব হইতেছে যে আমি এক মুহূর্তের জন্যও শান্তিতে বসতে বা ঘুমাইতে পারতেছি না।,Urgent,Seek medical care within 24–48 hours
আমার মুখের দুই পাশে এবং থুতনিতে কিছু অতিরিক্ত ঘন কালো লোম দেখা যাচ্ছে যা দীর্ঘমেয়াদী কিন্তু কোনো তীব্র পেইন বা চামড়ার ক্ষত এর সাথে জড়িত নেই।,Routine,Schedule a regular medical consultation
"ওনার হার্টবিট হঠাৎ এত বেশি বেইড়া গেছে যে বুকের ভেতর চুরমার লাগতাছে, দম নিতে না পেরে ছটফট করতেছেন আর শরীর পুরো নিস্তেজ হয়া পড়তেছে।",Emergency,Immediately go to emergency department or call ambulance
"শরীরের গুরুত্বপূর্ণ গ্রন্থির হরমোন অতিরিক্ত কমে যাওয়ায় ওনার শ্বাসপ্রশ্বাস প্রায় বন্ধ হওয়ার উপক্রম হয়েছে। তীব্র রেসপিরেটরি ফেইলিউরের কারণে ওনার হাত-পা পুরোপুরি ঠাণ্ডা হয়া নিথর হয়ে গেছে আর উনি ডাকলে কোনো সাড়াশব্দ করতেছেন না, ইমিডিয়েটলি ইমার্জেন্সি সাপোর্ট দরকার!",Emergency,Immediately go to emergency department or call ambulance
"কোনো এন্ডোক্রাইন প্যাথলজি বা বিপাকীয় প্রক্রিয়ার বড় ইনজুরি ছাড়াই, মানবদেহের বিভিন্ন গ্রন্থি থেকে নিঃসৃত উপাদানের স্বাভাবিক কার্যকারিতা সম্পর্কিত তথ্যের অনুসন্ধান করা হয়েছে। কোনো ব্যথা বা জটিলতা ব্যতীত প্রাথমিক স্বাস্থ্য নির্দেশিকাই যথেষ্ট।",General Query,"No immediate action required, informational response sufficient"
পিরিয়ডের ডেট অনেকদিন পইড়া আছে আর তলপেটে প্রচণ্ড মোচড় দেওয়া ব্যথায় সোজা হইতে পারতেছি না।,Urgent,Seek medical care within 24–48 hours
"ভাইয়া, ইদানীং হালকা একটু কাজ করলেই বুকটা কেমন জানি ধড়ফড় করে আর হাঁপায় উঠি। তবে বুকে কোনো তীব্র ইনফেকশন বা বড় পেইন নাই।",Routine,Schedule a regular medical consultation
চোখের চারপাশটা কেমন জানি অতিরিক্ত ফুইলা সামনের দিকে আগায়ে আসতেছে আর তীব্র যন্ত্রণার কারণে আমি সোজা হয়া তাকাইতে পারতেছি না।,Urgent,Seek medical care within 24–48 hours
আমার গায়ের চামড়ার বিভিন্ন জায়গায় ছোট ছোট কিছু হালকা রঙের ছোপ দেখা যাচ্ছে যা অনেকদিনের কিন্তু পুরোপুরি স্থির। ওটাতে কোনো তীব্র চুলকানি বা রস পড়ার সমস্যা নেই।,Routine,Schedule a regular medical consultation
"ওনার শরীরের অভ্যন্তরীণ লবণের ভারসাম্য হঠাৎ নষ্ট হয়া তীব্র খিঁচুনি শুরু হইছে, মুখ দিয়ে ফেনা বের হইতেছে আর দম বন্ধ হয়া উনি বিছানায় ঢইলা পড়ছেন।",Emergency,Immediately go to emergency department or call ambulance
"ওনার শরীরের মেটাবলিক ক্রাইসিস চরম পর্যায়ে পৌঁছানোর কারণে হঠাৎ করে মারাত্মক কোল্যাপ্স হইছে। তীব্র শ্বাসকষ্টের কারণে ওনার ঠোঁট ও চারপাশ পুরো নীল হয়া আসতেছে আর উনি চোখ উল্টায়ে পুরো নিস্তেজ হয়া পইড়া আছেন, দ্রুত লাইফ সাপোর্ট অ্যাম্বুলেন্স দিন!",Emergency,Immediately go to emergency department or call ambulance
"শরীরের হরমোনের স্বাভাবিক ভারসাম্য বজায় রাখতে এবং শুষ্কতা কমানোর জন্য প্রতিদিনের খাদ্যতালিকায় কেমন পরিবর্তন আনা প্রয়োজন? আমার দেহে কোনো ব্যথা, রক্তপাত, পুঁজ বা অস্বস্তির সমস্যা নেই, সাধারণভাবে জানার জন্য প্রশ্নটা করলাম।",General Query,"No immediate action required, informational response sufficient"
"কোনো কারণ ছাড়াই ইদানীং মেজাজটা কেমন জানি একটু খিটখিটে লাগে, বড় কোনো সমস্যা নাই।",Routine,Schedule a regular medical consultation
চামড়ার নিচে ছোট ছোট শক্ত চাকা উইঠা প্রচণ্ড টনটন করতেছে আর হাত দিলেই তীব্র কষ্ট হয়।,Urgent,Seek medical care within 24–48 hours
ওনার ব্লাড সুগার অতিরিক্ত নাইমা পুরো শরীর বরফের মতো ঠাণ্ডা হয়া উনি বিছানায় অচেতন!,Emergency,Immediately go to emergency department or call ambulance
ইদানীং রাতে একটু বেশি ঘাম হয় আর ঘুম থেকে উঠলে শরীরটা কেমন জানি একটু অলস লাগে। কোনো তীব্র পেইন বা বড় অস্বস্তি এর সাথে নাই।,Routine,Schedule a regular medical consultation
দুই দিন ধরে গলার ভেতরের দিকে কেমন জানি একটা তীব্র ব্যথাদায়ক চাপ লাগতাছে আর কোনো শক্ত খাবার বা পানি পর্যন্ত গিলতে কষ্ট হইতেছে।,Urgent,Seek medical care within 24–48 hours
"আমার পায়ের গোড়ালির চামড়া অনেকদিন ধরে একটু শুকনো আর খসখসে হয়ে আছে কিন্তু কোনো তীব্র যন্ত্রণা, ফুলা বা পুঁজ নেই।",Routine,Schedule a regular medical consultation
"ওনার ব্লাড প্রেসার হঠাৎ আকাশচুম্বী হয়া তীব্র স্ট্রোকের মতো লক্ষণ দেখা দিছে, অনবরত বমি করতেছেন আর নিশ্বাস নিতে না পেরে চোখ উল্টায়ে ফেলছেন।",Emergency,Immediately go to emergency department or call ambulance
"কড়া কোনো ওষুধের পার্শ্বপ্রতিক্রিয়ায় ওনার শরীরের হরমোন নিঃসরণ পুরো অবরুদ্ধ হয়া গেছে। তীব্র অ্যালার্জিক শকের কারণে ওনার হাত-পা ঠাণ্ডা হয়ে গেছে, শ্বাসপ্রশ্বাস বন্ধ হওয়ার উপক্রম হইছে আর উনি বিছানায় অচেতন হয়া পড়ছেন, জলদি অ্যাম্বুলেন্স ডাকেন!",Emergency,Immediately go to emergency department or call ambulance
"দৈনন্দিন অলসতা দূর করতে এবং হরমোনজনিত সুস্থতা বজায় রাখার জন্য প্রতিদিন কেমন ব্রিথিং এক্সারসাইজ বা শ্বাসের ব্যায়াম করা বিজ্ঞানসম্মত? আমার শরীরে কোনো রোগ বা ইনফেকশন নেই, জাস্ট সচেতনতার জন্য তথ্যটা চাচ্ছিলাম।",General Query,"No immediate action required, informational response sufficient"
"কয়েকদিন ধরে চুলগুলো কেমন রুক্ষ আর পাতলা মনে হইতেছে, মাথার চামড়ায় কোনো ব্যথা বা ক্ষত নাই।",Routine,Schedule a regular medical consultation
তীব্র ইলেকট্রোলাইট ইমব্যালেন্সের কারণে ওনার শ্বাসকষ্ট শুরু হইছে আর উনি পুরোপুরি জ্ঞান হারাইছেন!,Emergency,Immediately go to emergency department or call ambulance
"আপা, খাওয়ার রুচি ইদানীং একটু কমে গেছে কিন্তু ওজনে কোনো বড় পরিবর্তন হয় নাই। শরীরে কোনো তীব্র কষ্ট বা বড় পেইন নাই, জাস্ট একটু ক্লান্তি লাগে।",Routine,Schedule a regular medical consultation
আমার নখের চারপাশের চামড়া অনেকদিন ধরে একটু শুকনো আর আলগা হয়ে আছে কিন্তু কোনো তীব্র যন্ত্রণা বা পুঁজ সেখানে নেই।,Routine,Schedule a regular medical consultation
"ওনার গলার ভেতরের অংশ হঠাৎ মারাত্মক ফুলে এয়ারওয়ে অবরুদ্ধ হয়া গেছে, এক ফোঁটা বাতাসও নিতে পারতেছেন না আর উনি যন্ত্রণায় নিস্তেজ হয়া পড়ছেন।",Emergency,Immediately go to emergency department or call ambulance
"চার-পাঁচ দিন ধইরা আমার পুরো শরীরে কেমন জানি একটা তীব্র খিটখিটে অস্বস্তি আর অনবরত অবসাদ লেগেই আছে। কড়া কোনো কাজ করতে গেলেই মনে হয় হাত-পা অবশ হয়া কাঁপতাছে, যার কারণে ইদানীং আমি রাতের বেলা ঠিকঠাক ঘুমাইতে পারতেছি না।",Urgent,Seek medical care within 24–48 hours
"ওনার হরমোনাল ক্রাইসিস চরম পর্যায়ে যাওয়ার কারণে হঠাৎ তীব্র কার্ডিয়াক ফেইলিউরের মতো কন্ডিশন তৈরি হইছে। উনি এখন আর এক ফোঁটা দমও নিতে পারতেছেন না, হাত-পা ঠাণ্ডা হয়ে গেছে আর উনি বিছানায় অচেতন হয়া পইড়া আছেন, দ্রুত লাইফ সাপোর্ট অ্যাম্বুলেন্স দিন!",Emergency,Immediately go to emergency department or call ambulance
ইদানীং অল্প অল্প কারণে মনটা কেমন জানি খারাপ হয়ে যায় আর কোনো কাজে আগ্রহ পাই না।,Routine,Schedule a regular medical consultation
রাতে ঠিকমতো ঘুম আসে না আর মাথায় সারাক্ষণ চিন্তা ঘুরতে থাকে।,Routine,Schedule a regular medical consultation
হঠাৎ বুক ধড়ফড় করে আর অজানা ভয় লাগে কিন্তু বড় কোনো শারীরিক সমস্যা নাই।,Routine,Schedule a regular medical consultation
কোনো কারণ ছাড়াই একা থাকতে ইচ্ছা করে আর মানুষের সাথে কথা বলতে ভালো লাগে না।,Routine,Schedule a regular medical consultation
ছোট ছোট বিষয়েও খুব দ্রুত রেগে যাই আর পরে আফসোস হয়।,Routine,Schedule a regular medical consultation
সবসময় একটা অস্থিরতা লাগে আর মনে হয় কিছু একটা খারাপ হবে।,Routine,Schedule a regular medical consultation
কথা বলতে গেলেও মাথা ব্ল্যাংক হয়ে যায় আর চিন্তা গুছাতে পারি না।,Routine,Schedule a regular medical consultation
অল্পতেই কান্না চলে আসে আর আবেগ নিয়ন্ত্রণ করতে পারি না।,Routine,Schedule a regular medical consultation
নিজেকে সবসময় ক্লান্ত আর মানসিকভাবে ভারী লাগে।,Routine,Schedule a regular medical consultation
রাতে ঘুম হয় না আর দিনে মাথা ঘোরে ও দুর্বল লাগে।,Urgent,Seek medical care within 24–48 hours
হঠাৎ বুক চেপে আসে আর মনে হয় শ্বাস নিতে কষ্ট হচ্ছে।,Urgent,Seek medical care within 24–48 hours
সবকিছু অর্থহীন মনে হয় আর কোনো কিছুতেই আনন্দ পাই না।,Urgent,Seek medical care within 24–48 hours
মাথার ভিতরে খুব বেশি চিন্তা ঘুরতে থাকে আর শান্ত থাকতে পারি না।,Urgent,Seek medical care within 24–48 hours
কোনো কারণ ছাড়াই হঠাৎ ভয় ও ঘাবড়ানি শুরু হয়।,Urgent,Seek medical care within 24–48 hours
মানুষের সাথে কথা বলতে গেলে খুব নার্ভাস লাগে আর শরীর কাঁপে।,Urgent,Seek medical care within 24–48 hours
কাজের চাপ নিতে পারছি না আর বারবার ভেঙে পড়ছি।,Urgent,Seek medical care within 24–48 hours
মাথায় খুব বেশি নেতিবাচক চিন্তা আসে আর মন শান্ত থাকে না।,Urgent,Seek medical care within 24–48 hours
দীর্ঘদিনের মানসিক চাপের কারণে শরীরেও দুর্বলতা অনুভব হচ্ছে।,Urgent,Seek medical care within 24–48 hours
হঠাৎ প্রচণ্ড প্যানিক হয়ে শ্বাস নিতে কষ্ট হচ্ছে আর শরীর কাঁপছে।,Emergency,Immediately go to emergency department or call ambulance
নিজের ওপর নিয়ন্ত্রণ হারিয়ে ফেলছি মনে হচ্ছে আর বাস্তবতা ঠিকমতো বুঝতে পারছি না।,Emergency,Immediately go to emergency department or call ambulance
অত্যধিক মানসিক চাপে হঠাৎ অচেতন হয়ে গেছে।,Emergency,Immediately go to emergency department or call ambulance
তীব্র আতঙ্কে বুক ব্যথা আর মাথা ঘুরে পড়ে যাচ্ছে।,Emergency,Immediately go to emergency department or call ambulance
মানসিক অবস্থার কারণে কথা জড়িয়ে যাচ্ছে আর সাড়া দিতে দেরি হচ্ছে।,Emergency,Immediately go to emergency department or call ambulance
হঠাৎ খুব বিভ্রান্ত হয়ে গেছে আর আশেপাশের কিছু বুঝতে পারছে না।,Emergency,Immediately go to emergency department or call ambulance
তীব্র প্যানিক অ্যাটাকে হাত-পা বরফের মতো ঠাণ্ডা হয়ে গেছে।,Emergency,Immediately go to emergency department or call ambulance
হঠাৎ অস্বাভাবিক আচরণ শুরু করেছে আর নিজেকে নিয়ন্ত্রণ করতে পারছে না।,Emergency,Immediately go to emergency department or call ambulance
অতিরিক্ত ভয় ও দুশ্চিন্তায় শরীর পুরো অবশ হয়ে গেছে।,Emergency,Immediately go to emergency department or call ambulance
মানসিক চাপের কারণে শরীর সম্পূর্ণ ভেঙে পড়ে গেছে আর সাড়া দিচ্ছে না।,Emergency,Immediately go to emergency department or call ambulance
কাজে আগের মতো আগ্রহ পাচ্ছি না কিন্তু বড় কোনো সমস্যা নেই।,Routine,Schedule a regular medical consultation
মাঝে মাঝে একটু উদ্বেগ লাগে কিন্তু দৈনন্দিন কাজ করতে পারি।,Routine,Schedule a regular medical consultation
মানুষের সাথে মিশতে একটু অস্বস্তি লাগে।,Routine,Schedule a regular medical consultation
অল্পতেই ক্লান্ত হয়ে যাই আর মনোযোগ কমে গেছে।,Routine,Schedule a regular medical consultation
ইদানীং স্মৃতি একটু দুর্বল লাগছে আর ভুলে যাই।,Routine,Schedule a regular medical consultation
একাকীত্ব বেশি লাগে কিন্তু তীব্র মানসিক সমস্যা নেই।,Routine,Schedule a regular medical consultation
কাজের চাপ একটু বেশি লাগছে কিন্তু সামলাতে পারছি।,Routine,Schedule a regular medical consultation
সামান্য উদ্বেগ আছে কিন্তু জীবন স্বাভাবিকভাবে চলছে।,Routine,Schedule a regular medical consultation
হঠাৎ প্রচণ্ড ভয় ও অস্থিরতায় স্বাভাবিকভাবে কাজ করতে পারছি না।,Urgent,Seek medical care within 24–48 hours
মনে খুব বেশি চিন্তা আসে আর ঘুম সম্পূর্ণ নষ্ট হয়ে গেছে।,Urgent,Seek medical care within 24–48 hours
মানসিক চাপের কারণে বুক ধড়ফড় করে আর অস্বস্তি লাগে।,Urgent,Seek medical care within 24–48 hours
বারবার নেতিবাচক চিন্তা আসে আর মন শান্ত থাকে না।,Urgent,Seek medical care within 24–48 hours
প্যানিকের কারণে হঠাৎ শরীর কাঁপতে থাকে আর দুর্বল লাগে।,Urgent,Seek medical care within 24–48 hours
দীর্ঘদিন দুশ্চিন্তায় শরীর দুর্বল হয়ে যাচ্ছে।,Urgent,Seek medical care within 24–48 hours
মানসিক চাপে কাজে মন বসে না আর ঘনঘন বিভ্রান্ত লাগে।,Urgent,Seek medical care within 24–48 hours
অত্যধিক স্ট্রেসে মাথা ভার হয়ে আছে আর ঘুম আসে না।,Urgent,Seek medical care within 24–48 hours
"ইদানীং কোনো কারণ ছাড়াই মনটা কেমন জানি একটু ভারী ভারী লাগে, বড় কোনো কষ্ট বা কান্না আসে না।",Routine,Schedule a regular medical consultation
বুকের ভেতরটা হঠাৎ এত বেশি ধড়ফড় করতেছে আর ভয়ে হাত-পা কাঁপতাছে যে আমি সোজা হয়া দাঁড়াইতে পারতেছি না।,Urgent,Seek medical care within 24–48 hours
তীব্র মানসিক শকের কারণে ওনার শ্বাসপ্রশ্বাস বন্ধ হওয়ার উপক্রম হইছে আর উনি একদম অচেতন হয়া পইড়া আছেন!,Emergency,Immediately go to emergency department or call ambulance
কয়েকদিন ধরে খেয়াল করতাছি কোনো কাজে ঠিকঠাক মন বসতেছে না আর মাথাটা সবসময় একটু জ্যাম জ্যাম হয়া থাকে। কোনো তীব্র মন খারাপ বা কান্নাকাটির সমস্যা ছাড়াই জাস্ট একটু অলস লাগে।,Routine,Schedule a regular medical consultation
দুই দিন ধরে মাথার ভেতর এত আউলফাউল চিন্তা আসতাছে আর ভয়ে বুক কাঁপতাছে যে আমি রাতে এক ফোঁটাও ঘুমাইতে পারতেছি না। এই যন্ত্রণার কারণে অফিসে কোনো কাজই করতে পারতেছি না।,Urgent,Seek medical care within 24–48 hours
"অতিরিক্ত মানসিক চাপের কারণে ওনার হাত-পা পুরোপুরি ঠাণ্ডা হয়ে রেসপিরেটরি ফেইলিউর শুরু হইছে, শরীর একদম নিস্তেজ আর উনি কোনো কথার সাড়াশব্দ করতেছেন না।",Emergency,Immediately go to emergency department or call ambulance
"বেশ কিছুদিন ধরে একা রুমে থাকলেই কেমন জানি একটা তীব্র ভয় আর দম বন্ধ করা অস্বস্তি লেগেই থাকে। সারাক্ষণ মনে হয় খারাপ কিছু ঘটবে, যার কারণে বুক দপদপ করে আর গত দুই দিন ধরে আমি শান্তিমতো একটু চোখও বন্ধ করতে পারতেছি না।",Urgent,Seek medical care within 24–48 hours
"ওনার তীব্র মানসিক অস্থিরতার কারণে হঠাৎ করে ব্লাড প্রেসার ও হার্টবিট বিপজ্জনক মাত্রায় নাইমা গেছে। তীব্র শকের কারণে উনি এক ফোঁটা দমও ভেতরে টানতে পারতেছেন না, হাত-পা ঠাণ্ডা হয়ে গেছে আর উনি বিছানায় ছটফট করতে করতে অচেতন হয়া পড়ছেন, জলদি লাইফ সাপোর্ট অ্যাম্বুলেন্স ডাকেন!",Emergency,Immediately go to emergency department or call ambulance
"দৈনন্দিন কর্মব্যস্ততার মাঝে মনের ক্লান্তি দূর করতে এবং মানসিক সুস্থতা বজায় রাখার জন্য প্রতিদিন কেমন ব্রিথিং এক্সারসাইজ বা শ্বাসের ব্যায়াম করা বিজ্ঞানসম্মত? আমার মনে কোনো তীব্র অবসাদ, ভয় বা অস্থিরতার সমস্যা নেই, সাধারণভাবে জানার জন্য জিজ্ঞেস করলাম।",General Query,"No immediate action required, informational response sufficient"
"পরীক্ষার ডেট সামনে আসলে মাথাটা কেমন জানি একটু ফাঁপা লাগে আর সামান্য দুশ্চিন্তা হয়, অন্য কোনো সমস্যা নাই।",Routine,Schedule a regular medical consultation
কয়েকদিন ধরে একা থাকলেই অনবরত চোখ দিয়া পানি আসে আর অবসাদে বিছানা থেকে উঠতেই পারতেছি না।,Urgent,Seek medical care within 24–48 hours
দুই দিন ধরে সারাক্ষণ মনের ভেতর এত বেশি অস্থিরতা লাগতাছে আর মাথা ঘুরতাছে যে আমি এক মুহূর্তের জন্যও শান্তিতে বসতে বা বিশ্ববিদ্যালয়ের ক্লাসে মনোযোগ দিতে পারতেছি না।,Urgent,Seek medical care within 24–48 hours
আমার রাতে ঘুমাতে যাওয়ার আগে কিছুটা অতিরিক্ত আউলফাউল চিন্তা করার অভ্যাস রয়েছে যা দীর্ঘমেয়াদী কিন্তু কোনো তীব্র প্যানিক বা দৈনন্দিন কাজে বাধা দেওয়ার মতো জটিলতা এর সাথে জড়িত নেই।,Routine,Schedule a regular medical consultation
"ওনার হার্টবিট হঠাৎ এত বেশি বেইড়া গেছে যে বুকের ভেতর চুরমার লাগতাছে, দম নিতে না পেরে ছটফট করতেছেন আর শরীর পুরো নিস্তেজ হয়া মাটিতে ঢইলা পড়তেছে।",Emergency,Immediately go to emergency department or call ambulance
"সপ্তাহ খানেক ধরে সারা শরীরের ভেতর কেমন জানি একটা তীব্র অসাড় ভাব আর মাংসপেশিতে অবশ অনুভূতি লেগেই আছে। কড়া কোনো চিন্তা মাথায় আসলেই হাত-পা কাঁপতে থাকে, যার কারণে গত দুই দিন ধরে ঘরের স্বাভাবিক কোনো কাজকর্মও করতে পারতেছি না।",Urgent,Seek medical care within 24–48 hours
"একটা মারাত্মক দুঃসংবাদ শোনার পর থেকে ওনার শ্বাসপ্রশ্বাস প্রায় বন্ধ হওয়ার উপক্রম হয়েছে। তীব্র মনস্তাত্ত্বিক শকের কারণে ওনার হাত-পা পুরোপুরি ঠাণ্ডা হয়া নিথর হয়ে গেছে আর উনি ডাকলে কোনো সাড়াশব্দ করতেছেন না, ইমিডিয়েটলি ইমার্জেন্সি সাপোর্ট দরকার!",Emergency,Immediately go to emergency department or call ambulance
"মেঘলা আকাশ দেখলে মনটা কেমন জানি সারাক্ষণ একটু অলস আর নিস্তেজ হয়া থাকে, গভীর কোনো কষ্ট নাই।",Routine,Schedule a regular medical consultation
তীব্র প্যানিক অ্যাটাকের চটে ওনার ব্লাড প্রেসার জিরো হয়া গেছে আর উনি শ্বাস না পেয়ে মাটিতে অচেতন!,Emergency,Immediately go to emergency department or call ambulance
"ভাইয়া, ইদানীং পুরনো কোনো কষ্টের কথা মনে পড়লে বুকটা কেমন জানি একটু ধড়ফড় করে। তবে মাথায় কোনো তীব্র পেইন বা বড় অবসাদের অনুভূতি নাই।",Routine,Schedule a regular medical consultation
চারপাশের সবকিছু কেমন জানি অতিরিক্ত অচেনা লাগতাছে আর তীব্র যন্ত্রণার কারণে আমি সোজা হয়া তাকাইতে বা কারও কথার উত্তর দিতে পারতেছি না।,Urgent,Seek medical care within 24–48 hours
আমার অতীত স্মৃতির কিছু বিষয় মনে পড়লে মাঝে মাঝে সামান্য একটু মন খারাপের অনুভূতি হয় যা বন্ধুদের সাথে কথা বললে পুরোপুরি ঠিক হয়ে যায় অনেকদিন যাবৎ।,Routine,Schedule a regular medical consultation
"ওনার মানসিক ভারসাম্য হঠাৎ ভেঙে তীব্র খিঁচুনি শুরু হইছে, মুখ দিয়ে ফেনা বের হইতেছে আর দম বন্ধ হয়া উনি বিছানায় ঢইলা পড়ছেন।",Emergency,Immediately go to emergency department or call ambulance
"ওনার মনস্তাত্ত্বিক ক্রাইসিস চরম পর্যায়ে পৌঁছানোর কারণে হঠাৎ করে মারাত্মক কোল্যাপ্স হইছে। তীব্র শ্বাসকষ্টের কারণে ওনার ঠোঁট ও চারপাশ পুরো নীল হয়া আসতেছে আর উনি চোখ উল্টায়ে পুরো নিস্তেজ হয়া পইড়া আছেন, দ্রুত লাইফ সাপোর্ট অ্যাম্বুলেন্স দিন!",Emergency,Immediately go to emergency department or call ambulance
"কোনো কারণ ছাড়াই ইদানীং মেজাজটা কেমন জানি একটু খিটখিটে লাগে, বড় কোনো মানসিক সমস্যা নাই।",Routine,Schedule a regular medical consultation
বুকের ভেতর ছোট ছোট শক্ত চাকা লাগার মতো অনুভূতি হইতেছে আর ভয়ের চোটে হাত দিলেই তীব্র কষ্ট হয়।,Urgent,Seek medical care within 24–48 hours
ওনার মানসিক শক অতিরিক্ত বেইড়া পুরো শরীর ঠাণ্ডা হয়া উনি বিছানায় অচেতন হয়া পড়ছেন!,Emergency,Immediately go to emergency department or call ambulance
ইদানীং রাতে একটু বেশি আউলফাউল চিন্তা হয় আর ঘুম থেকে উঠলে শরীরটা কেমন জানি একটু অলস লাগে। কোনো তীব্র অবসাদ বা বড় ভয় এর সাথে নাই।,Routine,Schedule a regular medical consultation
"দৈনন্দিন অলসতা ও বিষণ্ণ ভাব দূর করতে এবং মানসিকভাবে প্রফুল্ল থাকতে প্রতিদিন কেমন ব্রিথিং এক্সারসাইজ বা শ্বাসের ব্যায়াম করা বিজ্ঞানসম্মত? আমার মনে কোনো রোগ বা ইনফেকশন নেই, জাস্ট সচেতনতার জন্য তথ্যটা চাচ্ছিলাম।",General Query,No immediate action required  informational response sufficient
"কয়েকদিন ধরে চুলগুলো কেমন রুক্ষ আর পাতলা মনে হইতেছে মানসিক চাপের কারণে, মাথায় কোনো ব্যথা বা ক্ষত নাই।",Routine,Schedule a regular medical consultation
তীব্র সাইকোটিক ব্রেকডাউনের কারণে ওনার শ্বাসকষ্ট শুরু হইছে আর উনি পুরোপুরি জ্ঞান হারাইছেন!,Emergency,Immediately go to emergency department or call ambulance
"আপা, খাওয়ার রুচি ইদানীং একটু কমে গেছে মানসিক টেনশনের কারণে কিন্তু ওজনে কোনো বড় পরিবর্তন হয় নাই। মনে কোনো তীব্র কষ্ট বা বড় পেইন নাই, জাস্ট একটু ক্লান্তি লাগে।",Routine,Schedule a regular medical consultation
"আমার মাথার চারপাশের চামড়া অনেকদিন ধরে একটু শুকনো আর আলগা হয়ে আছে কিন্তু কোনো তীব্র যন্ত্রণা, ভয় বা পুঁজ সেখানে নেই।",Routine,Schedule a regular medical consultation
"ওনার গলার ভেতরের অংশ হঠাৎ মারাত্মক সংকুচিত হয়ে এয়ারওয়ে অবরুদ্ধ হয়া গেছে, এক ফোঁটা বাতাসও নিতে পারতেছেন না আর উনি মানসিক যন্ত্রণায় নিস্তেজ হয়া পড়ছেন।",Emergency,Immediately go to emergency department or call ambulance
"ওনার মেন্টাল ক্রাইসিস চরম পর্যায়ে যাওয়ার কারণে হঠাৎ তীব্র কার্ডিয়াক ফেইলিউরের মতো কন্ডিশন তৈরি হইছে। উনি এখন আর এক ফোঁটা দমও নিতে পারতেছেন না, হাত-পা ঠাণ্ডা হয়ে গেছে আর উনি বিছানায় অচেতন হয়া পইড়া আছেন, দ্রুত লাইফ সাপোর্ট অ্যাম্বুলেন্স দিন!",Emergency,Immediately go to emergency department or call ambulance
"বয়সজনিত কারণে হরমোন ও মানসিক অবস্থার পরিবর্তনগুলো স্বাভাবিক রাখতে প্রতিদিনের খাদ্যতালিকায় কেমন অ্যান্টিঅক্সিডেন্ট রাখা প্রয়োজন বা কোনো ঘরোয়া নিয়ম আছে কি? আমার শরীরে বা মনে কোনো ধরণের ব্যথা, ঘা, রক্ত পড়া বা তীব্র অস্থিরতার সমস্যা নেই, সাধারণভাবে জানার জন্য প্রশ্নটা করলাম।",General Query,No immediate action required  informational response sufficient
"রাতে ঠিকমতো ঘুম হয় কিন্তু সকালে উঠার পরও শরীরটা কেমন জানি ভারী লাগে, কোনো তীব্র অসুস্থতা নাই।",Routine,Schedule a regular medical consultation
তীব্র স্লিপ ডিসঅর্ডারের কারণে ওনার শ্বাস বন্ধ হয়ে গেছে আর উনি বিছানায় অচেতন হয়ে পড়ছেন!,Emergency,Immediately go to emergency department or call ambulance
"ইদানীং ঘুম ঠিকমতো না হলেও দিনের বেলা বড় কোনো সমস্যা হয় না, শুধু একটু ক্লান্ত লাগে।",Routine,Schedule a regular medical consultation
"রাতে বারবার ঘুম ভেঙে যায় আর মাথার ভেতর অস্থির চিন্তা চলতে থাকে, যার কারণে দিনে কাজ করতে কষ্ট হয়।",Urgent,Seek medical care within 24–48 hours
"মাঝে মাঝে ঘুমের আগে একটু চিন্তা-ভাবনা বেশি হয় কিন্তু পরে ঘুম ঠিক হয়ে যায়, বড় কোনো সমস্যা নাই।",Routine,Schedule a regular medical consultation
ওনার ঘুমের সময় হঠাৎ শ্বাসনালী বন্ধ হয়ে দম বন্ধ হয়ে যাচ্ছে আর উনি অচেতন হয়ে পড়ছেন!,Emergency,Immediately go to emergency department or call ambulance
"বেশ কিছুদিন ধরে রাতে ঘুম আসতে দেরি হয় আর শরীর সবসময় একটু অস্থির লাগে, কাজের বড় সমস্যা হয়নি এখনো।",Routine,Schedule a regular medical consultation
"তীব্র ইনসোমনিয়ার কারণে ওনার শরীর পুরোপুরি ভেঙে গেছে, হার্টবিট অনিয়ন্ত্রিত হয়ে উনি অচেতন হয়ে পড়েছেন!",Emergency,Immediately go to emergency department or call ambulance
"ঘুমের সময় শরীর ঠিক রাখতে কেমন রুটিন বা হাইজিন ফলো করা উচিত, আমার কোনো রোগ বা ব্যথা নাই, শুধু জানতে চাই।",General Query,No immediate action required  informational response sufficient
"বিছানায় যাওয়ার পরও ইদানীং চোখ কেমন জানি একটু জেগে থাকে, ঘুমাতে আধা ঘণ্টার মতো দেরি হয়।",Routine,Schedule a regular medical consultation
"তিন দিন ধরে রাতে এক ফোঁটাও ঘুমাইতে পারি নাই, চোখ মুখ জ্বলে আর ব্যথার চোটে সোজা হইতে পারতাছি না।",Urgent,Seek medical care within 24–48 hours
অতিরিক্ত ঘুমের বড়ি খাওয়ার পর ওনার শ্বাসপ্রশ্বাস বন্ধ হওয়ার উপক্রম হইছে আর উনি একদম অচেতন!,Emergency,Immediately go to emergency department or call ambulance
কয়েকদিন ধরে খেয়াল করতাছি রাতে দুই-তিনবার ঘুম ভেঙে যায় আর মাথাটা সকালে একটু ভারী ভারী হয়া থাকে। কোনো তীব্র কষ্ট বা বুক ধড়ফড়ানি ছাড়াই জাস্ট একটু অলস লাগে।,Routine,Schedule a regular medical consultation
আমার দুপুরের দিকে একটু হালকা ঘুমানোর অভ্যাস রয়েছে যা অনেকদিন ধরে একই রকম স্থির আছে। ওটাতে রাতে ঘুমাতে কোনো সমস্যা বা দৈনন্দিন কাজে ক্লান্তি আসে নেই।,Routine,Schedule a regular medical consultation
"ঘুমের মধ্যে ওনার শ্বাসনালী হঠাৎ অবরুদ্ধ হয়ে রেসপিরেটরি ফেইলিউর শুরু হইছে, শরীর একদম নিস্তেজ আর উনি কোনো কথার সাড়াশব্দ করতেছেন না।",Emergency,Immediately go to emergency department or call ambulance
"বেশ কিছুদিন ধরে রাতে ঠিকঠাক ঘুম না হওয়ার কারণে সারা শরীর সবসময় কেমন জানি অতিরিক্ত ম্যাচম্যাচ করে আর মাংসপেশিতে অবশ ভাব লেগেই থাকে। একটু হাঁটতে গেলেই পা কাঁপে, যার কারণে গত দুই দিন ধরে ঘরের স্বাভাবিক কোনো কাজকর্মও করতে পারতেছি না।",Urgent,Seek medical care within 24–48 hours
"ওনার ঘুমের মধ্যে হঠাৎ করে রক্তচাপ বিপজ্জনক মাত্রায় নাইমা গেছে। তীব্র মেটাবলিক শকের কারণে উনি এক ফোঁটা দমও ভেতরে টানতে পারতেছেন না, হাত-পা ঠাণ্ডা হয়ে গেছে আর উনি বিছানায় নিথর হয়া পইড়া আছেন, জলদি লাইফ সাপোর্ট অ্যাম্বুলেন্স ডাকেন!",Emergency,Immediately go to emergency department or call ambulance
"অনিদ্রা দূর করতে এবং রাতের ঘুমের স্বাভাবিক সাইকেল বজায় রাখার জন্য প্রতিদিন ঘুমানোর আগে কেমন ব্রিথিং এক্সারসাইজ বা শ্বাসের ব্যায়াম করা বিজ্ঞানসম্মত? আমার শরীরে কোনো রোগ, তীব্র অবসাদ বা শ্বাসকষ্টের সমস্যা নেই, সাধারণভাবে জানার জন্য জিজ্ঞেস করলাম।",General Query,No immediate action required  informational response sufficient
কয়েকদিন ধরে দিনে এত বেশি ঝিমুনি আসে যে বিশ্ববিদ্যালয়ের ক্লাসে বা ল্যাবের কম্পিউটারের সামনে বসতেই পারতেছি না।,Urgent,Seek medical care within 24–48 hours
ঘুমের ঘোরে ওনার বুক চুরমার করা ব্যথা শুরু হওয়ার পর থেকে রেসপিরেটরি সিস্টেম ব্লক হওয়ার উপক্রম হইছে আর উনি পুরোপুরি জ্ঞান হারাইছেন!,Emergency,Immediately go to emergency department or call ambulance
"আপা, ইদানীং শেষরাতের দিকে ঘুমটা কেমন জানি একটু পাতলা হয়া যায় আর আশেপাশের হালকা শব্দেই ভেঙে যায়। তবে মনের ভেতর কোনো তীব্র কষ্ট বা মাথার পেইন নাই।",Routine,Schedule a regular medical consultation
আমার রাতে ঘুমাতে যাওয়ার আগে কিছুটা মায়াজাল বা আউলফাউল চিন্তা করার অভ্যাস রয়েছে যা দীর্ঘমেয়াদী কিন্তু কোনো তীব্র প্যানিক বা দৈনন্দিন কাজে বাধা দেওয়ার মতো জটিলতা এর সাথে জড়িত নেই।,Routine,Schedule a regular medical consultation
"সপ্তাহ খানেক ধরে মাঝরাতে ঘুম ভাঙলেই কেমন জানি একটা তীব্র ভয় আর হাত-পায়ের তালু কামড়ানো অস্বস্তি লেগেই থাকে। সারাক্ষণ মনে হয় হার্ট অ্যাটাক হবে, যার কারণে বুক দপদপ করে আর গত দুই দিন ধরে আমি রাতে এক ফোঁটাও চোখ বন্ধ করতে পারতেছি না।",Urgent,Seek medical care within 24–48 hours
"ওনার ঘুমের মধ্যে কোনো একটি অভ্যন্তরীণ রক্তক্ষরণের কারণে শ্বাসপ্রশ্বাস প্রায় বন্ধ হওয়ার উপক্রম হয়েছে। তীব্র শকের কারণে ওনার হাত-পা পুরোপুরি ঠাণ্ডা হয়া নিথর হয়ে গেছে আর উনি ডাকলে কোনো সাড়াশব্দ করতেছেন না, ইমিডিয়েটলি ইমার্জেন্সি সাপোর্ট দরকার!",Emergency,Immediately go to emergency department or call ambulance
"কোনো স্লিপ প্যাথলজি বা নিউরোলজিক্যাল মেকানিজমের বড় ইনজুরি ছাড়াই, মানবদেহের মেলাটোনিন নিঃসরণ এবং সার্কাডিয়ান রিদমের স্বাভাবিক প্রক্রিয়া সম্পর্কিত তথ্যের অনুসন্ধান করা হয়েছে। কোনো তীব্র অবসাদ বা জটিলতা ব্যতীত প্রাথমিক স্বাস্থ্য নির্দেশিকাই যথেষ্ট।",General Query,No immediate action required  informational response sufficient
"মেঘলা আকাশ থাকলে সকালে ঘুম থেকে উঠতে মনটা কেমন জানি একটু অলস লাগে, গভীর কোনো কষ্ট নাই।",Routine,Schedule a regular medical consultation
ঘুমের ঘোরে অনবরত পা ঝিনঝিন করে আর ব্যথার তীব্রতায় বিছানায় ছটফট করতে করতে রাতে এক ফোঁটাও ঘুমাইতে পারতেছি না।,Urgent,Seek medical care within 24–48 hours
তীব্র শ্বাসকষ্টের চটে ওনার ব্লাড প্রেসার জিরো হয়া গেছে আর উনি ঘুমের মধ্যেই অচেতন হয়া পড়েছেন!,Emergency,Immediately go to emergency department or call ambulance
চারপাশের সবকিছু কেমন জানি অতিরিক্ত ভারী লাগতাছে আর ঘুমের ঘোরে দম আটকে যাওয়ার মতো যন্ত্রণার কারণে আমি সোজা হয়া তাকাইতে বা কারও কথার উত্তর দিতে পারতেছি না।,Urgent,Seek medical care within 24–48 hours
আমার কাজের শিফট পরিবর্তনের কারণে মাঝে মাঝে সামান্য একটু ঘুমের সময় ওলটপালট হয় যা দুই-তিন দিন পর পুরোপুরি ঠিক হয়ে যায় অনেকদিন যাবৎ। কোনো তীব্র প্যানিক বা ফুলা সেখানে নেই।,Routine,Schedule a regular medical consultation
"ওনার ঘুমের ভারসাম্য হঠাৎ ভেঙে তীব্র খিঁচুনি শুরু হইছে, মুখ দিয়ে ফেনা বের হইতেছে আর দম বন্ধ হয়া উনি বিছানায় ঢইলা পড়ছেন।",Emergency,Immediately go to emergency department or call ambulance
"ওনার ঘুমের মধ্যে অক্সিজেনের মাত্রা চরম পর্যায়ে পৌঁছানোর কারণে হঠাৎ করে মারাত্মক কোল্যাপ্স হইছে। তীব্র শ্বাসকষ্টের কারণে ওনার ঠোঁট ও চারপাশ পুরো নীল হয়া আসতেছে আর উনি চোখ উল্টায়ে পুরো নিস্তেজ হয়া পইড়া আছেন, দ্রুত লাইফ সাপোর্ট অ্যাম্বুলেন্স দিন!",Emergency,Immediately go to emergency department or call ambulance
"শরীরের ক্লান্তি দূর করতে এবং ঘুমের স্বাভাবিক গভীরতা বজায় রাখার জন্য প্রতিদিনের খাদ্যতালিকায় কেমন পরিবর্তন আনা প্রয়োজন বা ম্যাগনেসিয়াম সমৃদ্ধ খাবার খাওয়া ভালো কি? আমার মনে কোনো তীব্র অবসাদ, ভয়, রক্তপাত বা অস্বস্তির সমস্যা নেই, সাধারণভাবে জানার জন্য প্রশ্নটা করলাম।",General Query,No immediate action required  informational response sufficient
"কোনো কারণ ছাড়াই ইদানীং রাতে একটু বেশি স্বপ্ন দেখি, বড় কোনো শারীরিক বা মানসিক সমস্যা নাই।",Routine,Schedule a regular medical consultation
ঘুমের মধ্যে হঠাৎ পায়ের রগে তীব্র টান লাগতাছে আর ব্যথার চোটে পা সোজা করতে পারতেছি না।,Urgent,Seek medical care within 24–48 hours
ওনার তীব্র নাক ডাকার আওয়াজ হঠাৎ বন্ধ হয়া পুরো শরীর ঠাণ্ডা হয়া উনি বিছানায় অচেতন হয়া পড়ছেন!,Emergency,Immediately go to emergency department or call ambulance
ইদানীং রাতে একটু ভোরের দিকে ঘুম ভেঙে যায় আর তারপর কেমন জানি একটু অলস লাগে। কোনো তীব্র অবসাদ বা বড় ভয় এর সাথে নাই।,Routine,Schedule a regular medical consultation
"দুই দিন ধরে ঘুমাতে গেলেই মাথার ভেতরের দিকে কেমন জানি একটা তীব্র ব্যথাদায়ক চাপ লাগতাছে আর কোনো শব্দ সহ্য করতে পারতেছি না, মাথা ফেটে যাচ্ছে।",Urgent,Seek medical care within 24–48 hours
আমার মাঝে মাঝে পরীক্ষার অতিরিক্ত চাপের কারণে সামান্য একটু ঘুম কম বা মাথা ভারী হওয়ার অনুভূতি হয় কিন্তু কোনো তীব্র যন্ত্রণা বা প্যানিক সেখানে নেই।,Routine,Schedule a regular medical consultation
"ওনার ব্লাড প্রেসার হঠাৎ ঘুমের মধ্যে আকাশচুম্বী হয়া তীব্র স্ট্রোকের মতো লক্ষণ দেখা দিছে, অনবরত বমি করতেছেন আর নিশ্বাস নিতে না পেরে চোখ উল্টায়ে ফেলছেন।",Emergency,Immediately go to emergency department or call ambulance
"বেশ কিছুদিন ধরে কোনো কারণ ছাড়াই আমার সারা শরীর প্রচণ্ড দুর্বল হয়া ভারী হয়ে গেছে আর চোখ-মুখ কেমন জানি বসা বসা লাগে। একটু শুইলেই দম ফুরায়ে আসে আর মনে হয় বুক আটকে যাবে, যার কারণে গত দুই দিন ধরে আমি অফিসে বা কোনো কাজেই মনোযোগ দিতে পারতেছি না।",Urgent,Seek medical care within 24–48 hours
"একটা মারাত্মক বিষাক্ত গ্যাস লিকেজের পর ওনার শরীরের স্বাভাবিক রেসপিরেটরি সিস্টেম পুরো অবরুদ্ধ হয়া গেছে। তীব্র শকের কারণে ওনার হাত-পা ঠাণ্ডা হয়ে গেছে, শ্বাসপ্রশ্বাস বন্ধ হওয়ার উপক্রম হইছে আর উনি ঘুমের মধ্যেই অচেতন হয়া পড়ছেন, জলদি অ্যাম্বুলেন্স ডাকেন!",Emergency,Immediately go to emergency department or call ambulance
"দৈনন্দিন অলসতা ও বিষণ্ণ ভাব দূর করতে এবং রাতে শান্তির ঘুমের জন্য ঘুমানোর ঘর কেমন বা কতটুকু অন্ধকার রাখা বিজ্ঞানসম্মত? আমার মনে কোনো রোগ বা ইনফেকশন নেই, জাস্ট সচেতনতার জন্য তথ্যটা চাচ্ছিলাম।",General Query,No immediate action required  informational response sufficient
"কয়েকদিন ধরে চুলগুলো কেমন রুক্ষ আর পাতলা মনে হইতেছে কম ঘুমের কারণে, মাথায় কোনো ব্যথা বা ক্ষত নাই।",Routine,Schedule a regular medical consultation
সারা গায়ের মাংসপেশিতে হঠাৎ তীব্র কামড়ানো ব্যথা শুরু হইছে আর অবসাদে সোজা হয়া বিছানা থেকে বসতে পারতেছি না।,Urgent,Seek medical care within 24–48 hours
"ঘুমের মধ্যে ওনার তীব্র হার্ট অ্যাটাকের লক্ষণ দেখা দিছে, শ্বাসকষ্ট শুরু হইছে আর উনি পুরোপুরি জ্ঞান হারাইছেন!",Emergency,Immediately go to emergency department or call ambulance
"আপা, খাওয়ার রুচি ইদানীং একটু কমে গেছে কম ঘুমের কারণে কিন্তু ওজনে কোনো বড় পরিবর্তন হয় নাই। মনে কোনো তীব্র কষ্ট বা বড় পেইন নাই, জাস্ট একটু ক্লান্তি লাগে।",Routine,Schedule a regular medical consultation
হাতের তালু আর পায়ের নিচে কেমন জানি একটা তীব্র অবশ ভাব দেখা দিছে আর চামড়ায় সুঁই ফোটার মতো যন্ত্রণায় আমি হাঁটতে বা সোজা হয়া দাঁড়াইতে পারতেছি না।,Urgent,Seek medical care within 24–48 hours
"আমার চোখের চারপাশের চামড়া অনেকদিন ধরে একটু কালচে হয়ে আছে ঘুম কম হওয়ার জন্য কিন্তু কোনো তীব্র যন্ত্রণা, ভয় বা পুঁজ সেখানে নেই।",Routine,Schedule a regular medical consultation
"ওনার গলার ভেতরের অংশ হঠাৎ ঘুমের ঘোরে মারাত্মক সংকুচিত হয়ে এয়ারওয়ে অবরুদ্ধ হয়া গেছে, এক ফোঁটা বাতাসও নিতে পারতেছেন না আর উনি যন্ত্রণায় নিস্তেজ হয়া পড়ছেন।",Emergency,Immediately go to emergency department or call ambulance
"ওনার স্লিপ ক্রাইসিস চরম পর্যায়ে যাওয়ার কারণে হঠাৎ তীব্র কার্ডিয়াক ফেইলিউরের মতো কন্ডিশন তৈরি হইছে। উনি এখন আর এক ফোঁটা দমও নিতে পারতেছেন না, হাত-পা ঠাণ্ডা হয়ে গেছে আর উনি বিছানায় অচেতন হয়া পইড়া আছেন, দ্রুত লাইফ সাপোর্ট অ্যাম্বুলেন্স দিন!",Emergency,Immediately go to emergency department or call ambulance
